Evaluacion,Grado10,Grado20,Grado30,Grado40,Grado50,Grado60,Grado70,Grado80,Grado90,Grado100,Grado110,Grado120,Grado130,Grado140,Grado150,Grado160,Grado170,Grado180,Grado190,Grado200,Grado210,Grado220,Grado230,Grado240,Grado250,Grado260,Grado270,Grado280,Grado290,Grado300,Grado310,Grado320,Grado330,Grado340,Grado350,Grado360,Grado370,Grado380,Grado390,Grado400,Grado410,Grado420,Grado430,Grado440,Grado450,Grado460,Grado470,Grado480,Grado490,Grado500,Grado510,Grado520,Grado530,Grado540,Grado550,Grado560,Grado570,Grado580,Grado590,Grado600,Grado610,Grado620,Grado630,Grado640,Grado650,Grado660,Grado670,Grado680,Grado690,Grado700,Grado710,Grado720,Grado730,Grado740,Grado750,Grado760,Grado770,Grado780,Grado790,Grado800,Grado810,Grado820,Grado830,Grado840,Grado850,Grado860,Grado870,Grado880,Grado890,Grado900,Grado910,Grado920,Grado930,Grado940,Grado950,Grado960,Grado970,Grado980,Grado990,Grado1000
1,1200,1300,2900,4000,6900,8600,17400,14300,14500,22200,28100,49000,39700,46200,55500,55700,60300,90900,94600,95600,105500,108700,128300,123900,142800,161800,153700,177200,205800,202100,207900,297600,269800,224300,235700,360000,276900,274900,611500,652600,643200,670600,792300,592500,559700,644100,626600,738500,891500,1.0205e+06,937100,866400,813900,1.2035e+06,927500,1.1267e+06,1.4124e+06,1.2471e+06,1.9478e+06,1.2358e+06,1.3017e+06,1.2659e+06,863500,934100,839200,917500,879500,895200,1.4852e+06,1.7363e+06,1.0512e+06,970200,1.1544e+06,1.0638e+06,1.0222e+06,1.1212e+06,1.2041e+06,1.116e+06,1.2014e+06,1.1385e+06,1.0798e+06,1.2415e+06,1.7725e+06,1.308e+06,1.2727e+06,1.5124e+06,1.266e+06,1.5077e+06,1.5605e+06,1.4621e+06,1.3593e+06,1.521e+06,1.5621e+06,1.7749e+06,2.0965e+06,1.9075e+06,1.597e+06,1.5568e+06,1.8669e+06,1.9518e+06
2,500,900,1800,3000,4500,6300,8600,10900,13700,15900,36300,25600,26700,30700,35200,39600,44800,50000,63600,63700,70400,77300,86800,115000,100300,118000,120600,148600,136400,145300,154700,169900,170600,185300,196200,203300,219300,242900,255600,322800,350900,397400,362900,429300,435100,481600,457300,467700,562600,603900,594300,474600,461200,474300,567100,521700,519900,542500,561600,576200,733300,812200,758100,679100,721700,1.1896e+06,900200,821900,786700,773000,808900,818100,860800,881400,924000,975900,974000,1.0803e+06,1.0695e+06,1.1716e+06,1.0759e+06,1.0906e+06,1.115e+06,1.1504e+06,1.1668e+06,1.1979e+06,1.3122e+06,1.2678e+06,1.326e+06,1.5988e+06,1.3531e+06,1.376e+06,1.4019e+06,1.4077e+06,1.4602e+06,1.4746e+06,1.5314e+06,1.838e+06,1.6595e+06,1.7241e+06
3,300,800,1600,2600,4100,5800,7900,10100,12900,15800,19000,22500,26300,30400,34900,45900,44700,50000,55800,61900,73200,74900,82100,89300,101400,105100,113400,128000,144100,141800,200500,226500,170900,249300,193100,204100,265700,233800,253800,263600,264700,283400,295900,310200,323900,338300,353700,368800,387000,400100,420100,433400,449300,470400,484000,495400,583900,660300,638400,596700,640100,632100,639300,661600,682200,713900,725900,745800,767300,791100,797100,827900,862900,970200,915200,938900,957700,982300,1.0077e+06,1.0344e+06,1.0375e+06,1.0853e+06,1.1117e+06,1.128e+06,1.167e+06,1.3268e+06,1.2569e+06,1.3053e+06,1.2822e+06,1.3119e+06,1.341e+06,1.3772e+06,1.3996e+06,1.4293e+06,1.4769e+06,1.4958e+06,1.6815e+06,1.566e+06,1.7003e+06,1.5941e+06
4,300,800,1600,2700,4100,5800,7900,10200,12900,15800,18900,22400,26300,30400,34900,45100,44600,50100,55800,61900,68400,84400,83200,92300,100200,116000,113600,187300,211700,166100,161000,161200,190600,191000,197900,207500,225200,226900,239100,256300,268800,282000,295800,305400,323900,338500,367800,368500,383700,399700,417700,432600,453100,467900,530300,508000,538100,575100,561400,576200,596100,619200,638800,661600,680200,700900,722400,761000,847700,793900,811000,833900,1.1105e+06,1.1358e+06,940600,942700,954000,984400,988700,1.0336e+06,1.08e+06,1.0858e+06,1.1119e+06,1.1436e+06,1.1554e+06,1.6357e+06,1.2839e+06,1.2502e+06,1.2768e+06,1.3044e+06,1.5152e+06,1.4088e+06,1.3847e+06,1.4369e+06,1.4722e+06,1.494e+06,1.6597e+06,1.5464e+06,1.613e+06,1.6177e+06
5,300,800,5900,2600,4000,5600,7600,10200,12800,15800,19100,32900,26500,30400,42700,39600,44700,50100,55900,63000,69400,80200,87300,112800,108200,105200,113600,122800,141300,147900,154700,169900,170500,183500,206300,203700,221800,238900,250200,284800,264600,285500,299000,314700,319600,338300,353200,368200,384000,401900,416100,432200,453700,650600,575200,519200,521800,542200,561100,577500,600800,622100,638800,659700,680500,701900,722400,744700,767400,788500,817700,840500,886700,857300,908900,975200,959100,980400,1.1289e+06,1.0542e+06,1.0625e+06,1.0866e+06,1.1136e+06,1.1647e+06,1.5507e+06,1.2538e+06,1.279e+06,1.2501e+06,1.2557e+06,1.2925e+06,1.3305e+06,1.3635e+06,1.3788e+06,1.4222e+06,1.5031e+06,1.607e+06,1.6762e+06,1.5522e+06,1.5718e+06,1.6057e+06
6,300,700,2000,2700,4100,5900,8500,10500,13200,24000,19000,22400,26300,30500,34900,39600,44600,55600,55800,69500,68500,86800,90600,89700,97100,110700,113500,148200,142900,144700,154600,160200,174700,181100,197300,203400,221600,230900,239100,251700,268700,281900,295500,309400,325700,338100,353000,368900,385000,399900,416000,436100,470700,502900,595800,517100,535500,538200,568100,582100,599200,618800,636200,660300,680200,701100,723800,747700,766000,788700,896000,935700,958800,884800,885100,934600,957600,980100,1.0042e+06,1.0158e+06,1.0599e+06,1.0866e+06,1.0909e+06,1.2125e+06,1.1854e+06,1.2107e+06,1.2219e+06,1.2851e+06,1.2791e+06,1.308e+06,1.3337e+06,1.342e+06,1.3987e+06,1.4285e+06,1.4999e+06,1.6783e+06,1.5131e+06,1.545e+06,1.5769e+06,1.6082e+06
7,300,700,1500,2700,4000,5700,7900,10200,12800,15700,18900,22400,26300,35400,35900,41000,52400,50200,56200,62200,68500,83500,101100,90000,100200,108600,122500,126100,131500,145100,150400,164400,171600,194000,202400,203700,219400,231300,239500,258100,269000,282300,296900,305600,319900,334200,349100,376800,385100,407200,418400,432500,454600,468200,489400,503200,523600,538200,560100,577600,599600,620400,639600,661100,679800,700600,740100,745100,767000,793400,822300,924000,860100,902200,912500,933600,955100,983500,1.0097e+06,1.0464e+06,1.061e+06,1.086e+06,1.1001e+06,1.1479e+06,1.2086e+06,1.1951e+06,1.2222e+06,1.2534e+06,1.2786e+06,1.2904e+06,1.3378e+06,1.3705e+06,1.3729e+06,1.4325e+06,1.4644e+06,1.5025e+06,1.5079e+06,1.5341e+06,1.5779e+06,3.4065e+06
8,300,700,1500,2700,4100,5900,7900,10300,12900,15800,19100,22500,26300,30600,34900,49400,46400,62000,58100,64000,71300,77300,91100,89500,97200,109700,113500,122200,135400,140600,154300,160200,174600,181200,196200,207400,215000,263600,245200,251800,264700,288500,307000,319000,333400,338200,353300,368500,393800,404600,416500,432800,459500,480200,515900,520400,523200,542000,556700,579900,599200,850900,651700,659300,680000,703700,722300,744000,766200,791900,816400,894100,883400,883700,914800,939000,957600,982900,1.0083e+06,1.0349e+06,1.0613e+06,1.087e+06,1.1135e+06,1.1398e+06,1.1718e+06,1.1938e+06,1.2235e+06,1.2578e+06,1.2832e+06,1.3118e+06,1.3403e+06,1.3455e+06,1.3953e+06,1.4242e+06,1.5149e+06,1.4947e+06,1.5661e+06,1.5572e+06,1.581e+06,1.5984e+06
9,300,800,1600,2700,4100,5700,7800,10500,13100,16000,19300,27000,26800,31100,35400,40300,45400,50700,60600,62500,68800,75700,86800,90000,104700,105700,117000,132700,135200,145500,156000,171800,175700,185700,192100,207500,226900,226900,243500,255800,268700,278100,291500,309500,323900,338200,353100,368200,383800,400000,418300,432200,449300,466300,510400,528500,551200,541900,556900,579900,599000,615100,638400,659800,679900,701100,722300,733500,769700,788500,811000,838500,1.0535e+06,893600,915500,929400,953600,982200,1.0082e+06,1.0119e+06,1.0374e+06,1.0942e+06,1.1139e+06,1.1437e+06,1.183e+06,1.2319e+06,1.2353e+06,1.2502e+06,1.2738e+06,1.3047e+06,1.3204e+06,1.3705e+06,1.3885e+06,1.4291e+06,1.4914e+06,1.509e+06,1.5273e+06,1.542e+06,1.5766e+06,1.602e+06
10,400,800,1500,2700,4100,9900,7700,10200,12900,15800,19000,22500,26300,30500,34900,44100,44700,50200,55900,61900,72600,75100,82100,98000,115400,106100,135400,129900,145900,159800,177100,160100,175100,181200,196300,203500,215000,231000,249800,251800,279000,278100,298900,329300,341600,338300,353200,368300,383800,403600,416100,432700,452000,481100,489300,501600,569500,539400,557500,579700,595200,615600,638800,660200,679600,701100,723400,744200,749300,823300,813300,838500,860000,892500,930700,935200,953800,978200,1.0072e+06,1.0333e+06,1.061e+06,1.0858e+06,1.1431e+06,1.1437e+06,1.1665e+06,1.198e+06,1.2174e+06,1.2577e+06,1.2831e+06,1.3135e+06,1.3399e+06,1.3452e+06,1.4106e+06,1.4317e+06,1.433e+06,1.4861e+06,1.6366e+06,1.5544e+06,1.5692e+06,1.594e+06
11,200,700,1500,2700,4100,10600,8100,10400,13100,16200,19700,23500,27400,30800,35200,46400,45000,50400,56300,62300,72900,75500,82600,89900,101900,105600,114000,122700,131700,145200,150700,165100,171000,185700,206600,208300,221500,238400,243800,251800,270700,282100,296300,309500,324100,339700,353300,368500,384400,400900,420000,433700,457500,536100,497900,516900,523400,538400,560900,579700,616500,619300,639100,659600,680300,701800,723300,773600,766300,792400,811200,834300,860800,889300,910200,933100,962300,986900,1.0078e+06,1.0347e+06,1.1402e+06,1.1523e+06,1.1132e+06,1.1386e+06,1.1465e+06,1.1972e+06,1.2026e+06,1.2538e+06,1.3984e+06,1.3081e+06,1.402e+06,1.3709e+06,1.3913e+06,1.4214e+06,1.4356e+06,1.4656e+06,1.5173e+06,1.6331e+06,1.5869e+06,1.6289e+06
12,700,1900,2000,3100,4200,5900,7900,10200,12700,15600,18900,22400,26300,30400,34900,39700,44700,54400,55900,61900,68300,75000,82200,89400,97200,110100,113600,122300,131300,140600,154400,160300,174700,181100,196400,207500,214900,236300,422500,259000,268900,282000,296500,313100,324000,338200,353100,368400,384000,400200,419700,432500,449200,470100,483900,501500,519200,541600,556800,579600,599700,615600,639100,660000,680700,701800,722500,743900,775500,788500,811100,837700,857600,885100,907300,906600,958400,991100,1.0926e+06,1.0347e+06,1.0596e+06,1.0856e+06,1.0953e+06,1.1405e+06,1.1667e+06,1.193e+06,1.2069e+06,1.2502e+06,1.2619e+06,1.4119e+06,1.3778e+06,1.3713e+06,1.4001e+06,1.4294e+06,1.4178e+06,1.4931e+06,1.4838e+06,1.5451e+06,1.6032e+06,1.6293e+06
13,300,800,1600,2700,4200,5900,8000,10500,13100,20400,19300,23000,27000,31100,35700,41700,44800,55700,56000,62000,68400,75100,86500,89500,97300,109900,113700,122300,135300,140600,154500,160300,175200,181300,196300,207600,215100,231900,243800,251900,269100,283600,298300,309600,323800,338500,365000,370200,384000,399800,419600,432600,449200,470000,483900,501600,523200,542200,557000,579900,607800,659000,654500,656800,677200,697400,774300,765000,766800,788800,793800,834000,866300,881100,908900,929100,957300,962800,1.0084e+06,1.0344e+06,1.064e+06,1.1071e+06,1.1185e+06,1.1389e+06,1.1344e+06,1.1909e+06,1.2176e+06,1.2534e+06,1.2752e+06,1.3115e+06,1.3173e+06,1.3478e+06,1.4136e+06,1.4339e+06,1.457e+06,1.4775e+06,1.5076e+06,1.5582e+06,1.5857e+06,1.6232e+06
14,300,800,1600,2800,4100,5900,7900,10200,12900,16700,19100,22700,26300,30800,34900,39600,44700,50200,55900,66800,68400,75100,82100,93600,97200,105300,119600,122300,136600,140500,150400,164600,177200,181200,198700,203500,215000,231200,245100,251800,264700,282300,295800,309400,323700,338300,353100,375200,410900,404500,416000,432900,449100,471400,491800,505500,519600,541800,558300,594700,597800,619000,640800,661800,682500,703000,723600,745900,786900,790900,788000,838600,857600,884800,952500,958800,960900,982800,1.0088e+06,1.0311e+06,1.0295e+06,1.0724e+06,1.116e+06,1.1441e+06,1.1685e+06,1.2032e+06,1.2545e+06,1.2618e+06,1.2858e+06,1.3078e+06,1.3375e+06,1.37e+06,1.3926e+06,1.4301e+06,1.476e+06,1.4988e+06,1.525e+06,1.5535e+06,1.5623e+06,1.6059e+06
15,400,800,1700,3200,4200,5800,7900,11300,13500,16200,19000,22400,26300,30400,35800,40200,55600,50200,59200,67100,69500,75900,82400,117100,97600,105200,120300,122400,135700,160500,150900,160300,176200,206700,192800,203700,215200,234100,316400,252300,272000,285300,291400,310200,323900,345000,389100,395500,389400,402700,420400,439800,455400,466400,488200,501900,521600,542900,557000,574600,601700,698100,630900,662700,682400,701200,774400,800200,998000,801000,811300,837100,862200,881600,921200,935200,960700,991000,1.0082e+06,1.0159e+06,1.3056e+06,1.1104e+06,1.1299e+06,1.14e+06,1.1689e+06,1.1814e+06,1.2264e+06,1.2543e+06,1.333e+06,1.3102e+06,1.3381e+06,1.4081e+06,1.4019e+06,1.4481e+06,1.4473e+06,1.5017e+06,1.5086e+06,1.5518e+06,1.5818e+06,1.644e+06
16,500,900,2000,2800,4300,6100,8200,10500,13200,16100,18900,22400,26200,30400,34900,45900,44700,50200,56600,62500,75500,75100,82300,89500,102600,105300,119800,122300,131300,144900,150300,165300,170600,186700,192100,203500,219200,227100,239200,256000,269400,282300,313500,305500,324300,363500,355900,407400,387700,415300,416000,433900,449100,466200,488600,509900,523800,542000,556900,581700,599400,617200,630600,694500,682700,700700,722800,813200,770700,793000,811300,836300,864600,882100,909100,933400,961900,1.008e+06,1.0091e+06,1.0342e+06,1.0621e+06,1.1683e+06,1.13e+06,1.1393e+06,1.1448e+06,1.1978e+06,1.222e+06,1.2541e+06,1.3008e+06,1.3031e+06,1.3401e+06,1.3483e+06,1.4077e+06,1.4299e+06,1.4615e+06,1.4759e+06,1.5019e+06,1.5278e+06,1.6162e+06,1.621e+06
17,300,1000,1600,2800,4200,5900,7900,12400,13200,16300,27200,23100,27100,31400,35900,41100,44700,57000,56900,62000,68400,75000,87700,89500,97200,111200,113600,122200,135700,140600,154900,160300,175100,181200,196600,212200,221200,226900,245200,256100,269100,282300,291600,305400,323800,338900,353300,368500,384300,401700,440500,432500,453700,466500,483800,505000,519600,542100,561400,576300,603300,624300,639000,659800,680400,700800,722900,745400,765900,854900,841400,834900,861400,881700,909300,954500,954800,958900,1.0086e+06,1.0362e+06,1.0806e+06,1.065e+06,1.2302e+06,1.138e+06,1.1704e+06,1.2057e+06,1.2032e+06,1.3199e+06,1.3775e+06,1.3124e+06,1.3304e+06,1.3584e+06,1.3808e+06,1.5267e+06,1.4595e+06,1.4842e+06,1.4977e+06,1.5272e+06,1.5825e+06,1.6079e+06
18,300,800,1600,2600,4000,5800,7800,10200,12800,15600,19000,22500,26300,30500,40100,50700,68300,51100,63300,63700,70400,77300,90400,89500,97100,109500,113600,122300,135500,140600,154800,160200,174700,181200,196300,203400,215100,231500,243800,251700,269000,282200,296200,309900,324300,338500,353100,368500,383900,400000,416000,436200,458300,499400,495200,502900,523500,541000,561500,576200,600900,619200,800400,659900,682400,702100,722600,746400,765800,814100,866300,869100,905700,887500,905300,931100,959000,982600,1.0099e+06,1.0418e+06,1.0618e+06,1.0867e+06,1.1194e+06,1.3047e+06,1.1975e+06,1.1642e+06,1.2159e+06,1.2514e+06,1.2824e+06,1.3071e+06,1.3483e+06,1.3823e+06,1.3964e+06,1.4543e+06,1.6697e+06,1.4901e+06,1.523e+06,1.5559e+06,1.5901e+06,1.6092e+06
19,400,800,1500,2600,4100,5800,7800,10100,12700,15800,19000,22500,26300,36100,34800,39600,44700,60800,63200,62000,68700,75000,89000,89500,97100,109200,113500,122200,131100,140600,154500,160100,175500,181000,198000,207900,215000,238800,243600,256000,264700,283300,296000,310700,323800,338900,353100,368500,383600,399600,428900,432400,469000,472400,483600,501500,519300,541800,556700,583000,599400,615400,639000,659400,680200,700900,722800,745700,791100,790000,811000,934700,861700,884400,909400,912400,954900,983900,1.0079e+06,1.0334e+06,1.0382e+06,1.0989e+06,1.113e+06,1.117e+06,1.1709e+06,1.1941e+06,1.2256e+06,1.2174e+06,1.2755e+06,1.3137e+06,1.3404e+06,1.3446e+06,1.4209e+06,1.4304e+06,1.4869e+06,1.7504e+06,1.5838e+06,1.5401e+06,1.5671e+06,1.6136e+06
20,300,800,1600,2800,4100,5900,7900,10300,12800,15700,19000,22500,26300,30500,38900,40100,44700,56700,56000,62000,68300,75100,82200,89500,97200,109400,113600,122300,136300,140600,156000,160300,175200,181200,196500,203300,219300,231200,239200,255900,269000,282400,300700,308400,324700,338400,353400,368800,384000,412200,419500,439300,462900,481800,488900,501400,523000,631300,563800,597300,599600,618600,635400,659400,680700,701300,722100,744100,765600,791700,815400,833900,862000,881100,909300,936900,1.0449e+06,979700,1.0085e+06,1.0049e+06,1.0559e+06,1.1138e+06,1.1741e+06,1.1406e+06,1.1701e+06,1.1692e+06,1.2159e+06,1.2555e+06,1.2915e+06,1.3116e+06,1.3412e+06,1.3541e+06,1.3996e+06,1.4297e+06,1.4408e+06,1.4908e+06,1.5234e+06,1.7744e+06,1.5889e+06,1.6088e+06
21,300,700,1700,2800,11900,6100,8300,10600,13400,16300,19300,22700,26300,30400,35000,40200,44800,50200,55900,62000,73400,75100,82200,89600,102700,105300,113700,126500,131400,145100,150300,164500,170600,185900,192200,207600,224000,238700,245200,251700,270900,282900,296200,309500,323900,338600,353400,372800,384500,400700,416900,437400,449900,467100,487900,505800,523700,538100,560800,580600,595900,625400,667100,701300,701300,701400,722800,761000,770100,790100,811400,838200,858400,886100,905800,933900,931700,979900,1.0223e+06,1.0344e+06,1.0431e+06,1.071e+06,1.1131e+06,1.1386e+06,1.1514e+06,1.1992e+06,1.1953e+06,1.2544e+06,1.2557e+06,1.3112e+06,1.385e+06,1.441e+06,1.4001e+06,1.417e+06,1.4757e+06,1.4904e+06,1.5037e+06,1.526e+06,1.5634e+06,1.6949e+06
22,300,800,1600,2700,4200,5800,8000,10300,12900,15900,19100,31000,26400,30500,34900,39700,44800,50200,60900,62000,68400,75100,87400,89600,97300,109600,113600,122300,135500,140600,154500,160200,174700,184600,192100,208700,219800,227100,243900,256400,268900,278000,291500,309500,324100,338800,355000,378600,434800,415100,429400,442300,450500,471300,483800,501500,526900,541900,556800,580200,599000,615600,639700,659300,679900,701200,723700,755500,3.4437e+06,792200,811300,837600,858100,884800,905700,933600,957800,978600,978900,1.0359e+06,1.2863e+06,1.0881e+06,1.1217e+06,1.1429e+06,1.1669e+06,1.1936e+06,1.1988e+06,1.2502e+06,1.2554e+06,1.375e+06,1.3403e+06,1.4617e+06,1.3992e+06,1.4313e+06,1.4509e+06,1.471e+06,1.5005e+06,1.5467e+06,1.5634e+06,1.6176e+06
23,300,800,1500,2700,4100,5800,7900,10100,12800,20100,20000,29500,26600,30500,34900,46600,44600,50100,55800,61900,73100,75000,82000,89400,101500,105200,113600,126400,131300,144800,150300,164300,170500,185400,192200,207600,219000,226900,243200,256300,269100,278000,295800,316500,320600,348700,375700,368200,384900,399700,415700,432500,500100,469000,488600,501700,523300,538200,560600,576600,599000,619600,638800,659600,680800,702500,722500,745000,766200,788500,816500,821200,860300,890800,907300,933300,957300,982100,1.0118e+06,1.0207e+06,1.0607e+06,1.0857e+06,1.0814e+06,1.12e+06,1.258e+06,1.2168e+06,1.2503e+06,1.2255e+06,1.2826e+06,1.2742e+06,1.3313e+06,1.3426e+06,1.4007e+06,1.4088e+06,1.4377e+06,1.496e+06,1.5271e+06,1.5566e+06,1.5639e+06,1.6391e+06
24,300,800,1600,2700,4100,5800,7900,10200,12900,15800,19000,22500,26300,30400,34800,39600,44800,50100,60300,61900,68400,75000,86600,89500,97200,109800,113600,122300,135300,140700,154400,160200,174800,181300,197000,203400,219400,231000,243400,251600,269200,282100,295600,309700,323600,342800,353100,368300,383700,399600,416600,436400,449300,466400,487700,503800,523400,539800,562700,580200,598700,619800,639300,660600,706200,775200,970700,807900,783100,809400,891800,872700,869100,902500,935600,1.1877e+06,1.0298e+06,1.0759e+06,1.1326e+06,1.0871e+06,1.0646e+06,1.0895e+06,1.1315e+06,1.1467e+06,1.2145e+06,1.2075e+06,1.2322e+06,1.439e+06,1.3243e+06,1.3383e+06,1.8143e+06,1.8648e+06,1.8179e+06,1.4394e+06,1.7459e+06,1.6811e+06,1.8464e+06,1.6306e+06,1.599e+06,1.613e+06
25,400,800,1500,2700,4500,6400,8000,10300,12900,15700,18900,30900,26300,34800,34900,39700,44700,50200,56000,62000,68400,80000,93600,89500,97100,111300,113700,123100,167600,153700,176600,176500,186900,253000,234300,254900,215000,227000,269600,258400,264900,284300,295800,311100,323600,338500,353100,536400,394400,406400,416100,436400,450900,466300,489700,501800,586900,592400,586600,582700,635700,657000,680300,685800,682200,704300,723300,746100,766400,788700,815500,877700,920000,971000,949300,1.0458e+06,1.2627e+06,1.0966e+06,1.0219e+06,1.019e+06,1.0601e+06,1.0862e+06,1.1285e+06,1.1353e+06,1.2691e+06,1.2914e+06,1.2235e+06,1.2556e+06,1.2856e+06,1.3087e+06,1.3375e+06,1.3694e+06,1.4016e+06,1.4272e+06,1.514e+06,1.5944e+06,1.5287e+06,1.8658e+06,1.9111e+06,1.6799e+06
26,400,1200,1600,3000,4600,6400,8600,11100,12800,15800,26500,22700,26300,30400,34800,39600,44600,72700,56700,83100,75300,82300,86800,97900,111500,112100,163600,194900,205000,150100,159700,160300,191900,182900,192100,217300,222000,249000,309400,259500,307100,296200,331100,337400,327400,338400,353500,368500,387500,496500,537200,447300,455400,467600,487800,510600,734700,728900,663100,696900,786900,731400,656800,663000,679900,935600,749700,760400,780200,794300,888700,911700,994600,943200,932400,1.0426e+06,954300,983200,1.0898e+06,1.1155e+06,1.0605e+06,1.0976e+06,1.254e+06,1.5968e+06,1.6868e+06,1.1992e+06,1.2225e+06,1.257e+06,1.3709e+06,1.3419e+06,1.393e+06,1.8452e+06,1.5158e+06,1.5781e+06,1.4515e+06,1.57e+06,2.0637e+06,1.7304e+06,1.8558e+06,1.7631e+06
27,300,900,2000,3200,4300,6300,8300,10500,13100,15900,19400,22800,26500,30900,35000,39700,44800,48800,56400,62000,68400,75600,82100,106600,97800,112100,113700,185200,135800,148600,153800,187300,235600,350400,247000,247900,254000,253600,282900,259400,278400,282700,297300,309800,326200,338400,353500,372900,385900,401000,416200,460300,463300,512300,500500,505800,541200,572600,797100,638900,659300,756200,693900,662900,701600,723100,733600,766100,782300,920100,859000,1.1197e+06,901200,1.1e+06,957500,930000,958600,990700,1.0122e+06,1.0338e+06,1.0637e+06,1.4035e+06,1.1262e+06,1.1965e+06,1.247e+06,1.2453e+06,1.2639e+06,1.2618e+06,1.297e+06,1.3181e+06,1.4156e+06,1.4894e+06,1.6736e+06,1.6375e+06,1.5636e+06,1.6248e+06,1.5295e+06,1.945e+06,1.625e+06,1.6234e+06
28,1300,800,1600,2800,4400,6200,10900,10900,13800,17400,19900,24400,37400,33400,37900,42100,56100,51700,57700,69000,75500,75100,82200,89600,104500,106900,113600,122500,131500,146100,150400,165900,170500,185800,192200,207900,215600,249700,250200,262500,271200,285700,300800,322100,362300,344600,353800,410000,451400,426800,443600,432900,452800,480200,490500,521000,519700,542400,559400,609900,652200,616700,674000,749400,705200,706900,771400,755700,766300,797400,892300,842700,870700,888900,1.0305e+06,970200,1.0309e+06,1.1019e+06,1.0501e+06,1.042e+06,1.1271e+06,1.1427e+06,1.1215e+06,1.1416e+06,1.1671e+06,1.2577e+06,1.227e+06,1.2452e+06,1.3523e+06,1.3733e+06,1.3684e+06,1.4344e+06,1.4703e+06,1.4398e+06,1.4734e+06,1.5082e+06,1.5204e+06,1.5483e+06,1.5861e+06,1.621e+06
29,300,700,1600,2800,4300,6300,8100,10500,13200,16100,19000,22500,26200,30400,34900,39500,44700,50700,55800,67400,68400,75700,82500,96800,97300,105200,120200,122900,131300,149500,157700,160300,177800,185300,192200,207800,215000,227000,261300,291700,296300,293500,315300,310800,327000,334100,353100,370000,384200,400700,416200,432400,459300,470900,488300,505500,521000,544900,558800,580700,599100,615300,665100,679700,705300,710800,724500,745600,767000,791100,827900,834400,858100,885100,913800,932600,960100,1.0184e+06,1.0313e+06,1.0343e+06,1.0371e+06,1.0865e+06,1.1901e+06,1.1442e+06,1.1709e+06,1.1926e+06,1.2073e+06,1.2525e+06,1.2826e+06,1.3096e+06,1.3421e+06,1.4182e+06,1.4211e+06,1.4251e+06,1.4431e+06,1.491e+06,1.5156e+06,1.5443e+06,1.5639e+06,1.6102e+06
30,300,800,1600,2700,4100,8700,7900,10200,12800,15700,19100,22700,33700,30400,34800,39700,44700,50200,55900,61900,68400,73900,89800,89400,97900,105300,123000,128000,131200,145000,150300,155700,170500,181100,197200,203500,215100,231300,253200,263300,271600,290600,295700,313900,324800,344200,366100,368700,386900,399900,416100,432500,449300,466500,484000,505700,519700,550600,563900,593500,601400,641300,665100,672300,722300,703800,722400,743800,769800,788300,811400,837500,857100,911100,909800,933100,993600,1.0362e+06,1.0088e+06,1.0351e+06,1.0612e+06,1.0858e+06,1.1142e+06,1.1396e+06,1.1713e+06,1.1982e+06,1.2277e+06,1.2702e+06,1.3178e+06,1.3231e+06,1.3413e+06,1.3552e+06,1.4028e+06,1.4317e+06,1.4581e+06,1.4701e+06,1.508e+06,1.6771e+06,1.6464e+06,1.6206e+06
31,300,800,1600,3100,4200,5800,7800,10200,12900,15700,19200,22600,26400,30500,35000,39700,44100,50200,62800,61900,68400,75100,83800,94800,97200,105200,118200,122300,135800,143500,150200,197400,176000,275400,202900,211600,228500,246800,243500,251900,264900,282300,295700,319200,323900,338300,353100,368200,383800,397000,417800,432700,449100,466600,511200,507300,519600,542600,600000,576200,599200,618800,641200,655500,679700,701000,722100,747500,766300,788800,825700,836500,857100,893300,911500,928600,957200,981800,984800,1.0333e+06,1.0593e+06,1.0543e+06,1.099e+06,1.1353e+06,1.1591e+06,1.2044e+06,1.2254e+06,1.2526e+06,1.2621e+06,1.3042e+06,1.3251e+06,1.3476e+06,1.4048e+06,1.4071e+06,1.4358e+06,1.5291e+06,1.5281e+06,1.5525e+06,1.5687e+06,1.6026e+06
32,200,800,1500,2600,4100,5800,7800,10500,12800,15900,26500,29100,43700,38500,48500,40600,47500,50200,66000,73000,79600,77800,82600,89900,102900,105700,114300,122700,131700,140700,156200,160400,175000,181200,196500,207700,215000,236500,247000,257100,269000,278100,291800,309600,323700,364700,343800,370500,385000,399800,416100,432900,453300,466400,487400,491300,561100,545100,558300,579900,599000,615200,639100,659400,726800,702700,722600,744000,766500,788600,815900,834100,847100,890900,905500,929600,958100,982600,1.0466e+06,1.0549e+06,1.0615e+06,1.0857e+06,1.1124e+06,1.1195e+06,1.166e+06,1.1704e+06,1.2223e+06,1.2498e+06,1.2783e+06,1.2935e+06,1.3122e+06,1.37e+06,1.3953e+06,1.4128e+06,1.4581e+06,1.4834e+06,1.5177e+06,1.5717e+06,1.5827e+06,1.6081e+06
33,500,900,1600,2700,4000,9500,7700,17200,19100,25800,30800,22400,26400,37400,45300,39700,44800,62500,64400,61900,78900,82500,93700,89500,97200,117800,130900,122300,140700,141100,157900,168400,176100,181100,196300,207900,214900,231000,245400,251800,264700,282000,295500,309300,323600,338200,353100,368600,383800,399900,424900,433000,454400,466100,483700,520300,526700,538400,556800,579600,595600,615600,640300,659200,682100,700700,725600,744000,766300,788800,814400,861500,857600,880700,904500,933400,959300,979400,987000,1.0347e+06,1.0344e+06,1.0855e+06,1.146e+06,1.157e+06,1.167e+06,1.1788e+06,1.2225e+06,1.2318e+06,1.2758e+06,1.2872e+06,1.3117e+06,1.3704e+06,1.3798e+06,1.5238e+06,1.4543e+06,1.4853e+06,1.5058e+06,1.5094e+06,1.5629e+06,1.6182e+06
34,400,800,1700,2800,4100,10500,7900,10300,12900,15700,19100,22500,32300,33400,49200,42900,46300,53600,56500,61900,69400,75000,82300,89500,97200,109800,113600,122300,131400,140700,154400,160300,174600,181300,196400,207500,215000,230900,243300,251800,264700,282100,295500,309900,323600,338200,355200,393400,420100,413900,419800,439200,498300,497400,501000,523800,562200,540100,565000,734600,607400,632100,647600,678100,695800,705100,790400,745200,772300,789900,812400,839700,871100,888200,915900,1.2325e+06,1.0272e+06,1.0287e+06,1.3511e+06,1.1191e+06,1.1786e+06,1.1809e+06,1.2888e+06,1.2246e+06,1.2277e+06,1.4535e+06,1.3188e+06,1.4167e+06,1.5318e+06,1.3976e+06,1.486e+06,1.4527e+06,1.4171e+06,1.5799e+06,1.6447e+06,1.574e+06,1.6788e+06,1.8816e+06,1.7618e+06,1.8747e+06
35,600,1300,2900,12000,7100,8200,10800,17500,13000,18200,19400,22800,26400,30500,41900,39800,44800,50200,55900,67500,68400,75200,82200,94100,97300,133800,131600,168600,151200,144900,165100,165600,191200,187800,207700,210700,222800,232000,258600,251900,264800,282200,295700,311500,323800,338400,353400,368700,384000,400200,419500,432600,449500,479700,739900,520000,579600,701800,558500,576200,599000,619000,663500,655800,664500,702900,723300,744200,766000,788600,815700,836400,864100,862200,909300,929700,979700,983500,1.0087e+06,1.0299e+06,1.0589e+06,1.086e+06,1.1129e+06,1.1319e+06,1.1537e+06,1.1969e+06,1.2057e+06,1.273e+06,1.2663e+06,1.3113e+06,1.3365e+06,1.3611e+06,1.3989e+06,1.4243e+06,1.7494e+06,1.5693e+06,1.5351e+06,1.5485e+06,1.565e+06,1.6038e+06
36,300,800,1600,2800,4100,5900,7900,10200,12700,15700,18900,22500,26300,30400,35000,39600,54100,52600,70000,172400,178700,193800,242100,231000,261900,277300,308300,311100,345300,376500,380000,409600,417700,381300,475400,498600,515700,499100,685200,444600,782300,902000,847700,747200,639900,579800,602800,628500,660700,855300,885900,736600,775300,1.0843e+06,1.1086e+06,922100,893700,1.0958e+06,1.3434e+06,1.1916e+06,1.2909e+06,1.7309e+06,1.7273e+06,1.204e+06,1.5248e+06,1.3662e+06,1.2431e+06,1.295e+06,1.4391e+06,1.4814e+06,1.5466e+06,1.537e+06,1.4707e+06,1.5215e+06,1.6327e+06,1.9886e+06,2.0012e+06,2.0826e+06,2.1504e+06,2.6467e+06,2.4091e+06,2.3686e+06,2.3427e+06,1.9186e+06,1.9893e+06,2.0342e+06,2.2028e+06,2.7711e+06,2.6236e+06,2.8585e+06,2.8421e+06,2.9131e+06,3.0313e+06,3.0534e+06,3.1324e+06,3.1182e+06,3.3046e+06,3.2575e+06,3.1682e+06,3.1573e+06
37,800,1800,3300,5100,7600,10200,13700,17700,22100,41400,32600,38800,45000,52000,59600,67500,76200,85600,95400,105500,116200,139000,143300,154600,253700,192200,193000,207800,274100,239200,273200,272400,298700,308100,326800,354200,365500,394100,414700,435900,450000,491400,511400,529300,551000,575000,600400,626100,652500,685800,707100,714400,765500,792300,822600,866700,919500,981900,975900,988200,1.019e+06,1.0461e+06,1.0353e+06,1.1243e+06,1.1564e+06,1.2401e+06,1.3065e+06,1.346e+06,1.3616e+06,1.3429e+06,1.491e+06,1.5841e+06,1.5299e+06,1.5061e+06,2.1569e+06,2.2501e+06,1.6398e+06,1.6731e+06,1.7158e+06,1.7595e+06,1.9244e+06,2.1242e+06,2.189e+06,2.2147e+06,2.1861e+06,2.2553e+06,2.3832e+06,2.3807e+06,2.3312e+06,2.5401e+06,2.6239e+06,2.6157e+06,2.3143e+06,2.7631e+06,2.867e+06,2.99e+06,3.2598e+06,3.3065e+06,3.3181e+06,2.9943e+06
38,600,2100,3800,6100,9000,12700,17000,12700,18200,27800,33600,39800,45800,52400,59700,67600,76200,85300,95100,105400,116300,127700,139700,152200,172600,179000,193100,214700,223200,246100,255500,284200,305300,308700,336100,355600,365600,393900,405100,449700,461200,485600,506900,528200,564800,760300,800400,642000,654000,696200,713600,740500,770500,794200,809300,859000,883100,920800,952500,979500,1.0186e+06,1.0519e+06,1.0767e+06,1.1242e+06,1.1571e+06,1.1915e+06,1.2063e+06,1.2695e+06,1.3047e+06,1.3489e+06,1.3831e+06,1.6698e+06,1.4747e+06,1.5663e+06,1.5469e+06,1.5598e+06,1.6215e+06,1.8107e+06,1.7716e+06,1.9127e+06,1.8078e+06,1.8451e+06,1.8892e+06,1.9408e+06,1.9832e+06,2.0604e+06,2.4418e+06,2.8927e+06,2.1524e+06,2.6585e+06,2.4111e+06,2.8666e+06,3.0944e+06,3.4575e+06,3.1775e+06,3.7256e+06,3.6382e+06,3.5282e+06,3.4492e+06,3.5161e+06
39,1000,2400,4200,6600,9700,18200,28100,24500,28100,33800,45000,52400,60100,65200,74300,84300,95000,106700,118800,131600,152900,170100,174500,146300,166800,180400,194800,208500,223600,239000,255500,272500,290000,308000,326800,345900,365700,386000,421100,438900,457600,472800,496300,519200,543300,568100,593500,619300,645700,672300,711600,736500,770100,792700,829100,852500,892000,849900,1.0706e+06,989200,1.0883e+06,1.117e+06,1.3635e+06,1.4098e+06,1.1505e+06,1.1932e+06,1.2298e+06,1.5102e+06,1.5236e+06,1.4615e+06,1.3839e+06,1.4166e+06,1.4646e+06,1.497e+06,1.561e+06,1.582e+06,1.6164e+06,1.6623e+06,1.7223e+06,1.9619e+06,2.0172e+06,1.9002e+06,2.1227e+06,1.9904e+06,2.0229e+06,2.0938e+06,2.0819e+06,2.1348e+06,2.182e+06,2.2237e+06,2.2891e+06,2.3278e+06,2.3797e+06,2.4383e+06,2.4888e+06,2.5337e+06,2.5883e+06,2.6468e+06,2.7082e+06,3.323e+06
40,800,1900,3600,6100,9700,14200,17000,21900,27400,33700,40700,48200,56200,64700,73900,96000,95000,60600,91300,100900,100500,143400,140400,152700,175800,179100,193200,215900,223400,247600,255500,284900,290000,315000,326600,346800,376800,394700,406700,428000,457100,467900,508600,535800,545700,569200,594500,620500,646700,905400,711500,738300,765100,800500,823500,861600,880300,922000,953400,979700,1.0188e+06,1.0522e+06,1.0696e+06,1.1305e+06,1.3697e+06,1.1966e+06,1.2427e+06,1.2651e+06,1.3024e+06,1.3402e+06,1.3789e+06,1.4184e+06,1.465e+06,1.4984e+06,1.5385e+06,1.5987e+06,1.6286e+06,1.665e+06,1.7129e+06,1.7571e+06,1.7948e+06,1.8468e+06,1.902e+06,1.9409e+06,1.9826e+06,2.0358e+06,2.0794e+06,2.131e+06,2.7572e+06,2.5805e+06,2.5406e+06,2.6395e+06,2.7216e+06,2.7238e+06,3.0407e+06,3.139e+06,3.2395e+06,3.4528e+06,3.425e+06,3.4528e+06
41,800,2400,3300,5100,9600,12900,17100,21800,27500,33500,40500,48000,56000,64600,74100,84200,95100,106500,118700,131500,145400,159400,174500,190300,206700,223500,241400,305400,194600,240700,281200,275800,302600,309100,336800,355100,366900,395200,415900,437500,451200,482200,504900,528400,552500,577200,693100,633600,655600,694000,716200,737700,774100,796100,822800,852600,889400,953500,961700,990900,1.0157e+06,1.0532e+06,1.0864e+06,1.121e+06,1.1557e+06,1.1918e+06,1.228e+06,1.2662e+06,1.3055e+06,1.3429e+06,1.3874e+06,1.4199e+06,1.507e+06,1.8107e+06,1.8874e+06,1.9964e+06,1.733e+06,1.831e+06,1.9488e+06,1.8273e+06,1.8511e+06,1.8543e+06,1.8928e+06,1.9383e+06,2.3352e+06,2.4489e+06,2.4939e+06,2.6491e+06,2.6403e+06,2.5945e+06,2.5585e+06,2.739e+06,2.7761e+06,2.8177e+06,2.7609e+06,2.8953e+06,2.8165e+06,3.0405e+06,2.7187e+06,2.7542e+06
42,700,1400,3700,5800,8600,9900,13400,17500,23200,27800,33500,39900,45600,52400,59600,82000,76200,101800,95800,106000,116300,138300,139900,152200,165200,178900,193600,216200,223200,246800,255600,283700,289900,316400,326700,358400,378600,371100,414800,428100,457300,479500,538700,526500,550200,576100,600400,625900,652500,679600,707100,741600,764100,792600,832200,852700,889200,920000,953400,985100,1.0124e+06,1.052e+06,1.0865e+06,1.1206e+06,1.1561e+06,1.1915e+06,1.2451e+06,1.2672e+06,1.3086e+06,1.3467e+06,1.379e+06,1.4177e+06,1.4639e+06,1.498e+06,1.5468e+06,1.5888e+06,1.6118e+06,1.6723e+06,1.7152e+06,1.7583e+06,1.8025e+06,1.8471e+06,1.8925e+06,2.1256e+06,1.9868e+06,2.0377e+06,2.0797e+06,2.1372e+06,2.1765e+06,2.2332e+06,2.2914e+06,2.341e+06,2.3914e+06,2.528e+06,3.154e+06,4.0431e+06,3.2391e+06,3.4689e+06,3.6194e+06,3.3723e+06
43,800,2200,4100,6700,9000,12800,17100,22000,27300,33700,44800,49800,60400,53600,60600,67900,76200,85300,118300,105700,116300,127700,139700,152200,165300,186800,193300,208000,223400,241800,255800,272800,301800,308500,335100,346300,374200,394100,407100,428500,458600,481000,520200,527600,551600,576700,602500,627600,769000,690200,709700,735500,763800,774600,822400,852300,889300,914500,946600,985300,1.0127e+06,794800,1.1e+06,1.123e+06,1.1583e+06,1.204e+06,1.2177e+06,1.2575e+06,1.3163e+06,1.3393e+06,1.3784e+06,1.4158e+06,1.4644e+06,1.4957e+06,1.5432e+06,1.5845e+06,1.6284e+06,1.6702e+06,1.7142e+06,1.7639e+06,1.8033e+06,1.8951e+06,2.3613e+06,2.3409e+06,2.3361e+06,2.4024e+06,2.6238e+06,2.66e+06,2.8221e+06,2.624e+06,2.6171e+06,2.5675e+06,2.6275e+06,2.7614e+06,2.8084e+06,2.8289e+06,3.0832e+06,3.0481e+06,3.0773e+06,2.7802e+06
44,600,1500,2900,4700,7000,10000,13400,26600,21700,26900,32500,38600,45100,51800,59400,67500,76000,85200,118700,131600,156400,159500,174600,190100,217700,223700,262500,261900,411200,252700,256100,282800,290000,316600,326700,354000,374300,386400,415300,436000,458400,472700,495800,527300,551100,576000,601500,627500,701100,794500,886300,971600,964400,993500,982900,1.076e+06,1.0782e+06,1.1305e+06,1.2631e+06,995900,1.042e+06,1.2354e+06,1.1867e+06,1.1241e+06,1.1564e+06,1.1917e+06,1.2283e+06,1.2896e+06,1.3142e+06,1.3444e+06,1.3869e+06,1.4871e+06,1.8219e+06,1.82e+06,1.88e+06,1.9319e+06,2.0305e+06,2.0903e+06,2.1434e+06,2.1988e+06,2.2558e+06,2.3489e+06,2.3793e+06,2.4375e+06,2.4953e+06,2.6782e+06,2.7128e+06,2.6389e+06,2.721e+06,2.8384e+06,2.8905e+06,2.7605e+06,2.8896e+06,2.7773e+06,2.6959e+06,2.5467e+06,2.5946e+06,2.6853e+06,3.4104e+06,3.4552e+06
45,1300,2200,4600,5500,7400,10200,13600,17400,21800,26900,32300,38400,44900,51700,44300,67400,77400,85200,94900,105300,116300,127700,139500,160400,165300,178900,200400,208000,223200,246000,239100,272600,299700,315000,326600,352700,365700,393300,413500,435500,450000,479800,502300,527100,551400,575400,600200,625900,652500,715000,707500,734500,763800,799000,822200,858800,883400,921100,951000,985800,1.0276e+06,1.0467e+06,1.0888e+06,1.1213e+06,1.1563e+06,1.1919e+06,1.2279e+06,1.2646e+06,1.3082e+06,1.3452e+06,1.3797e+06,1.4241e+06,1.4602e+06,1.5049e+06,1.5389e+06,1.5869e+06,1.6276e+06,1.6721e+06,1.5483e+06,1.7599e+06,1.7815e+06,1.8229e+06,1.872e+06,1.9587e+06,1.9837e+06,2.0284e+06,2.0819e+06,2.1323e+06,2.1732e+06,2.2288e+06,2.2782e+06,2.3091e+06,2.3324e+06,2.428e+06,2.4793e+06,2.5352e+06,2.5838e+06,2.6518e+06,3.0143e+06,3.2888e+06
46,600,1500,3400,5800,8700,12500,16700,21700,27300,33400,52500,47900,56100,64800,61500,68100,91800,85300,95100,149600,107400,143400,141400,152900,165900,179000,193100,217100,223400,239200,255700,272700,297200,315100,326800,352700,381900,396200,406600,440900,457600,481100,502800,519400,543300,575000,600300,626200,653000,679500,707200,735000,770200,806800,822500,853800,884500,921500,952800,979300,1.019e+06,1.0523e+06,1.0948e+06,1.1234e+06,1.1567e+06,1.1952e+06,1.2585e+06,1.2829e+06,1.3244e+06,1.3476e+06,1.3802e+06,1.5995e+06,1.7814e+06,2.0595e+06,1.9374e+06,1.9849e+06,2.0412e+06,2.1413e+06,2.1441e+06,2.2116e+06,2.1086e+06,2.1276e+06,2.1471e+06,1.9653e+06,2.2011e+06,2.1629e+06,2.435e+06,2.346e+06,2.3188e+06,2.3009e+06,2.4388e+06,2.4758e+06,2.5399e+06,2.4602e+06,2.4564e+06,2.5491e+06,2.6879e+06,2.7923e+06,2.7772e+06,2.7848e+06
47,600,1600,3300,5000,7500,10300,13800,17600,22000,26900,46600,38200,44700,51900,59400,67400,76000,95000,95100,105400,116200,127600,146900,152200,165300,186000,193000,207900,230200,239100,262400,272300,296900,308000,328300,358500,377300,393200,414300,428200,447300,470000,491900,526000,554600,569800,595600,621500,644800,676000,704500,730800,759900,789600,823000,826100,879100,918200,944600,973900,1.0185e+06,1.0517e+06,1.0854e+06,1.109e+06,1.1476e+06,1.1861e+06,1.2267e+06,1.2648e+06,1.3014e+06,1.3395e+06,1.3829e+06,1.415e+06,1.4561e+06,1.5014e+06,1.5477e+06,1.5785e+06,1.6311e+06,1.6667e+06,1.7083e+06,1.7632e+06,2.166e+06,2.2222e+06,2.4155e+06,2.3418e+06,2.3431e+06,2.3904e+06,2.4468e+06,2.5307e+06,2.6423e+06,2.5968e+06,2.6574e+06,2.3869e+06,2.5554e+06,2.8731e+06,3.1194e+06,3.1842e+06,3.2516e+06,3.3233e+06,3.3803e+06,3.3855e+06
48,800,1800,4000,6800,9300,12800,17000,21700,27300,33600,40400,48100,56000,64700,74000,85000,94900,106500,118800,131600,145200,159400,174100,178900,196200,195700,194700,209500,237900,239500,264200,272300,297200,307900,333900,348100,373900,385900,416100,437200,457300,472800,503200,526600,551600,575900,600800,626700,652700,679900,707200,735100,767900,799500,822600,858500,883300,923300,952200,985900,1.0182e+06,1.0524e+06,1.08e+06,1.1141e+06,1.1731e+06,1.1989e+06,1.234e+06,1.2667e+06,1.3031e+06,1.3618e+06,1.4005e+06,1.5747e+06,1.7832e+06,1.8496e+06,1.8573e+06,1.9155e+06,1.9827e+06,1.9724e+06,1.9551e+06,2.0824e+06,1.9923e+06,2.0853e+06,2.1115e+06,2.0855e+06,2.1992e+06,2.2464e+06,2.2534e+06,2.3297e+06,2.1902e+06,2.2582e+06,2.293e+06,2.3296e+06,2.4134e+06,2.515e+06,2.8524e+06,2.9712e+06,3.0487e+06,3.3473e+06,3.3735e+06,3.4494e+06
49,700,2500,4500,6700,9700,13400,17600,22800,28200,34400,54400,48700,61100,67100,75300,103300,95400,106600,119000,131700,162300,159800,174700,190300,220800,224000,241600,259800,297800,325800,319400,352000,362500,396400,408200,432200,469000,482600,508600,786300,575200,602500,631000,660300,691300,684100,669300,697800,754600,885900,977400,972400,964300,993000,1.0303e+06,1.0739e+06,1.0716e+06,1.1894e+06,1.311e+06,1.2346e+06,1.3569e+06,1.3309e+06,1.3732e+06,1.4317e+06,2.9028e+06,1.5068e+06,1.5895e+06,1.5852e+06,1.6867e+06,1.6875e+06,1.8182e+06,1.744e+06,1.8376e+06,1.8951e+06,1.8788e+06,1.936e+06,1.6535e+06,1.8494e+06,1.9596e+06,2.0108e+06,1.9639e+06,1.8572e+06,1.8966e+06,1.9388e+06,1.9901e+06,2.0304e+06,2.0873e+06,2.1263e+06,2.1785e+06,2.3628e+06,2.329e+06,2.8069e+06,2.6971e+06,2.746e+06,2.678e+06,2.8196e+06,2.6005e+06,2.6459e+06,2.719e+06,2.9191e+06
50,900,2200,3000,2800,4300,10300,8100,12600,36000,20600,26000,28400,39400,46700,49200,62000,85200,79700,89700,99900,111700,128800,131300,152300,172600,180600,226200,208400,240700,239200,264000,277500,297500,308100,333700,346000,372800,393200,406700,428300,456900,481600,502600,526500,550500,575500,600600,629800,654000,685900,732500,736900,765600,793800,823900,915500,1.0208e+06,916300,955000,986800,1.0134e+06,1.0536e+06,1.1239e+06,1.1346e+06,1.1594e+06,1.1918e+06,1.2279e+06,1.2643e+06,1.3023e+06,1.3465e+06,1.3803e+06,1.423e+06,1.4636e+06,1.498e+06,1.5448e+06,1.5896e+06,1.6287e+06,1.6704e+06,1.7136e+06,1.7896e+06,1.8017e+06,1.8464e+06,1.8919e+06,1.9374e+06,1.9831e+06,2.0301e+06,2.082e+06,2.1254e+06,2.1963e+06,2.2311e+06,2.2806e+06,2.3246e+06,2.4346e+06,2.444e+06,2.4944e+06,2.5455e+06,2.6156e+06,2.6485e+06,2.7053e+06,2.7531e+06
51,700,1900,3800,6100,8500,11500,14700,18800,23500,27900,33200,38700,45300,51900,59600,79200,76100,87900,111900,107300,117600,129100,151400,153900,166900,189700,194600,209300,234100,239100,264500,272300,298700,308000,336000,354700,365500,386400,406600,428100,449900,472600,496100,535400,559900,599000,609500,634500,655400,686200,744000,740100,764100,799000,785300,850500,891400,915000,952700,979200,1.0191e+06,1.0523e+06,1.084e+06,1.1188e+06,1.1576e+06,1.1929e+06,1.2281e+06,1.2688e+06,1.3028e+06,1.3505e+06,1.3856e+06,1.4184e+06,1.4386e+06,1.4966e+06,1.5424e+06,1.577e+06,1.5846e+06,1.6712e+06,1.7144e+06,1.7582e+06,1.8043e+06,1.8477e+06,1.8926e+06,2.1191e+06,2.3975e+06,3.1406e+06,2.3803e+06,2.4594e+06,2.6044e+06,2.8955e+06,3.4621e+06,3.1907e+06,3.2899e+06,3.3572e+06,4.3681e+06,3.3272e+06,3.2804e+06,3.2584e+06,3.1284e+06,2.9825e+06
52,600,1700,3300,5000,7300,10300,13800,17600,22000,27100,32700,38500,45000,49800,75200,78800,76000,85400,95200,105400,124000,127800,128000,152300,174700,179100,193200,216200,223200,246300,255600,279400,290000,314900,326800,352800,372700,385900,413900,435100,457100,472600,496000,526100,550200,575100,602200,608300,662700,680000,707400,735300,771000,793500,823000,859400,883600,922900,1.0742e+06,988100,1.023e+06,1.0512e+06,1.0865e+06,1.1152e+06,1.1535e+06,1.1872e+06,1.226e+06,1.264e+06,1.3089e+06,1.3367e+06,1.3743e+06,1.416e+06,1.507e+06,1.5007e+06,1.5466e+06,1.8349e+06,1.9595e+06,2.0183e+06,2.0754e+06,1.845e+06,2.0428e+06,2.0089e+06,2.162e+06,2.1564e+06,2.2498e+06,2.3071e+06,2.3679e+06,2.4058e+06,2.7159e+06,2.8527e+06,2.8984e+06,3.0481e+06,3.0087e+06,3.103e+06,3.348e+06,3.2455e+06,3.3141e+06,3.4444e+06,3.4367e+06,3.5222e+06
53,1200,2400,4900,5000,21500,10400,13700,17700,22100,27100,32700,38700,44800,51900,59400,76200,62100,85200,95200,105400,125100,127700,139600,152200,172500,179000,193100,215000,223200,246000,255500,281200,302200,300500,327300,345900,372700,385900,413800,434900,457400,479400,497300,519800,544200,576900,601500,627000,653500,681000,752900,741100,853300,794300,1.0388e+06,1.031e+06,1.0973e+06,1.1351e+06,1.1516e+06,1.2149e+06,1.2652e+06,1.3797e+06,1.0872e+06,1.1199e+06,1.1535e+06,1.1787e+06,1.2239e+06,1.2626e+06,1.3006e+06,1.3436e+06,1.3766e+06,1.4112e+06,1.4694e+06,1.7179e+06,1.7992e+06,1.7894e+06,1.6634e+06,1.6984e+06,1.7243e+06,1.7706e+06,1.801e+06,1.8451e+06,1.8904e+06,1.9364e+06,1.9825e+06,2.0293e+06,2.1124e+06,2.1306e+06,2.179e+06,2.2233e+06,2.2786e+06,2.3233e+06,2.4283e+06,2.6348e+06,3.1197e+06,3.2405e+06,2.9326e+06,3.0187e+06,3.2024e+06,3.3071e+06
54,1200,2300,4200,5200,7700,10500,28400,17400,22000,27000,32600,38500,44800,51900,59400,67400,76200,85300,95100,105400,116300,127700,139700,152100,172600,178900,194800,209500,235100,239400,294800,272500,299000,308000,334800,353700,365700,393800,416000,428200,450000,480200,503700,526900,551500,576100,609700,654900,653800,680700,886400,921000,956700,1.0014e+06,1.0162e+06,1.0258e+06,1.107e+06,1.1015e+06,1.0912e+06,1.0126e+06,1.0737e+06,1.1785e+06,1.0979e+06,1.1235e+06,1.1568e+06,1.1921e+06,1.2279e+06,1.2673e+06,1.3037e+06,1.3404e+06,1.3828e+06,1.4179e+06,1.4639e+06,1.4999e+06,1.5448e+06,1.5859e+06,1.6482e+06,1.671e+06,1.7141e+06,1.7409e+06,1.8236e+06,1.8506e+06,1.891e+06,1.943e+06,1.9895e+06,2.0308e+06,2.0813e+06,2.1258e+06,2.187e+06,2.255e+06,2.2722e+06,2.3231e+06,2.3901e+06,2.4332e+06,2.4835e+06,2.5564e+06,2.5875e+06,2.6475e+06,2.7006e+06,2.7551e+06
55,600,1400,2700,4600,7100,9900,13300,17200,21800,27000,32500,38600,44800,51800,59400,67500,83900,85300,95000,105400,116300,136600,139700,152300,172300,179100,193300,214800,223200,246200,255400,270100,411000,320200,327100,354400,373400,386100,424700,436100,458200,472800,503800,527100,551300,575800,601400,627100,659900,680500,751600,819200,771900,880400,1.0041e+06,1.0333e+06,1.0714e+06,1.1393e+06,1.1233e+06,1.1062e+06,1.201e+06,1.2855e+06,1.4543e+06,1.3939e+06,1.3931e+06,1.4697e+06,1.4831e+06,1.4711e+06,1.5937e+06,1.5587e+06,1.4729e+06,1.5533e+06,1.6234e+06,1.6736e+06,1.7122e+06,1.7641e+06,1.6291e+06,1.7264e+06,1.8492e+06,1.9892e+06,2.0188e+06,2.0959e+06,1.8952e+06,2.118e+06,2.2416e+06,2.2414e+06,2.2894e+06,2.3318e+06,2.5392e+06,2.5379e+06,2.6063e+06,2.9003e+06,2.8478e+06,2.9098e+06,3.0281e+06,3.0395e+06,3.0348e+06,3.0032e+06,2.9807e+06,2.9669e+06
56,700,1800,3200,5100,7400,10200,13600,17500,21900,26800,47000,38200,44900,51900,59500,67500,76100,94100,95200,114100,118100,128200,140100,152100,165400,178900,193200,207800,223200,243100,255500,272600,299300,308100,333700,346000,372700,393100,406500,437200,459700,480000,502900,530800,550400,575000,600800,626500,653100,670800,710300,741800,763500,792400,828500,861800,889700,915000,953500,979600,1.0121e+06,1.0522e+06,1.0863e+06,1.1091e+06,1.1412e+06,1.1764e+06,1.2146e+06,1.2684e+06,1.3073e+06,1.3411e+06,1.3855e+06,1.4179e+06,1.4575e+06,1.4803e+06,1.5372e+06,1.5838e+06,1.6259e+06,1.6999e+06,1.7082e+06,1.759e+06,1.8481e+06,2.2973e+06,2.3389e+06,2.2727e+06,2.2096e+06,2.2527e+06,2.2349e+06,2.3315e+06,2.5809e+06,2.7905e+06,2.7385e+06,2.9253e+06,2.9916e+06,3.0193e+06,3.1066e+06,3.1762e+06,2.9695e+06,3.1487e+06,3.0635e+06,2.7596e+06
57,900,1800,3300,5100,7300,10200,13600,17500,21900,26900,32300,38200,44900,69300,60000,76500,119300,85300,95100,105400,125800,127900,139800,152200,173800,191600,194100,218300,224000,239900,256300,273300,290700,317400,327400,355000,366200,386700,415800,437000,451000,473500,504700,528100,650500,722000,800700,639100,683600,682100,707700,735200,769500,792600,822000,858700,883100,920700,1.0019e+06,995800,1.0213e+06,1.0532e+06,1.0808e+06,1.1138e+06,1.1568e+06,1.3345e+06,1.5227e+06,1.5392e+06,1.6473e+06,1.6791e+06,1.6794e+06,1.7285e+06,1.7602e+06,1.822e+06,1.8767e+06,1.9945e+06,2.0394e+06,2.5752e+06,2.1947e+06,2.1981e+06,2.2884e+06,1.9857e+06,2.1352e+06,2.1563e+06,2.4464e+06,2.5172e+06,2.5577e+06,2.6684e+06,2.7201e+06,2.7669e+06,2.4147e+06,2.9045e+06,3.0581e+06,3.0286e+06,3.1251e+06,3.1833e+06,3.2966e+06,3.3091e+06,3.435e+06,3.5039e+06
58,1000,2300,3600,6100,9100,36700,17200,21900,29400,36300,40700,47900,56000,64700,74200,142400,118600,92000,112100,106800,117100,128200,153900,154100,180500,180200,194100,208700,224000,248800,256400,281400,290800,317000,327400,346600,375600,386500,423300,444800,467100,489100,496400,519700,550800,575000,600200,625900,652500,679100,706800,734900,769700,792400,831600,862000,883900,921000,777500,993200,1.0341e+06,1.0698e+06,1.0998e+06,1.1373e+06,1.1723e+06,1.2076e+06,1.2285e+06,1.2649e+06,1.3093e+06,1.3487e+06,1.3788e+06,1.4177e+06,1.4635e+06,1.4976e+06,1.5451e+06,1.5864e+06,1.8251e+06,1.9424e+06,1.9388e+06,1.9628e+06,2.0178e+06,2.0623e+06,2.1025e+06,2.0395e+06,2.0551e+06,2.0425e+06,2.0841e+06,2.1332e+06,2.1956e+06,2.3332e+06,2.5771e+06,2.8191e+06,2.8561e+06,2.9578e+06,3.0841e+06,3.0155e+06,3.0394e+06,2.6519e+06,3.1112e+06,3.1922e+06
59,900,1800,1700,2900,7200,6000,13700,18500,23000,27500,32700,38900,45200,52000,59500,67600,76200,85400,95200,105400,116300,127700,147200,152300,165300,186200,193200,207900,230400,239100,262500,272500,297000,308300,356100,336700,377600,393800,406600,397800,478400,473500,496000,527900,551000,576200,601500,627100,653200,680800,707700,735700,860900,801400,831700,863800,884300,921000,952900,979000,1.0192e+06,1.0527e+06,1.0866e+06,1.1164e+06,1.1564e+06,1.1927e+06,1.2282e+06,1.2651e+06,1.3022e+06,1.3501e+06,1.3851e+06,1.4179e+06,1.4609e+06,1.5126e+06,1.539e+06,1.5862e+06,1.6337e+06,1.6721e+06,1.7075e+06,1.7574e+06,1.8526e+06,1.8533e+06,1.891e+06,1.9389e+06,1.9835e+06,2.0364e+06,2.0766e+06,2.1659e+06,2.4901e+06,2.5303e+06,2.5173e+06,2.5222e+06,2.7201e+06,2.6568e+06,2.5664e+06,2.8701e+06,2.9459e+06,2.9108e+06,3.0126e+06,3.1737e+06
60,400,1800,3400,5000,7800,10400,13800,17500,22000,41200,32400,38400,44800,51900,59300,67500,76100,94300,95000,105400,116300,127700,139800,152300,165200,190500,144800,218900,223000,238900,270700,273900,316000,317300,326500,352900,365600,393000,413800,435500,450200,479600,502800,526300,554000,575400,600500,626200,627800,680100,714300,735100,763700,798700,822500,856400,883300,920700,946700,985300,1.0185e+06,1.0457e+06,1.0893e+06,1.1322e+06,1.1577e+06,1.1969e+06,1.2303e+06,1.2667e+06,1.3047e+06,1.348e+06,1.3807e+06,1.4326e+06,1.8532e+06,2.2275e+06,1.8836e+06,1.927e+06,1.9551e+06,1.9667e+06,2.3033e+06,2.2148e+06,2.036e+06,2.0757e+06,2.3445e+06,2.4327e+06,2.4474e+06,2.4691e+06,2.3555e+06,2.5543e+06,2.7805e+06,2.8017e+06,2.7984e+06,2.8513e+06,2.9822e+06,3.0411e+06,2.9956e+06,3.2111e+06,2.9899e+06,3.1373e+06,3.0311e+06,3.0788e+06
61,700,1700,3300,5100,7400,10300,13700,17600,22000,26900,32400,38400,65000,51800,59300,67600,76100,85300,104400,105400,116300,127700,136700,152100,176700,178900,193200,208000,223200,246200,255600,279500,290000,293900,326800,355400,372800,385900,413800,436400,457200,479700,495900,526300,550400,588600,600500,626700,658900,679400,707000,735400,771300,792500,822200,858700,883600,921300,947200,987900,1.0188e+06,1.0519e+06,1.0864e+06,1.1209e+06,1.1494e+06,1.1856e+06,1.2287e+06,1.2738e+06,1.302e+06,1.3493e+06,1.3849e+06,1.4178e+06,1.4612e+06,1.4976e+06,1.5486e+06,1.5796e+06,1.6283e+06,1.6946e+06,1.7142e+06,1.7575e+06,1.8014e+06,1.8473e+06,1.8976e+06,1.9365e+06,1.9897e+06,2.1776e+06,2.0963e+06,2.1283e+06,2.1821e+06,2.2324e+06,2.3003e+06,2.79e+06,3.0174e+06,3.0406e+06,3.1622e+06,3.1788e+06,3.2865e+06,3.3644e+06,3.446e+06,3.4182e+06
62,700,1700,3200,5100,7400,10200,13700,17500,21900,26900,46400,38300,45300,48100,54300,67500,67900,81400,89900,98700,110800,140300,139800,152000,177300,179000,193200,216200,223400,246300,255600,279400,290200,315200,326600,353000,372600,386000,413800,435300,449900,484000,504400,527000,543300,568200,601100,627000,653300,680200,707500,735500,763800,793600,829300,853500,905600,919800,952300,982200,1.0095e+06,1.0457e+06,1.0842e+06,1.1193e+06,1.153e+06,1.1877e+06,1.226e+06,1.3754e+06,1.3639e+06,1.342e+06,1.3803e+06,1.4249e+06,1.7697e+06,1.8417e+06,1.9366e+06,1.9723e+06,1.9997e+06,2.0175e+06,2.0671e+06,2.0989e+06,2.1981e+06,2.3137e+06,2.3409e+06,2.3635e+06,2.4542e+06,2.4986e+06,2.6217e+06,2.66e+06,2.7265e+06,2.8073e+06,2.745e+06,2.9741e+06,2.9316e+06,2.8788e+06,2.8934e+06,3.0341e+06,2.5189e+06,2.9633e+06,2.9741e+06,3.1961e+06
63,800,1000,2900,5000,4200,5900,13700,18600,22900,28100,33100,38700,45200,52200,59500,67500,76100,85300,95000,105300,108700,144400,132100,152200,161000,189400,193100,207900,230200,239000,262400,272400,296800,311600,333900,352700,365600,392700,413700,428000,457000,479400,502800,526200,550100,575000,602900,626200,652700,679400,706700,753300,763700,796100,828500,852800,889200,914700,953400,985500,999300,1.0523e+06,1.0879e+06,1.1616e+06,1.1572e+06,1.1925e+06,1.2286e+06,1.2655e+06,1.3027e+06,1.3408e+06,1.3852e+06,1.4378e+06,1.4475e+06,1.5108e+06,1.5454e+06,1.5867e+06,1.6223e+06,1.6712e+06,1.7178e+06,1.765e+06,1.8043e+06,1.8458e+06,1.8915e+06,1.9437e+06,1.9835e+06,2.0291e+06,2.1034e+06,2.1426e+06,2.182e+06,2.669e+06,2.757e+06,2.7843e+06,2.9757e+06,3.0199e+06,3.1557e+06,3.2617e+06,3.2374e+06,3.3055e+06,3.245e+06,3.6424e+06
64,1000,2100,3400,5900,8800,12600,17100,23100,28400,34000,40700,48300,56000,64800,74100,97200,95000,106600,118800,131700,183300,159600,174700,190100,207300,178800,296200,259700,292300,298700,331400,340700,374000,384900,419400,432300,468100,495100,508400,579900,576000,602100,632900,553900,561000,584500,675400,683800,656600,750900,812200,746500,839800,795900,831400,852800,889500,914500,953000,985300,1.0124e+06,1.0525e+06,1.0899e+06,1.1213e+06,1.1569e+06,1.1925e+06,1.2297e+06,1.2654e+06,1.3022e+06,1.3465e+06,1.3788e+06,1.4177e+06,1.5312e+06,1.4988e+06,1.5453e+06,1.5933e+06,1.6282e+06,1.9947e+06,2.0827e+06,2.0265e+06,1.9161e+06,2.0088e+06,1.8984e+06,1.9319e+06,1.9803e+06,2.2864e+06,2.0926e+06,2.1274e+06,2.5207e+06,2.4435e+06,2.5886e+06,2.5535e+06,2.5005e+06,2.7475e+06,2.8545e+06,2.9187e+06,2.5983e+06,2.8748e+06,3.0917e+06,3.117e+06
65,800,2100,3500,6000,9100,12800,17100,22000,27500,33700,40800,48000,70400,64600,74100,84200,95100,106600,130800,131600,145300,159500,185800,190100,206300,234600,264900,260700,279600,298900,396600,311300,301000,307900,326500,354600,365400,394900,415500,436700,449900,481800,504600,528000,552800,576800,603500,635500,694600,806100,895000,795700,765900,800900,824200,877900,1.048e+06,1.1534e+06,1.1652e+06,1.2051e+06,1.28e+06,1.3179e+06,1.3399e+06,1.373e+06,1.413e+06,1.4738e+06,1.5267e+06,1.5707e+06,1.6243e+06,1.6296e+06,1.7575e+06,1.7432e+06,1.7736e+06,1.8413e+06,1.6182e+06,1.8808e+06,1.8457e+06,1.7641e+06,2.0465e+06,2.0525e+06,2.0345e+06,1.9414e+06,2.119e+06,1.9994e+06,2.0163e+06,2.0646e+06,2.084e+06,2.4459e+06,2.523e+06,2.1781e+06,2.2866e+06,2.4333e+06,2.4639e+06,2.5675e+06,2.4957e+06,2.5638e+06,2.5887e+06,2.6477e+06,2.7229e+06,2.8405e+06
66,600,1300,2800,4600,7000,13300,13500,17500,22000,38300,32200,38400,44900,51700,59400,67500,76200,93000,95100,105400,116400,134500,139700,152300,165300,185800,193300,213700,223200,239100,262700,272500,297000,308100,326800,352700,365700,392700,416100,434800,409400,479900,495800,526200,550100,574900,600400,626000,660900,680200,707400,735100,769700,792900,822600,859600,887600,922300,954000,979800,1.0191e+06,1.062e+06,1.0872e+06,1.1213e+06,1.1561e+06,1.1918e+06,1.228e+06,1.2686e+06,1.3e+06,1.3404e+06,1.3854e+06,1.5143e+06,1.471e+06,1.5369e+06,1.5449e+06,1.628e+06,2.0927e+06,1.6583e+06,2.0542e+06,1.7393e+06,1.8076e+06,1.8754e+06,2.4307e+06,2.5888e+06,2.4855e+06,2.546e+06,2.6014e+06,2.6075e+06,2.7467e+06,2.9886e+06,2.8545e+06,2.9138e+06,2.9773e+06,3.0531e+06,2.9282e+06,3.0643e+06,3.3952e+06,3.3179e+06,3.3823e+06,3.4425e+06
67,700,2600,4400,6300,9600,26700,18100,22500,29400,37000,44700,40000,60900,52800,60200,67700,76300,85400,104500,105500,116400,127800,147000,152200,165400,185900,193300,208000,230600,245200,306500,273500,290200,308000,326800,345900,365600,386400,406600,447600,487700,472600,495700,527400,551100,576100,601200,627200,687800,685100,929500,739600,964600,993100,1.0045e+06,1.0148e+06,1.1144e+06,1.0972e+06,1.1936e+06,1.2379e+06,1.2228e+06,1.2512e+06,1.0905e+06,1.1851e+06,1.1695e+06,1.1937e+06,1.2297e+06,1.3039e+06,1.365e+06,1.3519e+06,1.3823e+06,1.4272e+06,1.4603e+06,1.5056e+06,1.5397e+06,1.5877e+06,1.6519e+06,1.6822e+06,1.7249e+06,1.7609e+06,1.8129e+06,1.857e+06,2.0038e+06,1.9516e+06,2.0111e+06,2.0416e+06,2.133e+06,2.1306e+06,2.1758e+06,2.2455e+06,2.288e+06,2.3301e+06,2.4349e+06,2.4309e+06,2.5038e+06,2.5892e+06,2.8659e+06,2.8317e+06,2.9048e+06,3.1069e+06
68,700,1800,3300,5000,4400,10300,13600,17600,21900,26900,32500,38300,44700,51800,59400,67400,76100,85200,95100,114400,116200,127600,139700,159300,165300,179000,224900,252700,297600,337900,223800,273900,399300,339700,393400,346600,365600,385800,411400,474600,450100,472600,509300,531800,551800,576000,601400,627300,653600,680500,714400,776500,770600,799700,829400,860900,887500,922800,948200,987200,1.0222e+06,1.0537e+06,1.0941e+06,1.1345e+06,1.1678e+06,1.2033e+06,1.2394e+06,1.2751e+06,1.309e+06,1.3522e+06,1.3791e+06,1.4183e+06,1.4572e+06,1.4982e+06,1.5384e+06,1.586e+06,1.6272e+06,1.6651e+06,1.7135e+06,1.768e+06,1.8012e+06,1.8454e+06,1.8971e+06,1.9362e+06,1.9874e+06,2.0454e+06,2.0773e+06,2.1324e+06,2.1736e+06,2.223e+06,2.2844e+06,2.3353e+06,2.3792e+06,2.4306e+06,2.4822e+06,2.5342e+06,2.601e+06,2.6561e+06,2.7001e+06,2.7542e+06
69,600,1300,2700,4600,6900,9800,13200,17300,21700,26600,32200,38200,44800,60200,59300,67400,76000,85200,94900,112500,116100,127700,139500,153800,165900,179200,185100,201800,218400,239300,250800,266000,284900,302400,322500,345900,359800,386000,407300,434900,458100,480900,502500,519100,550100,575300,593400,647000,653500,679600,708400,734900,769700,792600,823500,852300,887300,920700,952900,979100,1.0188e+06,1.053e+06,1.0862e+06,1.1205e+06,1.1562e+06,1.1914e+06,1.2282e+06,1.2742e+06,1.3028e+06,1.3407e+06,1.3847e+06,1.3998e+06,1.469e+06,1.499e+06,1.5471e+06,1.6801e+06,1.6381e+06,1.6713e+06,1.7134e+06,1.759e+06,1.8044e+06,1.8447e+06,1.8903e+06,1.939e+06,1.9952e+06,2.0301e+06,2.0874e+06,2.1219e+06,2.1881e+06,2.2574e+06,2.2717e+06,2.3252e+06,2.3486e+06,2.4289e+06,2.4877e+06,2.5388e+06,2.5862e+06,2.6473e+06,2.7048e+06,2.7758e+06
70,500,1500,2700,4700,7100,9900,13400,17300,21900,26600,40100,38300,44900,51900,59400,67500,76000,92100,95100,105400,116200,127700,147400,152300,165300,186300,194400,207900,234200,238900,264600,273800,304500,308600,337000,355700,457000,494000,521300,546200,562500,602400,630800,660300,697300,827600,782500,635000,661400,784100,748200,792400,772800,793300,822400,858500,939600,948200,983300,986800,1.0196e+06,1.0467e+06,1.0868e+06,1.1213e+06,1.1568e+06,1.1926e+06,1.4128e+06,1.5588e+06,1.6886e+06,1.6795e+06,1.735e+06,1.7757e+06,1.7727e+06,1.8834e+06,1.9349e+06,1.9922e+06,2.0411e+06,2.0918e+06,2.1462e+06,2.1998e+06,2.3697e+06,2.3284e+06,2.7565e+06,2.4256e+06,2.4825e+06,2.5838e+06,2.6856e+06,2.6173e+06,2.6226e+06,2.7185e+06,2.7359e+06,2.8014e+06,2.9054e+06,2.9333e+06,3.1907e+06,3.229e+06,3.2881e+06,3.3035e+06,3.3537e+06,3.4568e+06
71,800,1700,3200,5100,7800,10600,13700,17500,21900,27000,32600,38600,44900,52000,59200,67400,76100,85200,105200,91500,118000,132700,152300,152200,165200,190900,193100,207800,231400,283900,330700,340500,373400,384900,462300,347400,381300,395500,414300,427900,391800,480400,502900,526500,550500,585800,600700,626200,652600,679500,717100,736100,764200,799800,823100,853200,890500,927200,946800,985100,1.0193e+06,1.046e+06,1.0971e+06,1.1214e+06,1.1563e+06,1.1918e+06,1.228e+06,1.2653e+06,1.31e+06,1.3479e+06,1.3785e+06,1.4244e+06,1.4715e+06,1.4984e+06,1.5461e+06,1.5906e+06,1.624e+06,1.6725e+06,1.7155e+06,1.7833e+06,1.8119e+06,1.8564e+06,1.9023e+06,1.9355e+06,2.0026e+06,2.0385e+06,2.0901e+06,2.1314e+06,2.1731e+06,2.2268e+06,2.2938e+06,2.328e+06,2.3788e+06,2.433e+06,2.4813e+06,2.5373e+06,2.5886e+06,2.6393e+06,2.7007e+06,2.7481e+06
72,600,1300,2900,4700,7000,10100,13500,17500,22000,15900,32400,31500,44900,53200,59500,67400,76100,85200,95000,105300,123400,127700,139700,152300,165200,179000,200300,208000,223200,245900,255600,279700,290000,315100,326800,353400,372400,385900,414100,435300,457200,496100,491600,519400,550400,575400,600500,626300,652700,679800,707100,736000,769800,792900,822100,858700,883700,967700,920400,987000,1.018e+06,1.0521e+06,1.0801e+06,1.1214e+06,1.1557e+06,1.1913e+06,1.2277e+06,1.2866e+06,1.3992e+06,1.3278e+06,1.3804e+06,1.4184e+06,1.464e+06,1.498e+06,1.5458e+06,1.5862e+06,2.1334e+06,1.7436e+06,1.7377e+06,1.9084e+06,2.1697e+06,2.2437e+06,2.2958e+06,2.0978e+06,2.2198e+06,2.3246e+06,2.3316e+06,2.1483e+06,2.1825e+06,2.8436e+06,2.9077e+06,2.9138e+06,3.3085e+06,3.0552e+06,3.1487e+06,3.1366e+06,3.0345e+06,3.1483e+06,3.2522e+06,3.3041e+06
73,700,1600,4000,6700,7900,10800,14100,17600,22000,27100,47200,38500,45000,51900,61200,67400,76400,85200,113200,105400,116500,127800,147300,152100,165300,186100,193300,207900,230200,239100,258300,282700,290000,317900,335100,346300,373700,393900,406900,435900,458200,480700,503900,532200,551700,576400,601400,627500,653700,717500,709300,744800,765500,795500,831400,854400,891500,916500,955500,988400,1.0139e+06,1.0902e+06,1.0895e+06,1.1231e+06,1.158e+06,1.5433e+06,1.2431e+06,1.2684e+06,1.3057e+06,1.4999e+06,1.4312e+06,1.5413e+06,1.5936e+06,1.6115e+06,1.5415e+06,1.5869e+06,1.8005e+06,2.0523e+06,2.0593e+06,2.1182e+06,2.181e+06,1.9794e+06,2.3741e+06,2.3496e+06,2.3362e+06,2.4593e+06,2.5158e+06,2.8194e+06,2.7312e+06,2.7253e+06,2.7216e+06,2.9791e+06,2.6797e+06,2.759e+06,2.7917e+06,2.4414e+06,2.9608e+06,3.016e+06,2.7149e+06,3.075e+06
74,900,2000,3600,6000,8900,26500,17100,21900,27400,33600,40400,47700,56000,64700,74300,84400,95000,106500,118800,131700,145300,129200,141300,154000,180100,179600,193400,218400,223200,246900,255700,279500,289900,315100,326700,352800,372600,386000,413500,435000,457000,492100,502900,526500,550700,574900,600300,626100,652400,685600,707200,734600,763500,799300,822300,858800,883700,922000,946700,985700,968700,1.0505e+06,1.0871e+06,1.1216e+06,1.1567e+06,1.1925e+06,1.229e+06,1.2952e+06,1.31e+06,1.3401e+06,1.3791e+06,1.4227e+06,1.4647e+06,1.4977e+06,1.5447e+06,1.5802e+06,1.6194e+06,1.6708e+06,1.714e+06,1.7505e+06,1.8021e+06,1.8453e+06,1.8911e+06,1.9459e+06,1.9905e+06,2.0336e+06,2.0862e+06,2.1259e+06,2.1801e+06,2.2383e+06,2.2735e+06,2.3293e+06,2.3811e+06,2.4178e+06,2.4887e+06,2.537e+06,2.5991e+06,2.6406e+06,2.6985e+06,2.7555e+06
75,500,1400,2700,4600,4400,11000,14100,17900,22300,27100,32700,49100,45000,51800,59400,67400,76100,94100,95000,105400,116200,127600,139600,152400,165300,187000,193100,216700,262500,286900,412800,379900,362600,397400,343200,363100,446600,401000,419600,427800,449900,479400,502700,526000,550300,574800,606900,629100,652600,692100,714000,735300,763700,799100,822400,852800,889700,929500,947100,985300,1.02e+06,1.0461e+06,1.0917e+06,1.1187e+06,1.1512e+06,1.1911e+06,1.2253e+06,1.262e+06,1.306e+06,1.3371e+06,1.3792e+06,1.4266e+06,1.4698e+06,1.5425e+06,1.5407e+06,1.5863e+06,1.6299e+06,1.6702e+06,1.7124e+06,1.7531e+06,1.8086e+06,1.8484e+06,2.2888e+06,2.3442e+06,2.3919e+06,2.5285e+06,2.612e+06,2.4109e+06,2.4411e+06,2.5202e+06,2.6718e+06,2.7358e+06,2.7373e+06,2.7828e+06,2.9246e+06,2.9748e+06,3.0161e+06,3.0179e+06,3.0955e+06,3.1084e+06
76,600,2200,5300,5500,9500,12700,16900,22000,27400,31700,55400,45800,52700,61000,69900,79400,89500,147800,113700,107000,118000,142500,140100,152400,174300,178900,173100,208400,232400,239100,265700,272600,297700,308000,327900,357800,375200,397100,413900,435000,450200,479600,502400,526400,550100,575400,600500,684400,652900,679500,713500,735000,763400,798700,833400,868400,952700,950900,955500,980400,1.0243e+06,1.0536e+06,1.086e+06,1.121e+06,1.1555e+06,1.1699e+06,1.2279e+06,1.2651e+06,1.3021e+06,1.346e+06,1.3818e+06,1.42e+06,1.464e+06,1.4985e+06,1.5515e+06,1.5867e+06,1.6223e+06,1.6707e+06,1.7161e+06,1.7585e+06,1.8015e+06,1.8463e+06,1.8916e+06,1.9427e+06,1.9923e+06,2.0515e+06,2.077e+06,2.1306e+06,2.1746e+06,2.2243e+06,2.2875e+06,2.7485e+06,2.8649e+06,2.9242e+06,2.777e+06,3.236e+06,3.2463e+06,3.2429e+06,3.2211e+06,3.4105e+06
77,900,2100,3300,5500,7500,10300,13800,17600,22100,27000,32400,38300,44800,51800,59400,76300,76100,85300,95100,105400,123400,136700,140300,147600,165400,180000,205400,207800,267600,239200,265200,272300,298600,308000,334500,353500,365600,394000,414500,428200,457800,480000,503400,527100,551200,576000,634000,631800,652600,679700,713300,734900,763300,799100,822300,852200,889900,921000,946900,986000,1.0472e+06,1.0484e+06,1.0868e+06,1.1215e+06,1.1881e+06,1.1931e+06,1.229e+06,1.2661e+06,1.3037e+06,1.3418e+06,1.3922e+06,1.4286e+06,1.4693e+06,1.5097e+06,1.5555e+06,1.6855e+06,1.6081e+06,1.6756e+06,1.7141e+06,1.7581e+06,2.0607e+06,2.3093e+06,2.4219e+06,2.4062e+06,2.5164e+06,2.3149e+06,2.1527e+06,2.4621e+06,2.4057e+06,2.5756e+06,2.6602e+06,2.8993e+06,2.8098e+06,2.8683e+06,2.6539e+06,2.86e+06,2.8672e+06,2.8442e+06,2.9817e+06,3.4408e+06
78,700,2200,3700,6000,9100,12600,17000,22000,27500,33500,40300,47800,55900,64800,74200,122900,97200,107500,134600,131700,145400,159400,186300,190200,206600,224700,261200,290600,292800,298600,330400,340300,373500,541000,622200,710200,631000,532200,523900,535200,573500,603000,667800,734100,692100,687200,764300,649000,664500,691300,717600,745300,808600,801800,834900,860700,893400,914100,951500,983300,1.0098e+06,1.0501e+06,1.0834e+06,1.1155e+06,1.1546e+06,1.2011e+06,1.2294e+06,1.2646e+06,1.2953e+06,1.3443e+06,1.3773e+06,1.417e+06,1.458e+06,1.495e+06,1.545e+06,1.5827e+06,1.6383e+06,1.6722e+06,1.7162e+06,1.8314e+06,2.1852e+06,2.2936e+06,2.1289e+06,2.4012e+06,2.5593e+06,2.5535e+06,2.6494e+06,2.4748e+06,2.6304e+06,2.5347e+06,2.4885e+06,2.6253e+06,2.889e+06,2.9723e+06,2.7475e+06,2.9867e+06,2.6961e+06,3.3121e+06,3.2996e+06,3.4556e+06
79,900,2300,4400,6700,9800,10100,8100,15000,13400,27500,32600,51600,40300,46900,53000,68200,76400,85300,95000,105500,116300,127700,139800,152300,165200,179000,200800,208100,230300,239100,262900,272600,296900,308000,333700,345900,387400,397000,415100,428400,458200,480500,538800,529400,551700,574900,600700,626100,652800,678800,707000,735700,764000,815800,823600,859300,883200,921300,948800,986100,1.019e+06,1.0523e+06,1.0805e+06,1.1143e+06,1.1724e+06,1.2001e+06,1.229e+06,1.2648e+06,1.3022e+06,1.4016e+06,1.3672e+06,1.405e+06,1.4723e+06,1.501e+06,1.5541e+06,1.5807e+06,1.6291e+06,1.6741e+06,1.7146e+06,1.7573e+06,1.8103e+06,1.8659e+06,1.8908e+06,1.9366e+06,1.9892e+06,2.0362e+06,2.0828e+06,2.1257e+06,2.1866e+06,2.228e+06,2.2718e+06,2.3243e+06,2.3799e+06,2.4304e+06,2.491e+06,2.8499e+06,3.0513e+06,3.2067e+06,3.3843e+06,3.3978e+06
80,900,2200,4000,5400,7700,10800,14400,18100,21900,27000,33800,39400,45300,52100,59400,67500,76100,85300,95100,105400,126800,127700,139600,161100,165300,178900,201500,208000,223300,239100,289600,353500,362500,414500,328100,358600,394000,498800,528500,532500,573800,590700,608900,629400,690100,721100,708000,804400,828600,683500,708900,737600,771300,793400,823100,853200,884300,1.1376e+06,1.1898e+06,1.2e+06,1.2638e+06,1.1636e+06,1.3653e+06,1.4576e+06,1.4398e+06,1.4537e+06,1.514e+06,1.5531e+06,1.5928e+06,1.5462e+06,1.4506e+06,1.5994e+06,1.5734e+06,1.7001e+06,1.6449e+06,1.7168e+06,1.652e+06,1.6726e+06,1.7132e+06,1.7573e+06,1.8384e+06,1.8507e+06,2.102e+06,2.3422e+06,2.5643e+06,2.3828e+06,2.4617e+06,2.2024e+06,2.3425e+06,2.3723e+06,2.4121e+06,2.3984e+06,2.3806e+06,2.4278e+06,2.4834e+06,2.5367e+06,2.6968e+06,3.3229e+06,3.2315e+06,3.2973e+06
81,800,1800,3200,5200,7900,10600,13700,17500,21900,27000,32500,38700,45100,52000,73800,67500,76200,85300,96600,105600,117000,128300,139700,152200,174000,179100,193300,216000,223300,246300,255600,279600,290000,315100,326500,350300,359600,379900,415700,435200,455100,480800,502800,526200,599700,575100,601000,626100,652500,679300,707400,735000,719300,785100,828900,852700,889800,914700,953600,985400,1.0123e+06,1.0524e+06,1.0955e+06,1.121e+06,1.156e+06,1.1955e+06,1.2365e+06,1.2652e+06,1.3124e+06,1.3675e+06,1.3811e+06,1.4194e+06,1.4592e+06,1.5879e+06,1.8439e+06,1.9454e+06,1.9289e+06,1.8989e+06,1.9232e+06,1.949e+06,1.9399e+06,2e+06,2.1138e+06,2.0466e+06,2.0752e+06,2.0866e+06,2.133e+06,2.235e+06,2.4745e+06,2.6396e+06,2.4253e+06,2.5861e+06,2.672e+06,2.6121e+06,2.7428e+06,2.7532e+06,2.7055e+06,2.7502e+06,2.7033e+06,2.7498e+06
82,600,900,1700,4700,4100,6000,7900,10200,16600,21300,25300,31700,40500,50000,61200,68200,90300,85300,113100,105500,116100,124100,151800,122200,165200,203100,193300,215900,223300,239100,262600,273000,297100,308100,326600,353100,365700,392800,414200,435700,449800,479700,502700,526100,550600,558500,605300,626600,652400,679400,714200,735100,763700,799300,822800,853700,892300,983000,948300,993300,1.0203e+06,1.0473e+06,1.0807e+06,1.1218e+06,1.1568e+06,1.1924e+06,1.2344e+06,1.2777e+06,1.3764e+06,1.3436e+06,1.3864e+06,1.6724e+06,1.7704e+06,1.8268e+06,1.8905e+06,1.9703e+06,2.0377e+06,2.1176e+06,2.1651e+06,2.1897e+06,2.0634e+06,2.0622e+06,2.0409e+06,2.1911e+06,2.3638e+06,2.3312e+06,2.0844e+06,2.1334e+06,2.1729e+06,2.5182e+06,2.5891e+06,2.564e+06,2.6667e+06,3.0372e+06,3.0504e+06,3.0464e+06,3.1292e+06,3.1647e+06,3.1939e+06,3.2795e+06
83,700,1700,4700,7200,9100,12700,17000,22100,27600,21500,33300,33900,38600,46400,54400,60800,70800,85200,101100,101500,116400,122900,141700,147500,161100,186900,184800,199900,221900,231600,251800,272600,297400,308100,334500,345600,359800,386700,402400,429500,466300,488900,515800,533100,550900,575000,600300,626000,655900,679400,714500,735700,763700,801000,822500,852800,895300,923100,947000,985400,1.0187e+06,1.0462e+06,1.0873e+06,1.1165e+06,1.158e+06,1.1933e+06,1.2293e+06,1.2663e+06,1.3092e+06,1.3418e+06,1.3802e+06,1.5515e+06,1.6213e+06,1.643e+06,1.5506e+06,1.5897e+06,1.6301e+06,1.6718e+06,1.7146e+06,1.76e+06,1.802e+06,1.637e+06,2.3163e+06,2.4249e+06,2.4815e+06,2.5478e+06,2.6259e+06,2.6834e+06,2.6811e+06,2.728e+06,2.8085e+06,2.6219e+06,2.6582e+06,2.7248e+06,2.7409e+06,2.7846e+06,2.9094e+06,2.6558e+06,3.2773e+06,3.4186e+06
84,800,1900,3600,5800,8700,12300,16700,21600,27200,33400,40500,49900,57500,65300,74600,84200,109700,106400,95000,112300,116200,150500,141300,153800,181600,180900,193700,208400,223300,247900,255400,279800,289900,320100,326700,354700,373800,386000,414500,435700,457800,472800,503700,528300,551000,575700,606000,627800,660800,681100,717700,745700,780200,803000,825900,853100,882600,915200,953000,979100,1.0276e+06,1.0895e+06,1.0864e+06,1.1208e+06,1.1562e+06,1.1916e+06,1.2285e+06,1.2767e+06,1.3073e+06,1.34e+06,1.3848e+06,1.4203e+06,1.4581e+06,1.4978e+06,1.5445e+06,1.5822e+06,1.6087e+06,1.6731e+06,1.7144e+06,1.7874e+06,1.8018e+06,1.8471e+06,1.8899e+06,1.9472e+06,1.9877e+06,2.0334e+06,2.0846e+06,2.1247e+06,2.1806e+06,2.2275e+06,2.2728e+06,2.3306e+06,2.3839e+06,2.431e+06,2.4796e+06,2.5282e+06,2.5851e+06,2.6465e+06,2.7022e+06,2.7489e+06
85,500,1400,2800,4600,7000,10000,13500,17400,22000,26700,32300,38300,44700,51800,50400,69300,76000,67500,95000,105400,116200,127600,139700,152200,172500,179000,193100,215300,223100,246000,255600,279400,289900,314900,326600,352700,372600,385900,413600,434800,456900,472700,544700,531700,553300,575600,600700,626400,658800,679600,706900,735100,769700,792700,822600,870700,883700,926900,952800,985100,1.0192e+06,1.0428e+06,1.0771e+06,1.1183e+06,1.1536e+06,1.1881e+06,1.2254e+06,1.2625e+06,1.2939e+06,1.3034e+06,1.381e+06,1.4243e+06,1.4583e+06,1.5041e+06,1.5391e+06,1.5863e+06,1.6497e+06,1.6817e+06,1.7172e+06,1.759e+06,1.8011e+06,1.8458e+06,1.8909e+06,2.0203e+06,1.988e+06,2.059e+06,2.5161e+06,2.5613e+06,2.6134e+06,3.499e+06,2.8921e+06,2.9694e+06,2.9775e+06,3.1118e+06,3.1143e+06,3.1719e+06,3.272e+06,3.3949e+06,3.2481e+06,3.3774e+06
86,600,1800,3500,5800,8600,12300,17900,22500,27500,33700,40500,48200,57800,53400,61200,68100,89900,85400,95100,105500,116400,127700,139800,152300,174400,147800,193200,218700,223100,246500,255600,279500,289900,315000,326700,353200,372600,402600,414400,435400,457400,472600,495700,526200,550700,575400,600300,627400,653800,679600,706800,734700,763400,810700,822600,859200,883400,920700,947600,986500,1.0276e+06,1.047e+06,1.0847e+06,1.1216e+06,1.152e+06,1.1863e+06,1.2259e+06,1.2626e+06,1.3041e+06,1.3389e+06,1.3777e+06,1.4265e+06,1.4723e+06,1.4978e+06,1.5347e+06,1.5806e+06,1.6283e+06,1.6704e+06,1.7175e+06,1.7579e+06,1.7965e+06,1.8466e+06,1.9036e+06,1.9438e+06,2.1715e+06,2.4567e+06,2.5169e+06,2.9294e+06,2.8342e+06,2.7228e+06,2.7437e+06,2.8274e+06,3.0089e+06,3.0494e+06,3.107e+06,3.172e+06,3.2932e+06,3.3169e+06,3.4392e+06,3.4945e+06
87,700,2700,3600,6100,24100,13400,18100,23000,22900,27500,32800,38800,44900,66300,59300,67500,76100,85300,95100,114800,116400,127800,139800,159500,165300,179000,200400,208000,223200,239700,274300,272300,291600,318200,327000,353300,365600,386500,415900,439600,457400,472400,502500,526100,552000,574800,600400,626100,641600,686900,707300,732100,765900,798800,822500,856900,882800,922200,946900,985800,1.0179e+06,1.1596e+06,1.0891e+06,1.1249e+06,1.1565e+06,1.1922e+06,1.2284e+06,1.2651e+06,1.3021e+06,1.3402e+06,1.3851e+06,1.4249e+06,1.4641e+06,1.5036e+06,1.5459e+06,1.5795e+06,1.628e+06,1.6812e+06,1.7241e+06,1.7932e+06,1.8012e+06,1.8491e+06,1.8911e+06,1.9431e+06,1.9833e+06,2.029e+06,2.1362e+06,2.1713e+06,2.1776e+06,2.6825e+06,2.7268e+06,2.8546e+06,3.057e+06,3.0635e+06,3.1088e+06,3.152e+06,3.2577e+06,3.3196e+06,3.4424e+06,3.4589e+06
88,900,2300,3200,5100,7300,10200,13600,17600,21900,26900,32400,52500,47000,53000,59800,67600,76200,85300,94900,105400,116200,127700,139700,160500,165300,178900,201200,207900,223600,239000,255400,337700,289800,316700,336800,341300,368900,382600,400700,429500,450500,484600,505100,526400,550400,575900,600600,626600,656100,679800,707000,738500,772700,793400,822300,862700,883800,920800,946700,979000,1.0185e+06,1.0527e+06,1.0861e+06,1.1145e+06,1.1382e+06,1.192e+06,1.2388e+06,1.2658e+06,1.3024e+06,1.342e+06,1.3851e+06,1.4183e+06,1.4576e+06,1.504e+06,1.5473e+06,1.58e+06,1.6282e+06,1.6708e+06,1.7143e+06,1.7573e+06,1.8027e+06,1.8466e+06,1.9035e+06,1.9441e+06,1.9888e+06,2.0291e+06,2.076e+06,2.1254e+06,2.1792e+06,2.2143e+06,2.2715e+06,2.3316e+06,2.3788e+06,2.4301e+06,2.4873e+06,2.9535e+06,3.1207e+06,3.1612e+06,3.18e+06,3.3081e+06
89,900,2200,3200,5300,7600,10400,13600,17500,21900,27000,32400,38600,44700,66300,59300,67500,76100,85200,95100,114200,116300,127700,139700,159300,196500,181400,209300,209600,224900,302100,257400,274200,302700,309900,336500,347600,375100,395700,416400,429800,458100,480600,503500,527200,551200,576100,622800,627100,658400,732300,787500,819200,850400,882600,902700,854300,891400,916300,957100,994900,1.0306e+06,1.0644e+06,1.0982e+06,1.1327e+06,1.1767e+06,1.1936e+06,1.2282e+06,1.2894e+06,1.3045e+06,1.3417e+06,1.3981e+06,1.4243e+06,1.687e+06,1.8246e+06,1.8599e+06,1.5978e+06,1.6235e+06,1.6699e+06,1.7141e+06,1.7577e+06,1.8007e+06,1.8928e+06,1.8975e+06,1.9366e+06,1.9835e+06,2.0544e+06,2.0774e+06,2.1618e+06,2.3987e+06,2.5561e+06,2.551e+06,2.54e+06,3.4416e+06,3.0646e+06,3.342e+06,3.288e+06,4.4696e+06,3.7813e+06,3.8318e+06,3.4954e+06
90,800,2000,3600,5900,9500,13300,17900,23200,27500,33600,40400,38300,57900,71400,60900,68800,102200,113800,126600,140500,154900,159700,188200,190300,206800,235500,241300,259800,279200,298600,330700,340500,396700,402900,465300,366600,484700,497500,520000,546200,562500,601500,630300,665400,690200,720900,752600,784800,818300,895100,886600,881800,845900,800900,824400,860800,885400,922900,1.1373e+06,1.2319e+06,1.2613e+06,1.2634e+06,1.3419e+06,1.4604e+06,1.4402e+06,1.4922e+06,1.3474e+06,1.2666e+06,1.317e+06,1.3526e+06,1.3896e+06,1.4297e+06,1.4711e+06,1.511e+06,1.6805e+06,1.9069e+06,1.9853e+06,2.1933e+06,2.0839e+06,2.1423e+06,1.9863e+06,2.0416e+06,2.0813e+06,2.2026e+06,2.2936e+06,2.4575e+06,2.5136e+06,2.6251e+06,2.6541e+06,2.7759e+06,2.9546e+06,2.928e+06,2.9259e+06,3.0753e+06,3.2317e+06,3.1891e+06,3.2062e+06,3.3296e+06,3.3805e+06,3.4794e+06
91,700,1700,3500,5800,8800,12400,16600,21600,27000,46500,40400,48000,55900,67500,75900,84500,95700,107300,119800,132600,146300,160600,175500,204900,207300,224600,297500,260600,292400,299800,331300,341400,374900,385800,430200,433100,469600,498200,520300,535900,574200,604000,631200,666600,691200,721900,753400,785700,862000,689100,714500,728600,762100,796500,820300,853000,881100,1.0069e+06,948400,986300,1.0145e+06,1.0526e+06,1.0817e+06,1.1216e+06,1.1564e+06,1.192e+06,1.2281e+06,1.2651e+06,1.3102e+06,1.3433e+06,1.3864e+06,1.4297e+06,1.4579e+06,1.5054e+06,1.5388e+06,1.5862e+06,1.6283e+06,1.6647e+06,1.716e+06,1.7524e+06,1.8008e+06,1.8465e+06,1.8926e+06,1.9373e+06,1.9917e+06,2.0569e+06,2.0778e+06,2.1307e+06,2.1795e+06,2.2233e+06,2.286e+06,2.3495e+06,2.3798e+06,2.4305e+06,2.4841e+06,2.5349e+06,2.5878e+06,2.6407e+06,2.7018e+06,2.7495e+06
92,500,1500,2800,4600,6900,10100,13400,17300,21900,26800,32600,38600,44700,51900,66900,67400,76000,85200,96100,152200,159700,167100,192000,217200,209500,241700,257000,208900,223900,239200,255700,272800,339000,308200,464900,518700,495000,422200,406900,428200,450100,473900,514900,520300,544900,568700,593700,619200,645700,672400,700000,743100,767200,793300,829000,852900,895300,910000,915800,974500,1.0063e+06,1.1039e+06,1.0936e+06,1.1228e+06,1.3752e+06,1.4452e+06,1.5586e+06,1.4784e+06,1.3038e+06,1.4319e+06,1.389e+06,1.4256e+06,1.4584e+06,1.5385e+06,1.5389e+06,1.5799e+06,1.632e+06,1.6706e+06,1.714e+06,1.7595e+06,1.8012e+06,1.8461e+06,1.8916e+06,1.9371e+06,1.9832e+06,2.0304e+06,2.0772e+06,2.1387e+06,2.1783e+06,2.2214e+06,2.3311e+06,2.3325e+06,2.3811e+06,2.5258e+06,2.4845e+06,2.5359e+06,2.5906e+06,2.6497e+06,2.7148e+06,2.7675e+06
93,700,1700,3300,6900,6000,8000,10100,10300,19800,21700,32400,33100,39300,46200,54000,62000,76000,78500,89400,98900,110200,124400,143100,153200,180900,180300,194500,262700,225600,239300,255900,272700,290400,320700,326900,355600,365900,394500,415400,436400,450300,481000,503800,527400,551500,581000,610600,629100,803900,853300,852700,922600,902100,964600,1.0322e+06,1.0784e+06,1.1085e+06,1.1845e+06,1.1884e+06,1.2345e+06,1.2759e+06,1.3096e+06,1.3598e+06,1.403e+06,1.4467e+06,1.5356e+06,1.5381e+06,1.4335e+06,1.4487e+06,1.4909e+06,1.5343e+06,1.4563e+06,1.4597e+06,2.3225e+06,2.0048e+06,1.9782e+06,2.0382e+06,2.0905e+06,2.1823e+06,2.2693e+06,2.3162e+06,2.3093e+06,2.3659e+06,2.4334e+06,2.513e+06,2.605e+06,2.6073e+06,2.5654e+06,2.6095e+06,2.844e+06,2.9387e+06,2.9268e+06,3.0453e+06,3.1441e+06,3.0183e+06,3.0017e+06,3.0746e+06,3.1254e+06,3.3052e+06,3.2093e+06
94,1200,2300,3300,5000,7400,10200,13700,17500,22000,27000,32500,38500,44900,66600,59400,67500,76100,85300,95100,114300,116400,127700,139900,159400,177600,179700,193600,218300,223400,246900,255500,279700,300900,308900,326800,355800,365700,394400,414600,436100,450200,480600,503200,527300,551600,576300,603700,627100,653700,680600,708100,741300,833000,887700,833600,854200,891200,916300,948100,1.0385e+06,1.0208e+06,1.0539e+06,1.0882e+06,1.1165e+06,1.1519e+06,1.1935e+06,1.2299e+06,1.2666e+06,1.3042e+06,1.4577e+06,1.3894e+06,1.4299e+06,1.4654e+06,1.509e+06,1.5835e+06,1.5972e+06,1.6266e+06,1.6719e+06,1.7138e+06,2.074e+06,2.3242e+06,2.4314e+06,2.3678e+06,2.4242e+06,2.4838e+06,2.6212e+06,2.6517e+06,2.7201e+06,2.592e+06,2.7442e+06,2.6693e+06,2.7218e+06,2.5947e+06,2.8894e+06,3.1071e+06,3.1782e+06,3.1159e+06,3.1698e+06,3.2295e+06,3.4487e+06
95,800,1800,3500,5800,8700,12700,17000,21600,30500,27800,48800,39700,46200,53100,59600,67900,76000,99300,95100,105400,116200,136400,139700,152100,165300,186200,193100,215700,223200,239000,262500,272400,297000,308000,326500,352700,365200,386600,418500,439900,458400,479500,495600,526500,550400,574900,600100,626000,658800,679300,716600,735300,769600,792700,824900,861800,883300,920900,953100,978800,1.0185e+06,1.0523e+06,1.0863e+06,1.1146e+06,1.1495e+06,1.1916e+06,1.2383e+06,1.2667e+06,1.3032e+06,1.3415e+06,1.3858e+06,1.4189e+06,1.6332e+06,1.5e+06,1.5663e+06,1.6012e+06,1.6402e+06,1.6776e+06,1.7192e+06,1.7746e+06,1.8075e+06,1.8513e+06,1.8912e+06,1.9376e+06,1.9835e+06,2.031e+06,2.0826e+06,2.1319e+06,2.1827e+06,2.2321e+06,2.2785e+06,2.3289e+06,2.3996e+06,2.4317e+06,2.4879e+06,2.5353e+06,2.5941e+06,2.6397e+06,2.695e+06,2.7564e+06
96,400,1300,3300,4000,7000,10200,13600,15000,18400,20800,25200,38800,37000,51900,69200,62300,70600,79800,91200,99500,110500,127500,135200,154600,165400,156000,201100,207900,223300,246200,255500,270500,285800,308500,327700,340600,368700,386900,401100,439900,450000,472500,502600,526300,550300,575400,600500,629500,652800,685500,706700,734800,763400,798800,824000,859200,884100,921300,946600,1.1812e+06,1.1496e+06,1.0554e+06,1.088e+06,1.1226e+06,1.1577e+06,1.1934e+06,1.2297e+06,1.2671e+06,1.3088e+06,1.3483e+06,1.4271e+06,1.4212e+06,1.466e+06,1.5006e+06,1.5405e+06,1.5886e+06,1.7461e+06,1.6726e+06,1.7321e+06,1.7501e+06,1.794e+06,1.8452e+06,1.8903e+06,1.9421e+06,1.9918e+06,2.0291e+06,2.077e+06,2.1308e+06,2.1802e+06,2.2242e+06,2.3038e+06,2.3361e+06,2.3813e+06,2.4327e+06,2.4854e+06,2.5513e+06,2.613e+06,2.6485e+06,2.8225e+06,2.7644e+06
97,600,1800,3600,5900,8300,11200,14900,29700,23400,42300,34200,39600,46300,52800,60300,68200,95500,100900,95700,105800,116400,139500,139500,152100,165300,179100,193200,217000,223200,239100,255500,272500,290100,316800,326700,354800,365500,386900,406900,482000,459700,480700,503700,527100,543600,568000,600900,626900,653600,688200,708000,736000,776900,1.0133e+06,1.0153e+06,1.0678e+06,1.0756e+06,1.1455e+06,1.1939e+06,1.1828e+06,1.2847e+06,1.3064e+06,1.333e+06,1.4171e+06,1.4578e+06,1.5295e+06,1.4117e+06,1.3057e+06,1.3025e+06,1.3399e+06,1.3642e+06,1.4246e+06,1.4471e+06,1.5045e+06,1.5394e+06,1.5859e+06,1.6371e+06,1.6648e+06,1.7329e+06,1.76e+06,1.809e+06,1.8495e+06,1.8907e+06,1.9364e+06,1.9833e+06,2.0439e+06,2.0779e+06,2.1313e+06,2.1782e+06,2.2225e+06,2.2784e+06,2.3563e+06,2.9044e+06,2.9402e+06,3.0933e+06,3.1091e+06,3.2854e+06,3.1986e+06,3.3972e+06,3.448e+06
98,600,1800,4100,6600,7800,10800,14500,18000,22200,27200,32600,38500,45000,51900,73500,67500,77700,85300,108900,106000,112400,121500,141700,145900,158900,181100,186400,202800,224700,233600,257200,243600,293100,319700,327900,350300,376800,395300,408100,437700,459300,482200,521400,538300,591600,577700,601900,628300,653900,680700,733900,743200,957700,993800,982500,1.0688e+06,1.0756e+06,1.1584e+06,971300,1.0371e+06,1.0836e+06,1.1128e+06,1.1202e+06,1.1226e+06,1.1503e+06,1.1247e+06,1.2142e+06,1.2679e+06,1.3155e+06,1.3486e+06,1.3876e+06,1.4268e+06,1.4603e+06,1.5069e+06,1.6812e+06,2.1672e+06,2.0202e+06,1.8104e+06,1.8673e+06,1.9408e+06,1.9902e+06,2.0655e+06,2.0291e+06,1.9945e+06,2.0937e+06,2.0369e+06,2.0883e+06,2.1331e+06,2.1816e+06,2.2232e+06,2.2771e+06,2.3246e+06,2.3935e+06,2.4068e+06,2.4857e+06,2.5347e+06,2.5864e+06,2.6325e+06,2.7308e+06,2.7245e+06
99,700,1800,3100,7200,7500,10300,13800,17700,22000,27000,32600,38300,26400,51900,60400,67600,73200,85400,95000,123500,116200,130500,139800,152600,165600,232600,193100,217700,223600,239600,255800,273000,290400,316300,327000,354200,373800,386300,415400,436300,477000,472800,495900,526400,550400,581700,600500,626300,659000,679200,706800,734900,763500,792600,822200,859000,876700,917100,953800,985800,1.0134e+06,1.0526e+06,1.0868e+06,1.1218e+06,1.1649e+06,1.192e+06,1.2313e+06,1.2651e+06,1.302e+06,1.3375e+06,1.3763e+06,1.4186e+06,1.456e+06,1.5028e+06,1.5455e+06,1.563e+06,1.6285e+06,1.6731e+06,1.7111e+06,1.9434e+06,1.938e+06,2.0734e+06,2.0188e+06,2.057e+06,2.0014e+06,2.0236e+06,2.0796e+06,2.1316e+06,2.1507e+06,2.5684e+06,2.5436e+06,2.3347e+06,2.3816e+06,2.5708e+06,2.5471e+06,3.0921e+06,3.2318e+06,3.305e+06,3.3531e+06,3.3911e+06
100,900,2100,3300,5100,7900,10600,28100,17500,22000,27000,32500,38500,45300,51800,59300,103200,79600,85900,111700,132100,145800,160100,187800,190700,207000,235400,241900,275500,298800,299700,333600,352300,375100,384900,420300,443500,457000,503000,523700,547900,562800,590700,630600,660100,690400,723500,611900,699300,823200,853100,836200,920800,956600,947000,1.0378e+06,1.0263e+06,1.1167e+06,1.0538e+06,955900,988100,1.0144e+06,1.0542e+06,1.089e+06,1.1238e+06,1.1615e+06,1.194e+06,1.2305e+06,1.2695e+06,1.3191e+06,1.3519e+06,1.3887e+06,1.435e+06,1.469e+06,1.5062e+06,1.5228e+06,1.58e+06,1.6281e+06,1.6799e+06,1.7283e+06,1.7594e+06,1.8013e+06,1.8567e+06,1.8914e+06,1.9377e+06,1.9899e+06,2.0302e+06,2.0836e+06,2.1249e+06,2.1881e+06,2.0846e+06,2.2814e+06,2.3305e+06,2.3787e+06,2.4305e+06,2.4827e+06,2.5349e+06,2.593e+06,2.6423e+06,2.7016e+06,2.7538e+06
101,500,1400,2600,4700,7000,7700,26200,17800,21900,27000,32700,38800,44800,51800,59300,67500,76100,85400,95100,105300,116100,127700,139600,152000,172200,179000,193200,215500,223300,246100,255600,279700,289900,315500,326600,353000,373000,386000,414200,443300,460800,479900,502800,519200,543500,568400,593400,626300,652700,679700,714600,788500,765700,794000,829500,867100,891300,918800,954600,988500,1.02e+06,1.0535e+06,1.1105e+06,1.1335e+06,1.1586e+06,1.1919e+06,1.283e+06,1.26e+06,1.4157e+06,1.5123e+06,1.4408e+06,1.4296e+06,1.4579e+06,1.4983e+06,1.5381e+06,1.5915e+06,1.6287e+06,1.6708e+06,1.7837e+06,1.7599e+06,1.8039e+06,2.0189e+06,2.2715e+06,2.3905e+06,2.4477e+06,2.3148e+06,2.2406e+06,2.2071e+06,2.5516e+06,2.6845e+06,2.6674e+06,2.7885e+06,2.9628e+06,3.0748e+06,3.0494e+06,3.0589e+06,3.2621e+06,3.1165e+06,3.1886e+06,3.1136e+06
102,600,1800,3200,5100,7400,10300,13700,17500,22000,27100,32400,38300,44900,66000,59500,67600,76200,85400,95200,114400,116500,127800,139800,159500,165400,179000,200700,207800,230600,239000,258500,284700,267700,308000,326600,352600,365700,393000,417400,435500,450000,479300,503200,528000,550000,575200,600400,626700,657700,679400,715800,728500,769200,790700,826300,850400,880700,911600,947400,975100,1.019e+06,1.0503e+06,1.0657e+06,1.1211e+06,1.1305e+06,1.1928e+06,1.2256e+06,1.2653e+06,1.2996e+06,1.3447e+06,1.3764e+06,1.4151e+06,1.4658e+06,1.4962e+06,1.5354e+06,1.587e+06,1.6225e+06,1.6629e+06,1.7113e+06,1.7556e+06,1.7896e+06,1.8467e+06,2.0745e+06,1.9452e+06,2.0466e+06,2.4455e+06,2.4816e+06,2.4382e+06,2.5184e+06,2.5015e+06,2.6674e+06,2.5044e+06,2.635e+06,2.7543e+06,2.7985e+06,2.8675e+06,2.844e+06,3.1776e+06,3.0905e+06,3.2084e+06
103,1000,1800,3200,5200,7400,10300,13800,17600,22100,27000,32700,38600,45000,51900,59500,67500,76200,85400,95200,105400,116300,127700,139700,152500,165300,179100,200300,208000,230500,239100,262500,272500,298700,308100,334600,327300,373300,393500,406800,435900,457400,479600,512100,526400,550000,570000,601600,627800,653700,680400,708100,736300,778500,794400,851500,854000,890600,915600,976100,1.004e+06,1.2179e+06,1.3077e+06,1.329e+06,1.3688e+06,1.4149e+06,1.4485e+06,1.5047e+06,1.2731e+06,1.3107e+06,1.3423e+06,1.7264e+06,1.7831e+06,1.7886e+06,1.9023e+06,1.9379e+06,2.0386e+06,2.1016e+06,2.0908e+06,2.1251e+06,2.2349e+06,2.2657e+06,2.3106e+06,2.3684e+06,2.4231e+06,2.4829e+06,2.6096e+06,2.5523e+06,2.672e+06,2.4741e+06,2.6659e+06,2.8449e+06,2.9669e+06,2.9778e+06,3.1255e+06,3.107e+06,3.1725e+06,3.2391e+06,3.3463e+06,3.3333e+06,3.2724e+06
104,600,1800,5400,5400,7800,11000,14100,17500,22000,26900,32500,38700,44900,51900,73100,67500,76200,85300,95100,105500,116300,127600,139800,159600,165300,179000,200200,207900,223200,246100,255600,279500,290000,314900,349000,346000,372900,395100,426200,438000,450800,472400,502900,526100,550300,575400,600400,626200,652500,679500,706700,734900,789500,800600,823100,840700,884900,921700,946500,979200,1.0187e+06,1.0523e+06,1.0873e+06,1.1146e+06,1.1681e+06,1.1917e+06,1.2337e+06,1.2629e+06,1.3026e+06,1.3403e+06,1.5084e+06,1.4189e+06,1.4738e+06,1.5173e+06,1.5506e+06,1.5886e+06,1.6321e+06,1.6717e+06,1.7161e+06,1.7586e+06,1.8251e+06,1.8468e+06,1.8927e+06,1.9383e+06,1.9844e+06,2.0379e+06,2.0792e+06,2.1838e+06,2.4449e+06,2.6362e+06,2.293e+06,2.3405e+06,2.5429e+06,2.4353e+06,2.4849e+06,2.5384e+06,2.5962e+06,2.6554e+06,2.7136e+06,2.7621e+06
105,700,1800,3400,6900,8900,12100,15600,19500,23800,28500,34000,39900,46300,53400,60800,69100,77700,86800,96500,106900,117800,129200,141300,153900,166800,180400,194700,208600,224100,240100,256400,273400,290900,309300,328400,451600,457300,493800,519400,546100,562500,590700,630400,660000,699700,596100,610700,633200,655800,680800,707400,741600,763800,793100,829900,855000,886900,932900,1.286e+06,1.5592e+06,1.8723e+06,1.9378e+06,1.7508e+06,1.4974e+06,1.5004e+06,1.492e+06,1.277e+06,1.5549e+06,1.6376e+06,1.7369e+06,1.7908e+06,1.827e+06,1.9264e+06,2.0031e+06,2.0624e+06,2.0441e+06,2.0996e+06,2.204e+06,1.9766e+06,2.0039e+06,2.0496e+06,2.4093e+06,1.8944e+06,1.9316e+06,1.9825e+06,2.032e+06,2.0778e+06,2.157e+06,2.1803e+06,2.2214e+06,2.2772e+06,2.3294e+06,2.4229e+06,2.7965e+06,3.2259e+06,3.1752e+06,3.2372e+06,3.3216e+06,3.4032e+06,3.7051e+06
106,700,1800,3500,5700,8700,12300,16800,21400,23000,22700,32700,34200,37300,47500,72400,62200,69900,77900,95100,98300,118100,112700,133000,147900,159300,183100,193100,212200,217800,234100,256900,267100,292600,302100,321100,348400,358600,396400,421200,428500,458600,479700,502600,526700,550400,575400,607400,626300,652600,679400,707100,742700,763600,792700,820900,856900,888300,912800,952000,982500,980700,1.0438e+06,1.0916e+06,1.1225e+06,1.156e+06,1.18e+06,1.2289e+06,1.2676e+06,1.3029e+06,1.347e+06,1.3824e+06,1.4191e+06,1.4642e+06,1.4977e+06,1.5566e+06,1.5867e+06,1.6219e+06,1.671e+06,1.7151e+06,1.7343e+06,1.8021e+06,1.8464e+06,1.8977e+06,1.9378e+06,2.2308e+06,2.4522e+06,2.5006e+06,2.8123e+06,4.6157e+06,2.7918e+06,2.9964e+06,3.4936e+06,3.0424e+06,3.0947e+06,3.2931e+06,3.2887e+06,3.2511e+06,3.305e+06,3.4893e+06,3.6456e+06
107,600,1800,3500,5700,8800,13100,16700,21700,29200,35000,40400,47800,56000,64700,74200,84300,95000,106400,130000,131700,145100,159400,188200,153900,180700,180600,194600,223100,223500,248100,255500,279800,290000,315000,326600,353200,373000,386000,413700,435000,467600,477600,510100,529600,551800,576600,601900,627600,654100,687200,708100,736600,764600,793800,1.0311e+06,1.0421e+06,1.0925e+06,1.1089e+06,1.1427e+06,1.2183e+06,1.2621e+06,1.273e+06,1.3152e+06,1.3814e+06,1.4037e+06,1.3882e+06,1.243e+06,1.3225e+06,1.391e+06,1.4745e+06,1.5209e+06,1.5845e+06,1.5335e+06,1.4998e+06,1.5452e+06,1.5799e+06,1.622e+06,1.6708e+06,1.7141e+06,1.7571e+06,1.8252e+06,1.8471e+06,1.8988e+06,1.9442e+06,1.9863e+06,2.0463e+06,2.0987e+06,2.1431e+06,2.1857e+06,2.2397e+06,2.2891e+06,2.3443e+06,2.3957e+06,2.464e+06,2.4927e+06,2.5409e+06,2.6e+06,2.7332e+06,2.6997e+06,2.7604e+06
108,1100,1800,3300,5200,7700,10500,13700,17500,21900,41000,32400,38300,44900,53700,60100,67900,76200,85500,95300,105600,116500,127700,139800,152400,165400,179200,193400,208100,223500,239200,255700,320000,301400,297400,345900,353800,365600,392900,413700,428100,457800,479700,502800,526300,550600,575400,600700,626000,652600,684000,707000,750700,698400,799900,822800,853000,896200,921700,947400,986200,1.0203e+06,1.0466e+06,1.0862e+06,1.1214e+06,1.1566e+06,1.1937e+06,1.2309e+06,1.2691e+06,1.3097e+06,1.3422e+06,1.3804e+06,1.4253e+06,1.4652e+06,1.5053e+06,1.5651e+06,1.5918e+06,1.6386e+06,1.6816e+06,1.7246e+06,1.767e+06,1.7948e+06,1.8408e+06,1.8868e+06,1.9343e+06,1.9803e+06,2.0265e+06,2.0749e+06,2.0948e+06,2.5189e+06,2.523e+06,2.5626e+06,2.7166e+06,2.6056e+06,2.7178e+06,2.7818e+06,2.8738e+06,3.0793e+06,3.2218e+06,3.0956e+06,3.4075e+06
109,900,2200,3100,5100,7400,10200,13600,17700,22200,27000,32500,38500,59400,51900,59400,67500,76200,85400,95200,105400,116300,127800,139700,152200,165200,179000,200500,207800,230600,239100,262500,272500,298600,331600,337000,346300,365700,394500,414600,428600,458500,480900,503500,527300,551500,575900,622400,642600,653000,679600,711100,746400,767100,792600,828800,852800,889300,915000,953400,986900,1.0122e+06,1.052e+06,1.0861e+06,1.1231e+06,1.1539e+06,1.1923e+06,1.228e+06,1.2649e+06,1.303e+06,1.3404e+06,1.3796e+06,2.3848e+06,1.4579e+06,1.4761e+06,1.5387e+06,1.586e+06,1.6287e+06,1.6698e+06,1.7215e+06,1.7571e+06,1.8014e+06,1.8498e+06,1.8977e+06,1.9369e+06,1.9953e+06,2.0112e+06,2.1074e+06,2.5571e+06,2.6862e+06,2.6725e+06,2.8494e+06,2.861e+06,2.9798e+06,3.0013e+06,3.1872e+06,3.1848e+06,3.2499e+06,3.3179e+06,3.3873e+06,3.4407e+06
110,800,1900,4800,6300,9800,28500,17700,22700,28600,35600,42400,49300,57400,65900,76600,90900,102100,113800,146300,135100,145300,159500,188000,190200,206400,235400,241300,259900,290100,298900,330800,340500,373700,313500,360800,366900,377400,397000,406600,437200,458900,481300,504500,527900,577300,851400,602900,628600,655100,715100,834600,815400,772300,795800,828700,861000,885800,923000,955100,981200,1.0202e+06,1.0597e+06,1.3345e+06,1.3931e+06,1.4289e+06,1.4518e+06,1.4951e+06,1.5356e+06,1.3043e+06,1.3422e+06,1.4122e+06,1.4266e+06,1.4697e+06,1.5486e+06,1.5986e+06,1.6353e+06,1.6469e+06,1.6819e+06,1.7243e+06,1.7621e+06,1.8011e+06,1.8486e+06,1.9023e+06,1.9486e+06,1.9842e+06,2.0295e+06,2.0866e+06,2.1249e+06,2.1797e+06,2.2199e+06,2.3275e+06,2.689e+06,2.8025e+06,2.8682e+06,2.91e+06,2.8027e+06,2.9984e+06,3.358e+06,3.3404e+06,3.4796e+06
111,1400,2000,3200,3000,4400,6000,8100,11800,16200,22000,26800,32600,38200,44300,55000,62600,75400,78900,90900,105400,116300,128100,139500,163400,165200,179000,208000,207900,230300,239000,255500,279600,289800,308000,334000,345800,413100,405600,407200,440700,459200,481000,504300,528400,566900,642300,783100,785100,817600,852000,836300,927100,902000,1.0021e+06,972500,1.068e+06,1.1094e+06,1.2435e+06,1.1598e+06,1.1751e+06,1.2643e+06,1.0584e+06,1.0864e+06,1.1211e+06,1.1564e+06,1.1918e+06,1.2323e+06,1.2659e+06,1.3024e+06,1.34e+06,1.3999e+06,1.4267e+06,1.4584e+06,1.5039e+06,1.5386e+06,1.5898e+06,1.6287e+06,1.6843e+06,1.7072e+06,1.757e+06,1.8045e+06,1.8464e+06,1.8905e+06,1.9462e+06,1.9844e+06,2.0365e+06,2.0788e+06,2.1319e+06,2.1756e+06,2.239e+06,2.3156e+06,2.3301e+06,2.3793e+06,2.4303e+06,2.4834e+06,2.5383e+06,2.5893e+06,2.6412e+06,2.7023e+06,2.749e+06
112,500,1400,2700,4700,7100,10000,13300,17300,21800,26800,32300,38400,44800,51700,77300,67300,76100,85200,95000,115300,120500,129100,140600,153400,165700,179200,193300,208000,223300,239100,255500,272400,290000,307900,326700,345900,365600,385900,406800,428300,581200,469100,489500,521300,546600,569300,598100,626500,649100,674700,710700,732900,758700,793700,820800,820900,894900,984400,942000,986400,1.0189e+06,1.046e+06,1.0858e+06,1.1206e+06,1.1561e+06,1.1916e+06,1.2843e+06,1.8221e+06,1.2753e+06,1.3278e+06,1.3663e+06,1.4151e+06,1.4652e+06,1.498e+06,1.5447e+06,1.598e+06,1.6221e+06,1.9713e+06,1.7159e+06,1.7589e+06,1.8079e+06,1.8477e+06,1.9031e+06,1.9386e+06,1.9981e+06,2.0324e+06,2.082e+06,2.127e+06,2.2034e+06,2.2405e+06,2.2883e+06,2.3368e+06,2.3972e+06,2.4423e+06,2.616e+06,2.5382e+06,2.5977e+06,2.6793e+06,2.8365e+06,2.7594e+06
113,600,1700,3500,5300,7700,10700,14100,18100,22600,27400,33000,39000,55400,52600,60100,68100,76700,86000,107700,106300,117200,128600,149800,152900,166200,189000,194000,208700,233100,240000,265700,273200,299900,308800,336700,355500,366200,395700,416500,437700,486000,483100,505400,529100,553000,581800,603100,629100,655700,688100,710100,738100,766400,805900,826000,871900,1.0569e+06,917700,955500,981400,1.0208e+06,1.0544e+06,1.0885e+06,1.1331e+06,1.1682e+06,1.2267e+06,1.2317e+06,1.266e+06,1.3033e+06,1.3418e+06,1.6391e+06,1.7615e+06,1.7938e+06,1.7564e+06,1.9891e+06,1.9869e+06,2.038e+06,2.0822e+06,2.1895e+06,2.2827e+06,2.2546e+06,2.2749e+06,2.3651e+06,2.4082e+06,2.5143e+06,2.5399e+06,2.6003e+06,3.0135e+06,2.7195e+06,2.9212e+06,2.8637e+06,2.761e+06,2.8017e+06,2.9713e+06,2.9864e+06,2.8368e+06,2.8855e+06,2.7233e+06,2.7114e+06,2.7283e+06
114,700,1700,17300,5100,7400,10400,13700,17600,22000,26800,32400,38500,44900,53700,60100,68000,76200,85400,95300,104200,117800,128300,140100,167300,165300,179000,206400,207800,231900,239100,263500,272500,298300,308100,334300,345700,373700,393700,406700,428300,457600,480200,503200,526900,552300,576100,601400,765500,799400,852000,885800,928500,956400,993300,1.0378e+06,1.0676e+06,1.1211e+06,1.1468e+06,1.3243e+06,987900,1.0692e+06,1.1325e+06,1.16e+06,1.1799e+06,1.1578e+06,1.1919e+06,1.228e+06,1.2691e+06,1.3027e+06,1.347e+06,1.3787e+06,1.418e+06,1.4681e+06,1.4981e+06,1.5452e+06,1.5892e+06,1.6394e+06,1.6743e+06,1.7091e+06,1.7503e+06,1.8034e+06,1.8456e+06,1.8906e+06,1.9447e+06,2.0023e+06,2.0314e+06,2.1908e+06,2.4575e+06,2.6386e+06,2.6674e+06,2.7705e+06,2.9123e+06,2.8494e+06,2.9156e+06,2.9609e+06,2.8203e+06,2.7558e+06,2.6598e+06,2.7071e+06,2.7687e+06
115,700,1700,2900,4900,7400,12800,17000,21800,27400,33700,40500,47900,58000,65800,74900,84500,95300,121000,118900,131700,145300,174100,185900,190300,206700,223400,213900,209100,235000,239200,263800,272400,298900,308100,334700,345900,373800,393600,414500,428000,458300,480900,503400,527000,551100,578900,601300,729800,649700,675800,712300,729700,757900,799000,821400,851500,889500,920200,957200,1.0072e+06,1.0954e+06,1.1244e+06,1.1635e+06,1.1174e+06,1.1502e+06,1.1854e+06,1.2278e+06,1.2615e+06,1.3044e+06,1.3458e+06,1.3806e+06,1.4248e+06,1.458e+06,1.8309e+06,1.8952e+06,2.049e+06,2.1203e+06,2.039e+06,2.0974e+06,2.1081e+06,2.1241e+06,2.2754e+06,2.2531e+06,2.3513e+06,2.4974e+06,2.5896e+06,2.6208e+06,2.6719e+06,2.7437e+06,2.7935e+06,2.8644e+06,2.9662e+06,3.0528e+06,3.0574e+06,3.0798e+06,3.2106e+06,3.1582e+06,3.029e+06,3.3899e+06,3.1475e+06
116,700,1700,3200,5100,7300,10300,13700,17600,21900,27000,32600,38400,45000,51800,73100,67400,76000,85200,95100,114600,116300,127600,139700,159500,165300,179000,200400,207900,223200,246100,255500,287500,283600,318000,328700,340600,368100,379100,401900,430000,457100,475200,537300,532400,553500,576400,601700,627300,653700,680700,707900,713300,767100,792700,828900,852600,889900,918700,955800,979500,1.0185e+06,1.0526e+06,1.0867e+06,1.121e+06,1.1551e+06,1.1801e+06,1.2156e+06,1.2868e+06,1.303e+06,1.3401e+06,1.3849e+06,1.4182e+06,1.458e+06,1.5092e+06,1.5451e+06,1.5817e+06,1.6294e+06,1.6737e+06,1.7147e+06,1.7661e+06,1.8017e+06,1.854e+06,1.891e+06,1.9554e+06,1.9842e+06,2.0304e+06,2.0807e+06,2.1333e+06,2.1773e+06,2.2559e+06,2.2805e+06,2.3321e+06,2.3824e+06,2.4422e+06,2.4749e+06,3.1672e+06,3.2481e+06,3.3052e+06,3.4481e+06,3.5098e+06
117,800,2000,3500,5900,8700,12600,17000,21600,29200,33500,40300,47800,55800,64800,74100,84200,95000,106500,118700,131500,167900,156500,148900,153900,167000,180700,208000,208300,223100,247800,255400,279700,290000,315200,333700,345900,372600,392700,406600,434900,457200,474400,507700,533900,552100,571100,598400,620700,650400,672900,705400,735600,763700,794800,829100,852800,889500,915400,949200,973200,1.0194e+06,1.046e+06,1.0801e+06,1.1209e+06,1.1555e+06,1.1914e+06,1.228e+06,1.2821e+06,1.3072e+06,1.3426e+06,1.3811e+06,1.4269e+06,1.4602e+06,1.68e+06,1.8679e+06,1.9107e+06,1.6995e+06,1.811e+06,1.8944e+06,1.7674e+06,1.8494e+06,1.8554e+06,2.2305e+06,2.3575e+06,2.3853e+06,2.4566e+06,2.3902e+06,2.6605e+06,2.7326e+06,2.8346e+06,2.725e+06,2.433e+06,2.7053e+06,2.6449e+06,2.7608e+06,2.9239e+06,2.9466e+06,3.0617e+06,3.0314e+06,2.7432e+06
118,900,1800,3500,5100,7100,10100,13500,17400,21800,26900,32400,47800,56000,64700,75000,85100,95900,107600,119700,132700,146500,177100,140300,150400,166900,180700,222800,208700,238100,239200,265400,272300,299000,356600,419900,443400,457000,494000,519300,534900,575800,602700,602300,646600,702800,721500,752300,785700,780000,851700,893400,882900,1.1819e+06,977900,920500,1.0371e+06,946200,955900,963500,1.0367e+06,1.0727e+06,1.0559e+06,1.0982e+06,1.1229e+06,1.2177e+06,1.1924e+06,1.2277e+06,1.2652e+06,1.3084e+06,1.3404e+06,1.3794e+06,1.4243e+06,1.4412e+06,1.4886e+06,1.5382e+06,1.5894e+06,1.638e+06,1.6645e+06,1.7131e+06,1.7559e+06,1.8065e+06,1.8493e+06,1.897e+06,1.9365e+06,1.9831e+06,2.0351e+06,2.0776e+06,2.1462e+06,2.1817e+06,2.7064e+06,2.7321e+06,2.8044e+06,3.0947e+06,3.1137e+06,3.106e+06,3.1732e+06,3.2898e+06,3.5119e+06,3.3849e+06,3.4978e+06
119,900,1900,1700,2900,6200,6000,9400,12100,18800,20900,27700,29000,40300,46200,59300,62700,70300,86900,96900,107100,116900,128000,139900,152400,165400,179000,202400,207900,230200,239100,262400,272400,297000,308100,334700,313800,373600,393300,406800,428300,457100,480000,502600,526100,550300,575400,600400,638700,652800,680000,707000,741400,763400,768300,842500,859400,883300,920800,946800,979000,1.0098e+06,1.0615e+06,1.0863e+06,1.1148e+06,1.1497e+06,1.186e+06,1.2295e+06,1.2645e+06,1.3026e+06,1.3398e+06,1.4035e+06,1.4186e+06,1.4583e+06,1.5049e+06,1.545e+06,1.5796e+06,1.6283e+06,1.6715e+06,1.7145e+06,1.7571e+06,1.8026e+06,1.8449e+06,1.8916e+06,1.9219e+06,1.9951e+06,2.1076e+06,2.0855e+06,2.1245e+06,2.1746e+06,2.2333e+06,2.2786e+06,2.6262e+06,2.3954e+06,2.4331e+06,2.4858e+06,2.5456e+06,2.7212e+06,3.1753e+06,3.2349e+06,3.2849e+06
120,700,1600,3400,5800,8800,10900,14100,17400,21800,33700,40400,47900,55900,64700,90200,84200,95000,106500,118700,144800,145100,159400,174500,201900,206400,223700,253000,262500,224900,254700,256100,284700,290000,317400,335500,345800,374400,395000,406600,437100,458800,481700,504300,528100,551900,576700,656100,643200,807700,841200,875200,909800,904100,982100,994200,1.1186e+06,1.1172e+06,1.1212e+06,1.1492e+06,1.1961e+06,1.2546e+06,1.2796e+06,1.3295e+06,1.37e+06,1.3945e+06,1.4429e+06,1.5227e+06,1.587e+06,1.6374e+06,1.643e+06,1.7005e+06,1.7338e+06,1.8238e+06,1.8135e+06,1.5491e+06,1.8031e+06,1.7826e+06,1.825e+06,1.7284e+06,1.7706e+06,1.8041e+06,1.8472e+06,1.8915e+06,1.9374e+06,1.9891e+06,2.1651e+06,2.2511e+06,2.2619e+06,2.1984e+06,2.2742e+06,2.2805e+06,2.1812e+06,2.3841e+06,2.4341e+06,2.4817e+06,2.5536e+06,2.5882e+06,2.6414e+06,2.7011e+06,2.7491e+06
121,600,1400,2700,4500,6900,10100,13400,17400,21800,26900,32400,38300,44900,61200,59400,67500,76200,85300,95100,113000,116300,127700,139700,153100,165300,105700,203600,207800,223200,238900,255500,279600,289900,315300,334100,345800,416500,394000,406800,436400,458200,480800,503800,527200,551600,576000,636200,648500,655000,679300,707200,741800,763500,795200,829700,852900,889500,915600,953500,986400,1.0135e+06,1.0524e+06,1.0861e+06,1.1209e+06,1.1705e+06,1.2159e+06,1.2308e+06,1.2661e+06,1.3043e+06,1.3411e+06,1.3797e+06,1.4994e+06,1.8241e+06,1.8751e+06,1.733e+06,1.7793e+06,1.7956e+06,1.9081e+06,1.8637e+06,1.9829e+06,1.8761e+06,2.0653e+06,1.9132e+06,1.9601e+06,1.9952e+06,2.032e+06,2.084e+06,2.1276e+06,2.1711e+06,2.2119e+06,2.2788e+06,2.329e+06,2.3801e+06,2.4297e+06,2.4842e+06,2.5496e+06,2.5872e+06,2.6161e+06,2.6976e+06,2.7497e+06
122,400,1400,2700,4600,7000,9800,13500,17400,21700,26700,32200,38200,44800,51700,59300,67400,76100,85300,95200,105500,116400,127700,139800,152400,172300,179000,193300,215000,223400,246000,255700,279500,290000,315100,326800,371700,372800,385900,419000,437100,457000,479700,502600,526400,550600,575000,600300,626100,652700,679500,707000,735200,773500,792600,696100,860800,883900,1.117e+06,954800,980900,1.0193e+06,1.053e+06,1.0868e+06,1.1217e+06,1.1705e+06,1.1924e+06,1.2423e+06,1.2662e+06,1.3039e+06,1.3476e+06,1.381e+06,1.4194e+06,1.4648e+06,1.5104e+06,1.5554e+06,1.6113e+06,1.6399e+06,1.6755e+06,1.7185e+06,1.7669e+06,1.8128e+06,1.8317e+06,1.894e+06,1.9375e+06,1.983e+06,2.0329e+06,2.0745e+06,2.1296e+06,2.1783e+06,2.219e+06,2.2775e+06,2.3225e+06,2.8272e+06,2.7071e+06,2.7715e+06,2.7706e+06,2.9761e+06,2.9971e+06,3.0447e+06,3.1337e+06
123,800,2100,2900,5100,7400,10400,13700,17700,22100,27100,32500,38300,44900,51800,59400,77300,76200,85300,95200,105500,123900,127700,132400,155900,162600,174600,197700,203300,218700,234300,250300,273900,271900,308200,336400,356900,365800,393300,414300,428200,450000,479600,502500,529000,550300,575100,605100,635700,655900,679500,715000,735300,761400,792000,826000,851100,887400,912000,957800,989200,1.0244e+06,1.046e+06,1.0862e+06,1.1385e+06,1.1573e+06,1.1922e+06,1.2286e+06,1.2653e+06,1.3027e+06,1.3413e+06,1.3848e+06,1.584e+06,1.5463e+06,1.5755e+06,1.5461e+06,1.581e+06,1.6288e+06,1.6706e+06,1.714e+06,1.7568e+06,1.9956e+06,2.1012e+06,2.1413e+06,2.322e+06,2.2982e+06,2.3119e+06,2.4724e+06,2.3154e+06,2.2519e+06,2.3368e+06,2.292e+06,2.3163e+06,2.3757e+06,2.426e+06,2.4923e+06,2.8189e+06,2.9517e+06,3.012e+06,3.1989e+06,3.1596e+06
124,900,2400,1700,4800,4300,5900,8000,10300,23000,28200,33900,38800,45200,51900,59900,64400,106100,86900,96900,105900,116800,127700,139800,152300,174300,179000,193200,215300,223200,246000,255600,279500,289900,315000,326800,352700,381600,386200,414400,435100,457100,472900,501900,528600,545400,570700,595300,622100,647600,674700,705100,732400,758400,793400,824000,859600,884500,833400,959500,979800,1.0191e+06,1.0529e+06,1.0864e+06,1.1216e+06,1.2672e+06,1.4577e+06,1.5156e+06,1.5475e+06,1.6118e+06,1.7249e+06,1.7348e+06,1.776e+06,1.7645e+06,1.6297e+06,1.7592e+06,1.7839e+06,1.8049e+06,1.6685e+06,1.795e+06,1.7599e+06,1.8074e+06,1.8336e+06,1.8906e+06,1.9749e+06,1.9825e+06,2.0296e+06,2.0868e+06,2.1394e+06,2.4865e+06,2.5483e+06,2.5612e+06,2.6598e+06,2.6278e+06,2.634e+06,2.849e+06,2.9129e+06,2.7619e+06,2.9321e+06,3.0913e+06,3.0972e+06
125,900,1400,3400,5100,7500,10200,13600,17500,22100,27200,32800,38600,45000,51800,69600,67500,76100,85300,95100,105400,116400,127700,139700,159300,165300,179100,200600,207900,223200,246600,255600,279500,290000,315600,326600,345800,373500,401000,478200,444100,462300,480700,502900,526800,550100,574800,600200,626200,653000,679400,706500,735400,763100,793100,843500,871400,897900,927100,954000,986200,1.0134e+06,1.0532e+06,1.0866e+06,1.1218e+06,1.1662e+06,1.194e+06,1.2565e+06,1.2755e+06,1.3193e+06,1.3512e+06,1.38e+06,1.4248e+06,1.4587e+06,1.5127e+06,1.5491e+06,1.5951e+06,1.6206e+06,1.6614e+06,1.7114e+06,1.7582e+06,1.7995e+06,1.841e+06,1.899e+06,1.9351e+06,1.9811e+06,2.0336e+06,2.0755e+06,2.116e+06,2.1759e+06,2.2074e+06,2.268e+06,2.3289e+06,2.3765e+06,2.4258e+06,2.4768e+06,2.5358e+06,2.6118e+06,2.7139e+06,3.3234e+06,3.4525e+06
126,900,1700,3400,5700,8800,13600,16800,21500,27200,33400,40500,47800,55800,64700,75000,84100,94800,106500,118600,131600,156700,159400,174500,190200,218100,194500,194800,209400,224700,253200,255900,282300,290000,315700,326700,346000,372900,385700,406800,435100,457000,479800,495500,534700,557200,567800,600600,626200,653000,679800,706800,741000,773200,792800,828500,853500,890400,915200,953000,986500,1.0123e+06,1.0524e+06,1.086e+06,1.1214e+06,1.1827e+06,1.1924e+06,1.2285e+06,1.2653e+06,1.3022e+06,1.3473e+06,1.3805e+06,1.4184e+06,1.4637e+06,1.5823e+06,1.5399e+06,1.5874e+06,1.6286e+06,1.6656e+06,1.7304e+06,1.7708e+06,2.2592e+06,1.8851e+06,2.3695e+06,2.4244e+06,2.4894e+06,2.5538e+06,2.6572e+06,2.5568e+06,2.7127e+06,2.8557e+06,2.9396e+06,2.9169e+06,3.0415e+06,2.9836e+06,3.057e+06,3.1741e+06,3.2389e+06,3.3114e+06,3.3132e+06,3.1764e+06
127,900,1700,3200,5000,7200,10300,13600,31700,22000,26900,32400,38300,44700,51800,59300,67400,84900,85200,95000,105300,116300,138000,139700,152200,173600,179000,193200,214900,223200,246200,255600,279400,290000,315200,326700,352800,372700,385900,413600,434900,450200,472600,502500,525900,551700,575900,605800,627300,652500,685300,706700,734700,763800,798800,822000,858600,883000,920800,961400,985400,1.0203e+06,1.052e+06,1.0798e+06,1.121e+06,1.1567e+06,1.1919e+06,1.2281e+06,1.2708e+06,1.303e+06,1.3608e+06,1.3759e+06,1.4257e+06,1.4576e+06,1.5043e+06,1.5388e+06,1.586e+06,1.6363e+06,1.6901e+06,1.7143e+06,1.742e+06,1.8028e+06,1.8463e+06,1.8958e+06,1.9361e+06,2.0058e+06,2.0302e+06,2.0887e+06,2.0914e+06,2.1813e+06,2.2296e+06,2.2823e+06,2.3376e+06,2.3722e+06,2.4326e+06,2.4821e+06,2.5337e+06,2.6323e+06,2.6765e+06,2.688e+06,2.7561e+06
128,600,1400,2800,4700,7100,10100,13500,17400,21800,26800,32400,38400,44900,52300,59900,67500,76400,85400,95100,114900,116400,127700,139800,160700,165700,179000,201700,207900,240300,239200,256000,272300,289900,329100,345200,346000,376400,393900,414600,428200,426100,482200,504000,519000,550300,574900,600300,632300,652600,679800,710000,734900,770000,792600,822400,866600,883100,920800,952700,987700,1.0185e+06,1.0514e+06,1.0861e+06,1.1184e+06,1.1554e+06,1.1912e+06,1.2443e+06,1.2667e+06,1.3033e+06,1.3403e+06,1.3851e+06,1.4181e+06,1.4638e+06,1.4897e+06,1.5453e+06,1.5898e+06,1.6306e+06,1.8169e+06,1.7142e+06,1.7628e+06,1.8018e+06,1.8514e+06,1.9029e+06,1.9491e+06,1.995e+06,2.0471e+06,2.0848e+06,2.1409e+06,2.1922e+06,2.2344e+06,2.2834e+06,2.3397e+06,2.4552e+06,2.4349e+06,2.4855e+06,2.5374e+06,2.5902e+06,2.6707e+06,2.7204e+06,2.7621e+06
129,600,1800,3400,5000,7500,10400,13800,17700,22100,27200,23800,46900,57900,53300,60200,67800,76400,85400,95100,105300,116400,127700,151300,152300,165400,187900,193200,207800,223400,239000,263700,272600,298000,308000,403600,447100,459100,528300,557700,552500,574500,590600,630700,660000,690000,720700,752600,784900,817900,851900,904200,957700,966200,961100,1.0311e+06,1.076e+06,1.0591e+06,1.1535e+06,1.1608e+06,1.2688e+06,1.2754e+06,1.0647e+06,1.1337e+06,1.227e+06,1.2754e+06,1.3161e+06,1.2894e+06,1.2864e+06,1.376e+06,1.3584e+06,1.3862e+06,1.4186e+06,1.4633e+06,1.5173e+06,1.5781e+06,1.7653e+06,1.6727e+06,1.6691e+06,1.7174e+06,1.7579e+06,1.8017e+06,2.4683e+06,2.3146e+06,2.3893e+06,2.3409e+06,2.4425e+06,2.6623e+06,2.6591e+06,2.8368e+06,2.7577e+06,2.5866e+06,2.6411e+06,2.6398e+06,2.8583e+06,2.7622e+06,2.8606e+06,2.6297e+06,2.8851e+06,3.1724e+06,3.2622e+06
130,900,1800,3000,4900,7400,10200,13500,17400,23000,27600,32600,38600,44600,51700,59800,67400,76100,85400,105900,105300,116300,127800,148700,152200,165200,187300,193100,207900,232000,239100,263700,272400,300100,312800,344000,424000,457000,400600,408500,443900,460100,480200,502800,526500,550400,575500,600600,626000,653600,679900,708900,742200,781600,795200,830300,854000,890900,915900,954600,980500,1.1138e+06,1.2693e+06,1.3779e+06,1.1004e+06,1.3584e+06,1.4551e+06,1.4955e+06,1.5389e+06,1.6553e+06,1.4073e+06,1.6893e+06,1.9026e+06,1.7853e+06,1.8316e+06,1.8667e+06,1.7635e+06,1.8108e+06,1.9001e+06,1.7978e+06,1.9629e+06,1.9742e+06,2.0969e+06,2.1464e+06,2.2259e+06,2.2296e+06,2.2527e+06,2.2881e+06,2.1457e+06,2.1763e+06,2.6347e+06,2.8513e+06,3.0283e+06,2.9902e+06,3.0571e+06,3.1953e+06,3.1852e+06,3.2498e+06,3.2203e+06,3.3684e+06,3.5865e+06
131,900,2700,4400,6900,10700,14500,18500,25200,28900,34400,41500,49100,57400,83200,76200,69200,77700,85900,95600,119800,116300,127700,139800,153900,165800,150600,193400,218500,223400,248600,255600,279900,290000,315600,326600,353000,372900,386100,417500,441800,459900,473000,504000,527100,551400,576100,601000,628400,661000,689300,707500,735700,764300,798800,878200,856400,889400,921700,947100,985300,1.0187e+06,1.0322e+06,1.0832e+06,1.1143e+06,1.1569e+06,1.2008e+06,1.2288e+06,1.2654e+06,1.3023e+06,1.3404e+06,1.3786e+06,1.4266e+06,1.4655e+06,1.5044e+06,1.6353e+06,1.5765e+06,1.6238e+06,1.6685e+06,1.7107e+06,1.7547e+06,1.7905e+06,1.8448e+06,1.8704e+06,2.2647e+06,2.3169e+06,2.328e+06,2.2488e+06,2.3286e+06,2.2598e+06,2.2972e+06,2.2914e+06,2.3304e+06,2.3826e+06,2.4305e+06,2.4824e+06,2.5339e+06,2.5881e+06,2.6435e+06,2.6963e+06,3.3179e+06
132,800,1800,3400,5500,8300,12500,16800,21700,27200,46100,40400,47800,55800,64800,74200,85200,69700,81300,91300,96600,112500,123400,132600,146200,160300,179000,189500,207900,219700,239200,251400,278300,290100,311300,320300,348800,366000,378700,407800,429100,452600,476500,521300,742500,694700,721500,753400,784700,770100,851600,886100,866700,956300,989800,1.0228e+06,1.0395e+06,1.1606e+06,1.1457e+06,1.138e+06,1.2339e+06,1.2444e+06,1.2735e+06,1.2687e+06,1.0935e+06,1.2065e+06,1.2792e+06,1.3288e+06,1.2773e+06,1.28e+06,1.3247e+06,1.2334e+06,1.419e+06,1.456e+06,1.5002e+06,1.536e+06,1.586e+06,1.626e+06,1.6666e+06,1.7064e+06,1.744e+06,1.9709e+06,2.0503e+06,2.1321e+06,1.9493e+06,2.0239e+06,2.042e+06,2.1019e+06,2.1263e+06,2.1965e+06,2.2328e+06,2.2787e+06,2.327e+06,2.3733e+06,2.4319e+06,2.4984e+06,2.6845e+06,3.1709e+06,2.8666e+06,3.2629e+06,3.1005e+06
133,600,1700,1800,3000,7500,5900,8100,31100,12900,20300,19100,39800,46500,53600,60900,68200,76700,99700,95200,105400,116300,127800,148600,152200,165400,186300,193200,208100,230300,239200,266400,272700,298300,308100,333700,353100,365800,393200,443800,441300,450900,482300,504000,527700,551500,576000,601400,627100,654200,688100,712300,736000,764500,799900,838400,858800,945100,1.0678e+06,1.1426e+06,1.1785e+06,1.2764e+06,1.2712e+06,1.2904e+06,1.405e+06,1.4844e+06,1.3395e+06,1.4358e+06,1.3851e+06,1.363e+06,1.342e+06,1.3911e+06,1.4933e+06,1.6835e+06,1.4996e+06,1.8451e+06,1.9263e+06,1.9512e+06,2.0739e+06,2.0817e+06,2.118e+06,2.1238e+06,2.2694e+06,2.2825e+06,2.3308e+06,2.258e+06,2.3045e+06,2.2622e+06,2.1332e+06,2.4832e+06,2.5326e+06,2.6089e+06,2.8437e+06,2.8632e+06,2.7443e+06,2.605e+06,2.5908e+06,2.5886e+06,2.7931e+06,3.2044e+06,3.4108e+06
134,800,2400,3100,4900,7300,10200,13700,17500,22100,26900,32500,38600,44900,52000,59500,67600,76200,95300,95200,105500,116300,127800,139800,152300,165300,186300,193100,207900,238700,239000,250500,277000,285300,309700,321300,348400,373100,380900,407600,431000,451900,467800,497800,520500,539500,579200,603200,626200,652500,679600,712100,736100,764000,798600,822400,858700,883400,921500,937500,986000,1.0187e+06,1.0467e+06,1.0798e+06,1.1265e+06,1.1571e+06,1.1917e+06,1.2282e+06,1.2653e+06,1.3097e+06,1.3827e+06,1.3869e+06,1.5872e+06,1.8182e+06,1.5261e+06,1.7343e+06,1.9248e+06,1.9525e+06,1.8598e+06,1.9432e+06,1.9543e+06,1.8234e+06,1.9585e+06,2.1346e+06,2.3466e+06,2.3953e+06,2.5031e+06,2.6584e+06,2.6592e+06,2.7305e+06,2.7334e+06,2.8436e+06,2.9894e+06,2.9912e+06,3.0545e+06,3.1248e+06,3.0788e+06,3.1735e+06,3.324e+06,3.3925e+06,3.5157e+06
135,900,2200,3700,6200,9200,12700,17100,21900,27500,33500,40600,50300,57800,66100,74500,84600,95000,106600,118800,131700,157600,159500,174400,190100,218000,223600,241500,271200,278800,309900,319200,351600,362400,396000,444700,410300,458000,546500,541400,567700,562300,601400,630900,660000,689900,720700,752300,784900,865000,834600,887200,876000,956200,1.0003e+06,1.0299e+06,1.0755e+06,1.1059e+06,993700,1.2879e+06,1.22e+06,1.2415e+06,1.2611e+06,1.3518e+06,1.3943e+06,1.4164e+06,1.4521e+06,1.5292e+06,1.6229e+06,1.6587e+06,1.6228e+06,1.6725e+06,1.7174e+06,1.7165e+06,1.743e+06,1.8401e+06,1.6865e+06,1.8485e+06,1.8909e+06,1.7928e+06,1.9464e+06,1.7795e+06,1.8247e+06,1.8668e+06,1.9514e+06,1.9824e+06,2.2651e+06,2.2666e+06,2.4207e+06,2.4668e+06,2.5288e+06,2.724e+06,3.1222e+06,2.8826e+06,2.925e+06,3.1604e+06,3.1725e+06,3.2395e+06,3.3022e+06,3.2111e+06,3.0966e+06
136,1200,2100,3200,5300,7400,10300,13700,17500,22100,26900,32300,38400,45300,52300,59500,67400,76000,85300,95100,105500,116400,127800,157200,152400,165500,186900,193300,208100,230500,239100,262600,272500,291700,319000,319200,351300,368700,386100,411100,416700,463500,482800,504100,526300,550400,575000,600300,626500,652700,688200,690700,716000,770400,802600,823500,880600,884200,922100,948000,980000,1.0199e+06,1.0532e+06,1.1056e+06,1.4085e+06,1.4415e+06,1.4866e+06,1.5376e+06,1.5351e+06,1.5803e+06,1.6272e+06,1.6817e+06,1.7359e+06,1.8045e+06,1.847e+06,1.9271e+06,1.9047e+06,1.9813e+06,2.03e+06,2.1269e+06,2.2891e+06,2.1209e+06,2.2258e+06,2.2738e+06,2.3389e+06,2.523e+06,2.5489e+06,2.6008e+06,2.6678e+06,2.7278e+06,2.6953e+06,2.6494e+06,2.6747e+06,2.7311e+06,2.7064e+06,2.826e+06,2.8884e+06,2.8421e+06,2.9008e+06,3.1427e+06,3.2515e+06
137,900,1800,3400,5000,7400,10100,14800,18100,22100,27000,32500,52800,44800,51800,59300,67400,76000,85200,104200,105300,116200,127600,147000,152300,165200,186200,193000,207900,230300,239000,262500,272500,298400,308200,334000,353200,365900,393000,411900,429500,451500,487200,504800,526100,550200,575000,600200,626100,652300,684300,716300,735400,770100,792800,836000,853600,889800,922200,952900,979400,1.0123e+06,1.0758e+06,1.0872e+06,1.1219e+06,1.1581e+06,1.1953e+06,1.229e+06,1.2663e+06,1.3029e+06,1.3478e+06,1.3793e+06,1.4355e+06,1.4603e+06,1.5058e+06,1.5439e+06,1.592e+06,1.6281e+06,1.6709e+06,1.7296e+06,1.751e+06,1.7944e+06,1.8543e+06,1.9247e+06,1.9592e+06,2.4049e+06,2.459e+06,2.5264e+06,2.5483e+06,2.4841e+06,2.7965e+06,2.9686e+06,2.9135e+06,2.9798e+06,3.1476e+06,3.1952e+06,3.1717e+06,3.2373e+06,3.3021e+06,3.0442e+06,2.8562e+06
138,700,1700,3300,5000,7400,10300,13700,17500,21900,27000,32300,38300,44800,51800,61100,69100,77400,85400,95100,105300,116300,127700,139700,152300,173300,179100,193200,215500,223200,246200,255500,279300,290100,315300,326600,352900,373300,386000,413700,435000,457500,472600,504600,616100,548500,583200,595200,621100,647600,674500,750600,739300,766700,801800,825200,861600,943300,958900,960900,985600,1.0123e+06,1.0456e+06,1.0865e+06,1.1207e+06,1.1565e+06,1.1947e+06,1.2283e+06,1.2651e+06,1.305e+06,1.3982e+06,1.3841e+06,1.4182e+06,1.4688e+06,1.4979e+06,1.5549e+06,1.5943e+06,1.7676e+06,2.6089e+06,1.9626e+06,2.4679e+06,2.3358e+06,3.6295e+06,3.6148e+06,2.2833e+06,2.3361e+06,2.2597e+06,2.0835e+06,2.1439e+06,2.1857e+06,2.2844e+06,2.3473e+06,2.416e+06,2.4756e+06,2.5136e+06,2.5619e+06,2.6318e+06,2.6982e+06,2.7388e+06,2.7049e+06,2.7615e+06
139,800,1300,3100,5000,7400,10300,13700,17600,22200,27100,32300,38500,44900,52000,70500,67600,76200,85300,95100,105500,116400,127800,139800,159900,165400,179000,200200,208000,223300,246100,255700,279500,290000,315100,341900,445700,384000,386500,415400,439500,458000,472500,503900,539800,555000,576700,602700,627400,653900,680800,708200,762900,776900,792900,823000,859100,883800,920900,947200,976400,1.0198e+06,1.0523e+06,1.0862e+06,1.1214e+06,1.1495e+06,1.1858e+06,1.2284e+06,1.2649e+06,1.3032e+06,1.3566e+06,1.3874e+06,1.418e+06,1.265e+06,1.562e+06,1.5414e+06,1.589e+06,1.6297e+06,1.6656e+06,1.7159e+06,1.7588e+06,2.0857e+06,2.3637e+06,2.414e+06,2.4243e+06,2.484e+06,2.6486e+06,2.614e+06,2.6794e+06,2.7857e+06,2.8486e+06,2.8931e+06,2.9869e+06,3.0312e+06,3.053e+06,3.1183e+06,3.2671e+06,3.2719e+06,3.3267e+06,3.3296e+06,3.3289e+06
140,700,1900,3500,5300,7300,10200,13500,17500,21900,27000,32500,38300,59000,51800,78300,67400,76100,85300,106500,105300,105300,127700,149200,152400,165300,186100,193200,208100,230700,239100,262600,272500,297300,308000,333600,353100,365800,392900,414200,441000,457300,479800,527400,519500,551500,575300,600700,626700,652900,680100,707400,741700,798600,796700,869300,912600,896100,955100,989800,972200,1.0056e+06,1.0388e+06,1.0934e+06,1.1223e+06,1.1584e+06,1.1965e+06,1.2299e+06,1.2672e+06,1.3048e+06,1.3483e+06,1.381e+06,1.4192e+06,1.4595e+06,1.5221e+06,1.5415e+06,1.5879e+06,1.5775e+06,1.6738e+06,1.7149e+06,1.7582e+06,1.8197e+06,1.8572e+06,1.8938e+06,1.951e+06,2.3603e+06,2.6073e+06,2.5668e+06,2.1387e+06,2.1827e+06,2.2437e+06,2.2891e+06,2.3635e+06,2.5885e+06,2.4348e+06,2.4841e+06,2.5455e+06,2.6208e+06,3.3241e+06,3.3723e+06,3.4954e+06
141,800,1800,3600,5800,8900,12400,17700,23300,43500,33600,40800,48000,56000,65400,74200,84300,107000,106600,118700,131700,145200,159600,174500,190200,218300,230100,248100,272400,278800,321300,275800,274100,305600,308500,336200,345700,365300,392900,413300,428000,457400,479500,502800,527800,552100,575000,606800,629900,654600,680700,707600,736000,764700,799900,823000,859700,909300,1.1754e+06,1.0204e+06,989900,1.1022e+06,1.0535e+06,1.0864e+06,1.1148e+06,1.1496e+06,1.1914e+06,1.2051e+06,1.3524e+06,1.3715e+06,1.4971e+06,1.4335e+06,1.4813e+06,1.4661e+06,1.4979e+06,1.5757e+06,1.6926e+06,1.7308e+06,1.8812e+06,1.756e+06,1.7576e+06,1.8009e+06,1.8489e+06,1.8921e+06,1.9376e+06,1.9898e+06,2.0294e+06,2.0835e+06,2.1468e+06,2.1671e+06,2.2288e+06,2.2726e+06,2.329e+06,2.3801e+06,2.4332e+06,2.4898e+06,2.5445e+06,3.057e+06,3.1462e+06,3.5018e+06,3.5449e+06
142,1000,1800,3400,5600,8700,12600,16800,21800,27200,33500,40800,49700,61300,53200,46200,67900,77500,86000,95600,105600,116300,127700,139800,152300,165300,179000,193200,207900,223400,239200,255600,272500,290100,308200,328400,346400,366000,385800,406800,428300,450100,467200,492900,519300,543400,581900,603700,626700,653100,679700,707400,822800,769700,852000,824700,854100,884200,927400,948800,986800,1.0195e+06,1.047e+06,1.0874e+06,1.4372e+06,1.4113e+06,1.4748e+06,1.5242e+06,1.5553e+06,1.6113e+06,1.6447e+06,1.6726e+06,1.7042e+06,1.7626e+06,1.8537e+06,1.9171e+06,2.0308e+06,2.038e+06,2.0678e+06,1.8846e+06,1.8858e+06,1.8796e+06,2.1088e+06,2.3766e+06,2.4324e+06,2.4817e+06,2.5413e+06,2.6076e+06,2.7099e+06,2.7324e+06,2.8693e+06,2.9021e+06,2.9276e+06,2.9911e+06,3.1201e+06,3.1541e+06,3.2333e+06,3.3056e+06,3.2622e+06,3.2522e+06,3.1367e+06
143,700,2100,3600,6200,9000,12800,17000,21800,27500,33700,40500,48000,56000,64600,91400,84300,95100,106400,118700,143400,145200,159400,174300,201600,208600,199900,215800,209600,238800,239900,265200,272400,297200,308000,333800,345800,372300,392900,406600,428000,456800,479400,502500,531800,539800,604400,601700,628900,653600,679800,720400,736400,770500,793200,826600,1.0233e+06,1.1027e+06,957300,1.062e+06,990300,1.0194e+06,1.0528e+06,1.08e+06,1.1146e+06,1.1562e+06,1.1926e+06,1.241e+06,1.2653e+06,1.3023e+06,1.3458e+06,1.3797e+06,1.4174e+06,1.4579e+06,1.5041e+06,1.5533e+06,1.5912e+06,1.6284e+06,1.6718e+06,1.7178e+06,1.7568e+06,1.801e+06,1.8456e+06,1.8984e+06,1.9367e+06,1.9814e+06,2.0371e+06,2.0848e+06,2.1265e+06,2.1796e+06,2.2593e+06,2.7063e+06,2.9278e+06,2.9775e+06,2.933e+06,3.1188e+06,3.1926e+06,3.2881e+06,3.3172e+06,3.3226e+06,3.4496e+06
144,900,2200,3300,5100,7400,10300,13700,17600,22000,26900,32500,38300,46300,53600,60800,85500,95500,106600,136300,131600,145200,170700,151900,152200,165200,186600,193100,207800,233500,239100,262500,272500,296900,308000,333500,353000,365500,393600,413800,413200,450300,479900,502600,524900,550400,575700,599800,626000,652700,679400,712900,734700,764000,792500,822400,854900,901500,914900,954400,985900,1.0124e+06,1.0357e+06,1.0867e+06,1.1206e+06,1.156e+06,1.1921e+06,1.2279e+06,1.2764e+06,1.2999e+06,1.4925e+06,1.4581e+06,1.4179e+06,1.4634e+06,1.4975e+06,1.545e+06,1.59e+06,1.6355e+06,1.6803e+06,1.7159e+06,1.7585e+06,1.8032e+06,1.8527e+06,2.3809e+06,2.1556e+06,2.3832e+06,2.5329e+06,2.3846e+06,3.2689e+06,2.8636e+06,2.8454e+06,2.9197e+06,3.0163e+06,3.0368e+06,3.0576e+06,3.135e+06,3.25e+06,3.2499e+06,3.3506e+06,3.402e+06,3.4515e+06
145,800,2100,3900,5400,7800,10900,14800,18200,23000,27900,32600,38600,45400,52400,59500,79100,76000,85300,95000,105400,165800,127600,139600,161600,165200,178800,201400,207900,223300,239100,257000,289200,307000,309700,341300,346300,376400,397900,406800,435200,457200,479600,503300,526700,550500,575000,601500,626400,652900,679800,707000,741600,763900,793900,827600,853700,890700,915000,953000,1.0257e+06,1.0126e+06,1.0461e+06,1.0863e+06,1.1214e+06,1.156e+06,1.2099e+06,1.2287e+06,1.2647e+06,1.3022e+06,1.3527e+06,1.379e+06,1.4179e+06,1.4638e+06,1.4989e+06,1.5382e+06,1.586e+06,1.6215e+06,1.698e+06,1.7159e+06,1.7585e+06,1.8283e+06,2.2771e+06,2.3322e+06,2.2597e+06,2.1397e+06,2.3136e+06,2.3625e+06,2.8783e+06,2.6971e+06,2.8025e+06,2.8454e+06,2.9065e+06,2.8857e+06,3.1076e+06,3.1062e+06,3.1807e+06,3.238e+06,3.3266e+06,3.3836e+06,3.5078e+06
146,900,2300,3300,5300,7600,10300,14300,18000,22000,26800,34300,48200,56400,64700,74000,84200,95000,120500,118800,131600,145200,217900,208200,153700,166800,195400,193800,217700,223100,239000,255500,272600,297100,315000,326500,353000,365500,392700,413700,435300,450000,479700,499000,520900,558100,579200,602700,627600,653500,680500,708100,735500,764300,793800,829600,881900,1.0073e+06,1.1504e+06,1.1881e+06,1.2347e+06,1.2751e+06,1.3098e+06,1.3607e+06,1.3679e+06,1.4434e+06,1.5411e+06,1.6294e+06,1.5844e+06,1.6315e+06,1.6778e+06,1.756e+06,1.8073e+06,1.8254e+06,1.9868e+06,1.9347e+06,1.7938e+06,1.7169e+06,1.7606e+06,1.7942e+06,1.759e+06,1.8426e+06,1.8491e+06,1.8941e+06,2.0904e+06,2.0477e+06,2.0398e+06,2.0805e+06,2.211e+06,2.1761e+06,2.2317e+06,2.2317e+06,2.9938e+06,2.9495e+06,2.9903e+06,3.1043e+06,3.1758e+06,3.1592e+06,3.2718e+06,3.4092e+06,3.4588e+06
147,800,2200,4000,6300,9200,10200,13700,17500,21900,27100,32400,52000,46300,53600,61000,68900,76800,85700,117300,106100,116300,127600,139700,152100,174100,178900,193000,216000,223800,247800,255500,280700,289800,315600,326600,353600,373200,386100,423500,438000,450800,480400,502900,526500,554400,575300,600500,628500,652900,729700,718000,745500,766400,793100,822700,859500,883100,920800,946700,985600,1.0186e+06,1.0521e+06,1.0508e+06,1.1148e+06,1.1417e+06,1.1914e+06,1.2375e+06,1.2656e+06,1.3025e+06,1.3399e+06,1.3957e+06,1.4188e+06,1.4579e+06,1.5025e+06,1.5453e+06,1.5799e+06,1.6283e+06,1.6703e+06,1.7149e+06,1.7575e+06,1.8822e+06,1.8566e+06,1.8915e+06,1.9564e+06,1.9905e+06,2.0373e+06,2.0848e+06,2.136e+06,2.3651e+06,2.2345e+06,2.2895e+06,2.3397e+06,3.1646e+06,3.0442e+06,3.1495e+06,3.1707e+06,3.3367e+06,3.3821e+06,3.4299e+06,3.4926e+06
148,900,2300,3200,5500,7600,10400,13800,17700,22000,27200,32700,38600,45100,51900,73100,67500,76200,85300,95100,116300,116300,127700,139800,153900,166900,180600,208600,208500,234800,239100,263500,272400,296800,308000,333500,352800,365400,392700,413400,428200,457000,479400,504300,526500,564700,681600,711800,758800,1.052e+06,854800,886700,866700,965100,993300,1.0224e+06,1.0199e+06,1.115e+06,1.0474e+06,1.1846e+06,1.1326e+06,1.0899e+06,1.1624e+06,1.1182e+06,1.419e+06,1.3951e+06,1.4666e+06,1.5317e+06,1.5857e+06,1.6381e+06,1.6776e+06,1.7379e+06,1.7134e+06,1.717e+06,1.7711e+06,1.6235e+06,1.5993e+06,1.6215e+06,1.7243e+06,1.7759e+06,1.7657e+06,1.8107e+06,1.8624e+06,1.9028e+06,1.9385e+06,1.9863e+06,2.0402e+06,2.078e+06,2.1399e+06,2.2301e+06,2.2235e+06,2.2799e+06,2.3304e+06,2.7898e+06,3.0472e+06,3.1063e+06,3.1728e+06,3.2835e+06,3.3618e+06,3.3352e+06,3.2641e+06
149,800,1900,4200,6300,9200,13300,16900,21900,27400,33800,40900,48500,56200,64700,74300,84100,95000,106500,118800,131700,145200,159500,186500,190200,206500,236600,241300,209500,224800,240600,257000,292400,290500,317400,326800,353300,365500,385800,413600,444600,467600,568900,505800,532500,556800,576900,601500,626900,653500,680000,707600,735600,764600,793500,870900,1.0127e+06,1.0413e+06,969400,963500,1.0662e+06,1.0836e+06,1.0625e+06,1.0883e+06,1.1212e+06,1.1609e+06,1.2242e+06,1.5018e+06,1.586e+06,1.5955e+06,1.646e+06,1.7057e+06,1.7205e+06,1.7617e+06,1.7665e+06,1.8818e+06,1.908e+06,1.9706e+06,2.036e+06,2.1088e+06,2.1401e+06,2.0277e+06,2.1088e+06,2.1484e+06,2.484e+06,2.4862e+06,2.5491e+06,2.5994e+06,2.6757e+06,2.7786e+06,2.7937e+06,3.0327e+06,3.1611e+06,2.9757e+06,2.9018e+06,2.9992e+06,3.0576e+06,3.1186e+06,3.314e+06,3.0718e+06,3.1667e+06
150,900,1700,3200,5100,7400,10300,13700,35500,13400,27000,32700,38900,44900,51700,59300,67300,86700,85200,95100,105400,116200,127700,139600,152100,172300,179100,193300,260000,223800,239700,265500,273100,299100,316600,327400,354700,366300,386500,421700,436900,450700,472900,504700,527800,552400,576500,613400,628100,654600,708500,835000,867700,900700,935400,958400,878700,887500,923400,994000,981100,1.02e+06,1.0534e+06,1.0882e+06,1.1224e+06,1.1574e+06,1.1935e+06,1.2301e+06,1.2668e+06,1.3139e+06,1.3419e+06,1.392e+06,1.4291e+06,1.6302e+06,1.5011e+06,1.5472e+06,1.5886e+06,1.6494e+06,2.1235e+06,2.2092e+06,2.2555e+06,2.3237e+06,2.3874e+06,2.4695e+06,2.4849e+06,2.5331e+06,2.5778e+06,2.6212e+06,2.6151e+06,2.6561e+06,3.0384e+06,2.9049e+06,2.6595e+06,2.8147e+06,2.5539e+06,2.6707e+06,2.9127e+06,2.9708e+06,2.8836e+06,3.1739e+06,3.2164e+06
151,1500,3300,3400,9200,7700,10300,13700,32900,21900,45300,67600,38700,60100,47700,146500,75000,77000,106700,95000,106200,117100,129400,247100,302300,336900,368200,287200,384700,617500,472900,507900,531700,471200,410600,435600,461000,505600,559600,508100,547100,575700,602600,517300,864600,708500,727400,789700,844900,818000,851600,906100,923200,957400,1.0297e+06,880400,895200,884700,922400,947800,986800,1.0199e+06,1.0559e+06,1.0826e+06,1.1231e+06,1.1574e+06,1.2548e+06,1.24e+06,1.2787e+06,1.3156e+06,1.3507e+06,1.3955e+06,1.4287e+06,1.4314e+06,1.4981e+06,1.5453e+06,1.6006e+06,1.6112e+06,1.652e+06,1.7214e+06,1.7606e+06,1.8031e+06,1.8466e+06,2.1362e+06,1.9423e+06,1.9914e+06,2.2883e+06,2.5178e+06,2.5503e+06,2.7468e+06,2.7885e+06,3.1807e+06,2.9154e+06,2.956e+06,2.8621e+06,2.8687e+06,2.804e+06,3.0131e+06,2.9899e+06,3.3944e+06,3.4717e+06
152,900,2300,3200,5100,7300,10200,13600,17400,21900,41400,32600,38300,44900,51700,59300,68900,76700,76300,103200,125000,116300,127800,139800,162700,165400,179100,200600,208000,223400,239100,255600,279600,290100,315300,333800,346100,372800,393200,406900,435300,457500,480100,512300,531700,551000,576900,600500,626400,653000,679900,713300,735500,763500,798900,822400,852600,890100,1.0761e+06,956800,979600,1.019e+06,1.0522e+06,1.0864e+06,1.1213e+06,1.1561e+06,1.1914e+06,1.2277e+06,1.2768e+06,1.3035e+06,1.342e+06,1.3864e+06,1.4181e+06,1.4636e+06,1.5064e+06,1.5691e+06,2.0636e+06,1.6871e+06,1.7189e+06,1.7208e+06,1.7591e+06,1.8029e+06,2.345e+06,2.4693e+06,2.214e+06,2.501e+06,2.5522e+06,2.5703e+06,2.6035e+06,2.6719e+06,2.6988e+06,2.7898e+06,2.9433e+06,2.5488e+06,2.4568e+06,2.4955e+06,2.5507e+06,2.5996e+06,3.0802e+06,3.2408e+06,3.3937e+06
153,700,2200,3400,5400,7500,10400,13800,17600,22100,27100,33700,39200,44900,66200,59300,67500,76100,85300,95000,116200,116300,127600,139700,160700,165200,178800,201100,207900,231100,287000,264900,272500,298100,308100,411700,432400,468300,493800,408300,429700,451700,518900,496000,519500,543300,582100,614700,627300,659200,679800,707100,730100,763500,792600,822300,859100,883300,921000,946900,979700,1.0189e+06,1.0525e+06,1.086e+06,1.1342e+06,1.1585e+06,1.1932e+06,1.2292e+06,1.2656e+06,1.5717e+06,1.6566e+06,1.6847e+06,1.7879e+06,1.8239e+06,1.8744e+06,1.9247e+06,1.985e+06,2.0374e+06,2.1192e+06,1.869e+06,2.0237e+06,2.0722e+06,2.0761e+06,2.0187e+06,2.2099e+06,2.2486e+06,2.3737e+06,1.8207e+06,2.5578e+06,2.5061e+06,2.5002e+06,2.5377e+06,2.7167e+06,2.7701e+06,2.9798e+06,2.7433e+06,3.0668e+06,3.2201e+06,3.3591e+06,3.2446e+06,3.3752e+06
154,800,1800,3200,5300,7800,10500,13800,17600,22000,26900,32500,38500,45000,51800,51200,69200,77900,87000,96000,120300,116300,127800,139700,161300,165300,179100,200700,208100,230200,239000,262300,272500,302000,317300,326600,353000,365600,393000,413800,441300,436500,479400,503300,526100,550400,575700,600300,626400,653100,686600,733100,743700,764500,793300,829800,855100,918700,916600,954200,986000,1.0149e+06,1.246e+06,1.3019e+06,1.2157e+06,1.2702e+06,1.3082e+06,1.2398e+06,1.2819e+06,1.3103e+06,1.341e+06,1.3787e+06,1.4182e+06,1.4758e+06,1.5048e+06,1.539e+06,1.5796e+06,1.6506e+06,1.6804e+06,1.7138e+06,1.7578e+06,1.8075e+06,1.8469e+06,1.891e+06,1.9401e+06,1.9918e+06,2.0346e+06,2.0854e+06,2.1279e+06,2.1812e+06,2.4609e+06,2.2818e+06,2.3307e+06,2.382e+06,2.434e+06,2.4879e+06,2.5472e+06,2.5893e+06,2.6536e+06,2.9562e+06,2.7734e+06
155,700,1800,3400,5100,25700,10400,13700,17800,22900,20300,33600,39800,45500,51900,59300,67400,87900,85300,95000,105400,116200,139300,139600,152100,172600,179100,193200,215000,223200,246200,255500,279500,290000,315100,326600,352700,373100,404200,464200,440700,450000,480100,502600,526300,550400,575000,600600,626400,652800,679800,713300,735000,763700,798800,823400,854000,884100,920900,946400,985000,1.0184e+06,1.0543e+06,1.0891e+06,1.1204e+06,1.1561e+06,1.1926e+06,1.2366e+06,1.2965e+06,1.3044e+06,1.3417e+06,1.3834e+06,1.4259e+06,1.5705e+06,1.8336e+06,1.8923e+06,1.9841e+06,2.0367e+06,2.0895e+06,2.1435e+06,2.1978e+06,2.3103e+06,2.2667e+06,2.3356e+06,2.4354e+06,2.5505e+06,2.573e+06,2.6119e+06,2.7056e+06,2.7406e+06,2.7615e+06,2.7644e+06,3.0197e+06,3.046e+06,3.2015e+06,3.1342e+06,3.1837e+06,3.6524e+06,3.3161e+06,3.4732e+06,3.5138e+06
156,800,2400,3300,5000,7400,10300,13600,17600,22000,27000,32700,38400,45100,69900,59400,67600,76200,85300,95100,115600,116300,127700,139700,152400,165200,178900,208400,208100,231700,239200,262500,272500,297000,308200,333700,361200,366300,436200,416800,428200,450300,480900,503700,527200,551400,576400,619100,617800,656000,680100,707000,735100,775400,793100,822600,858700,882900,920600,952800,978900,1.0189e+06,1.0452e+06,1.0877e+06,1.1208e+06,1.1581e+06,1.1926e+06,1.2281e+06,1.2647e+06,1.3021e+06,1.3403e+06,1.3848e+06,1.4213e+06,1.4716e+06,1.5091e+06,1.5577e+06,1.5807e+06,1.6215e+06,1.672e+06,1.7163e+06,1.7579e+06,1.7828e+06,1.854e+06,1.8921e+06,1.9439e+06,1.9837e+06,2.0303e+06,2.0852e+06,2.1268e+06,2.18e+06,2.229e+06,2.2781e+06,2.3293e+06,2.4289e+06,2.4491e+06,2.4823e+06,2.537e+06,2.5872e+06,2.6449e+06,2.7078e+06,2.7501e+06
157,600,1400,2700,4600,7100,9900,13400,25000,21900,26700,32200,38100,44700,51700,59300,67400,83300,70900,95800,105100,116400,93300,139700,152300,165100,179400,193500,208300,223300,239600,255600,272600,290200,320400,326900,355100,366300,386500,415200,436400,458500,472900,538200,532100,553200,577200,700900,784900,817800,804400,885600,871200,965000,992800,1.015e+06,863300,885200,922300,947500,986500,1.0197e+06,1.0534e+06,1.3083e+06,1.494e+06,1.5149e+06,1.5328e+06,1.6057e+06,1.6656e+06,1.636e+06,1.724e+06,1.7851e+06,1.7747e+06,2.0435e+06,1.896e+06,1.9929e+06,2.0258e+06,2.0378e+06,2.108e+06,2.1566e+06,2.2004e+06,2.2552e+06,2.3091e+06,2.3659e+06,2.5158e+06,2.5013e+06,2.7016e+06,2.6117e+06,2.6755e+06,2.7277e+06,2.8224e+06,2.8844e+06,5.1964e+06,2.9793e+06,3.3853e+06,3.1698e+06,3.2233e+06,3.2449e+06,3.3393e+06,3.5091e+06,3.4534e+06
158,1400,2300,4400,5300,7800,10600,13800,17500,21900,27100,32600,38500,44900,51800,59300,67400,85200,85200,95100,105400,116300,134900,139700,152200,172500,178900,194800,207900,232700,239200,262700,272600,297600,308200,333800,352700,365600,392900,413400,428200,457100,480000,502900,526000,550300,575100,600800,630400,795900,680300,708000,736300,770900,793700,824900,860500,884600,922500,954000,980500,1.1246e+06,1.1732e+06,1.2101e+06,1.2474e+06,1.228e+06,1.1934e+06,1.2299e+06,1.2664e+06,1.3048e+06,1.342e+06,1.5396e+06,1.4234e+06,1.4651e+06,1.4997e+06,1.5466e+06,1.5883e+06,1.6238e+06,1.6658e+06,1.6652e+06,1.7385e+06,1.8084e+06,1.862e+06,1.9214e+06,2.184e+06,2.2689e+06,2.2812e+06,2.4316e+06,2.4254e+06,2.1854e+06,2.2566e+06,2.2793e+06,2.367e+06,2.7108e+06,3.2439e+06,3.2254e+06,3.2391e+06,3.317e+06,3.3708e+06,3.4642e+06,3.1587e+06
159,800,1800,3200,5000,7400,10200,13600,17500,21900,26900,32400,38400,44600,51800,59300,67500,76100,57900,72500,105300,126500,127700,139600,152100,172700,178900,193200,208000,223200,246100,258000,279700,290100,318800,326700,346000,372500,386000,420500,434800,506100,479800,495600,519400,550400,575000,600400,626100,652600,683900,707100,734900,769700,792700,823700,880400,878300,966000,1.2086e+06,1.2004e+06,1.2321e+06,1.345e+06,1.3283e+06,1.3666e+06,1.4177e+06,1.4839e+06,1.4631e+06,1.534e+06,1.6089e+06,1.6622e+06,1.7265e+06,1.8345e+06,1.918e+06,1.8819e+06,1.9251e+06,1.9765e+06,2.1429e+06,2.134e+06,2.1446e+06,2.1991e+06,2.2458e+06,2.1726e+06,2.2437e+06,2.1136e+06,2.3478e+06,2.3665e+06,2.5873e+06,2.8143e+06,2.7569e+06,2.8334e+06,2.856e+06,2.9189e+06,2.944e+06,3.0531e+06,3.1167e+06,3.2266e+06,3.2572e+06,3.525e+06,3.3848e+06,3.4599e+06
160,900,2200,4500,5000,7400,10300,13700,17500,21900,26900,32500,38400,45000,51800,59300,75400,76100,85300,95000,105400,123400,127700,139700,152300,157000,178800,193200,216600,223200,248200,255500,272500,290100,302500,326500,353300,365600,385900,413700,435400,450100,472700,502400,526100,550400,574800,600000,637300,1.9243e+06,683700,679500,824400,766100,800600,823100,859900,884500,922100,948200,992700,1.0269e+06,1.0477e+06,1.2187e+06,1.1416e+06,1.4506e+06,1.4925e+06,1.5374e+06,1.5909e+06,1.7497e+06,1.6789e+06,1.7374e+06,1.4293e+06,1.6028e+06,1.6494e+06,1.766e+06,1.7975e+06,1.696e+06,1.8986e+06,1.9685e+06,1.8281e+06,1.8027e+06,1.8468e+06,1.8979e+06,2.1561e+06,2.3216e+06,2.5601e+06,2.6009e+06,2.6683e+06,2.9022e+06,2.9198e+06,2.799e+06,2.9141e+06,2.8604e+06,3.018e+06,3.1591e+06,3.1834e+06,3.2676e+06,3.2026e+06,3.2139e+06,3.304e+06
161,600,1600,3200,6600,9800,13300,14500,18000,22100,27100,32600,38800,44800,52000,59400,67500,76100,94100,95100,105400,116400,127600,139800,152200,165300,186000,193100,207900,223200,239000,263500,274100,290400,308200,334000,345900,373200,393000,406700,569400,459800,480600,503200,526900,551200,576000,601200,627300,653900,687500,715700,735100,763700,798700,822500,853000,889200,915800,947200,985500,1.0185e+06,1.0458e+06,1.1611e+06,1.1228e+06,1.1566e+06,1.192e+06,1.2281e+06,1.2787e+06,1.3752e+06,1.3424e+06,1.3874e+06,1.4237e+06,1.4617e+06,1.5038e+06,1.5384e+06,1.5875e+06,1.6282e+06,1.6711e+06,1.7077e+06,1.7573e+06,1.7662e+06,1.8461e+06,1.9001e+06,1.9366e+06,1.9829e+06,2.0566e+06,2.0783e+06,2.1278e+06,2.197e+06,2.2228e+06,2.2789e+06,2.3358e+06,2.379e+06,2.432e+06,2.4822e+06,2.5425e+06,2.5869e+06,2.6628e+06,2.7146e+06,3.35e+06
162,800,1900,3400,5900,8700,13200,17700,22800,27300,33600,41900,39500,61100,53300,60100,68100,76100,85300,95200,105500,116300,127700,152000,152300,165300,186600,193300,208000,230500,239300,263000,272500,297500,308000,334500,354800,365600,393300,415400,435800,450200,479900,503700,526800,550300,575500,603600,626300,652900,679600,715600,734800,763900,799500,822600,852700,883400,922800,994400,1.0388e+06,1.0659e+06,1.1457e+06,1.0889e+06,1.1209e+06,1.1561e+06,1.1917e+06,1.2286e+06,1.2648e+06,1.3028e+06,1.3403e+06,1.388e+06,1.4186e+06,1.4644e+06,1.498e+06,1.5447e+06,1.5801e+06,2.1155e+06,2.0098e+06,2.1075e+06,2.1429e+06,2.1835e+06,2.2645e+06,2.253e+06,2.3525e+06,2.3131e+06,2.2695e+06,2.6262e+06,2.681e+06,2.732e+06,2.8029e+06,2.8624e+06,2.9534e+06,2.9577e+06,2.9176e+06,3.3053e+06,3.2399e+06,3.3116e+06,3.415e+06,3.4875e+06,3.4821e+06
163,700,2800,3800,6200,9500,13100,18500,24400,27300,33500,43400,48600,56000,69000,91200,98600,93900,87000,96900,106700,118000,144000,175000,196600,206500,239400,241100,272000,279900,299200,319100,340900,380000,399500,430300,385900,367100,403400,510200,439100,450400,480200,502900,525900,550300,575000,600300,626600,652300,689000,706800,735300,763500,798700,822300,858500,883200,921900,956100,974000,1.0061e+06,1.0874e+06,1.1834e+06,1.1263e+06,1.2574e+06,1.3566e+06,1.4989e+06,1.5302e+06,1.6365e+06,1.6798e+06,1.6099e+06,1.6731e+06,1.8266e+06,1.8825e+06,1.9678e+06,2.0424e+06,2.1055e+06,2.1831e+06,2.1433e+06,2.1996e+06,2.0754e+06,2.1696e+06,2.4232e+06,2.436e+06,2.7202e+06,2.551e+06,2.7418e+06,2.672e+06,2.7702e+06,2.7043e+06,2.9208e+06,2.9184e+06,2.9835e+06,3.0428e+06,3.1174e+06,3.1742e+06,3.2633e+06,3.3112e+06,3.7139e+06,3.4433e+06
164,600,2600,4100,6500,9000,13900,18400,21800,27300,33600,43500,51300,57000,81700,74900,84200,95000,106600,118700,143300,145100,159500,174400,205400,231800,180000,209500,209500,224900,240700,271000,272900,299700,308100,334000,345900,372700,396100,406700,435000,456800,483300,504500,527400,557600,575200,600400,626000,652400,679200,706900,741200,763900,792600,828500,852700,889700,914800,1.0146e+06,989900,1.0142e+06,1.0469e+06,1.0874e+06,1.1213e+06,1.3991e+06,1.4676e+06,1.5132e+06,1.5489e+06,1.6157e+06,1.6776e+06,1.7258e+06,1.7822e+06,1.8236e+06,1.8822e+06,1.9491e+06,1.7526e+06,1.8672e+06,1.8968e+06,1.9464e+06,1.9838e+06,2.2475e+06,2.2409e+06,2.2705e+06,2.3335e+06,2.4141e+06,2.5987e+06,2.459e+06,2.4158e+06,2.5558e+06,2.8136e+06,2.6326e+06,3.0167e+06,2.9367e+06,2.9907e+06,2.9998e+06,3.0438e+06,3.1867e+06,3.3034e+06,3.3581e+06,3.7171e+06
165,1300,3100,5300,11000,43600,11300,15200,19300,22400,26900,32500,38700,44800,52000,76300,67500,89200,86300,95600,105500,116300,127700,139600,152200,167000,179600,208000,207900,234400,239200,255600,257200,297700,296400,327300,345800,365400,385800,406700,428100,450000,489600,497700,527600,551000,575800,601200,626600,659400,680300,708100,736100,779000,803100,830600,858200,883300,921200,947000,985200,1.0186e+06,1.047e+06,1.0802e+06,1.1212e+06,1.1567e+06,1.1917e+06,1.2472e+06,1.2713e+06,1.3023e+06,1.3407e+06,1.3795e+06,1.4242e+06,1.4582e+06,1.4607e+06,1.5469e+06,1.5889e+06,1.6287e+06,1.67e+06,1.7126e+06,1.7567e+06,1.8043e+06,2.0086e+06,1.8922e+06,1.9372e+06,1.9828e+06,2.035e+06,2.0768e+06,2.1309e+06,2.3022e+06,2.6354e+06,2.1495e+06,3.9677e+06,4.7442e+06,3.4067e+06,3.0262e+06,3.0053e+06,3.5749e+06,2.9293e+06,2.7181e+06,4.7602e+06
166,1500,2700,4400,21700,6500,11000,16900,24700,22700,28100,33100,38700,45300,52100,72100,67400,76000,85100,95000,71700,120400,140100,133100,153900,166500,196200,193700,208300,233500,238900,262600,272400,297000,308000,333500,345700,365500,392900,273100,506400,330300,485200,503500,526800,550400,575100,600500,626200,653100,679400,713500,735000,763500,792600,769600,1.0265e+06,915000,880400,1.0818e+06,1.0438e+06,1.4181e+06,1.4757e+06,1.0939e+06,1.1254e+06,1.1991e+06,1.2027e+06,1.2032e+06,1.2769e+06,1.3038e+06,1.3404e+06,1.3794e+06,1.4246e+06,1.4574e+06,1.7212e+06,2.1133e+06,1.5891e+06,1.6118e+06,1.675e+06,1.7148e+06,1.7632e+06,1.8061e+06,1.8462e+06,2.0142e+06,2.8189e+06,2.7431e+06,2.5035e+06,2.2663e+06,2.6737e+06,2.1973e+06,2.2351e+06,2.3891e+06,2.3457e+06,2.3964e+06,2.1625e+06,2.4835e+06,2.5676e+06,3.5212e+06,3.787e+06,3.3545e+06,3.3371e+06
167,600,2200,4400,5200,10200,14000,19900,25400,31500,38900,46500,55500,77500,73800,85500,98000,96600,110700,88800,107100,136200,182400,221200,153600,166700,179500,206800,207900,233300,239100,263000,329200,290300,317900,461200,498500,531800,551600,577500,417800,446000,566500,523700,609100,554000,582200,601000,865600,914900,943000,741900,683600,774200,1.0231e+06,1.0944e+06,1.14e+06,869800,910000,967100,987000,1.0263e+06,1.1564e+06,991700,1.1278e+06,1.1556e+06,1.4334e+06,1.5678e+06,1.3715e+06,1.3053e+06,1.342e+06,1.3806e+06,1.4243e+06,1.6515e+06,1.516e+06,1.5417e+06,1.5888e+06,1.6296e+06,1.6716e+06,1.7146e+06,1.7735e+06,1.7431e+06,2.407e+06,1.9009e+06,2.023e+06,2.6728e+06,2.7606e+06,2.4664e+06,2.8339e+06,2.1895e+06,2.2267e+06,2.3307e+06,2.6864e+06,2.6241e+06,3.0128e+06,2.5128e+06,2.5728e+06,2.5991e+06,2.6578e+06,2.6504e+06,3.1852e+06
168,800,1800,2900,4700,4700,13200,19300,26300,30500,28200,33500,39900,46200,53100,59800,67700,76100,85300,144200,160400,116700,128300,141400,213300,173600,258000,243100,197400,238700,212500,257100,283700,290100,316600,326900,353000,372700,385800,413900,442800,459000,481000,504200,527100,545900,585300,606000,627400,653000,679700,706900,735100,763400,792600,832800,990500,1.2963e+06,985100,912500,872100,1.0057e+06,1.2073e+06,1.0959e+06,1.8936e+06,1.4759e+06,2.1355e+06,2.2415e+06,2.2853e+06,2.347e+06,2.3795e+06,1.3383e+06,1.5134e+06,1.5707e+06,2.6962e+06,2.8168e+06,2.7754e+06,2.9357e+06,3.017e+06,1.6658e+06,1.8397e+06,1.895e+06,2.3505e+06,2.3677e+06,2.4318e+06,2.5434e+06,2.8461e+06,2.7317e+06,3.3962e+06,3.8761e+06,4.113e+06,3.5262e+06,4.3212e+06,3.4191e+06,3.5008e+06,3.4295e+06,3.8044e+06,3.6033e+06,2.9491e+06,3.2513e+06,3.4916e+06
169,1000,3400,4500,6500,9900,13500,18100,23200,29300,53700,43400,51000,59600,69100,79200,89800,175600,86900,96800,121600,101200,163100,162800,219000,260300,175500,216800,205400,256000,259700,304500,259700,385600,306600,243600,347600,381300,397200,407300,428100,457300,479700,502800,526400,550700,574800,600100,625900,652400,679800,858900,686500,769500,793500,822300,858700,883100,921900,946600,979300,1.0185e+06,1.0523e+06,1.134e+06,1.1272e+06,1.1574e+06,1.2013e+06,1.2279e+06,1.2649e+06,1.3083e+06,1.3403e+06,1.3792e+06,1.4343e+06,1.5199e+06,1.5448e+06,1.5527e+06,1.5809e+06,1.6292e+06,1.671e+06,1.7133e+06,1.8378e+06,1.8079e+06,1.8568e+06,1.896e+06,1.9696e+06,1.9957e+06,2.2041e+06,2.2691e+06,2.0355e+06,2.198e+06,2.8518e+06,2.8521e+06,2.1126e+06,2.6477e+06,2.7041e+06,2.7525e+06,2.5364e+06,3.5018e+06,3.837e+06,3.4982e+06,3.782e+06
170,800,1900,3700,6000,9500,13300,18200,23400,45100,38300,46500,50800,62600,71200,80700,86200,97200,100600,95800,137800,107500,178800,192400,220800,226600,242700,270700,284400,284800,333700,346100,367400,303100,204600,351600,481500,517700,399200,451900,532400,472300,539900,475300,519500,551800,577300,795900,793700,635200,908200,706200,812500,1.0006e+06,811300,840100,872500,946300,1.1719e+06,1.2621e+06,1.2006e+06,1.0254e+06,1.3627e+06,1.1716e+06,1.1277e+06,1.158e+06,1.1927e+06,1.2293e+06,1.4347e+06,1.6305e+06,1.6862e+06,1.6951e+06,1.889e+06,2.6196e+06,2.3919e+06,1.8265e+06,1.5989e+06,1.7991e+06,1.7625e+06,1.7541e+06,1.7584e+06,1.8027e+06,1.8472e+06,1.9016e+06,2.9167e+06,3.0792e+06,2.0404e+06,2.5125e+06,2.86e+06,2.2157e+06,2.892e+06,2.9717e+06,2.9995e+06,3.1005e+06,2.4562e+06,2.4909e+06,4.4957e+06,2.587e+06,3.6322e+06,4.4134e+06,4.9405e+06
171,1000,2800,4300,3200,7900,10700,27400,25100,23000,27700,32700,38600,80700,75000,85700,82000,76400,86200,95200,105500,116300,127600,148600,152200,165300,187400,193200,207900,232400,239200,263200,288500,291300,308200,333700,345900,376100,386200,416500,436900,458700,481000,496300,527600,551700,576700,602000,629200,652500,685900,707100,702300,764100,792400,822900,858600,883300,921200,946700,979500,1.0187e+06,1.0529e+06,1.0869e+06,1.1173e+06,1.157e+06,1.192e+06,1.2289e+06,1.2645e+06,1.3078e+06,1.3469e+06,1.3788e+06,1.4181e+06,1.4668e+06,1.4979e+06,1.545e+06,1.5867e+06,1.6269e+06,1.6654e+06,1.7138e+06,1.758e+06,1.8018e+06,2.0539e+06,1.8938e+06,1.9874e+06,2.2687e+06,2.4537e+06,2.5663e+06,2.365e+06,2.446e+06,2.5901e+06,2.6673e+06,2.657e+06,2.6816e+06,3.0478e+06,3.1067e+06,3.1797e+06,3.1301e+06,3.1292e+06,3.0897e+06,3.0733e+06
172,700,1700,3300,5000,7300,10200,13600,17600,22100,27000,32600,52700,44800,51900,59400,67400,76200,96700,95200,105600,116300,97300,139600,152300,165200,195500,193300,222300,351200,367200,269100,273200,300600,308200,326800,354400,365700,393900,414800,436100,450400,480800,503800,527200,541300,584000,610300,635400,738200,682000,707700,738000,769400,792900,823000,858700,883700,863800,951200,985700,1.0122e+06,1.0521e+06,1.086e+06,1.1209e+06,1.1559e+06,1.1915e+06,1.2282e+06,1.2659e+06,1.3077e+06,1.3423e+06,1.3869e+06,1.4189e+06,1.4686e+06,1.4973e+06,1.5452e+06,1.5877e+06,1.6782e+06,1.6765e+06,1.7321e+06,1.7588e+06,1.8021e+06,1.8467e+06,1.8902e+06,1.9644e+06,1.9851e+06,2.0392e+06,2.0787e+06,2.1722e+06,2.1869e+06,2.2687e+06,2.284e+06,2.3399e+06,2.3853e+06,2.5097e+06,2.4896e+06,2.5395e+06,2.5978e+06,2.6441e+06,2.7155e+06,2.7611e+06
173,900,1700,3200,5100,7300,10100,13600,17500,22000,27000,32700,38500,44800,51900,59500,67500,76100,87400,96400,106500,129300,128400,140300,153000,176900,179600,194000,217000,224000,247900,256400,273500,299100,308000,335400,346000,373600,393700,414300,428200,457900,482300,503400,538400,693600,725900,752300,784700,818300,859600,886000,920800,922400,1e+06,982100,871200,932100,957600,989800,1.0148e+06,1.0299e+06,1.0642e+06,1.0872e+06,1.1221e+06,1.1563e+06,1.1919e+06,1.2285e+06,1.2605e+06,1.2938e+06,1.3513e+06,1.403e+06,1.4183e+06,1.4636e+06,1.4976e+06,1.5447e+06,1.5896e+06,1.6222e+06,1.6772e+06,1.7253e+06,1.7591e+06,1.8029e+06,1.8468e+06,1.9064e+06,2.255e+06,2.4258e+06,2.5504e+06,2.606e+06,2.6017e+06,2.8249e+06,2.8358e+06,2.8788e+06,2.9197e+06,3.018e+06,3.0536e+06,3.1177e+06,3.1835e+06,3.321e+06,3.3067e+06,3.381e+06,3.455e+06
174,900,2200,4000,6500,9900,10700,13700,17500,22000,27000,32600,38300,44900,66100,59500,67500,76200,85300,95000,114300,116200,127600,139700,159400,165200,179000,207900,208600,255500,239200,265600,272400,298000,308200,335000,345700,365700,393800,414600,428100,457900,480600,503400,527300,551400,576000,601000,627700,653300,689300,712500,744500,763900,793000,828600,852700,889800,914800,953100,980300,1.0122e+06,1.0643e+06,1.0952e+06,1.1208e+06,1.1559e+06,1.192e+06,1.2278e+06,1.2646e+06,1.3024e+06,1.3409e+06,1.3795e+06,1.4212e+06,1.4576e+06,1.506e+06,1.5384e+06,1.5855e+06,1.6225e+06,1.6707e+06,1.7132e+06,1.7574e+06,1.8014e+06,1.8451e+06,1.898e+06,1.9366e+06,1.9766e+06,2.0376e+06,2.3087e+06,2.1414e+06,2.1835e+06,2.2314e+06,2.3157e+06,2.3249e+06,2.3759e+06,2.4332e+06,2.485e+06,2.5425e+06,3.0301e+06,3.3107e+06,2.7129e+06,2.7856e+06
175,17400,1800,3300,5000,7300,13000,13700,17600,22000,26800,21200,38200,44800,51700,59400,69300,77000,85800,95200,105400,116400,137100,139900,152500,165200,190400,193200,207900,230800,239000,262700,272500,296900,308200,334100,352900,365600,392800,413800,427900,461200,481000,502600,526900,550300,581500,1.1938e+06,628700,654800,681200,714300,735700,764900,800200,830300,858300,884500,922500,957000,1.0104e+06,1.0938e+06,1.0895e+06,1.0886e+06,1.1223e+06,1.1576e+06,1.2139e+06,1.2299e+06,1.2657e+06,1.3025e+06,1.3399e+06,1.3786e+06,1.4244e+06,1.468e+06,1.5055e+06,1.5384e+06,1.5858e+06,1.6292e+06,1.6636e+06,1.7142e+06,1.7573e+06,1.8025e+06,1.8668e+06,1.898e+06,1.9362e+06,1.9821e+06,2.0375e+06,2.0773e+06,2.1339e+06,2.2837e+06,2.285e+06,2.8024e+06,2.8585e+06,3.1648e+06,3.0853e+06,3.118e+06,3.1918e+06,3.2638e+06,3.3672e+06,3.384e+06,3.4854e+06
176,900,2200,3200,5000,7200,28500,13700,17400,21900,27000,32400,38300,44600,51800,59400,76100,76000,85200,94900,91700,127900,127800,139600,152300,165300,178900,201500,207900,223200,247500,255600,280600,289900,316700,334600,345800,373500,393900,406800,436100,495500,482300,503800,568000,556500,721200,752800,785500,803200,836500,849900,782100,806300,836100,874100,899100,986800,1.1267e+06,1.1435e+06,1.2756e+06,1.306e+06,1.3696e+06,1.3598e+06,1.4028e+06,1.4662e+06,1.5142e+06,1.5375e+06,1.5847e+06,1.1991e+06,1.6472e+06,1.7254e+06,1.7745e+06,1.681e+06,1.6108e+06,1.7218e+06,1.8251e+06,1.7868e+06,1.8611e+06,1.9049e+06,1.7564e+06,2.0765e+06,2.2056e+06,2.1604e+06,2.1516e+06,2.3449e+06,2.3545e+06,2.4291e+06,2.4063e+06,2.4825e+06,2.6376e+06,2.5959e+06,2.6111e+06,2.7179e+06,2.7595e+06,2.8258e+06,2.8831e+06,2.7907e+06,3.0604e+06,3.0399e+06,3.1091e+06
177,900,1800,3300,5400,7500,10200,13600,17400,21900,27000,32400,38600,45000,51800,59400,79600,76100,85400,95200,105400,123600,127700,139800,152300,165200,178900,199900,207900,223200,245900,289500,278800,289900,324300,336600,346200,373100,393000,406700,435000,466200,479600,502400,526100,543200,567900,600000,626100,722700,681000,708500,742400,763600,792900,828600,852700,889700,914600,952800,985200,1.0123e+06,1.0663e+06,1.086e+06,1.1479e+06,1.1585e+06,1.1917e+06,1.2277e+06,1.2654e+06,1.3168e+06,1.3404e+06,1.3821e+06,1.4246e+06,1.4588e+06,1.5036e+06,1.539e+06,1.5862e+06,1.628e+06,1.6647e+06,1.7189e+06,1.757e+06,1.8048e+06,1.8456e+06,1.8991e+06,1.9382e+06,1.9827e+06,2.2886e+06,2.0964e+06,2.0735e+06,2.1748e+06,2.2281e+06,2.2816e+06,2.5664e+06,2.674e+06,2.6362e+06,2.8518e+06,2.6533e+06,2.9801e+06,3.3119e+06,3.3814e+06,3.4722e+06
178,900,2200,3900,3000,5300,10900,14400,18500,22500,27100,32700,38600,45000,51900,59200,81400,76100,85300,95200,107300,117000,128200,150400,152300,165300,179100,193200,208000,230700,239100,262600,272500,297500,308200,333900,345900,366000,393700,413900,428300,457200,493000,505500,526600,550500,575300,600600,635300,652800,679600,707100,742000,1.1074e+06,805000,823300,859700,896200,916100,953800,980400,1.0131e+06,1.0535e+06,1.0876e+06,1.1656e+06,1.3632e+06,1.5436e+06,1.4999e+06,1.392e+06,1.3672e+06,1.5102e+06,1.3881e+06,1.4804e+06,1.4881e+06,1.4978e+06,1.5445e+06,1.5861e+06,1.6214e+06,1.6685e+06,1.7184e+06,1.7573e+06,1.8017e+06,1.846e+06,1.8982e+06,1.9374e+06,2.1968e+06,2.0686e+06,2.3275e+06,2.5607e+06,2.5594e+06,2.6836e+06,3.2042e+06,2.927e+06,2.9887e+06,3.083e+06,3.1182e+06,3.1834e+06,3.2698e+06,3.5101e+06,3.3857e+06,3.4925e+06
179,800,2200,4100,5300,7800,10500,13800,17600,21900,27100,32700,38300,44900,51900,59500,67600,76200,85400,95000,105400,125000,127700,139600,152100,165200,178900,201100,208000,223200,248200,255600,280700,289800,318800,339500,346100,373500,393500,406800,436000,458000,480200,503500,526900,543500,610400,601800,634400,657900,681700,824400,788200,771400,918000,1.0609e+06,1.0762e+06,1.1074e+06,1.1538e+06,1.1665e+06,1.0335e+06,1.0299e+06,1.0851e+06,1.1758e+06,1.2154e+06,1.1679e+06,1.31e+06,1.5162e+06,1.5365e+06,1.7005e+06,1.6786e+06,1.7257e+06,1.7821e+06,1.9127e+06,1.8824e+06,1.933e+06,1.9772e+06,2.037e+06,2.0896e+06,2.1946e+06,2.2043e+06,2.2544e+06,2.3118e+06,2.2567e+06,2.0755e+06,2.3368e+06,2.2921e+06,2.4267e+06,2.4353e+06,2.6766e+06,2.8395e+06,2.8528e+06,2.7876e+06,2.8524e+06,2.8905e+06,2.7065e+06,3.0213e+06,3.2021e+06,3.3327e+06,3.3901e+06,3.4591e+06
180,800,2200,4300,5000,7500,10400,13600,17500,21800,27800,32600,38700,45000,52000,59500,67500,87100,85300,95200,105400,116400,136900,139700,152200,173000,178900,193200,215200,223200,246100,255600,272600,308200,317100,327100,354800,372600,385900,415600,435200,456900,479300,495600,528400,550700,575200,600800,626100,652600,679700,706700,735100,785700,816000,827300,859000,883700,921200,946800,985400,1.0273e+06,1.0463e+06,1.0801e+06,1.1209e+06,1.1639e+06,1.1987e+06,1.228e+06,1.2718e+06,1.3023e+06,1.3405e+06,1.3834e+06,1.4251e+06,1.4581e+06,1.5077e+06,1.5387e+06,1.5888e+06,1.6283e+06,1.6788e+06,1.7083e+06,1.7509e+06,1.7954e+06,1.8528e+06,1.889e+06,1.9379e+06,1.983e+06,2.0367e+06,2.0788e+06,2.1378e+06,2.1733e+06,2.2298e+06,2.2777e+06,2.3304e+06,2.3797e+06,2.442e+06,2.4831e+06,2.5347e+06,2.5932e+06,2.6415e+06,2.7088e+06,2.7513e+06
181,500,1500,2900,4700,7200,10200,21100,17700,22900,16900,32600,39800,45900,52600,59500,67700,76100,95400,95100,105300,116400,137100,139600,152300,165200,179100,193100,216100,224900,257800,255000,273000,289900,315000,326600,352700,365700,385800,414200,435000,450300,472700,502600,526300,550400,589700,605300,628500,654200,681100,710400,780500,921400,994100,1.1277e+06,1.0686e+06,1.1148e+06,1.0971e+06,1.0006e+06,997900,1.0257e+06,1.0567e+06,1.0834e+06,1.1252e+06,1.1571e+06,1.1916e+06,1.2519e+06,1.2742e+06,1.3545e+06,1.343e+06,1.3859e+06,1.7279e+06,1.5927e+06,1.6284e+06,1.5533e+06,1.7831e+06,1.6863e+06,1.6759e+06,1.7084e+06,1.7569e+06,1.8055e+06,1.8528e+06,1.8907e+06,1.9379e+06,1.9823e+06,2.0359e+06,2.0522e+06,2.1354e+06,2.1793e+06,2.2232e+06,2.2795e+06,2.328e+06,2.3793e+06,2.4304e+06,2.4908e+06,2.5399e+06,2.5887e+06,2.6587e+06,2.7013e+06,2.7569e+06
182,600,1400,2700,4600,6900,9900,13400,17300,21800,26800,32400,38300,53500,51700,59300,67500,76100,85300,102600,97000,116300,127600,149200,152200,165200,186500,193200,207800,230800,239000,262900,272500,297100,308200,333900,353100,365500,393200,414300,428100,450100,503300,504700,525200,559800,584100,603700,626700,658800,679600,707300,735100,770200,792700,822500,858600,883800,920800,955000,979100,1.0183e+06,1.0521e+06,1.087e+06,1.1147e+06,1.1499e+06,1.1853e+06,1.2728e+06,1.2672e+06,1.3043e+06,1.3356e+06,1.3855e+06,1.4177e+06,1.4633e+06,1.4977e+06,1.5444e+06,1.5719e+06,2.1305e+06,2.0912e+06,2.0821e+06,2.096e+06,2.188e+06,2.304e+06,2.2783e+06,2.3562e+06,2.4811e+06,2.4782e+06,2.6488e+06,2.6375e+06,2.6239e+06,2.8019e+06,2.9218e+06,2.9189e+06,3.0731e+06,3.1497e+06,3.1358e+06,3.197e+06,3.3952e+06,3.3437e+06,3.3911e+06,3.4759e+06
183,900,2100,3200,5300,7600,10200,13700,17400,21900,27000,32600,38500,45000,51900,59400,67500,76100,85300,104200,105400,116300,127700,147200,152300,165200,185900,193100,209600,230800,239200,263000,272400,297600,308000,335800,353100,365600,393200,413800,428100,457400,479900,502900,526900,550500,575200,600500,626300,672000,688700,756800,793100,857000,797600,822500,852800,889600,914800,945800,986200,1.0123e+06,1.0462e+06,1.0866e+06,1.1215e+06,1.1561e+06,1.1923e+06,1.2288e+06,1.2649e+06,1.3026e+06,1.34e+06,1.3786e+06,1.416e+06,1.467e+06,1.5041e+06,1.5384e+06,1.5867e+06,1.6278e+06,1.6655e+06,1.7068e+06,1.759e+06,1.8015e+06,1.8458e+06,1.8922e+06,1.9369e+06,1.9832e+06,2.045e+06,2.1804e+06,2.1417e+06,2.2744e+06,2.7009e+06,2.6478e+06,2.6709e+06,3.0031e+06,3.0531e+06,3.1757e+06,3.222e+06,3.306e+06,3.3119e+06,3.39e+06,3.2122e+06
184,700,1800,3200,5100,7400,10400,13600,17500,22000,26900,32300,38400,44900,51900,59500,67600,104700,86100,95100,105300,127400,127900,139300,152000,165200,178800,195000,220000,223100,239100,255600,272300,290000,314900,326800,352800,365500,386000,414200,435000,455400,472300,502600,526100,550600,600000,609100,627000,653000,679500,707100,734700,770100,792500,836900,852500,884000,915000,952900,971900,1.0187e+06,1.0522e+06,1.086e+06,1.1213e+06,1.156e+06,1.1866e+06,1.3274e+06,1.3672e+06,1.3958e+06,1.4506e+06,1.4516e+06,1.4205e+06,1.4766e+06,1.4998e+06,1.5445e+06,1.5891e+06,1.6212e+06,1.6732e+06,1.714e+06,1.7579e+06,1.8092e+06,1.8908e+06,1.9052e+06,1.9394e+06,1.988e+06,2.1313e+06,2.7444e+06,2.2402e+06,2.7468e+06,2.8116e+06,2.9848e+06,2.8538e+06,2.9411e+06,3.0535e+06,3.0005e+06,3.1908e+06,3.3201e+06,3.327e+06,3.3835e+06,3.5492e+06
185,900,1700,3200,5100,7300,10200,13500,17600,21900,27000,32400,38300,44800,51800,59300,76200,76100,85200,95000,105300,123400,127500,139600,152100,172200,178900,209300,216000,235700,239700,265000,272600,298400,308200,334900,346200,373900,393900,414500,428300,457900,514500,740800,527800,551600,576000,601900,627100,663700,688800,723500,786300,798200,802100,822800,858900,883200,929600,1.1137e+06,997600,1.0104e+06,1.0522e+06,1.086e+06,1.1243e+06,1.1564e+06,1.192e+06,1.2278e+06,1.2648e+06,1.3019e+06,1.3466e+06,1.3791e+06,1.4174e+06,1.4638e+06,1.4978e+06,1.5454e+06,1.5856e+06,1.6216e+06,1.7013e+06,1.7197e+06,1.9516e+06,2.0165e+06,2.0841e+06,2.1077e+06,2.2262e+06,2.4191e+06,2.5401e+06,2.6061e+06,2.6588e+06,2.6328e+06,2.7932e+06,2.8565e+06,2.918e+06,2.9898e+06,3.0744e+06,2.9947e+06,3.1841e+06,3.3765e+06,3.4451e+06,3.416e+06,3.4598e+06
186,1200,2200,3300,5400,7500,10300,13700,17600,22100,27000,32700,39700,46500,53400,61100,68300,91200,85300,95200,105500,110400,139800,139700,152200,172900,179000,193200,215100,199700,249200,240300,285800,289900,315200,326600,353100,372800,385900,444400,438600,460300,484400,504500,528100,551800,576500,602000,628000,653900,681600,708600,743600,765000,797500,876800,878800,1.1167e+06,1.1176e+06,1.1388e+06,1.1619e+06,1.1533e+06,1.1653e+06,1.2095e+06,1.2481e+06,1.2045e+06,1.1938e+06,1.2303e+06,1.4398e+06,1.3055e+06,1.3428e+06,1.3882e+06,1.4212e+06,1.4605e+06,1.5039e+06,1.5474e+06,1.5817e+06,1.6294e+06,1.6721e+06,1.7149e+06,1.7583e+06,1.8133e+06,1.8466e+06,1.8933e+06,1.9379e+06,1.9902e+06,2.0315e+06,2.0852e+06,2.5581e+06,2.7299e+06,2.789e+06,2.8426e+06,2.9377e+06,2.9235e+06,3.0537e+06,3.1183e+06,3.0735e+06,3.1096e+06,3.1812e+06,3.1922e+06,3.1734e+06
187,800,2200,3800,4800,7300,10200,13700,17600,21900,27000,32400,38400,46500,52900,74700,84300,110800,133100,110500,105200,117400,127600,139600,162300,165200,179000,200500,207800,230200,239000,255600,279400,290000,308100,333600,345800,372100,392900,405300,436000,457100,480000,502500,526600,549400,575300,600600,626300,652700,680400,707000,736000,770300,792800,839300,853000,890000,922700,953200,977800,1.0243e+06,1.0462e+06,1.086e+06,1.121e+06,1.1559e+06,1.1924e+06,1.228e+06,1.2649e+06,1.3092e+06,1.3405e+06,1.3795e+06,1.4241e+06,1.4583e+06,1.5043e+06,1.5394e+06,1.6137e+06,1.6398e+06,1.6662e+06,1.7231e+06,2.1306e+06,2.1935e+06,2.3102e+06,2.3656e+06,2.3449e+06,2.5004e+06,2.6348e+06,2.7093e+06,2.7321e+06,3.0045e+06,2.8587e+06,2.9902e+06,2.9401e+06,2.7513e+06,2.9536e+06,3.2188e+06,3.1841e+06,3.3974e+06,3.3161e+06,3.4247e+06,3.488e+06
188,900,2000,3800,5200,7400,10300,13800,17600,22100,27000,32600,52500,44700,51800,59500,67500,76100,85400,95100,105500,116200,127700,133000,152200,165500,189800,193200,207900,232000,239100,262400,272500,296800,308100,333700,352900,365600,393000,413900,434900,450200,479500,502600,526400,550700,577500,470600,636800,655100,681200,708200,735700,764300,793900,821800,854500,890700,915500,954000,986400,1.0575e+06,1.0468e+06,1.0868e+06,1.1217e+06,1.2392e+06,1.437e+06,1.5373e+06,1.5377e+06,1.5966e+06,1.621e+06,1.4614e+06,1.5948e+06,1.7657e+06,1.7018e+06,1.6631e+06,1.7089e+06,1.5708e+06,1.6777e+06,1.7148e+06,1.7584e+06,1.8009e+06,1.8463e+06,1.9476e+06,1.9136e+06,2.3213e+06,2.54e+06,2.6069e+06,2.7364e+06,3.4603e+06,2.7958e+06,2.9756e+06,2.9845e+06,3.1863e+06,3.2512e+06,3.1086e+06,3.1799e+06,3.4143e+06,3.3566e+06,3.3908e+06,3.4629e+06
189,800,2100,4000,5500,7600,10200,13900,17600,21900,27100,32400,38300,44800,51800,59400,67400,76000,85200,95100,113500,116200,127700,145200,153900,167000,208600,203600,207900,223300,239100,255500,279900,290100,309700,327000,356800,365700,399800,414300,435700,450300,480100,501700,519500,551500,576000,601100,627200,653400,680400,707800,735600,806600,981100,831300,853900,937700,1.0123e+06,1.1518e+06,1.2342e+06,1.2666e+06,1.2398e+06,1.2095e+06,1.1035e+06,1.2593e+06,1.2998e+06,1.3437e+06,1.3224e+06,1.3547e+06,1.355e+06,1.3901e+06,1.4283e+06,1.5956e+06,1.7241e+06,1.7597e+06,1.668e+06,1.7087e+06,1.6759e+06,1.7165e+06,1.7575e+06,1.8108e+06,1.847e+06,2.1712e+06,2.3426e+06,2.6158e+06,2.7361e+06,2.6023e+06,2.6675e+06,2.6052e+06,2.8273e+06,2.9965e+06,3.1261e+06,3.0861e+06,3.0533e+06,3.1605e+06,3.2047e+06,3.4463e+06,3.3786e+06,3.4846e+06,3.683e+06
190,1000,2600,3400,5000,7300,10300,13800,17600,21900,27000,32500,38700,44800,66200,59400,67500,76100,85200,95100,105500,106400,127500,119000,154100,177500,179500,193300,218200,223300,246500,255700,272700,290100,315100,326800,352900,365600,385900,413600,428800,452400,482400,506200,527400,563100,579600,621500,628200,653900,686900,707700,736000,764500,799900,823500,1.0789e+06,932100,1.1223e+06,1.0441e+06,1.1899e+06,1.2755e+06,1.3144e+06,1.3371e+06,1.3773e+06,1.4035e+06,1.4411e+06,1.4891e+06,1.5241e+06,1.6304e+06,1.678e+06,1.7332e+06,1.7474e+06,1.6518e+06,1.6129e+06,1.6625e+06,1.7296e+06,1.6854e+06,1.6827e+06,1.751e+06,1.7601e+06,1.8016e+06,1.8466e+06,1.9037e+06,2.0036e+06,2.0478e+06,2.2807e+06,2.5291e+06,2.4071e+06,2.4542e+06,2.2995e+06,2.6569e+06,2.7145e+06,2.769e+06,2.707e+06,2.7824e+06,2.7837e+06,2.9676e+06,2.9696e+06,3.147e+06,3.2811e+06
191,800,1300,3200,5300,7800,11000,14400,17900,22200,27100,32800,38400,44900,66100,59400,67500,76200,85300,95100,114300,116400,127700,139800,159700,165400,179000,200200,207900,230200,239200,255400,272400,306300,299700,327400,447000,457200,514400,464700,524800,562700,601700,631300,636100,649400,720900,752800,826200,682500,680800,708600,735100,763700,798600,822500,859200,883200,921300,946800,985300,1.0494e+06,1.0557e+06,1.0868e+06,1.1211e+06,1.1559e+06,1.1919e+06,1.2285e+06,1.2652e+06,1.3074e+06,1.3406e+06,1.3712e+06,1.4184e+06,1.4637e+06,1.4986e+06,1.5452e+06,1.5859e+06,1.6509e+06,1.6758e+06,1.7165e+06,1.8747e+06,2.1208e+06,2.1731e+06,1.9707e+06,2.0109e+06,2.0071e+06,2.1601e+06,2.6007e+06,2.6594e+06,2.727e+06,2.8008e+06,2.8613e+06,2.9263e+06,3.0488e+06,3.1176e+06,3.1119e+06,3.1714e+06,3.2833e+06,3.0065e+06,2.7849e+06,3.0537e+06
192,800,1800,3300,5000,21500,10300,13700,17500,21900,27100,32600,38400,45000,51900,59300,76400,76200,87100,95100,105400,116200,147100,139700,152300,172600,179000,193100,214800,223300,246100,255400,280200,290100,314900,326600,360000,379700,386600,417800,436100,458200,473000,508900,529300,560400,576400,600600,626400,671400,680400,708100,735900,764100,793800,824000,860700,885500,1.0635e+06,1.2247e+06,1.1938e+06,1.1921e+06,1.0562e+06,1.086e+06,1.1207e+06,1.1563e+06,1.1919e+06,1.2275e+06,1.2668e+06,1.3021e+06,1.4307e+06,1.5092e+06,1.5317e+06,1.6297e+06,1.6396e+06,1.5667e+06,1.6801e+06,1.6533e+06,1.6758e+06,1.7148e+06,1.7565e+06,1.8232e+06,1.9182e+06,2.0284e+06,2.0412e+06,1.9998e+06,2.0419e+06,2.0938e+06,2.1332e+06,2.1819e+06,2.2289e+06,2.2772e+06,2.322e+06,2.376e+06,2.4412e+06,2.4853e+06,2.5348e+06,2.5866e+06,2.6471e+06,2.6571e+06,3.1085e+06
193,800,1800,3300,5400,7900,10500,13700,17500,22000,27000,32600,38800,44900,52000,59400,67500,76100,85300,103800,105400,116300,128600,141300,161400,173100,179000,201900,207900,223300,239200,255700,279600,290000,315200,334800,345800,372700,393400,406700,435000,457100,480400,502800,520000,550200,575300,546200,626700,652700,679300,707300,735200,764800,792500,828300,852300,889200,935600,963200,935800,1.007e+06,1.0524e+06,1.0861e+06,1.1143e+06,1.1501e+06,1.1919e+06,1.2278e+06,1.2648e+06,1.3023e+06,1.3439e+06,1.3743e+06,1.4262e+06,1.4582e+06,1.5042e+06,1.5389e+06,1.5983e+06,1.6283e+06,1.6716e+06,1.8352e+06,1.9543e+06,2.0165e+06,2.0983e+06,2.1833e+06,2.1244e+06,2.0753e+06,2.2409e+06,2.1513e+06,2.2462e+06,2.3619e+06,2.5158e+06,2.5694e+06,2.6248e+06,2.719e+06,2.7827e+06,2.5859e+06,2.6895e+06,2.8471e+06,2.7675e+06,2.8896e+06,3.2125e+06
194,900,1800,3100,5000,7800,10700,14200,18400,22500,41300,32600,38700,45100,53700,60000,68000,76100,85400,95100,105500,116300,127800,139800,152300,165400,179000,193300,208100,223200,239200,255600,272500,310000,309400,327200,355600,398600,345100,333900,428400,459300,482700,495800,527000,550600,575500,600700,626600,659100,679800,707200,734900,769800,793200,823000,859900,910700,915100,954100,979500,1.0187e+06,1.0522e+06,1.0865e+06,1.1214e+06,1.157e+06,1.1929e+06,1.2474e+06,1.2725e+06,1.3038e+06,1.3415e+06,1.3874e+06,1.4198e+06,1.4812e+06,1.7641e+06,1.8904e+06,1.7182e+06,1.8561e+06,1.9396e+06,1.9319e+06,1.8797e+06,1.887e+06,2.1286e+06,2.181e+06,2.1413e+06,2.2599e+06,2.3267e+06,2.3264e+06,2.3029e+06,2.156e+06,2.4247e+06,2.8452e+06,2.9156e+06,3.1294e+06,2.9805e+06,3.0883e+06,3.2492e+06,3.3093e+06,3.3051e+06,3.5173e+06,3.4574e+06
195,900,2200,4100,5400,7600,10400,13700,17600,22000,21100,33700,39800,46400,53200,59700,67800,93700,85200,95100,105400,116300,136600,139700,152200,166100,191300,193200,208000,218100,239000,265800,272400,297100,308000,333500,352900,365500,392800,413900,441600,458600,481400,496400,519600,551800,576500,601600,633800,664100,680500,707100,735100,771700,792700,822100,858800,884400,998400,958900,1.016e+06,1.0426e+06,1.0528e+06,1.0803e+06,1.1207e+06,1.1562e+06,1.1927e+06,1.2394e+06,1.4597e+06,1.439e+06,1.2835e+06,1.4436e+06,1.4195e+06,1.4646e+06,1.4977e+06,1.5374e+06,1.5883e+06,1.7927e+06,1.6779e+06,1.7082e+06,1.7511e+06,1.7962e+06,1.8458e+06,1.9033e+06,1.945e+06,1.9857e+06,2.03e+06,2.0831e+06,2.1246e+06,2.1832e+06,2.2476e+06,2.2805e+06,2.3231e+06,2.3738e+06,2.4302e+06,2.4851e+06,2.5357e+06,2.5874e+06,2.6464e+06,2.6946e+06,2.755e+06
196,400,1400,2700,4600,6900,10000,13500,17400,21800,26800,42100,38300,44800,51800,61100,69200,76800,86000,104400,105600,116300,127600,150300,152200,165500,187400,193200,208100,231400,239200,263900,272600,298600,308200,335000,395000,338700,399600,407200,438400,465200,479900,502700,519200,543400,568200,593400,626500,652500,679400,707000,734900,769700,789000,811100,852300,883100,914600,952200,979200,1.0183e+06,1.0517e+06,1.0858e+06,1.1206e+06,1.1591e+06,1.1921e+06,1.2701e+06,1.3923e+06,1.4366e+06,1.4915e+06,1.4265e+06,1.4202e+06,1.4846e+06,1.4982e+06,1.5453e+06,1.5799e+06,1.628e+06,1.6704e+06,1.7138e+06,1.7651e+06,1.8035e+06,1.8493e+06,1.8921e+06,1.9369e+06,1.9893e+06,2.03e+06,2.098e+06,2.1247e+06,2.0321e+06,2.2319e+06,2.2785e+06,2.3427e+06,2.3915e+06,2.4311e+06,2.4877e+06,2.534e+06,2.5933e+06,2.6512e+06,2.7016e+06,2.7522e+06
197,500,1500,2800,4700,7000,9900,13500,17300,21900,26900,32300,38300,44700,51900,78600,67500,76000,85200,95000,114200,116200,127600,139700,159500,165300,179000,200200,207900,230300,239100,255500,293400,302000,309200,337000,345900,365500,394000,414700,428100,458300,484100,502800,525900,550400,575000,600400,626000,652800,680600,707000,741700,767100,794800,829900,889700,871900,917800,953600,988600,1.0124e+06,1.0524e+06,1.0869e+06,1.1225e+06,1.1558e+06,1.1923e+06,1.2302e+06,1.2655e+06,1.3025e+06,1.3462e+06,1.387e+06,1.4187e+06,1.4634e+06,1.4989e+06,1.5485e+06,1.5866e+06,1.6277e+06,1.6653e+06,1.7138e+06,1.7571e+06,1.8067e+06,1.8461e+06,1.8969e+06,1.9372e+06,1.9842e+06,2.0353e+06,2.0777e+06,2.1337e+06,2.1827e+06,2.23e+06,2.2843e+06,2.3282e+06,2.3792e+06,2.432e+06,2.848e+06,2.5368e+06,2.5888e+06,2.6459e+06,2.7387e+06,2.7644e+06
198,500,1300,2800,4600,7000,9900,13300,17200,21700,26600,32200,38300,44900,51900,59500,75200,76100,85300,95100,105400,123300,127600,139800,159600,165500,179000,200100,207800,223200,223700,255500,280800,290100,315200,334300,345800,372900,386000,406800,435100,457200,479700,495600,519200,550400,575000,600100,634700,652600,679800,712000,739000,765300,793400,823800,859900,884000,921600,947800,979900,1.0342e+06,1.0546e+06,1.0656e+06,1.3126e+06,1.4491e+06,1.4923e+06,1.5366e+06,1.5703e+06,1.5956e+06,1.5801e+06,1.7302e+06,1.7938e+06,1.826e+06,1.8833e+06,1.9253e+06,2.0231e+06,2.0387e+06,1.936e+06,1.9761e+06,1.9919e+06,2.003e+06,2.0951e+06,1.9666e+06,1.9391e+06,1.9964e+06,2.0321e+06,2.0854e+06,2.127e+06,2.2038e+06,2.7596e+06,2.8534e+06,2.9633e+06,3.016e+06,3.1072e+06,3.0271e+06,3.1505e+06,3.2363e+06,3.2629e+06,3.1587e+06,3.4644e+06
199,1200,2300,3700,5900,8900,12600,17000,21700,27500,33600,40600,48200,56000,64600,74100,84100,95400,106300,162900,121900,117000,151300,174600,203300,206600,223800,261400,209400,240600,240900,270300,272700,299000,308000,334000,353100,381200,386200,417900,435500,469800,479700,495700,527100,550200,574700,600300,625900,658600,679500,707000,736000,770300,771300,817800,858800,883300,920800,952900,978900,1.0257e+06,1.0525e+06,1.0861e+06,1.1145e+06,1.1494e+06,1.1923e+06,1.2361e+06,1.2651e+06,1.3027e+06,1.3403e+06,1.3843e+06,1.4183e+06,1.4578e+06,1.5065e+06,1.5381e+06,1.5798e+06,1.6298e+06,1.6788e+06,1.7128e+06,1.7572e+06,1.8013e+06,1.866e+06,1.8918e+06,1.9375e+06,1.9888e+06,2.0309e+06,2.0833e+06,2.1255e+06,2.1905e+06,2.2305e+06,2.2717e+06,2.3284e+06,2.3809e+06,2.4307e+06,2.5097e+06,2.888e+06,2.622e+06,2.653e+06,2.7416e+06,2.7544e+06
200,700,1800,3000,4900,7400,10300,13700,17500,22000,26900,32500,38300,44800,65900,59400,67500,76100,85200,94900,118000,116300,127600,139600,169500,165900,178900,205200,207800,223100,243500,303500,279100,289800,315600,326500,345800,372500,385900,406600,434700,457100,479500,495600,519400,557400,575600,600300,626000,652500,679700,711300,735800,770500,800500,822000,852500,883100,914400,946600,979600,1.0183e+06,1.0526e+06,1.0895e+06,1.1214e+06,1.156e+06,1.1919e+06,1.2275e+06,1.2748e+06,1.419e+06,1.342e+06,1.3849e+06,1.4137e+06,1.4575e+06,1.5113e+06,1.5569e+06,1.591e+06,1.6292e+06,1.6706e+06,1.7142e+06,1.7573e+06,1.8014e+06,1.8463e+06,1.9087e+06,1.9366e+06,1.989e+06,2.0304e+06,2.0836e+06,2.1261e+06,2.1801e+06,2.2127e+06,2.2719e+06,2.3225e+06,2.3725e+06,2.5664e+06,2.4607e+06,2.2836e+06,2.5985e+06,2.6569e+06,2.7475e+06,2.9198e+06
201,900,2200,4500,6900,7800,10600,14100,18100,22600,27500,33400,39200,45500,52400,60000,77600,76700,86000,95900,106200,126100,128400,164100,163400,168500,180600,210200,209300,238200,239600,266700,272600,297400,308200,333900,345800,372900,393400,406800,428300,457700,480500,483000,469600,561500,679500,697500,703600,655000,680000,707100,735700,766400,798600,822400,858600,883400,906500,950100,991800,1.0185e+06,1.0522e+06,1.0795e+06,1.1145e+06,1.1563e+06,1.1912e+06,1.2273e+06,1.2645e+06,1.3004e+06,1.349e+06,1.3788e+06,1.4175e+06,1.4675e+06,1.5063e+06,1.5396e+06,1.5816e+06,1.63e+06,1.5715e+06,2.1601e+06,2.1987e+06,2.2537e+06,2.3098e+06,2.3648e+06,2.1399e+06,2.488e+06,2.5522e+06,2.601e+06,2.6668e+06,2.7629e+06,2.8045e+06,2.8528e+06,2.9162e+06,3.326e+06,3.0855e+06,3.0854e+06,3.1703e+06,3.225e+06,3.3686e+06,3.3833e+06,3.4772e+06
202,700,2800,3300,5500,7500,10300,13700,17400,22000,27100,32500,38700,44900,51900,59400,67400,92300,130300,95900,106200,116500,127800,163800,162300,165300,178900,202400,208000,231200,239400,255500,272900,297900,326200,335700,346800,377400,395900,406700,435400,457300,482200,502800,526200,550500,589700,600400,626400,652500,679300,706900,741300,768600,800900,822600,852600,883300,921200,960900,985500,1.0184e+06,1.0456e+06,1.086e+06,1.1209e+06,1.1564e+06,1.1915e+06,1.228e+06,1.2644e+06,1.3175e+06,1.3427e+06,1.3792e+06,1.4241e+06,1.4576e+06,1.5189e+06,1.541e+06,1.5869e+06,1.6278e+06,1.6717e+06,1.7144e+06,1.7581e+06,1.802e+06,1.8545e+06,1.8915e+06,1.9386e+06,1.9958e+06,2.0306e+06,2.0929e+06,2.1176e+06,2.1805e+06,2.229e+06,2.2741e+06,2.3287e+06,2.3787e+06,2.4294e+06,2.4957e+06,2.5353e+06,2.5924e+06,2.6462e+06,2.6961e+06,2.7583e+06
203,500,1400,2800,4700,7100,9900,13400,17300,21800,26800,32200,38300,44900,51900,59400,67400,76100,92300,95100,105500,116300,134700,139800,152400,165400,180600,205500,208200,232500,239200,255600,279600,290000,308200,333500,345900,372800,393300,406700,435000,457100,479500,502800,526300,543400,568000,609000,627500,653600,679700,706800,750600,763400,792400,829400,852700,889300,914700,952500,1.0049e+06,1.0163e+06,1.0461e+06,1.0855e+06,1.1212e+06,1.1568e+06,1.1918e+06,1.2656e+06,1.2746e+06,1.3036e+06,1.4175e+06,1.4017e+06,1.4387e+06,1.5676e+06,1.8284e+06,1.8724e+06,1.9269e+06,1.9874e+06,2.037e+06,1.908e+06,2.0364e+06,1.9984e+06,2.0772e+06,2.0574e+06,2.2461e+06,2.2093e+06,2.1346e+06,2.1591e+06,2.1414e+06,2.1871e+06,2.2295e+06,2.2731e+06,2.3285e+06,2.8435e+06,2.9725e+06,2.9487e+06,2.9999e+06,2.6961e+06,2.6425e+06,2.7172e+06,2.7926e+06
204,700,1600,3600,4700,7800,10100,13700,17300,21900,26800,32600,38500,44700,51700,69300,67400,77000,85100,95000,114600,116300,127600,139500,153900,165900,191000,239100,209200,235600,239800,266300,273300,299200,309000,327500,354700,366600,394800,415900,437000,467000,470200,511300,535500,553600,575500,652100,790900,819900,851800,893600,877600,956500,964800,857000,955300,1.0344e+06,1.1602e+06,1.1635e+06,1.1617e+06,1.2576e+06,1.3022e+06,1.3055e+06,1.3326e+06,1.44e+06,1.5218e+06,1.5375e+06,1.5834e+06,1.6298e+06,1.6776e+06,1.7415e+06,2.2059e+06,1.8796e+06,1.8821e+06,1.925e+06,1.9853e+06,2.0378e+06,2.0913e+06,2.1402e+06,2.0621e+06,2.121e+06,1.8479e+06,1.8936e+06,1.9389e+06,2.0334e+06,2.0422e+06,2.3932e+06,2.4763e+06,2.6734e+06,2.7605e+06,2.7665e+06,2.7411e+06,3.0928e+06,3.0543e+06,3.0229e+06,3.1274e+06,3.2409e+06,3.3132e+06,3.3735e+06,3.4782e+06
205,700,1600,3400,6700,10400,13500,14400,18400,22500,27100,32800,38800,45000,52000,59400,67500,76100,85300,105200,105400,119400,140400,140200,152600,174200,179400,194100,216600,224200,247700,256600,281200,290500,316500,326600,354100,373900,386600,417000,437300,458800,481600,496300,626100,693200,722200,753100,785800,865900,702700,761000,785100,765100,793300,639000,875800,685200,1.0727e+06,955200,849900,1.1425e+06,1.267e+06,1.3029e+06,1.3883e+06,1.4589e+06,1.4752e+06,1.5144e+06,1.5622e+06,1.319e+06,1.6717e+06,1.7047e+06,1.8346e+06,1.4561e+06,1.923e+06,1.9824e+06,1.9641e+06,2.0982e+06,2.0901e+06,2.1484e+06,2.2133e+06,2.2547e+06,2.3445e+06,2.3944e+06,2.4863e+06,2.4651e+06,2.6177e+06,2.688e+06,2.6884e+06,2.6199e+06,2.7639e+06,2.9326e+06,2.9177e+06,2.9416e+06,3.0668e+06,3.1603e+06,3.1829e+06,3.2493e+06,3.4195e+06,3.4586e+06,3.4441e+06
206,800,1800,3600,5800,8700,12500,16800,23000,30600,35000,33600,52700,45400,52300,59500,67500,76200,85300,105800,105500,116400,127700,147600,152200,165300,186200,193100,208000,230200,239000,262300,272300,310600,308100,315300,356600,366000,393600,413600,435100,450200,479800,502400,526400,550300,575100,600100,626200,652600,679500,703800,674200,765800,799300,822400,858900,883500,921300,946900,985600,1.0187e+06,1.0465e+06,1.0947e+06,1.1206e+06,1.2261e+06,1.2063e+06,1.2304e+06,1.2655e+06,1.3023e+06,1.3466e+06,1.3795e+06,1.4232e+06,1.4789e+06,1.5179e+06,1.5473e+06,1.5924e+06,1.9369e+06,2.0178e+06,2.0653e+06,1.9491e+06,1.8783e+06,2.2884e+06,2.2809e+06,2.2658e+06,2.4895e+06,2.4483e+06,2.6985e+06,2.6599e+06,2.7761e+06,2.8457e+06,2.9458e+06,2.9736e+06,3.0898e+06,3.1364e+06,3.0883e+06,3.2473e+06,3.2505e+06,3.2822e+06,3.3006e+06,3.3322e+06
207,1200,1700,3200,5200,7400,10300,13700,17600,21900,27000,32400,51700,45300,52100,59400,67500,96900,107900,119400,140500,145500,159700,174600,152300,196500,213700,242100,260000,298200,298700,319500,340600,309900,308000,326800,353400,365600,393000,414000,435100,450200,479500,502800,526300,550400,575200,590100,636200,663500,751400,787700,737800,764200,798700,822600,852400,889600,921100,946800,993700,1.0198e+06,1.068e+06,1.1074e+06,1.1226e+06,1.1564e+06,1.1917e+06,1.2289e+06,1.2647e+06,1.3021e+06,1.3359e+06,1.4007e+06,1.4178e+06,1.4648e+06,1.498e+06,1.5463e+06,1.5798e+06,1.6212e+06,1.6707e+06,1.9396e+06,1.7603e+06,2.0266e+06,2.2329e+06,2.3275e+06,2.28e+06,1.9871e+06,2.3434e+06,2.5093e+06,2.5521e+06,2.4148e+06,2.7064e+06,2.5851e+06,2.8225e+06,3.034e+06,3.041e+06,3.1151e+06,3.1793e+06,3.4117e+06,3.3153e+06,3.3712e+06,3.5015e+06
208,900,2200,3800,6200,9300,12700,18200,22100,27500,34900,39500,53200,58100,52800,60000,67500,76200,85300,107900,105500,116400,118200,141200,153800,181200,180700,193600,208300,223500,251000,268700,272700,315800,308400,335800,353900,365900,393500,414600,435800,450300,480400,503500,527800,551500,575900,753000,784800,826600,879200,904200,921100,956500,970000,1.0303e+06,955100,1.1189e+06,1.1467e+06,1.1934e+06,1.2262e+06,1.0294e+06,1.0624e+06,1.2057e+06,1.1615e+06,1.2087e+06,1.1938e+06,1.2301e+06,1.3069e+06,1.4884e+06,1.4544e+06,1.5496e+06,1.4298e+06,1.5061e+06,1.4998e+06,1.5469e+06,1.5849e+06,1.6227e+06,1.6723e+06,1.7143e+06,1.757e+06,1.8012e+06,1.8452e+06,1.8915e+06,1.9022e+06,1.9871e+06,2.0292e+06,2.0838e+06,2.1242e+06,2.1731e+06,2.2293e+06,2.2917e+06,2.6248e+06,2.8396e+06,2.9253e+06,3.1209e+06,3.1822e+06,3.2635e+06,3.3926e+06,3.3904e+06,3.4592e+06
209,800,2200,6700,6600,9000,10400,13800,17700,22000,26900,32300,47900,55900,64800,74400,84300,109800,107300,118900,131500,145200,171800,174700,190200,218200,223600,241400,271500,279000,240800,272100,273900,307300,309600,327300,355500,381200,386300,415100,437200,458600,473100,496500,527800,609300,687700,610100,635800,663000,728100,716600,735500,763600,792800,822100,852800,889100,917800,946700,986400,1.0195e+06,1.0462e+06,1.0863e+06,1.1226e+06,1.156e+06,1.1921e+06,1.2282e+06,1.2992e+06,1.3499e+06,1.3652e+06,1.3861e+06,1.4186e+06,1.6164e+06,1.808e+06,1.8791e+06,1.9744e+06,2.0248e+06,1.9872e+06,2.0807e+06,2.1981e+06,2.2537e+06,2.2448e+06,2.1688e+06,2.089e+06,2.4407e+06,2.5647e+06,2.6119e+06,2.6802e+06,2.74e+06,2.7947e+06,2.8721e+06,2.9256e+06,3.0398e+06,3.0674e+06,3.1216e+06,3.1136e+06,3.1926e+06,3.2205e+06,3.2411e+06,3.5056e+06
210,700,1700,4100,6700,9600,10900,14100,17500,21900,26900,32400,52000,44700,51800,59300,67400,76000,87000,176600,106000,116500,143300,151900,152200,165200,187400,193100,207900,231100,239100,262400,272400,296700,307900,333600,352900,365600,392600,413600,427900,450000,427100,527900,526700,550400,575500,600100,626000,652900,679600,706900,735400,763500,799000,822500,858700,820900,924100,944200,985900,1.0202e+06,1.052e+06,1.0799e+06,1.1148e+06,1.1563e+06,1.1918e+06,1.2282e+06,1.2646e+06,1.4223e+06,984500,1.3853e+06,1.418e+06,1.4635e+06,1.4984e+06,1.5454e+06,1.58e+06,1.6173e+06,1.6713e+06,1.7158e+06,1.7567e+06,1.8052e+06,1.8467e+06,1.8914e+06,1.9442e+06,1.9836e+06,2.03e+06,2.0832e+06,2.1252e+06,2.1803e+06,2.2315e+06,2.299e+06,2.3296e+06,2.3786e+06,2.4341e+06,2.4818e+06,2.567e+06,2.5873e+06,2.6411e+06,2.6951e+06,2.7549e+06
211,500,1400,2600,4600,6900,10400,13200,17200,21900,28200,33200,38900,45500,52000,59500,84500,95100,106600,171200,131700,145400,159600,187800,190200,206600,235300,241500,337500,225300,240300,256600,283000,290700,308800,336600,346800,405200,397700,407400,428400,460900,481900,504900,529000,552200,576600,602200,634200,663300,688900,683900,826000,816300,801400,822700,860300,894600,921100,946800,985300,1.0185e+06,1.0529e+06,1.0803e+06,1.1208e+06,1.1563e+06,1.1924e+06,1.226e+06,1.2714e+06,1.3024e+06,1.3405e+06,1.3788e+06,1.4277e+06,1.4583e+06,1.5036e+06,1.5391e+06,1.7611e+06,1.651e+06,1.7053e+06,1.7164e+06,1.7571e+06,1.8001e+06,1.8712e+06,1.9038e+06,1.9452e+06,2.2291e+06,2.5801e+06,2.5942e+06,2.651e+06,2.7282e+06,2.7888e+06,3.2315e+06,2.9508e+06,3.0242e+06,3.0536e+06,3.2831e+06,3.1827e+06,3.2497e+06,3.3235e+06,3.3874e+06,3.4592e+06
212,900,2400,3300,5400,7500,10300,34100,17500,21900,26900,32400,38600,44900,51700,59300,67400,76000,85100,95000,105300,123300,127700,139700,152200,172400,178800,193200,214800,223100,246400,255500,279700,289900,277100,335000,347400,381000,403600,408400,443500,460100,480200,502700,526200,550400,575100,600400,626500,653000,679400,686100,742500,777100,794800,832600,1.0321e+06,1.071e+06,1.1327e+06,1.1778e+06,1.1956e+06,1.2755e+06,1.0601e+06,1.0976e+06,1.1325e+06,1.1602e+06,1.1923e+06,1.2301e+06,1.2747e+06,1.3052e+06,1.7159e+06,1.6921e+06,1.7422e+06,1.7655e+06,1.8172e+06,1.8746e+06,1.7987e+06,1.8392e+06,1.833e+06,1.9769e+06,2.0024e+06,2.0133e+06,2.0046e+06,2.1614e+06,2.1382e+06,2.073e+06,2.0843e+06,2.2269e+06,2.2097e+06,2.4042e+06,2.5561e+06,2.4491e+06,2.7123e+06,2.704e+06,2.8484e+06,2.8283e+06,2.8799e+06,2.972e+06,2.9351e+06,2.9832e+06,3.2751e+06
213,800,1700,3000,5100,7300,10200,8600,13100,22500,27100,32700,38600,45000,51800,59300,67300,75900,95300,95000,105400,116200,135300,133800,152300,255500,185000,234900,260900,279300,311600,319300,353400,362300,396200,494400,345800,469400,493900,508100,581600,574600,602200,631800,660600,690300,721000,753400,785200,772200,864900,899000,941200,958300,1.002e+06,1.0404e+06,1.0809e+06,1.1074e+06,1.1535e+06,1.1872e+06,1.0995e+06,1.0223e+06,1.0638e+06,1.0892e+06,1.1169e+06,1.1517e+06,1.1873e+06,1.2299e+06,1.2665e+06,1.3041e+06,1.3426e+06,1.4152e+06,1.42e+06,1.4655e+06,1.5017e+06,1.5477e+06,1.5827e+06,1.6207e+06,1.6738e+06,1.7477e+06,1.7588e+06,1.8029e+06,1.8467e+06,1.8924e+06,1.9443e+06,1.985e+06,2.11e+06,2.0896e+06,2.129e+06,2.1838e+06,2.2321e+06,2.2892e+06,2.7005e+06,2.7227e+06,2.459e+06,2.5201e+06,3.113e+06,2.8906e+06,2.8523e+06,3.0702e+06,2.7557e+06
214,700,1800,3400,4900,7300,10200,13700,17600,22000,27000,32400,38500,45000,52000,59500,67500,77600,85800,95600,105500,116100,137700,139600,152300,173600,178900,193100,223200,223900,247700,255700,279700,290100,315300,326800,352900,373100,386000,413900,435100,457000,472600,507200,600300,697500,657900,662800,633900,779000,851600,885800,888100,964300,951100,1.0552e+06,892400,898500,950500,1.194e+06,1.2342e+06,1.2679e+06,1.3097e+06,1.3603e+06,1.4135e+06,1.4313e+06,1.4824e+06,1.5378e+06,1.5843e+06,1.6399e+06,1.6792e+06,1.7257e+06,1.6644e+06,1.8358e+06,1.8745e+06,1.8821e+06,1.9509e+06,2.0836e+06,2.12e+06,1.9283e+06,2.1083e+06,2.2707e+06,2.3209e+06,2.4246e+06,2.4358e+06,2.494e+06,2.5143e+06,2.5768e+06,2.6796e+06,2.6659e+06,2.7663e+06,2.7652e+06,2.819e+06,2.8286e+06,2.6389e+06,2.8407e+06,2.9925e+06,2.8366e+06,2.9132e+06,3.0642e+06,3.1042e+06
215,700,1700,3400,5000,7400,10300,14500,18000,21900,26800,32600,38600,44800,51800,59400,67300,75900,85400,94900,115000,116200,127600,139600,161100,165200,223600,252800,259800,239600,255400,256000,282700,289900,315400,326700,352800,372600,385800,413400,435000,457000,472700,503000,526200,550100,574700,599900,629000,653300,686000,707300,735100,763600,798800,822700,858900,883500,921500,946600,985300,1.0294e+06,1.0599e+06,1.0919e+06,1.1212e+06,1.1557e+06,1.1922e+06,1.2286e+06,1.2649e+06,1.3028e+06,1.3408e+06,1.53e+06,1.4465e+06,1.6183e+06,1.5836e+06,1.5971e+06,1.5974e+06,1.6219e+06,1.8271e+06,1.8455e+06,1.9677e+06,1.8225e+06,1.9054e+06,1.9021e+06,1.9373e+06,1.9851e+06,2.03e+06,2.0781e+06,2.131e+06,2.1978e+06,2.2222e+06,2.2794e+06,2.3543e+06,2.3862e+06,2.4315e+06,2.4935e+06,2.5346e+06,2.5977e+06,2.9755e+06,3.0058e+06,3.1184e+06
216,800,1800,3300,5100,7400,10300,13600,17600,21900,47600,21700,39700,46400,68400,59700,67700,76000,85300,95100,114500,116300,127600,139700,160000,178600,178900,193100,215700,223300,246300,255500,280000,289900,315200,326600,352900,372800,385900,394500,436300,457500,472500,495700,526300,554100,579200,603000,628300,654100,681800,708100,741800,764300,797300,829800,853300,889900,915500,954400,988100,1.0134e+06,1.0455e+06,1.0874e+06,1.1924e+06,1.4472e+06,1.5048e+06,1.6074e+06,1.5837e+06,1.329e+06,1.4483e+06,1.5313e+06,1.5556e+06,1.6664e+06,1.5156e+06,1.5404e+06,1.5865e+06,1.6284e+06,1.6707e+06,1.7139e+06,1.7339e+06,1.8044e+06,1.8463e+06,1.8908e+06,1.9385e+06,1.989e+06,2.029e+06,2.1146e+06,2.7025e+06,2.3759e+06,2.5445e+06,2.7616e+06,2.8991e+06,2.993e+06,3.0534e+06,3.1186e+06,3.2588e+06,3.2503e+06,3.3242e+06,3.3836e+06,3.4529e+06
217,700,1900,3600,6000,9000,12500,17300,22500,28000,33400,40400,47900,55800,101800,61100,69100,91500,85900,95700,105600,126300,127600,139700,152300,172500,179000,193200,215000,223400,246100,255600,279700,290000,315000,403300,370100,366000,396000,415800,428600,452800,451100,497300,519000,543400,568100,593400,626300,652900,680100,707200,760600,766900,794600,829700,853200,902800,916100,953800,986600,1.0131e+06,1.0531e+06,1.0868e+06,1.124e+06,1.2002e+06,1.2933e+06,1.2367e+06,1.2766e+06,1.3044e+06,1.3476e+06,1.3788e+06,1.4222e+06,1.4607e+06,1.4988e+06,1.6086e+06,1.6471e+06,1.6287e+06,1.6718e+06,1.7329e+06,1.761e+06,1.8255e+06,1.8473e+06,2.1855e+06,2.2633e+06,2.4093e+06,2.4295e+06,2.5176e+06,2.5602e+06,2.4691e+06,2.4833e+06,2.6353e+06,2.6892e+06,2.762e+06,2.867e+06,2.9254e+06,2.9858e+06,3.0233e+06,3.1323e+06,3.1927e+06,3.1322e+06
218,900,1800,3200,5000,7400,10500,13800,17700,22100,27000,32500,38500,44900,51800,59500,67500,76100,85300,95200,105400,116300,135100,139700,152300,173600,170100,194100,208600,223300,239100,255500,280500,290100,308200,334300,346000,374300,393000,406800,435100,457400,479800,502900,526400,550300,575200,600500,652200,652700,680100,711200,735200,763300,792900,829400,852800,889700,915000,952800,979500,1.0414e+06,1.0325e+06,1.0862e+06,1.1214e+06,1.1559e+06,1.1916e+06,1.2281e+06,1.272e+06,1.3084e+06,1.3405e+06,1.3881e+06,1.4342e+06,1.4578e+06,1.5051e+06,1.539e+06,1.5866e+06,1.6277e+06,1.6712e+06,1.6292e+06,1.8443e+06,1.803e+06,1.8604e+06,2.2681e+06,2.3396e+06,2.4233e+06,2.4927e+06,2.6076e+06,2.6601e+06,2.7279e+06,2.8331e+06,2.8763e+06,2.9622e+06,3.0039e+06,3.0623e+06,3.1177e+06,3.2102e+06,3.2836e+06,3.4488e+06,3.3832e+06,3.5025e+06
219,800,2000,3400,5500,10500,10300,13900,17600,21900,27000,32600,38700,45200,51900,70700,67500,76000,85200,95000,112900,116300,127700,139700,159300,165300,178900,200300,208000,231100,225200,256500,284700,290100,308000,333500,345800,372500,392900,406700,435000,457600,480100,502900,526500,543400,568300,600400,626400,652800,678800,724800,735500,763800,798900,822100,1.8715e+06,897700,916400,954300,986900,1.0139e+06,1.0467e+06,1.0804e+06,1.1224e+06,1.1561e+06,1.1934e+06,1.2277e+06,1.2651e+06,1.3023e+06,1.3398e+06,1.3789e+06,1.4273e+06,1.4574e+06,1.5038e+06,1.5504e+06,1.5794e+06,1.6277e+06,1.6707e+06,1.7137e+06,1.7575e+06,1.8072e+06,1.8467e+06,1.892e+06,1.9513e+06,1.9841e+06,2.0302e+06,2.0853e+06,2.1625e+06,2.1744e+06,2.2293e+06,2.2786e+06,2.3294e+06,2.3927e+06,2.4315e+06,2.4815e+06,2.5345e+06,2.5932e+06,2.6436e+06,3.0273e+06,3.1238e+06
220,800,1700,3200,5100,7400,10200,13700,17600,22000,27000,33600,39600,46100,53600,60300,68000,90300,85300,95000,105300,116200,137300,139700,152200,172700,178900,193200,214900,223100,246000,255400,279200,290000,315300,326600,372200,376400,385600,408900,436200,457500,472700,495800,526500,550500,575200,600300,626200,653200,679900,707200,735100,718300,904100,796500,883100,884500,922300,947700,979500,1.0199e+06,1.0529e+06,1.087e+06,1.2407e+06,1.4473e+06,1.3315e+06,1.5669e+06,1.5834e+06,1.6296e+06,1.6771e+06,1.7461e+06,1.774e+06,1.8517e+06,1.9196e+06,1.9347e+06,1.9848e+06,1.8776e+06,1.7565e+06,1.7238e+06,1.7358e+06,1.8414e+06,1.8542e+06,1.8934e+06,1.9516e+06,1.9851e+06,2.0379e+06,2.1021e+06,2.3911e+06,2.4243e+06,2.5572e+06,2.65e+06,2.7169e+06,2.7376e+06,2.9456e+06,3.1405e+06,3.2145e+06,3.2496e+06,3.3499e+06,3.4081e+06,3.4654e+06
221,900,2200,2800,5500,7500,10300,13800,17400,22000,26900,32500,38500,67600,52700,59900,67600,76100,85300,142900,117200,116400,127700,139700,152300,165300,187700,193300,216400,223300,239300,263900,272500,298200,316200,368600,354800,366400,396400,434400,428000,450100,479900,503000,526400,550500,575000,600300,626300,652700,679500,713400,735200,763700,783000,818800,854600,883800,926700,950100,985700,1.018e+06,1.0458e+06,1.0859e+06,1.1342e+06,1.1559e+06,1.2104e+06,1.5136e+06,1.586e+06,1.6247e+06,1.6329e+06,1.7097e+06,1.7289e+06,1.8945e+06,1.8865e+06,1.9252e+06,1.9252e+06,1.9773e+06,2.0205e+06,2.0648e+06,1.784e+06,2.1714e+06,2.1322e+06,2.2034e+06,2.2573e+06,2.4994e+06,2.3561e+06,2.4113e+06,2.4418e+06,2.4387e+06,2.5061e+06,2.7556e+06,2.7376e+06,2.865e+06,2.7035e+06,2.9993e+06,3.0996e+06,3.1236e+06,3.2181e+06,3.2943e+06,3.2953e+06
222,800,1900,3300,5500,7500,10300,13800,17500,21900,26900,32500,38200,44700,51700,74300,67300,95100,108500,96800,107100,116900,128200,139800,152300,174100,179100,193200,215200,223200,246200,255500,279400,290000,314800,326700,352800,372500,385800,413900,435200,402800,463800,504600,526100,550500,575600,600200,626300,653200,679900,706800,741200,764000,792800,828500,852600,892900,915100,952900,985800,1.0303e+06,1.0475e+06,1.0877e+06,1.1218e+06,1.1569e+06,1.1975e+06,1.229e+06,1.2664e+06,1.3172e+06,1.3419e+06,1.3972e+06,1.4365e+06,1.4694e+06,1.5138e+06,1.4916e+06,1.5872e+06,1.7082e+06,1.669e+06,1.7079e+06,1.7651e+06,1.8015e+06,1.8468e+06,1.8952e+06,1.9687e+06,1.9835e+06,2.0362e+06,2.0765e+06,2.133e+06,2.1801e+06,2.4448e+06,2.7363e+06,2.8043e+06,2.8468e+06,2.9087e+06,3.1369e+06,3.1734e+06,3.2384e+06,3.2518e+06,3.4302e+06,3.4539e+06
223,800,2400,4100,5100,7400,10200,13700,17500,22000,27000,32600,34600,55200,52400,60100,67600,76100,85200,95000,105200,116300,127700,148400,152300,165300,187300,193400,207900,223100,239000,263800,272600,298200,308100,326700,354400,365900,446300,408200,550100,577900,603200,630700,659900,690000,720900,752700,785200,817700,851700,886000,856500,959300,1.0257e+06,1.0489e+06,1.068e+06,1.1144e+06,1.1454e+06,1.1853e+06,1.2342e+06,1.3112e+06,1.3502e+06,1.3474e+06,1.4043e+06,1.3947e+06,1.492e+06,1.5365e+06,1.5264e+06,1.6187e+06,1.6253e+06,1.6826e+06,1.4883e+06,1.6343e+06,1.69e+06,1.6459e+06,1.7934e+06,1.7411e+06,1.8441e+06,1.9213e+06,1.9414e+06,2.0444e+06,1.8785e+06,2.1503e+06,2.2242e+06,2.2917e+06,2.3235e+06,2.27e+06,2.382e+06,2.7296e+06,2.7893e+06,2.7714e+06,2.9143e+06,2.9998e+06,3.1177e+06,3.1913e+06,3.2944e+06,3.2627e+06,3.3651e+06,3.5513e+06,3.4875e+06
224,900,2400,3400,5100,7600,10400,13800,17600,22100,27000,32600,38500,44900,51900,111900,77600,76700,85700,106700,105500,116300,127800,168900,152300,165300,189000,193300,208100,223500,239800,263500,272500,297900,308300,327000,353800,365700,394300,415200,435800,450300,480600,544000,660300,745000,588700,674600,696800,654800,686100,707100,735500,763500,798700,822500,858600,883300,895800,958800,986000,1.0127e+06,1.0526e+06,1.0939e+06,1.121e+06,1.1563e+06,1.1913e+06,1.2286e+06,1.2647e+06,1.2423e+06,1.3515e+06,1.3797e+06,1.4181e+06,1.4646e+06,1.4977e+06,1.545e+06,1.5862e+06,1.6347e+06,1.6753e+06,1.7144e+06,1.7657e+06,1.8018e+06,1.8465e+06,1.8913e+06,1.9695e+06,1.9858e+06,2.0363e+06,2.0769e+06,2.1325e+06,2.1747e+06,2.2263e+06,2.2721e+06,2.3271e+06,2.3785e+06,2.4299e+06,2.4816e+06,2.8058e+06,2.591e+06,2.6432e+06,2.7009e+06,2.7481e+06
225,500,1400,2700,4500,7000,10000,13300,17300,21700,26700,32300,39700,45600,52400,59300,67400,76000,85100,94900,105300,116300,127700,139500,152100,172300,178900,193200,238600,223300,249100,256300,281500,290900,317100,330200,347600,380400,408100,406900,428400,458100,481200,503900,550900,553000,577900,612400,784800,818400,851500,908800,901100,956800,959900,1.0311e+06,931300,1.1371e+06,1.1707e+06,1.2482e+06,1.2744e+06,1.1005e+06,1.0638e+06,1.1077e+06,1.1328e+06,1.1706e+06,1.2485e+06,1.2893e+06,1.3878e+06,1.3147e+06,1.3269e+06,1.4727e+06,1.4255e+06,1.4638e+06,1.6918e+06,1.8146e+06,1.9711e+06,2.3295e+06,1.8709e+06,1.972e+06,2.0061e+06,2.1687e+06,2.1128e+06,1.9041e+06,1.9855e+06,2.0049e+06,2.0408e+06,2.0942e+06,2.1292e+06,2.1946e+06,2.2288e+06,2.2774e+06,2.3275e+06,2.3857e+06,2.4531e+06,3.1098e+06,3.1725e+06,3.3033e+06,3.4624e+06,3.4473e+06,3.4276e+06
226,900,1800,3400,5200,7500,10300,13500,17500,21800,26900,32500,38400,45000,65900,59400,67400,76100,85200,95000,114500,116400,127700,139600,159300,165300,178900,200200,208000,230200,239000,255500,272500,301800,308700,327000,410300,374500,385800,415700,435400,457200,472300,495800,526500,550300,574900,600200,626300,658800,679600,707000,734900,767400,810600,836300,874800,890900,915400,954100,986700,1.0131e+06,1.0531e+06,1.0871e+06,1.2536e+06,1.1512e+06,1.1958e+06,1.282e+06,1.2815e+06,1.3131e+06,1.3514e+06,1.4144e+06,1.4194e+06,1.5782e+06,1.8518e+06,1.8826e+06,1.9792e+06,1.9778e+06,1.901e+06,2.1016e+06,2.1056e+06,2.2544e+06,2.308e+06,2.348e+06,2.3884e+06,2.4975e+06,2.5533e+06,2.6191e+06,2.6796e+06,2.7522e+06,2.7519e+06,2.8776e+06,2.9177e+06,3.0009e+06,3.0533e+06,3.1615e+06,3.1831e+06,3.257e+06,3.3167e+06,3.3918e+06,3.467e+06
227,900,2200,3300,5400,7500,23700,13600,17500,21800,26900,32500,38600,45000,51800,59400,98800,76000,85200,95100,107200,131900,129400,141200,152900,165600,179100,205800,208000,223300,246800,255700,280900,290000,315200,326800,352800,372500,386100,413800,435000,457500,479800,495900,526400,558400,578100,600900,760600,658300,681000,708000,734900,769500,792700,822400,858800,883200,920900,952900,980000,1.0238e+06,1.0524e+06,1.0859e+06,1.1208e+06,1.1574e+06,1.1915e+06,1.2281e+06,1.2648e+06,1.3025e+06,1.3461e+06,1.3897e+06,1.4198e+06,1.4643e+06,1.4987e+06,1.5463e+06,1.5855e+06,1.6301e+06,1.6714e+06,1.7392e+06,1.7596e+06,1.9622e+06,1.8491e+06,1.8987e+06,1.9395e+06,1.9864e+06,2.0582e+06,2.0899e+06,2.1444e+06,2.1923e+06,2.2603e+06,2.5612e+06,2.6639e+06,2.6336e+06,2.7669e+06,2.8947e+06,2.9219e+06,2.9259e+06,2.9271e+06,3.1294e+06,3.1915e+06
228,900,1700,3200,5100,7300,10400,13700,17500,22100,26900,32700,52800,45000,51900,59300,67300,76100,85300,104600,105400,116200,127700,146900,152200,165200,186000,193300,208000,230400,238900,262500,272400,296900,295000,326700,354500,376700,385800,413700,435100,459500,474300,620400,600700,558800,577800,600800,626100,652500,683700,707100,735400,763800,799200,822700,856300,883500,920900,946800,986400,1.0202e+06,1.0987e+06,1.1826e+06,1.2192e+06,1.1678e+06,1.1718e+06,1.2337e+06,1.2658e+06,1.3104e+06,1.3408e+06,1.3793e+06,1.443e+06,1.4577e+06,1.5035e+06,1.5444e+06,1.5883e+06,1.6281e+06,1.6968e+06,1.7085e+06,1.7516e+06,2.001e+06,2.2349e+06,2.5672e+06,2.3933e+06,2.1953e+06,2.2087e+06,2.2733e+06,2.4061e+06,2.4289e+06,2.4123e+06,2.4574e+06,2.4209e+06,2.3902e+06,2.4408e+06,2.4946e+06,2.5681e+06,2.9172e+06,3.1393e+06,3.3443e+06,3.4476e+06
229,800,2500,23000,6300,9000,12700,16900,21700,28300,33500,40300,47900,55900,103800,81400,108400,102200,113900,127000,136400,159300,161700,179000,205100,221000,257800,257800,289600,297400,318500,340600,363300,398600,422300,435400,472700,487600,514500,553900,446200,482600,490500,534900,520900,544900,648600,600900,626200,652400,679600,715000,723800,767400,793200,822400,859400,884000,921700,952900,979400,1.0189e+06,1.0601e+06,1.0971e+06,1.1457e+06,1.1577e+06,1.4044e+06,1.5102e+06,1.5431e+06,1.5736e+06,1.7016e+06,1.6944e+06,1.6751e+06,1.8016e+06,1.8748e+06,1.9331e+06,2.435e+06,2.0378e+06,2.111e+06,2.0737e+06,2.0909e+06,2.3189e+06,2.322e+06,2.3878e+06,2.4403e+06,2.5231e+06,2.4432e+06,2.5997e+06,2.6794e+06,2.7544e+06,2.8117e+06,2.7222e+06,2.6847e+06,3.008e+06,2.6107e+06,2.8188e+06,2.9714e+06,3.2565e+06,3.3199e+06,3.3112e+06,3.3655e+06
230,800,2300,4300,5000,7400,10300,13700,17700,22100,27000,32700,38600,45100,61800,59500,67600,76200,85300,95200,113000,116400,127700,139700,160100,165400,179000,200400,208000,230600,239200,257300,288900,291700,328100,342500,346200,376200,393200,406600,435200,456600,479500,502600,528300,551000,575200,600500,626300,652000,680000,712700,742100,763900,793100,829500,852600,889500,914600,953500,985500,1.0122e+06,1.0518e+06,1.0905e+06,1.1233e+06,1.1566e+06,1.192e+06,1.2359e+06,1.265e+06,1.3036e+06,1.3465e+06,1.3791e+06,1.4124e+06,1.4641e+06,1.4976e+06,1.5391e+06,1.5858e+06,1.6282e+06,1.6644e+06,1.7145e+06,1.7521e+06,1.8019e+06,1.8467e+06,1.8981e+06,1.9372e+06,1.9833e+06,2.0366e+06,1.8994e+06,2.1266e+06,2.1903e+06,2.2288e+06,2.2779e+06,2.3397e+06,2.3829e+06,2.4303e+06,2.4819e+06,2.5345e+06,2.6043e+06,2.6445e+06,2.6946e+06,2.7495e+06
231,500,1300,2800,4600,7100,9800,13400,25100,21900,26800,32300,38400,44900,53600,75000,69100,77700,85900,95700,116000,118300,147100,141200,153600,176000,180800,194900,218300,225000,248900,257200,282500,291900,317800,328400,355900,374900,387500,426800,430000,469100,504600,515500,535200,551700,562000,602800,626500,660300,679700,707100,735400,770300,815000,823500,858900,883500,921300,953700,967700,1.0195e+06,1.0518e+06,1.0858e+06,1.1206e+06,1.1571e+06,1.1829e+06,1.229e+06,1.2653e+06,1.3022e+06,1.331e+06,1.3934e+06,1.4681e+06,1.4648e+06,1.5174e+06,1.7247e+06,1.7016e+06,1.7715e+06,1.6834e+06,1.7154e+06,1.757e+06,1.823e+06,1.843e+06,1.8926e+06,1.9369e+06,1.9621e+06,2.0306e+06,2.098e+06,2.1256e+06,2.1794e+06,2.2276e+06,2.2767e+06,2.3238e+06,2.3958e+06,2.4298e+06,2.4896e+06,2.5339e+06,2.5683e+06,2.6351e+06,2.712e+06,2.7607e+06
232,700,1800,3200,4900,7300,10200,13800,17500,22100,28000,32800,38600,45000,64900,59400,78600,77700,85900,95600,105500,116300,140600,139700,152100,174900,178900,193100,216800,223400,248000,255500,281700,290200,316400,326800,354300,374500,394300,418000,557500,463700,482800,592700,660600,690700,721400,762800,790200,823000,851800,902200,1.0182e+06,757700,819000,893700,893200,968000,931500,948700,979700,1.0196e+06,1.0522e+06,1.0861e+06,1.115e+06,1.15e+06,1.1913e+06,1.2346e+06,1.2646e+06,1.3033e+06,1.3399e+06,1.4778e+06,1.4208e+06,1.4645e+06,1.4985e+06,1.6287e+06,1.9317e+06,1.9632e+06,2.0464e+06,1.7326e+06,1.9063e+06,2.3262e+06,2.3114e+06,2.3663e+06,2.4735e+06,2.5246e+06,2.5525e+06,2.6116e+06,2.6749e+06,2.7594e+06,2.8019e+06,2.8994e+06,2.934e+06,2.9909e+06,3.0399e+06,3.1396e+06,3.1768e+06,3.2448e+06,3.3438e+06,3.3262e+06,3.4051e+06
233,1000,2200,4200,5100,7300,10300,13800,17600,21900,27100,32500,38500,44900,51900,59500,67600,76200,85400,95200,114300,116400,127700,139800,159400,165400,179100,208100,208600,311600,313400,319800,353200,362400,396700,449400,357400,365500,402700,416000,436200,450300,480800,503700,527100,551200,578300,603100,598500,654200,679800,706700,734800,773300,869800,907100,875600,893300,915300,952800,975600,1.0168e+06,1.0543e+06,752000,1.1779e+06,1.3714e+06,1.4927e+06,1.4781e+06,1.5389e+06,1.605e+06,1.6027e+06,1.6377e+06,1.5579e+06,1.5778e+06,1.6815e+06,1.7251e+06,1.7867e+06,1.642e+06,1.7407e+06,1.7144e+06,1.7678e+06,1.8135e+06,1.9221e+06,2.3997e+06,2.4226e+06,2.4805e+06,2.5404e+06,2.7526e+06,2.7509e+06,2.7301e+06,2.7431e+06,2.7245e+06,2.8428e+06,3.0318e+06,3.0532e+06,3.1352e+06,3.2168e+06,3.2495e+06,3.3345e+06,3.4125e+06,3.4397e+06
234,800,2300,3200,5300,7600,10300,13800,17700,23100,27900,33500,39700,45900,36000,59500,67500,96900,85300,95200,105500,116100,127700,139800,152200,172900,179000,193200,215100,223300,246200,255600,279600,290000,315200,326600,360200,384300,387400,407400,431000,423000,482000,502800,526200,550400,575200,600500,626200,658300,688500,708600,780800,764600,793200,830600,785700,894500,915800,953100,985700,1.0124e+06,1.052e+06,1.0863e+06,1.1297e+06,1.1558e+06,1.1918e+06,1.2278e+06,1.2909e+06,1.3042e+06,1.3419e+06,1.3808e+06,1.4196e+06,1.6942e+06,1.8206e+06,1.885e+06,1.7739e+06,1.6308e+06,1.6721e+06,1.7161e+06,1.7913e+06,1.803e+06,1.8473e+06,1.9049e+06,1.9486e+06,1.9848e+06,2.0377e+06,2.095e+06,2.1373e+06,2.1835e+06,2.2399e+06,2.3039e+06,2.3405e+06,2.392e+06,2.6946e+06,2.9345e+06,2.9924e+06,3.0427e+06,3.0386e+06,3.0481e+06,3.1213e+06
235,900,1700,3300,5100,7400,10300,13700,17500,22900,28100,33500,39200,57900,52200,59700,67900,76600,85800,104200,105900,116600,128100,148600,152800,165700,188100,193700,208600,232100,239700,264300,273200,299700,308800,336100,355200,459000,532000,524500,535600,563700,602500,609900,621600,690600,721200,715700,739000,770200,802400,856000,841900,765900,799700,830200,854700,899500,916800,955100,987600,1.0166e+06,1.067e+06,1.0967e+06,1.1426e+06,1.168e+06,1.2025e+06,1.2389e+06,1.2655e+06,1.3176e+06,1.3562e+06,1.3811e+06,1.6956e+06,1.7868e+06,1.8384e+06,1.8794e+06,2.0286e+06,1.9555e+06,2.1501e+06,2.1444e+06,2.2537e+06,2.2544e+06,2.4713e+06,2.3503e+06,2.432e+06,2.4824e+06,2.5395e+06,2.661e+06,2.7321e+06,2.8001e+06,2.8005e+06,2.8938e+06,3.011e+06,2.9369e+06,3.0419e+06,3.1514e+06,3.1842e+06,3.2641e+06,3.2825e+06,3.2951e+06,3.3331e+06
236,700,1800,4700,5000,7200,10100,13600,17400,22000,27000,32500,38300,44800,51700,59400,84200,97400,107400,119700,159400,145300,161500,192200,203500,207700,281200,262900,260500,294000,256200,271800,274100,305500,308800,336600,353100,365600,415200,423300,445300,451500,473100,496400,526900,550200,575100,600600,626500,658800,679800,706900,735000,768300,792800,822900,858500,891400,922200,952900,979100,1.0187e+06,1.0521e+06,1.0862e+06,1.1214e+06,1.1504e+06,1.1952e+06,1.2277e+06,1.2653e+06,1.3024e+06,1.3405e+06,1.3863e+06,1.4181e+06,1.4576e+06,1.4975e+06,1.5442e+06,1.6055e+06,1.8062e+06,1.9129e+06,1.9125e+06,1.8872e+06,1.8575e+06,1.8419e+06,1.8916e+06,1.9374e+06,2.1324e+06,2.3634e+06,2.497e+06,2.6856e+06,2.9537e+06,2.7708e+06,2.8518e+06,2.9283e+06,2.9257e+06,3.007e+06,3.1183e+06,3.2421e+06,3.1403e+06,3.2228e+06,3.2186e+06,3.3325e+06
237,800,2100,4000,5300,7700,10400,31500,17600,22000,26900,32400,38300,44800,51900,59400,76300,76100,85300,95000,105400,118000,139100,140200,152300,181800,192100,193100,209400,237300,239600,264300,272400,298000,308100,334400,345900,365600,393600,415000,428000,458600,480400,503100,527100,547200,579700,617300,630500,644300,681000,707700,743200,763800,792500,822300,858900,883400,921100,951500,987300,1.0194e+06,1.0533e+06,1.0821e+06,1.1217e+06,1.1564e+06,1.1929e+06,1.2288e+06,1.2722e+06,1.3047e+06,1.3419e+06,1.3804e+06,1.4255e+06,1.4619e+06,1.5327e+06,1.5391e+06,1.5803e+06,1.6355e+06,1.6712e+06,1.7227e+06,1.765e+06,2.1371e+06,2.3106e+06,2.3378e+06,2.2311e+06,2.3088e+06,2.2987e+06,2.3058e+06,1.8886e+06,2.3614e+06,2.2046e+06,2.5497e+06,2.3044e+06,2.4382e+06,2.5025e+06,2.6457e+06,2.9029e+06,3.3019e+06,3.3041e+06,3.3532e+06,3.4937e+06
238,700,1800,4600,5000,7400,24300,13900,17800,22200,27100,32500,38500,45000,52000,59500,77700,76100,85400,95100,105500,124200,127800,141400,111400,178100,179000,193200,246300,223300,246600,255700,279700,290000,315100,326800,353100,365700,385900,419600,435200,450300,472500,502500,526500,550800,575200,605600,649600,664300,681100,707800,742500,764300,793800,829700,853500,891500,916300,953900,1.0406e+06,1.2887e+06,1.0642e+06,1.0982e+06,1.1686e+06,1.191e+06,1.2454e+06,1.2303e+06,1.2656e+06,1.3044e+06,1.3464e+06,1.3792e+06,1.4178e+06,1.4643e+06,1.4979e+06,1.5444e+06,1.5863e+06,1.5533e+06,1.6661e+06,1.7138e+06,1.9459e+06,2.2004e+06,2.2019e+06,2.356e+06,2.0209e+06,2.3341e+06,2.5221e+06,2.6008e+06,2.6309e+06,2.7454e+06,2.8052e+06,2.8241e+06,2.9437e+06,2.9974e+06,3.128e+06,3.1699e+06,3.286e+06,3.2683e+06,3.3249e+06,3.3995e+06,3.46e+06
239,1400,1900,3600,5900,8800,14300,17800,18300,22900,27600,32800,38600,48300,53300,74100,67600,76500,85600,96800,106100,116300,127600,148800,152300,165300,186600,193000,207800,230700,239100,262600,272500,297400,317400,326700,353600,373400,385800,413700,438800,457100,472500,503000,526800,550200,575100,600300,626800,652600,679800,703700,727500,763700,793300,822500,902100,922400,917400,956600,985600,1.0122e+06,1.0526e+06,1.0982e+06,1.1248e+06,1.1561e+06,1.1913e+06,1.2615e+06,1.2653e+06,1.3027e+06,1.3464e+06,1.3784e+06,1.4178e+06,1.4683e+06,1.5017e+06,1.5456e+06,1.6002e+06,2.0247e+06,2.0354e+06,2.0184e+06,2.0941e+06,2.1814e+06,2.3348e+06,2.3663e+06,2.4303e+06,2.4822e+06,2.6322e+06,2.7172e+06,2.6795e+06,2.7494e+06,2.8387e+06,2.885e+06,2.9274e+06,2.9666e+06,3.2201e+06,3.1942e+06,3.1756e+06,3.245e+06,3.4928e+06,3.3797e+06,3.4392e+06
240,800,1800,3400,5700,8800,12300,16700,21500,30700,35000,41400,53800,63000,65600,93900,84600,95400,107000,119200,146100,145200,159900,175000,202000,207000,224000,253400,260200,290500,299300,319600,340700,389200,385300,328300,362100,457500,387400,421400,437000,457100,472300,502700,526100,550300,574400,601000,627400,659700,679700,706800,735200,763500,792700,822200,867600,886800,925500,954700,989100,1.0186e+06,1.0482e+06,1.0874e+06,1.1208e+06,1.1561e+06,1.1915e+06,1.2285e+06,1.2649e+06,1.2995e+06,1.3404e+06,1.3823e+06,1.4324e+06,1.4687e+06,1.4977e+06,1.5493e+06,1.5864e+06,1.6405e+06,1.6659e+06,1.714e+06,1.7578e+06,1.8009e+06,1.8466e+06,1.8972e+06,1.9381e+06,1.9827e+06,2.0353e+06,2.0802e+06,2.1317e+06,2.1741e+06,2.236e+06,2.2795e+06,2.3285e+06,2.3833e+06,2.4313e+06,2.4816e+06,2.72e+06,2.5941e+06,2.6402e+06,2.7133e+06,2.7742e+06
241,700,1900,3000,4900,7400,10300,13600,17500,22000,26900,32400,38300,44900,51900,59500,76700,76100,85300,95100,105400,123900,127700,139600,152000,169100,192100,194800,210200,224400,248700,256400,281800,303500,308800,336000,353400,365900,393100,415100,428200,457200,479600,502700,526800,550400,533500,549600,627300,652900,682000,707700,741300,763600,792700,828800,852700,889700,914600,954400,1.0861e+06,1.0455e+06,1.053e+06,1.0805e+06,1.1207e+06,1.1556e+06,1.1916e+06,1.2278e+06,1.2714e+06,1.3422e+06,1.3489e+06,1.396e+06,1.4302e+06,1.4582e+06,1.5501e+06,1.9149e+06,1.9365e+06,1.9647e+06,2.3146e+06,2.156e+06,2.2013e+06,2.6597e+06,2.3098e+06,2.4158e+06,2.3887e+06,2.433e+06,2.4459e+06,2.6997e+06,2.6939e+06,2.732e+06,2.8582e+06,2.8554e+06,2.9189e+06,2.9761e+06,3.0412e+06,3.1498e+06,3.1039e+06,3.1536e+06,3.1765e+06,3.2124e+06,3.2666e+06
242,700,1700,3500,5000,7300,10100,13700,17500,22000,26900,46900,38400,44900,51900,61000,68000,76100,85200,95000,105300,116100,127500,155000,152300,165100,186000,193100,207900,223100,239100,262700,272400,298700,308000,326700,352800,365600,392900,413300,438200,450000,480700,502900,527000,550300,575200,600600,626300,652600,679200,733300,735200,764900,799100,822200,858800,881500,921100,946800,985300,1.0183e+06,1.046e+06,1.1073e+06,1.1221e+06,1.1571e+06,1.1932e+06,1.2292e+06,1.3035e+06,1.3121e+06,1.3414e+06,1.3875e+06,1.4199e+06,1.5644e+06,1.6909e+06,1.5502e+06,1.7416e+06,1.6985e+06,1.7033e+06,1.7483e+06,1.7676e+06,1.8018e+06,1.8499e+06,1.8927e+06,1.9486e+06,1.9906e+06,2.0393e+06,2.0942e+06,2.1264e+06,2.1816e+06,2.2523e+06,2.2733e+06,2.3331e+06,2.3803e+06,2.4304e+06,2.4825e+06,2.5397e+06,2.5869e+06,2.6478e+06,2.6968e+06,2.7561e+06
243,800,1800,3600,6300,9000,12700,16700,21700,27200,33500,40300,47700,55900,64700,74200,84300,94900,106600,118600,143800,145200,159500,197200,154000,167000,179000,209700,209500,238000,239500,255500,272600,315200,308200,335200,346000,373500,393900,407000,428100,457800,480300,522600,708900,691300,721800,752700,785100,818300,853300,886000,868700,941000,993200,1.0728e+06,887900,893800,931700,1.0158e+06,1.0021e+06,1.0644e+06,1.101e+06,1.0916e+06,1.1226e+06,1.3722e+06,1.4513e+06,1.4866e+06,1.5295e+06,1.5343e+06,1.6373e+06,1.7099e+06,1.5766e+06,1.5374e+06,1.6523e+06,1.7625e+06,1.7866e+06,1.6443e+06,1.6815e+06,1.7185e+06,1.7514e+06,1.8093e+06,1.8471e+06,1.8896e+06,1.9375e+06,1.9834e+06,2.0308e+06,2.0767e+06,2.1464e+06,2.1801e+06,2.2235e+06,2.2774e+06,2.3288e+06,2.379e+06,2.5037e+06,2.4849e+06,2.5433e+06,2.5955e+06,2.6429e+06,2.7265e+06,2.7616e+06
244,700,1700,3200,5100,7300,10200,13600,17500,21900,26900,32400,38400,44800,68700,59400,67400,76000,192000,381600,133500,114600,129100,141300,152800,165700,179000,193100,208000,223400,241400,271400,285100,289800,315800,333900,345800,372600,393400,406700,554600,450300,481200,502500,533800,553200,577600,601600,627300,653900,695400,745900,736000,764900,800500,823700,879700,884500,922400,949300,981600,1.0207e+06,1.0538e+06,1.0888e+06,1.1244e+06,1.1583e+06,1.1938e+06,1.2398e+06,1.2768e+06,1.3142e+06,1.3586e+06,1.3804e+06,1.4291e+06,1.4872e+06,1.4989e+06,1.5448e+06,1.5804e+06,1.622e+06,1.6707e+06,1.6909e+06,1.8061e+06,1.8014e+06,1.8463e+06,1.8912e+06,1.9423e+06,1.983e+06,2.049e+06,2.0845e+06,2.3083e+06,2.175e+06,2.2304e+06,2.2786e+06,2.3402e+06,2.3791e+06,2.4312e+06,2.4827e+06,2.5347e+06,2.6278e+06,2.6439e+06,2.7069e+06,2.7616e+06
245,700,1900,3000,5000,7300,10200,13600,17500,21900,27000,32600,38500,45400,52300,59300,67400,76100,95800,95000,105300,116300,134000,139600,152200,165300,186400,193200,215100,223200,239200,265600,272600,297300,316700,326900,353100,365600,408500,417700,428100,450100,488700,504700,528200,552300,576800,601900,627900,654100,687500,709000,736500,764700,800500,832300,852700,890400,946200,973700,988200,1.0189e+06,1.0462e+06,1.0862e+06,1.1211e+06,1.156e+06,1.1914e+06,1.2282e+06,1.2684e+06,1.3097e+06,1.3405e+06,1.3788e+06,1.4244e+06,1.4594e+06,1.5211e+06,1.5386e+06,1.5862e+06,1.6281e+06,1.6769e+06,1.7141e+06,1.758e+06,1.802e+06,1.8524e+06,1.8915e+06,1.9361e+06,1.9667e+06,2.0317e+06,2.0766e+06,2.1316e+06,2.1802e+06,2.223e+06,2.5026e+06,2.5881e+06,2.7552e+06,2.7762e+06,2.7344e+06,2.7908e+06,2.8916e+06,3.0912e+06,3.0199e+06,3.1774e+06
246,700,1700,3300,5000,7400,10300,13600,17700,22000,27100,32700,23100,45500,53700,59700,67500,76000,85200,95000,122100,116200,127500,139700,160000,149100,179800,206100,208100,233200,239200,263400,272600,297100,308100,334000,346000,372900,387700,415700,435700,450000,480200,502400,532700,554100,576100,615300,626300,652700,679900,707000,741500,763700,792500,828700,852300,889400,892700,937900,995900,1.025e+06,1.0537e+06,1.0808e+06,1.1154e+06,1.157e+06,1.1926e+06,1.2347e+06,1.4097e+06,1.5819e+06,1.7287e+06,1.7823e+06,1.8376e+06,1.8276e+06,1.875e+06,1.9336e+06,1.9772e+06,2.0327e+06,2.1477e+06,2.1934e+06,1.9291e+06,2.0128e+06,2.0909e+06,2.172e+06,2.2287e+06,2.1952e+06,2.0956e+06,2.2805e+06,2.3629e+06,2.2606e+06,2.5577e+06,2.4678e+06,2.6403e+06,2.7412e+06,2.6681e+06,2.8352e+06,2.9378e+06,3.0572e+06,2.9699e+06,2.9975e+06,2.9502e+06
247,800,1800,3200,5300,7600,6500,14100,13500,22100,21600,28300,34400,40400,43200,59500,61100,71300,97100,96100,133700,116900,127900,140000,163100,165400,178800,202100,207900,223300,239200,255600,279700,290000,315900,333800,366700,374100,393400,406500,435200,457200,479900,502900,519200,543500,568200,593500,626400,653200,679700,715800,735100,769800,790800,823700,857200,877800,919900,948500,982500,1.0122e+06,1.0454e+06,1.0867e+06,1.1207e+06,1.1737e+06,1.1973e+06,1.2304e+06,1.2733e+06,1.3037e+06,1.3414e+06,1.415e+06,1.6742e+06,1.775e+06,1.7832e+06,1.8697e+06,1.9153e+06,1.9823e+06,2.0702e+06,2.0907e+06,2.0968e+06,2.1696e+06,2.2608e+06,2.2264e+06,2.3257e+06,2.3676e+06,2.4504e+06,2.3419e+06,2.4233e+06,2.7319e+06,2.8017e+06,2.8225e+06,2.7483e+06,2.6026e+06,3.1207e+06,3.0371e+06,3.114e+06,3.2802e+06,3.1824e+06,3.2451e+06,3.3241e+06
248,900,1700,3200,5300,7700,10400,13600,17500,21900,27000,46800,38400,44900,51800,59400,67500,76000,85300,95100,105400,116300,127600,146900,152200,165200,186000,193100,208000,230600,240800,268600,273000,278000,313200,320600,349300,356400,380800,414100,430900,445700,466000,503000,520500,545300,575300,599000,621400,653000,685000,652900,676200,764000,793400,844800,854400,891700,916600,954300,987900,1.0134e+06,1.0726e+06,1.0922e+06,1.1046e+06,1.1591e+06,1.1928e+06,1.2331e+06,1.2666e+06,1.3492e+06,1.6096e+06,1.6778e+06,1.479e+06,1.9514e+06,1.897e+06,1.8471e+06,1.795e+06,1.8469e+06,1.8155e+06,1.8811e+06,1.8111e+06,1.8527e+06,1.8633e+06,1.8919e+06,1.9366e+06,1.9815e+06,2.031e+06,2.0837e+06,2.1257e+06,2.18e+06,2.2292e+06,2.2783e+06,2.3267e+06,2.3788e+06,2.4298e+06,2.5001e+06,3.0426e+06,3.113e+06,2.6848e+06,3.1185e+06,3.2365e+06
249,400,1800,3400,5500,7500,10300,13800,17500,21900,27000,32300,38300,44800,51900,59400,76600,76000,85300,118500,134900,180700,179200,198700,168500,165300,179000,194600,208800,233000,239200,268500,273200,301900,334700,330000,356300,368100,403600,407300,438100,457600,452900,503500,526500,543500,568200,600400,626800,652500,679300,706900,735000,713900,794700,816000,852900,933900,921200,953800,980100,1.019e+06,1.0526e+06,1.0836e+06,1.1212e+06,1.1568e+06,1.1825e+06,1.2292e+06,1.2454e+06,1.3051e+06,1.3471e+06,1.3791e+06,1.4182e+06,1.466e+06,1.4978e+06,1.5515e+06,1.621e+06,1.637e+06,1.6811e+06,1.7237e+06,1.7683e+06,1.8116e+06,1.8511e+06,1.9043e+06,1.9468e+06,2.0096e+06,2.0412e+06,2.0937e+06,2.1362e+06,2.1591e+06,2.2344e+06,2.2803e+06,2.3297e+06,2.3793e+06,2.4299e+06,2.4869e+06,2.5495e+06,2.5902e+06,2.936e+06,3.2211e+06,3.3568e+06
250,800,1900,3600,5900,9000,12500,17000,21800,27200,33700,40700,48100,56100,64900,74300,84400,95100,106700,118800,180400,145300,135900,140700,203700,254500,227000,344600,260100,279200,311800,319800,352400,362700,396400,409000,432800,468200,482900,509000,594400,575300,614600,640000,769400,691500,721400,791500,784700,817900,851600,886000,942200,927000,993100,952500,1.1951e+06,1.1097e+06,1.1319e+06,1.1435e+06,1.2332e+06,1.2361e+06,1.2959e+06,1.314e+06,1.5565e+06,1.6062e+06,1.4542e+06,1.5177e+06,1.5392e+06,1.5407e+06,1.4913e+06,1.5341e+06,1.642e+06,1.4563e+06,1.6587e+06,1.7165e+06,1.7601e+06,1.7606e+06,1.8533e+06,1.7498e+06,1.8372e+06,1.9955e+06,2.2904e+06,2.3073e+06,2.316e+06,2.382e+06,2.4806e+06,2.8537e+06,2.5192e+06,2.6471e+06,2.7415e+06,2.7135e+06,2.6608e+06,2.7521e+06,2.9555e+06,2.8007e+06,2.9431e+06,2.9129e+06,2.8655e+06,3.0359e+06,2.9762e+06
251,1000,1700,3400,6500,7800,10600,14400,18000,22700,28000,34200,38700,45100,52100,59600,67700,76400,85500,95400,121400,116800,127800,139900,162100,165300,179100,201600,208100,231300,239300,263600,272700,298600,308600,335600,358000,377900,386400,415600,436200,458200,480400,512000,527600,554900,721000,752500,784800,777800,851600,980100,739200,811100,805500,838400,854000,890100,915000,952900,985300,1.0096e+06,1.0586e+06,1.0906e+06,1.121e+06,1.1556e+06,1.1918e+06,1.2282e+06,1.2647e+06,1.3093e+06,1.3401e+06,1.4028e+06,4.1071e+06,1.8262e+06,1.8358e+06,1.8673e+06,1.9111e+06,1.9427e+06,2.0858e+06,1.8472e+06,1.8843e+06,2.0474e+06,2.3953e+06,2.3661e+06,2.3316e+06,2.4319e+06,2.5071e+06,2.4327e+06,2.4e+06,2.2102e+06,2.5505e+06,2.6265e+06,2.5799e+06,2.3557e+06,2.7337e+06,2.7696e+06,2.8089e+06,2.5899e+06,2.9882e+06,3.0391e+06,3.2066e+06
252,300,800,2800,2700,4100,5900,7800,10100,16400,19200,23800,32900,40600,47800,52200,70700,76000,85100,96800,96700,118100,142500,140100,152200,165300,187900,193100,215000,223300,239000,262700,272200,296900,307900,327000,324100,365500,393700,413700,435300,450300,479800,502600,526500,555000,575200,602500,626000,653000,680100,713100,745200,763600,795400,822700,852700,883000,925900,955200,985600,1.0186e+06,1.0462e+06,1.0857e+06,1.1208e+06,1.1561e+06,1.1922e+06,1.2286e+06,1.2655e+06,1.3082e+06,1.3459e+06,1.3864e+06,1.4188e+06,1.5903e+06,1.4985e+06,1.5586e+06,1.5814e+06,1.6228e+06,1.9838e+06,2.0253e+06,2.3928e+06,1.9545e+06,1.8384e+06,1.9044e+06,1.9496e+06,2.0139e+06,2.0418e+06,2.0953e+06,2.1381e+06,2.1919e+06,2.2414e+06,2.2911e+06,2.3367e+06,2.3719e+06,2.4309e+06,2.4912e+06,2.5359e+06,2.5878e+06,2.6485e+06,2.6975e+06,2.7552e+06
253,600,1500,2800,4600,7100,10000,13500,17400,21700,26900,32400,38300,44900,51800,59400,67500,76000,85300,95000,105400,116300,134700,139700,192500,166300,179400,193100,218000,223300,246200,255600,279700,290000,314900,326700,352800,365800,385800,413600,435300,450000,472700,502800,526100,550100,587700,607100,626200,655000,679600,707000,735100,765100,798800,822300,858600,883200,921500,947100,921300,1.0201e+06,1.0523e+06,1.0862e+06,1.1205e+06,1.1525e+06,1.1903e+06,1.2262e+06,1.2694e+06,1.3005e+06,1.3245e+06,1.3888e+06,1.4234e+06,1.4639e+06,1.4981e+06,1.5358e+06,1.5838e+06,1.6187e+06,1.6628e+06,1.7114e+06,1.7628e+06,1.8833e+06,2.0717e+06,2.1399e+06,2.061e+06,2.0879e+06,2.0883e+06,2.0695e+06,2.207e+06,2.1814e+06,2.2382e+06,2.329e+06,2.5805e+06,2.7521e+06,2.9964e+06,3.119e+06,3.1918e+06,3.3156e+06,3.2802e+06,3.1351e+06,3.1578e+06
254,800,1800,3300,5100,7400,10300,13700,17600,21900,27100,33800,49900,45400,52400,59900,67600,76200,95200,95200,105600,116400,127700,139800,152200,165300,187200,193900,215900,223200,239900,265100,273400,301300,308100,334200,352600,365800,411800,413600,427900,457000,479900,502900,525900,550200,575000,600200,625800,652500,679800,709700,734900,763700,792900,822700,866600,885700,922600,954100,980200,1.0198e+06,1.0547e+06,1.0876e+06,1.1219e+06,1.1574e+06,1.1755e+06,1.5484e+06,1.2664e+06,1.3045e+06,1.3729e+06,1.3854e+06,1.6107e+06,1.8707e+06,1.5677e+06,1.8141e+06,1.7076e+06,1.7713e+06,1.6931e+06,1.7883e+06,1.7738e+06,1.839e+06,1.8464e+06,1.8913e+06,1.9461e+06,1.9989e+06,2.0585e+06,2.0774e+06,2.131e+06,2.1731e+06,2.2226e+06,2.3215e+06,2.4979e+06,2.3988e+06,2.4331e+06,2.4894e+06,2.5366e+06,2.6113e+06,2.6645e+06,2.7077e+06,2.7659e+06
255,800,1800,3300,5400,7900,10900,14100,31700,22000,27000,32500,38400,44900,51800,59300,67400,86000,85300,95100,105200,116300,134900,139600,152200,172200,179000,193100,214700,230200,246600,255500,281100,290000,314800,326800,452200,375800,401600,418800,430200,444300,474600,492100,522100,547800,568300,598300,621400,640100,675500,707900,728700,759500,795400,826000,858900,883500,921100,946600,979100,1.0184e+06,1.058e+06,1.0869e+06,1.1145e+06,1.156e+06,1.1739e+06,1.2312e+06,1.265e+06,1.3022e+06,1.34e+06,1.3945e+06,1.4516e+06,1.4649e+06,1.4983e+06,1.5453e+06,1.5726e+06,1.6238e+06,1.6733e+06,1.7149e+06,1.7698e+06,1.802e+06,1.8466e+06,1.8921e+06,1.9454e+06,1.9859e+06,2.0314e+06,2.1296e+06,2.1344e+06,2.1754e+06,2.2338e+06,2.5907e+06,2.3234e+06,2.391e+06,2.4412e+06,2.4965e+06,2.5494e+06,2.602e+06,2.6587e+06,2.709e+06,2.7846e+06
256,800,2300,3200,5500,7500,10300,13700,17600,36000,41200,34200,40600,46600,53700,61200,69200,77800,87000,96900,107200,118200,137900,141600,152300,174000,178900,193200,247300,223000,248500,255500,280200,290000,368500,384200,418000,440400,454000,488800,514000,477800,481700,495500,547400,553000,577200,609600,636500,662700,690500,717400,744600,764000,792900,829300,852500,890000,915600,953400,985800,1.0122e+06,1.0534e+06,1.0859e+06,1.1212e+06,1.1559e+06,1.1927e+06,1.2282e+06,1.272e+06,1.3053e+06,1.3462e+06,1.3792e+06,1.4184e+06,1.4635e+06,1.4976e+06,1.5447e+06,1.5857e+06,1.6305e+06,1.6739e+06,1.7231e+06,1.7573e+06,1.8012e+06,1.8467e+06,1.8919e+06,1.9684e+06,1.9898e+06,2.0327e+06,2.0854e+06,2.1246e+06,2.1738e+06,2.2297e+06,2.2977e+06,2.3109e+06,2.3793e+06,2.4308e+06,2.481e+06,2.5529e+06,2.6547e+06,2.8617e+06,3.2196e+06,3.3993e+06
257,700,1900,3500,5300,7600,11700,13500,10300,21900,27000,32600,38400,44900,52000,77500,67600,76100,85400,95200,115800,116400,127700,139600,160800,165400,179000,201100,207900,231300,239200,264600,272600,298100,308200,334700,345900,373600,393600,408300,428200,458200,489300,496100,528400,550500,575100,600300,626200,659100,700400,716600,751800,833600,795900,822700,854100,890200,914500,953500,985100,1.0124e+06,1.2062e+06,1.0969e+06,1.2002e+06,1.1581e+06,1.1658e+06,1.2287e+06,1.2652e+06,1.303e+06,1.6652e+06,1.3803e+06,1.4274e+06,1.4585e+06,1.7432e+06,1.8798e+06,1.9444e+06,1.8367e+06,1.7913e+06,1.765e+06,1.8245e+06,1.8232e+06,1.9077e+06,1.9656e+06,1.9598e+06,1.9937e+06,2.0346e+06,2.0855e+06,2.1512e+06,2.181e+06,2.2289e+06,2.2783e+06,2.3284e+06,2.3925e+06,2.4242e+06,2.4836e+06,2.5339e+06,2.5871e+06,2.6417e+06,2.7154e+06,2.7499e+06
258,600,1300,2600,4500,7000,9900,13200,17400,29000,26600,32300,38300,44700,51700,59400,67500,76000,85200,94900,105300,116200,134400,139600,152300,165300,178800,193300,208000,230400,239100,263100,272400,297000,308100,334100,352700,365500,393200,414000,427900,457200,480100,502500,526300,551700,575000,600300,626100,658700,683500,702600,731800,764300,793100,822500,856800,882000,918400,950500,976900,1.0178e+06,1.103e+06,1.1905e+06,1.1322e+06,1.1591e+06,1.1925e+06,1.2283e+06,1.2646e+06,1.3027e+06,1.3404e+06,1.3788e+06,1.4206e+06,1.4593e+06,1.4864e+06,1.526e+06,1.6298e+06,1.9224e+06,2.0274e+06,2.0976e+06,1.9418e+06,2.0647e+06,2.0942e+06,2.138e+06,2.229e+06,2.2394e+06,2.2233e+06,2.3333e+06,2.1385e+06,2.1815e+06,2.2337e+06,2.279e+06,2.3289e+06,2.4087e+06,2.4321e+06,2.483e+06,2.6424e+06,2.9139e+06,3.0798e+06,3.2209e+06,3.3556e+06
259,900,1700,3200,5300,7600,10300,13700,17400,21900,27800,33200,38800,45400,52000,59600,78800,76100,85300,95000,105400,126900,127700,139600,152300,165200,180200,193900,209300,224000,235500,256500,283600,290100,316900,326600,353200,372900,385900,425500,435500,457100,472700,519100,526400,550700,575400,600600,626200,653000,685900,707100,735600,763700,799100,822400,861300,884400,922000,947400,986100,1.0189e+06,1.0526e+06,1.0798e+06,1.1153e+06,1.1561e+06,1.303e+06,1.2691e+06,1.2662e+06,1.3033e+06,1.3408e+06,1.386e+06,1.4235e+06,1.4658e+06,1.5256e+06,1.5474e+06,1.5999e+06,1.6401e+06,1.6858e+06,1.715e+06,1.7619e+06,1.8013e+06,1.8636e+06,1.8906e+06,1.9367e+06,1.9884e+06,2.0296e+06,2.0835e+06,2.1275e+06,2.172e+06,2.2299e+06,2.2773e+06,2.3282e+06,2.3781e+06,2.606e+06,2.5291e+06,3.1074e+06,3.2282e+06,3.305e+06,3.47e+06,3.4518e+06
260,800,1700,3200,5100,7500,10300,20200,11300,28700,27700,36500,40500,47300,52200,59600,67700,76400,85900,95700,106200,116900,128400,147500,153000,166100,198600,278700,218300,224100,240200,256600,273200,290800,316900,327600,354800,366500,386100,415000,439800,455800,494900,505500,527500,551500,576900,601800,627900,653900,687600,708100,736500,764900,790700,824000,871100,885000,921600,946500,978700,1.0183e+06,1.0524e+06,1.0862e+06,1.1144e+06,1.156e+06,1.1919e+06,1.2343e+06,1.2665e+06,1.3024e+06,1.3409e+06,1.3795e+06,1.4274e+06,1.4574e+06,1.5193e+06,1.5447e+06,1.5792e+06,1.633e+06,1.6698e+06,1.7132e+06,1.758e+06,1.8016e+06,1.8507e+06,1.8903e+06,1.9369e+06,2.0821e+06,2.0364e+06,2.0781e+06,2.1413e+06,2.1739e+06,2.229e+06,2.3143e+06,2.3933e+06,2.3783e+06,2.4375e+06,2.4908e+06,2.5395e+06,2.5978e+06,2.6401e+06,2.7102e+06,2.7652e+06
261,800,1900,3800,6300,8800,11600,19000,24600,30700,36900,44000,51500,58000,95700,47400,86600,77800,87100,108900,105800,116400,143900,150700,152400,165400,186800,193200,207900,230700,239100,262700,272500,297200,308100,333500,353400,365900,393100,402200,439600,457100,472700,502400,526200,550200,582700,600300,626200,653000,686300,706800,734800,763400,798800,822000,874000,876800,921300,946800,987900,1.0185e+06,1.0531e+06,1.0799e+06,1.1206e+06,1.1572e+06,1.1922e+06,1.2282e+06,1.2768e+06,1.3021e+06,1.3474e+06,1.8892e+06,1.42e+06,1.4593e+06,1.4986e+06,1.5468e+06,1.9398e+06,2.1112e+06,1.9823e+06,1.8641e+06,1.9784e+06,2.0399e+06,2.0243e+06,2.1295e+06,1.9835e+06,2.1689e+06,2.0392e+06,2.221e+06,2.5563e+06,2.6159e+06,2.7096e+06,2.745e+06,2.8705e+06,2.7065e+06,2.8303e+06,3.0061e+06,3.0033e+06,3.2403e+06,3.3124e+06,3.3716e+06,3.5092e+06
262,800,1700,3200,5200,7400,10200,13800,17600,22000,27000,32600,38400,44900,51900,59500,67600,76100,85300,95100,106800,116900,128100,148900,152300,165300,214100,193300,208600,223200,239100,263000,272500,297000,308000,333800,353000,365700,392900,413600,428000,449800,479600,502500,509100,549700,576000,595700,620500,662000,680400,707400,750000,776300,794300,823600,859800,884500,923300,947100,985600,1.0208e+06,1.0454e+06,1.0799e+06,1.1211e+06,1.1561e+06,1.1919e+06,1.2285e+06,1.2708e+06,1.3369e+06,1.3418e+06,1.3795e+06,1.4259e+06,1.4625e+06,1.5049e+06,1.5385e+06,1.5797e+06,1.6313e+06,1.6705e+06,1.714e+06,1.7582e+06,1.8035e+06,1.8458e+06,1.8899e+06,1.9433e+06,1.9899e+06,2.0302e+06,2.0772e+06,2.1193e+06,2.1863e+06,2.2365e+06,2.2713e+06,2.3289e+06,2.3813e+06,2.4353e+06,2.4823e+06,2.5417e+06,2.5871e+06,2.64e+06,2.7014e+06,2.7626e+06
263,500,1300,2600,4500,7000,10000,13400,18700,22500,27200,32600,38700,45000,51900,59400,67400,76100,85300,95100,116100,116400,127700,139700,161900,165200,179000,201700,208000,231700,239200,263700,296400,380100,402000,421200,450200,457100,513900,519700,535100,573800,602000,630600,660400,690500,721200,848600,796000,819900,707700,754300,786500,773900,858800,832000,853100,862600,928200,951000,980200,1.0201e+06,1.0821e+06,1.3537e+06,1.3741e+06,1.4238e+06,1.4302e+06,1.5115e+06,1.335e+06,1.3046e+06,1.3426e+06,1.3802e+06,1.4195e+06,1.4588e+06,1.505e+06,1.546e+06,1.6483e+06,1.6288e+06,1.7115e+06,1.8166e+06,1.9429e+06,2.0628e+06,1.8532e+06,1.8913e+06,1.9363e+06,1.9836e+06,2.0309e+06,2.0877e+06,2.9937e+06,2.6639e+06,2.7382e+06,2.8512e+06,2.9717e+06,3.1441e+06,3.0872e+06,3.1046e+06,3.143e+06,2.8624e+06,3.0033e+06,2.9965e+06,2.9765e+06
264,600,1000,3100,5200,7900,10800,14200,17600,22000,26900,32500,38400,44900,65300,59300,67400,76000,85300,95000,116200,116400,127800,139600,161500,165100,178900,201100,207800,231100,239100,263300,272500,297800,318700,326700,355000,372700,385700,413900,436300,457400,472600,502800,526000,590400,588900,601600,724800,660000,680100,707800,742000,776300,792500,822400,858800,883100,921000,949200,979300,1.0184e+06,1.0524e+06,1.0864e+06,1.1219e+06,1.1456e+06,1.1918e+06,1.2285e+06,1.275e+06,1.3025e+06,1.3401e+06,1.3854e+06,1.4181e+06,1.4573e+06,1.4979e+06,1.5443e+06,1.5807e+06,1.6284e+06,1.6864e+06,1.7143e+06,1.7581e+06,1.8015e+06,1.8476e+06,1.9377e+06,1.9448e+06,2.0082e+06,2.0332e+06,2.0802e+06,2.1342e+06,2.183e+06,2.2271e+06,2.2905e+06,2.3415e+06,2.3932e+06,2.3394e+06,2.4783e+06,2.5409e+06,2.5874e+06,2.6411e+06,2.6967e+06,2.7655e+06
265,500,1300,2600,4500,7000,9900,13200,17500,21800,26700,32200,38400,44700,51900,59300,67400,76100,85200,95000,105300,116200,127500,139600,159500,165100,178800,200500,207800,230600,239000,255400,281600,300400,308000,335500,345700,372600,393100,406600,434900,457000,482300,503000,526100,550400,574600,600100,626300,652600,679400,699900,751700,765500,794600,830300,853600,890300,916000,954300,986800,1.013e+06,1.0462e+06,1.0869e+06,1.1452e+06,1.1929e+06,1.1924e+06,1.2279e+06,1.2645e+06,1.3025e+06,1.3399e+06,1.3849e+06,1.4177e+06,1.4809e+06,1.4981e+06,1.6308e+06,1.5822e+06,1.6282e+06,1.6705e+06,1.715e+06,1.7578e+06,1.8034e+06,1.8852e+06,1.8814e+06,1.9362e+06,1.9827e+06,2.0358e+06,2.0763e+06,2.1499e+06,2.1735e+06,2.2413e+06,2.27e+06,2.322e+06,2.3774e+06,2.6815e+06,2.6434e+06,2.8657e+06,2.9417e+06,2.9356e+06,3.0677e+06,2.7631e+06
266,700,1700,3300,5100,7300,10900,14300,17700,22000,27100,32600,38600,45200,52100,59300,67900,75900,95600,95100,105300,116400,135500,139700,153400,188800,179300,187100,223000,223400,248600,255600,280000,290000,315100,326800,352700,383800,386200,414200,435100,457300,472600,503100,526700,550600,575600,601500,614600,652500,674400,711400,732600,765100,800000,820600,850700,889800,918600,945300,984200,1.0165e+06,1.0504e+06,1.0831e+06,1.1195e+06,1.1332e+06,1.1982e+06,1.2293e+06,1.2661e+06,1.3025e+06,1.3404e+06,1.3849e+06,1.4309e+06,1.4651e+06,1.5299e+06,1.5463e+06,1.5809e+06,1.6285e+06,1.7355e+06,1.9618e+06,2.058e+06,2.2943e+06,2.1733e+06,2.2263e+06,2.3476e+06,2.4593e+06,2.5285e+06,2.398e+06,2.4697e+06,2.4405e+06,2.3939e+06,2.4918e+06,2.6368e+06,2.6188e+06,2.6967e+06,2.8053e+06,2.8875e+06,2.9117e+06,2.7936e+06,2.9936e+06,3.0814e+06
267,900,1700,17500,4900,7600,10800,14500,18900,26600,28200,34500,39000,44900,52100,59800,67800,87700,85700,95200,105300,116200,135400,139900,152500,172700,179300,193400,214800,223500,239400,256000,272900,290400,318200,326900,352800,366100,382900,407400,444000,479800,482900,505000,526300,550000,575500,600100,626400,652700,683900,707300,740900,764000,801300,828900,852700,909600,929500,968400,985900,1.0123e+06,1.052e+06,1.0866e+06,1.1206e+06,1.156e+06,1.1918e+06,1.2284e+06,1.2652e+06,1.3081e+06,1.3467e+06,1.3794e+06,1.4183e+06,1.4647e+06,1.4982e+06,1.5566e+06,1.5878e+06,1.6224e+06,1.6823e+06,1.7172e+06,1.7579e+06,1.8007e+06,1.8517e+06,1.9814e+06,1.9381e+06,2.0114e+06,2.2868e+06,2.2498e+06,2.1331e+06,2.1912e+06,2.6264e+06,2.5426e+06,2.3252e+06,2.3816e+06,2.448e+06,2.4951e+06,2.5514e+06,2.5983e+06,2.6442e+06,2.7126e+06,2.7579e+06
268,900,2300,3800,6000,8000,11000,14200,18100,22800,28300,33400,39800,46300,52700,60000,67400,90700,85300,95200,105400,116500,136500,139800,152300,172500,179000,193200,215200,223400,240800,274400,284700,290000,316400,333700,345900,399000,393300,406700,435200,457000,480100,502700,519100,543400,575100,600200,625900,652700,679800,704200,735500,770100,808300,824100,853900,893000,915700,954300,980300,1.0193e+06,1.1639e+06,1.1201e+06,1.123e+06,1.156e+06,1.2243e+06,1.2318e+06,1.2721e+06,1.3121e+06,1.3435e+06,1.3812e+06,1.444e+06,1.7341e+06,1.5337e+06,1.7943e+06,1.8024e+06,1.8195e+06,2.1773e+06,2.2345e+06,2.2436e+06,2.3479e+06,2.3118e+06,2.1918e+06,2.488e+06,2.1675e+06,2.2305e+06,2.2963e+06,2.6615e+06,2.7273e+06,2.7886e+06,2.9434e+06,3.0436e+06,2.9892e+06,3.0291e+06,3.1385e+06,3.2463e+06,3.2389e+06,3.3124e+06,3.3997e+06,3.4443e+06
269,900,1700,3100,5400,7500,10400,13700,17500,21900,26900,32400,38600,44800,51900,59400,76400,76200,85300,95100,107100,116200,137700,139600,152100,172900,179000,193100,215000,223300,239000,255500,272600,297200,315600,326800,353000,354800,386100,414600,435700,450200,472600,503200,527100,551500,576000,601600,627000,653300,686300,707800,736300,764500,810400,822300,859100,883600,921100,946700,1.0134e+06,1.0227e+06,1.0529e+06,1.0869e+06,1.1154e+06,1.1707e+06,1.1933e+06,1.2301e+06,1.2665e+06,1.3036e+06,1.3416e+06,1.3883e+06,1.4349e+06,1.4694e+06,1.5147e+06,1.5569e+06,1.5917e+06,1.6385e+06,1.6809e+06,1.7456e+06,1.7577e+06,1.8016e+06,1.8466e+06,1.8915e+06,1.9277e+06,1.9829e+06,2.0302e+06,2.0835e+06,2.1244e+06,2.1805e+06,2.231e+06,2.2434e+06,2.355e+06,2.3783e+06,2.4297e+06,2.483e+06,2.5383e+06,2.5945e+06,2.6523e+06,2.7057e+06,2.7656e+06
270,700,1800,3000,4900,7300,10200,13700,17500,36100,26800,32800,38300,35300,51900,59400,56300,73000,79200,102500,100200,111700,121600,147100,146500,160900,186300,188600,198200,226000,232900,257900,267700,290100,303300,327000,348100,357000,385900,414300,428100,449800,469500,503900,529200,551500,575900,601500,627500,653300,680400,708000,735800,764600,793800,823000,853100,890300,937200,954000,1.2139e+06,1.0341e+06,1.3394e+06,1.3709e+06,1.3876e+06,1.4238e+06,1.4433e+06,1.5728e+06,1.4432e+06,1.4905e+06,1.5872e+06,1.625e+06,1.6672e+06,1.7177e+06,1.5058e+06,1.6131e+06,1.6085e+06,1.6403e+06,1.6814e+06,1.7392e+06,2.0452e+06,2.0363e+06,2.0963e+06,2.1295e+06,2.1662e+06,2.1827e+06,2.3049e+06,2.3713e+06,2.4608e+06,2.1905e+06,2.231e+06,2.2808e+06,2.7279e+06,2.5441e+06,2.8026e+06,2.8178e+06,3.0691e+06,2.5891e+06,3.1928e+06,3.1372e+06,3.2624e+06
271,800,1800,3100,5100,7500,7500,13700,17800,22100,27100,32600,38400,45000,51900,59500,67500,76200,93500,95200,105500,116400,127800,139800,158700,160200,173100,195300,201900,213400,241500,251500,271500,285700,310800,328300,341600,367600,386100,406700,435500,460600,475200,489900,514400,545600,570800,604900,626700,653100,686400,707100,735400,763800,799800,823000,858900,885000,920800,947300,1e+06,1.0277e+06,1.0531e+06,1.0798e+06,1.1206e+06,1.1563e+06,1.1918e+06,1.2281e+06,1.2762e+06,1.3028e+06,1.3411e+06,1.3794e+06,1.4243e+06,1.4583e+06,1.5041e+06,1.5387e+06,1.5857e+06,1.6286e+06,1.8195e+06,1.7102e+06,1.7594e+06,1.8023e+06,1.8452e+06,1.8917e+06,1.9371e+06,1.9838e+06,2.0345e+06,2.0883e+06,2.1257e+06,2.1794e+06,2.2279e+06,2.2795e+06,2.3208e+06,2.3842e+06,2.4299e+06,2.482e+06,2.5353e+06,2.5332e+06,2.9096e+06,3.2154e+06,3.2995e+06
272,800,2000,4100,6200,9500,13300,17500,35300,28100,34400,33700,49600,46400,66600,59800,90400,95100,106500,118800,147700,145400,159400,174600,190200,206500,223500,241400,259900,289800,299000,330300,293800,367600,325200,411000,321800,335500,407500,521600,536700,576300,604200,633300,662600,570700,723500,682100,793700,821200,854300,843500,923300,958800,967000,1.0325e+06,1.0556e+06,1.1083e+06,1.1551e+06,1.2916e+06,1.2368e+06,1.2755e+06,1.3172e+06,1.3191e+06,1.395e+06,1.4055e+06,1.2531e+06,1.258e+06,1.2949e+06,1.3079e+06,1.3428e+06,1.3868e+06,1.4202e+06,1.4652e+06,1.4996e+06,1.5587e+06,1.5924e+06,1.632e+06,1.6725e+06,1.7148e+06,1.7579e+06,1.8019e+06,1.8472e+06,1.9054e+06,1.9409e+06,2.0351e+06,2.532e+06,2.6001e+06,2.7379e+06,2.7404e+06,2.8026e+06,2.6772e+06,2.6525e+06,2.6014e+06,2.6495e+06,2.8526e+06,2.5469e+06,3.0567e+06,3.1246e+06,3.0591e+06,3.4407e+06
273,800,1900,3600,5800,9000,12400,16600,21600,27200,31400,33300,38900,54300,53400,59000,69200,77100,85800,95300,119700,116400,127700,139700,161200,165400,179100,200400,207800,223200,247600,255500,279600,290000,315100,333600,364000,370400,394700,413800,428000,459500,485700,542200,545300,552100,577200,602200,628000,654400,681300,714700,736500,765400,778900,825000,913400,895000,914700,953000,979100,1.0118e+06,1.0521e+06,1.0886e+06,1.1211e+06,1.1566e+06,1.1918e+06,1.2255e+06,1.266e+06,1.3027e+06,1.3405e+06,1.3785e+06,1.418e+06,1.4652e+06,1.4976e+06,1.5443e+06,1.5624e+06,1.6224e+06,1.6712e+06,1.7134e+06,1.7567e+06,1.8009e+06,1.8515e+06,1.8902e+06,1.9393e+06,1.9834e+06,2.0302e+06,2.0985e+06,2.1267e+06,2.18e+06,2.1706e+06,2.2942e+06,2.3422e+06,2.3919e+06,2.443e+06,2.4947e+06,2.5561e+06,2.6031e+06,2.6537e+06,2.6827e+06,2.767e+06
274,800,1800,3000,4900,7400,10300,13600,17500,22100,26800,32300,41500,49100,55400,61800,69900,90300,87700,97500,107800,118800,145900,140400,152800,166000,179700,193900,216900,224000,239800,256400,273400,290800,316600,327600,354900,366400,386600,416600,479700,460000,473400,505700,529100,553200,580500,604100,634700,668600,702100,717100,743500,779900,797600,829300,852900,889600,915000,953000,981300,1.0188e+06,1.0529e+06,1.0863e+06,1.121e+06,1.1559e+06,1.2097e+06,1.2365e+06,1.2666e+06,1.3022e+06,1.3402e+06,1.3888e+06,1.4184e+06,1.4727e+06,1.4981e+06,1.5451e+06,1.5799e+06,1.6217e+06,1.6717e+06,1.715e+06,1.7689e+06,1.8017e+06,1.8468e+06,1.8924e+06,1.9341e+06,1.9794e+06,2.0357e+06,2.083e+06,2.4042e+06,2.4772e+06,2.4997e+06,2.5445e+06,2.239e+06,2.5473e+06,2.6109e+06,2.655e+06,2.6414e+06,2.5834e+06,3.1729e+06,3.5505e+06,3.3871e+06
275,800,2300,3200,5400,7900,10400,13600,17500,21900,26900,32400,53000,44900,51900,59400,67500,76200,85300,103800,105500,116300,127800,146900,152200,165300,186000,193200,208000,233300,239200,263800,273000,298100,308300,335400,387700,365800,394700,415000,436100,450000,480500,519300,527100,551400,576200,601500,627300,653600,686600,708100,737400,796600,799700,831600,862500,883900,921000,946300,978600,1.0185e+06,1.052e+06,1.0861e+06,1.1142e+06,1.2469e+06,1.2061e+06,1.2292e+06,1.2656e+06,1.3031e+06,1.3422e+06,1.3872e+06,1.4256e+06,1.4652e+06,1.8378e+06,1.9896e+06,1.9169e+06,1.9563e+06,2.0066e+06,2.0491e+06,2.0394e+06,2.2792e+06,2.1881e+06,2.1283e+06,2.2447e+06,2.1249e+06,2.3128e+06,2.3725e+06,2.3242e+06,2.4644e+06,2.4275e+06,2.5461e+06,2.5345e+06,2.9035e+06,3.0155e+06,2.9424e+06,3.0185e+06,2.5911e+06,2.6492e+06,2.7188e+06,2.76e+06
276,700,2200,3600,5300,8000,8300,18300,18000,21900,26900,40500,49200,56200,64900,91400,85300,81800,85200,95000,117700,117700,114300,140500,152800,219500,223700,272500,259900,279000,310400,273100,274300,291600,323800,328300,360500,374900,385800,414100,435200,457300,472700,499400,526800,550400,575300,601100,626200,652700,684500,708500,735100,763500,792600,822200,859500,883100,921500,952300,985300,1.0184e+06,1.0526e+06,1.1146e+06,1.149e+06,1.1508e+06,1.1855e+06,1.2278e+06,1.2648e+06,1.2968e+06,1.3398e+06,1.3857e+06,1.4184e+06,1.4601e+06,1.5043e+06,1.5475e+06,1.5799e+06,1.6284e+06,1.6748e+06,1.7141e+06,1.788e+06,1.8059e+06,1.8484e+06,1.8914e+06,2.153e+06,2.3152e+06,2.3948e+06,2.3119e+06,2.3571e+06,2.4012e+06,2.3446e+06,2.5359e+06,2.6864e+06,2.7126e+06,2.6162e+06,2.7788e+06,2.8999e+06,2.9162e+06,2.9254e+06,3.0946e+06,3.0885e+06
277,900,1700,3300,5300,21900,13200,15900,17700,22000,27000,32700,52400,45300,52000,59400,67500,76100,85200,113100,105900,117000,140000,140400,153100,174000,179600,193900,216700,223800,247900,256400,281200,290600,317100,327400,355700,374300,386400,415400,436700,458800,481500,496300,528400,552300,577400,602500,628500,654500,682200,709400,737100,780100,803200,840500,860200,900700,914800,953500,985600,1.0122e+06,1.052e+06,1.1414e+06,1.1749e+06,1.2289e+06,1.3014e+06,1.2292e+06,1.2656e+06,1.3024e+06,1.34e+06,1.3785e+06,1.4207e+06,1.4644e+06,1.4974e+06,1.5502e+06,1.5883e+06,1.622e+06,1.6706e+06,1.7137e+06,2.3351e+06,1.7828e+06,1.8274e+06,1.8836e+06,1.9172e+06,1.9946e+06,2.0351e+06,2.0809e+06,2.1261e+06,2.1802e+06,2.2271e+06,2.273e+06,2.3312e+06,2.38e+06,2.4301e+06,2.4807e+06,2.5463e+06,2.5875e+06,2.647e+06,2.6963e+06,2.7546e+06
278,600,1400,2800,4700,7100,10000,13300,14600,23200,27400,32800,39100,45400,52000,59500,67500,76100,85300,95200,152100,118300,127800,150300,152600,165600,190000,193700,216700,223500,239400,264300,272900,298900,317800,408500,444500,457000,583800,423400,429400,451700,473400,505100,526800,550600,575000,600500,626300,652600,685900,707100,735100,763800,786300,828800,864800,888300,922900,948400,986200,1.0192e+06,1.0469e+06,1.0812e+06,1.1228e+06,1.1649e+06,1.1999e+06,1.2407e+06,1.4267e+06,1.584e+06,1.6561e+06,1.6732e+06,1.726e+06,1.7822e+06,1.9018e+06,1.5514e+06,1.8487e+06,2.0372e+06,2.1511e+06,2.1442e+06,2.1984e+06,2.338e+06,2.3136e+06,2.4294e+06,2.4233e+06,2.5576e+06,2.5821e+06,2.5644e+06,2.6616e+06,2.637e+06,2.8538e+06,2.9557e+06,2.9148e+06,2.9872e+06,3.0568e+06,3.3358e+06,3.1732e+06,3.2468e+06,3.3032e+06,3.4722e+06,3.3295e+06
279,900,1700,3400,5100,12000,10800,14100,17500,21900,27000,32500,38700,45000,52400,59300,68800,76500,85600,95100,105500,127800,127900,139800,160700,165200,179000,200400,208000,223300,246200,255600,279400,290100,315100,337000,346000,372700,386200,413700,435000,457500,479600,489600,508500,555400,575600,600800,626300,652500,680000,706700,735800,771400,792500,829000,852400,889300,914900,957800,979400,1.044e+06,1.0526e+06,1.0858e+06,1.1223e+06,1.1638e+06,1.2109e+06,1.2293e+06,1.2663e+06,1.3068e+06,1.3811e+06,1.3795e+06,1.5505e+06,1.7721e+06,1.8462e+06,1.8794e+06,1.8677e+06,1.9254e+06,1.6678e+06,1.928e+06,1.9717e+06,2.0384e+06,2.0513e+06,2.1058e+06,2.0704e+06,2.3948e+06,2.4555e+06,2.4712e+06,2.6678e+06,2.664e+06,2.6986e+06,2.7744e+06,2.8037e+06,3.0492e+06,3.0619e+06,2.7707e+06,3.029e+06,3.2775e+06,3.0791e+06,3.0295e+06,3.0166e+06
280,600,1700,3300,5100,7400,10300,13700,17600,22100,27100,32600,38600,45000,52000,59500,67600,76200,85400,95100,114300,116300,127700,139700,159100,165300,178900,200000,208000,223200,246000,255700,285800,290200,316200,334200,345800,372900,393000,406700,435200,458900,479300,502400,519300,543500,575000,600800,626100,652500,679300,707200,706400,770600,793200,835500,856800,892800,916700,954300,986900,1.0138e+06,1.0535e+06,1.1049e+06,1.12e+06,1.1495e+06,1.1918e+06,1.2278e+06,1.2647e+06,1.302e+06,1.341e+06,1.379e+06,1.4191e+06,1.4674e+06,1.5108e+06,1.5451e+06,1.5807e+06,1.6284e+06,1.6709e+06,1.7194e+06,1.7625e+06,1.8047e+06,1.8586e+06,2.1314e+06,2.322e+06,2.3388e+06,2.4415e+06,2.3724e+06,2.6042e+06,2.5036e+06,2.5406e+06,2.5951e+06,2.3405e+06,2.6942e+06,2.7629e+06,2.9341e+06,2.5457e+06,2.9686e+06,3.0391e+06,3.5037e+06,3.3787e+06
281,700,1600,3300,17500,8800,12400,16600,21600,27200,33500,43300,48200,56000,64700,74000,97400,95100,106600,118800,131500,158400,159600,174500,201500,206900,193500,212600,218700,235000,261200,268800,295900,305200,335000,353600,345900,374900,394800,406700,437000,459000,481200,504700,528100,552600,607100,608800,635500,748000,853300,887100,921400,956800,992700,1.0301e+06,1.0698e+06,1.1326e+06,1.144e+06,1.1616e+06,1.2161e+06,1.1185e+06,1.0548e+06,1.0883e+06,1.1226e+06,1.1581e+06,1.4015e+06,1.5379e+06,1.3748e+06,1.4535e+06,1.4406e+06,1.5003e+06,1.4649e+06,1.4568e+06,1.5045e+06,1.5386e+06,1.5865e+06,1.6366e+06,1.67e+06,1.7079e+06,1.7565e+06,1.8559e+06,1.8495e+06,1.8931e+06,2.0539e+06,2.4006e+06,2.4708e+06,2.5595e+06,2.6498e+06,2.6126e+06,2.6851e+06,2.6843e+06,2.9523e+06,2.9952e+06,3.0034e+06,3.1336e+06,3.003e+06,3.0351e+06,3.1067e+06,2.9221e+06,3.0891e+06
282,800,1800,3400,5100,7400,10300,13700,17600,22000,27000,46800,27500,50200,52000,59400,67500,76100,99800,95000,105500,117600,136200,139700,152200,173400,179100,193200,215800,223100,246900,255500,280200,290000,315700,326700,354000,373600,385900,419200,552500,560100,590400,619300,636500,684800,658400,670400,697300,733400,757400,787300,736200,791400,800300,826200,861600,885200,922800,970700,981200,1.0207e+06,1.054e+06,1.0884e+06,1.123e+06,1.168e+06,1.2031e+06,1.2395e+06,1.2757e+06,1.3129e+06,1.3566e+06,1.3905e+06,1.426e+06,1.4579e+06,1.504e+06,1.5394e+06,1.5863e+06,1.629e+06,1.6728e+06,1.7288e+06,1.7585e+06,1.8024e+06,1.8453e+06,1.9208e+06,1.937e+06,1.987e+06,2.02e+06,2.0806e+06,2.1208e+06,2.1829e+06,2.2253e+06,2.5173e+06,2.3669e+06,2.3801e+06,2.4295e+06,2.482e+06,2.6154e+06,2.8017e+06,2.9711e+06,3.1527e+06,3.0431e+06
283,900,1700,3200,5500,7400,10300,13600,17600,22100,27000,32500,38600,45000,51900,59400,67600,76200,85400,113100,105400,116400,127700,150300,152200,165300,188100,193200,206000,230800,239100,262900,272600,297000,308100,333700,353300,365700,393400,413600,428300,457200,479500,502900,526800,550500,575700,601200,576800,656300,679500,713600,735000,764200,799000,822200,852700,890100,914900,947000,987900,1.0188e+06,1.0565e+06,1.095e+06,1.1207e+06,1.1559e+06,1.1914e+06,1.2281e+06,1.2653e+06,1.3081e+06,1.3399e+06,1.379e+06,1.4288e+06,1.4575e+06,1.5044e+06,1.5396e+06,1.5863e+06,1.6277e+06,1.6645e+06,1.7144e+06,1.7719e+06,1.8161e+06,1.8457e+06,1.8918e+06,1.9367e+06,1.9834e+06,2.0356e+06,2.078e+06,2.1235e+06,2.1742e+06,2.2218e+06,2.287e+06,2.327e+06,2.3605e+06,2.4338e+06,2.4825e+06,2.5401e+06,2.5874e+06,2.6387e+06,2.9856e+06,3.4492e+06
284,800,1800,3700,6100,9000,12600,17100,21800,27400,33500,40400,38400,58100,65500,74800,84400,95100,106600,132400,131700,171300,159900,188200,162500,165300,178900,200300,207800,230400,239000,255400,272400,296800,307800,333700,345700,372700,409300,402700,428900,457900,474100,496300,519600,552900,544200,609400,627000,650200,674400,713500,732600,763900,786000,815700,866200,885200,921300,947100,928400,1.0222e+06,1.0565e+06,1.086e+06,1.1213e+06,1.1568e+06,1.1933e+06,1.2278e+06,1.265e+06,1.3043e+06,1.3408e+06,1.3807e+06,1.4183e+06,1.4639e+06,1.4978e+06,1.5748e+06,1.5893e+06,1.6219e+06,1.6715e+06,1.714e+06,1.7652e+06,1.8006e+06,1.8403e+06,1.8934e+06,1.9379e+06,1.9848e+06,2.4597e+06,2.4089e+06,2.5027e+06,2.6183e+06,2.768e+06,2.7779e+06,3.0225e+06,3.0655e+06,3.0442e+06,3.1071e+06,3.2255e+06,3.3623e+06,3.3125e+06,3.3813e+06,3.4529e+06
285,900,2300,4000,7300,9800,13500,18300,21800,27400,36000,43500,48000,56000,64800,74000,84200,94900,120000,118800,131500,145100,159300,174300,190100,206300,288700,244700,217100,218800,243700,249100,274900,283900,310600,322200,345800,367000,379400,406100,431700,455600,475000,487000,523800,550600,576400,610200,628700,653700,679700,700700,733900,760300,806100,831800,853100,889500,924700,951600,985900,1.0184e+06,1.046e+06,1.0803e+06,1.121e+06,1.1568e+06,1.1922e+06,1.2282e+06,1.2649e+06,1.3026e+06,1.1427e+06,1.3848e+06,1.4237e+06,1.4575e+06,1.5071e+06,1.5388e+06,1.5887e+06,1.6396e+06,1.6653e+06,1.7129e+06,1.7598e+06,1.8021e+06,1.8467e+06,1.8974e+06,1.9381e+06,1.984e+06,2.0382e+06,2.0819e+06,2.1324e+06,2.1818e+06,2.2299e+06,2.2794e+06,2.329e+06,2.3793e+06,2.437e+06,2.4826e+06,2.5461e+06,2.5944e+06,2.6426e+06,2.701e+06,2.7549e+06
286,300,1400,3400,2800,4100,5800,13200,12600,14900,17600,32300,32000,54000,45700,55400,60100,76100,80000,104200,116100,116300,127700,139600,152200,165200,164500,203200,190600,223200,249600,255600,279600,290100,315100,326600,346000,372600,385900,447100,435100,456800,479600,495600,519200,550300,575400,600200,626300,652500,662800,707400,735400,769800,793100,823500,859600,883400,922000,953900,979000,1.0185e+06,1.0541e+06,1.0724e+06,1.1337e+06,1.1559e+06,1.1918e+06,1.2413e+06,1.2934e+06,1.3124e+06,1.3506e+06,1.3813e+06,1.4202e+06,1.4361e+06,1.7726e+06,2.003e+06,1.7388e+06,1.793e+06,1.7122e+06,1.6676e+06,1.8332e+06,1.8945e+06,1.8474e+06,1.891e+06,1.9376e+06,1.9905e+06,2.0354e+06,2.084e+06,2.1262e+06,2.1805e+06,2.2289e+06,2.2728e+06,2.3292e+06,2.3846e+06,2.4308e+06,2.4839e+06,2.5338e+06,2.6048e+06,2.663e+06,2.7202e+06,2.7846e+06
287,600,1400,2800,4700,7100,10000,13400,17500,29800,27000,32400,38300,44900,51900,59400,67500,83300,85300,95100,105400,116400,135200,139700,162500,165300,189100,193300,207900,237100,239200,263000,272500,296900,308000,333800,353000,365800,392800,413800,428200,457300,480100,502800,526500,533400,575100,601000,632600,673600,684400,702900,732100,762400,798000,820600,853500,879100,917900,928100,981300,1.0172e+06,1.055e+06,1.0869e+06,1.1146e+06,1.1493e+06,1.185e+06,1.2279e+06,1.2651e+06,1.3029e+06,1.3208e+06,1.38e+06,1.427e+06,1.4588e+06,1.5057e+06,1.5381e+06,1.586e+06,1.6283e+06,1.68e+06,1.7073e+06,1.7488e+06,1.7955e+06,1.8453e+06,1.892e+06,1.9373e+06,1.9772e+06,2.0364e+06,2.0855e+06,2.1339e+06,2.1789e+06,2.222e+06,2.2899e+06,2.3281e+06,2.3797e+06,2.4346e+06,2.4812e+06,2.5395e+06,2.5999e+06,2.7397e+06,3.1951e+06,3.4147e+06
288,900,2200,3700,6200,7800,10900,14300,18100,22100,41600,32500,38400,45000,51900,59400,67500,76200,94100,95000,105300,116200,129400,140300,164000,165300,179800,193500,219000,224100,250900,255400,282300,290000,326000,334800,346100,372800,393200,406900,435100,460300,479400,502800,519200,550300,575100,600800,633500,653000,679500,707400,755500,776700,795400,826200,859800,884100,922400,954400,980600,1.0359e+06,1.076e+06,1.1044e+06,1.3055e+06,1.18e+06,1.4859e+06,1.5042e+06,1.4743e+06,1.6013e+06,1.707e+06,1.7118e+06,1.5205e+06,1.6367e+06,1.6854e+06,1.6485e+06,1.6676e+06,1.6551e+06,1.7262e+06,1.7238e+06,1.7606e+06,1.8009e+06,1.8449e+06,1.905e+06,1.9443e+06,1.984e+06,2.4072e+06,2.5089e+06,2.5682e+06,2.6764e+06,2.5419e+06,2.5347e+06,2.6786e+06,2.3929e+06,2.4349e+06,2.9103e+06,3.1727e+06,3.3398e+06,3.3183e+06,3.2488e+06,3.2983e+06
289,800,1700,3200,5000,7400,10300,13600,17500,21900,26900,32600,38400,45000,51800,69100,67500,76100,85200,95100,105500,116400,127800,139700,159100,165300,179100,200000,208000,223300,245900,255600,280200,290000,314900,333500,358900,365600,396700,414100,428000,457400,480100,502700,526300,559400,575100,600500,626300,648000,676000,703200,733900,769400,793200,822300,858400,883600,921000,952600,979300,1.0187e+06,1.0989e+06,1.3221e+06,1.1294e+06,1.1578e+06,1.2218e+06,1.2364e+06,1.266e+06,1.3025e+06,1.3407e+06,1.4026e+06,1.4235e+06,1.4649e+06,1.4986e+06,1.5513e+06,1.5878e+06,1.6281e+06,1.6715e+06,1.7343e+06,1.751e+06,1.8007e+06,1.846e+06,1.9032e+06,1.9435e+06,1.9858e+06,2.0362e+06,2.0837e+06,2.1244e+06,2.1739e+06,2.1511e+06,2.2792e+06,2.354e+06,2.3793e+06,2.4307e+06,2.4827e+06,2.5433e+06,2.5939e+06,2.6312e+06,2.7015e+06,2.7509e+06
290,500,1400,2700,4600,7000,5600,17400,17800,22100,27000,32500,38500,44800,51700,59300,67400,76100,85200,95100,105300,124800,127700,139800,165600,165100,178800,207700,207700,230300,239100,262300,272400,296700,308000,333500,345800,372300,393000,406500,435800,419500,480300,503600,526400,552500,575700,601500,626400,653200,680000,707500,742100,763800,793100,829500,853800,899000,915000,960700,985800,1.0124e+06,1.0525e+06,1.0867e+06,1.1227e+06,1.1563e+06,1.1915e+06,1.2284e+06,1.2657e+06,1.4138e+06,1.3416e+06,1.3843e+06,1.4194e+06,1.4585e+06,1.4988e+06,1.5403e+06,1.5879e+06,1.6362e+06,1.6844e+06,1.7257e+06,1.769e+06,1.8127e+06,1.8574e+06,1.8416e+06,1.954e+06,1.9949e+06,2.032e+06,2.0835e+06,2.1355e+06,2.1108e+06,2.241e+06,2.2721e+06,2.3287e+06,2.3793e+06,2.438e+06,2.4839e+06,2.5331e+06,2.587e+06,2.6425e+06,2.6947e+06,2.7646e+06
291,500,1200,2200,5000,7100,10000,13300,17500,21800,26800,32400,51300,45000,51800,59500,67400,76000,85300,103700,105400,117800,128200,140100,163000,165300,178900,202800,207900,231500,239100,255500,274100,306800,309600,327400,355200,365800,396400,414400,435700,450100,479600,502600,526300,550500,575200,600300,626800,652600,729800,708200,734800,764000,792900,822900,874200,888400,913700,949600,980800,1.0129e+06,1.0487e+06,1.1213e+06,1.1315e+06,1.159e+06,1.2853e+06,1.2322e+06,1.2668e+06,1.3862e+06,1.6237e+06,1.7071e+06,1.6187e+06,1.7103e+06,1.7449e+06,1.7265e+06,1.692e+06,1.6888e+06,1.6801e+06,1.7184e+06,1.7568e+06,1.8019e+06,1.8479e+06,1.891e+06,1.9377e+06,2.0087e+06,2.2838e+06,2.5092e+06,2.621e+06,2.7273e+06,2.8262e+06,2.9928e+06,2.9165e+06,2.9799e+06,3.0916e+06,3.1336e+06,3.1844e+06,3.2607e+06,3.3061e+06,3.328e+06,3.0317e+06
292,800,1800,3400,4900,7400,10300,13800,17600,22100,27200,47300,38500,45300,52000,59500,67600,76200,85400,95200,105500,116400,127800,147600,152200,165400,186200,193200,195900,223300,239200,255600,297600,289900,358300,326800,358300,374000,386000,414900,436300,457700,481600,495600,527400,551500,576200,602200,627700,653700,680800,732400,738100,765500,793500,823400,860100,884400,921800,954000,979800,1.0198e+06,1.0768e+06,1.5966e+06,2.8085e+06,1.449e+06,1.4921e+06,1.5381e+06,1.5841e+06,1.632e+06,1.7432e+06,1.707e+06,1.7182e+06,1.774e+06,1.8246e+06,1.8658e+06,2.0211e+06,2.0517e+06,2.0822e+06,2.4388e+06,2.2114e+06,2.2545e+06,2.2509e+06,2.4215e+06,2.1392e+06,2.2064e+06,2.3073e+06,2.1063e+06,2.3711e+06,2.4492e+06,2.5015e+06,2.4961e+06,2.6095e+06,2.5798e+06,2.6835e+06,2.6132e+06,2.6389e+06,2.6e+06,2.9122e+06,3.1087e+06,3.0515e+06
293,700,1800,1700,2800,4100,10100,11500,13400,21900,21300,26500,33700,39800,51900,60700,63100,69900,79900,89400,103800,111200,121700,133400,159600,165200,140200,199700,204100,224200,233000,255500,266800,300800,302700,327500,342300,368600,396200,401300,435400,451900,473400,495900,519800,546300,575500,596200,622400,655500,680500,707100,737900,761800,820700,829700,853300,890300,915200,953200,1.0127e+06,1.2637e+06,1.0535e+06,1.0807e+06,1.1154e+06,1.1966e+06,1.2847e+06,1.4561e+06,1.3774e+06,1.408e+06,1.4275e+06,1.3908e+06,1.4226e+06,1.4669e+06,1.4984e+06,1.5447e+06,1.5861e+06,1.6219e+06,1.67e+06,1.7185e+06,1.76e+06,1.8059e+06,1.8458e+06,1.8998e+06,1.9431e+06,1.9832e+06,2.0304e+06,2.0873e+06,2.1317e+06,2.1728e+06,2.2283e+06,2.2791e+06,2.3276e+06,2.3891e+06,2.4217e+06,2.4869e+06,2.5347e+06,2.5876e+06,2.6481e+06,2.8872e+06,2.7573e+06
294,600,1300,2600,13800,7100,10100,13400,17800,22100,27300,32800,38600,45700,52800,69800,68000,76700,85700,95700,114800,116900,128200,141500,169800,166800,194900,193600,208400,232600,239100,262700,272500,296900,308100,334100,345900,372600,392700,413600,428100,457100,479500,511400,524000,554900,340200,600900,626900,653000,679700,707700,735600,764000,792800,822600,859200,883600,916000,948000,986700,1.0245e+06,1.0517e+06,1.0861e+06,1.1214e+06,1.1654e+06,1.1918e+06,1.2277e+06,1.2957e+06,1.3045e+06,1.3421e+06,1.381e+06,1.4191e+06,1.4721e+06,1.4996e+06,1.5469e+06,1.5876e+06,1.6441e+06,1.6677e+06,1.7254e+06,1.7671e+06,1.812e+06,1.8556e+06,1.8912e+06,1.9367e+06,1.9831e+06,2.0251e+06,2.5792e+06,2.5503e+06,4.0884e+06,2.6222e+06,2.7846e+06,2.9157e+06,3.059e+06,3.0256e+06,3.1392e+06,2.972e+06,2.9408e+06,2.9758e+06,3.0806e+06,2.9607e+06
295,700,1900,3500,5900,8800,12600,17000,21600,27100,33600,40500,48100,56000,107100,100700,100100,95100,106600,118900,229200,147100,160200,175100,190400,222300,223700,241500,272600,278900,310700,319300,351600,362500,396700,410100,347500,376700,565600,535200,535400,562600,602000,630700,659900,690100,720900,752700,784700,822600,852300,894200,1.0943e+06,960300,942800,1.0382e+06,1.0681e+06,1.1145e+06,1.0934e+06,1.185e+06,1.1434e+06,1.0923e+06,1.0609e+06,1.0894e+06,1.116e+06,1.1505e+06,1.1933e+06,1.2289e+06,1.5465e+06,1.6297e+06,1.76e+06,1.7359e+06,1.7233e+06,1.8283e+06,1.83e+06,1.8711e+06,1.92e+06,2.0713e+06,2.0466e+06,2.1574e+06,2.2114e+06,2.3376e+06,2.3096e+06,2.3781e+06,2.4618e+06,2.506e+06,2.595e+06,2.6194e+06,2.5516e+06,2.753e+06,2.6649e+06,2.5545e+06,2.5251e+06,2.5694e+06,2.745e+06,2.7955e+06,2.926e+06,2.7349e+06,3.3398e+06,3.1898e+06,3.1872e+06
296,700,1800,3300,5000,7400,10300,13600,17500,22000,27000,32400,38500,44900,51900,59400,67500,84800,85300,95100,105400,116300,135000,139700,152200,172500,178900,193000,214700,223100,239200,255500,272400,290000,318100,326700,353300,365700,394300,413800,435800,450000,479900,502100,526000,550100,606600,602100,626100,652600,679400,706800,735000,763600,1.0844e+06,834200,853800,890100,915600,954000,997100,1.0125e+06,1.0521e+06,1.086e+06,1.1208e+06,1.1559e+06,1.1917e+06,1.2359e+06,1.2664e+06,1.3035e+06,1.3878e+06,1.3789e+06,1.4182e+06,1.4645e+06,1.498e+06,1.5434e+06,1.5868e+06,1.6217e+06,1.6984e+06,1.7158e+06,1.7583e+06,1.8013e+06,1.8464e+06,1.8963e+06,2.1511e+06,2.2676e+06,2.1756e+06,2.3062e+06,2.284e+06,2.34e+06,2.4005e+06,2.3807e+06,2.4294e+06,2.3927e+06,2.4715e+06,2.4935e+06,2.5773e+06,2.5874e+06,2.6415e+06,2.6966e+06,2.7552e+06
297,500,1500,2800,4600,7000,9900,13500,17200,21800,26800,32500,38600,45100,51800,59400,67400,76000,85100,95000,105300,123000,127700,139800,152200,165200,178900,193200,207800,223200,248000,255600,279800,304800,302100,334000,346000,372700,392800,406700,435300,460800,479700,502800,519200,550100,575000,600400,632300,652600,679600,706700,737100,752900,814300,824800,858600,883400,921000,946700,985600,1.0184e+06,1.0461e+06,1.0797e+06,1.1362e+06,1.1569e+06,1.1932e+06,1.2288e+06,1.2649e+06,1.3038e+06,1.34e+06,1.3784e+06,1.4172e+06,1.4581e+06,1.5086e+06,1.536e+06,1.5831e+06,1.6248e+06,1.6663e+06,1.7117e+06,1.7498e+06,1.8328e+06,1.8413e+06,1.891e+06,1.934e+06,1.9814e+06,2.0326e+06,2.3864e+06,2.1215e+06,2.174e+06,2.2279e+06,2.2474e+06,2.3231e+06,2.377e+06,2.4482e+06,2.8358e+06,2.9156e+06,3.1078e+06,3.1008e+06,2.8103e+06,2.7919e+06
298,700,1700,3400,5000,7400,10000,13600,17500,21700,26800,32500,38700,44800,51800,59300,67400,85600,85200,95000,105400,116100,135200,139700,152100,172200,178900,193100,214700,199500,247900,247400,274100,291500,323400,327400,355400,374700,385800,420000,435300,457300,472600,502800,526000,550400,575100,600500,626200,654400,685400,708400,735000,769900,792700,897300,856200,890000,915100,953600,979300,1.0184e+06,1.0529e+06,1.0695e+06,1.1216e+06,1.1559e+06,1.2028e+06,1.2279e+06,1.2652e+06,1.3023e+06,1.3403e+06,1.3925e+06,1.4302e+06,1.4607e+06,1.5053e+06,1.5638e+06,1.5814e+06,1.6276e+06,1.6702e+06,1.7135e+06,1.7574e+06,1.806e+06,1.8467e+06,1.9023e+06,1.9365e+06,1.9836e+06,2.0294e+06,2.0847e+06,2.1286e+06,2.1958e+06,2.2324e+06,2.2849e+06,2.3242e+06,2.3743e+06,2.4323e+06,3.0217e+06,2.539e+06,2.734e+06,2.6585e+06,2.6987e+06,2.8146e+06
299,700,1700,3200,5100,22000,10400,13800,17700,21900,26900,32700,38400,45100,51900,59400,76300,76000,85200,95100,105300,123500,122600,141600,167100,165300,189700,193200,207800,230600,239100,260000,283200,291200,318300,328000,355800,375100,387400,416500,437300,459400,481700,497200,528600,552600,576900,601200,610700,653500,679500,706800,734600,763500,793100,822300,858900,884000,921000,946600,996700,1.0198e+06,1.0492e+06,1.0865e+06,1.1408e+06,1.1493e+06,1.1916e+06,1.2282e+06,1.2642e+06,1.3018e+06,1.3429e+06,1.3842e+06,1.4185e+06,1.4581e+06,1.4967e+06,1.5438e+06,1.579e+06,1.6272e+06,1.6843e+06,1.714e+06,1.7588e+06,1.8087e+06,1.8468e+06,1.8909e+06,1.9368e+06,2.0371e+06,2.0383e+06,2.0962e+06,2.6381e+06,2.7315e+06,2.8284e+06,2.8718e+06,2.9163e+06,2.979e+06,3.0412e+06,3.1765e+06,3.1841e+06,3.1788e+06,3.3012e+06,3.2058e+06,3.3065e+06
300,800,1800,3300,5000,7200,10300,13700,17600,21800,26900,32500,38500,44800,51700,59200,67400,76100,125400,96400,106000,116700,142400,139700,154200,225500,195000,194700,224300,224200,250600,255700,272600,290100,315400,326800,353000,365900,386000,413900,435100,450200,472700,503100,522900,551000,575800,600400,616400,653600,686100,706900,734800,763500,798700,822300,859200,883900,921100,945000,996300,1.0122e+06,1.0512e+06,1.0849e+06,1.1158e+06,1.1549e+06,1.1919e+06,1.2259e+06,1.2652e+06,1.3011e+06,1.3394e+06,1.3879e+06,1.5706e+06,1.2556e+06,1.5027e+06,1.5467e+06,1.5804e+06,1.8007e+06,2.0896e+06,1.8697e+06,2.2589e+06,2.2923e+06,2.3659e+06,2.3654e+06,2.4232e+06,2.4994e+06,2.5425e+06,2.6076e+06,2.6594e+06,2.7973e+06,2.87e+06,2.8643e+06,2.9143e+06,3.0059e+06,3.0193e+06,3.1644e+06,3.2214e+06,3.265e+06,3.2073e+06,3.1599e+06,3.4034e+06
301,800,1800,3300,5100,7500,10300,13800,17600,22100,27100,32800,38700,50000,52000,59500,67600,76200,85500,105100,105400,116300,127700,149400,152300,165400,188400,193300,208000,230600,239200,262600,272600,297200,308200,333900,353200,365800,393500,413500,428100,457300,480600,503200,526100,550800,575100,601600,627400,654100,680000,706800,735000,763200,792400,828800,853000,891800,924500,951500,986400,1.0184e+06,1.0391e+06,1.079e+06,1.1216e+06,1.1561e+06,1.1917e+06,1.2279e+06,1.2683e+06,1.3032e+06,1.3413e+06,1.3858e+06,1.4263e+06,1.4682e+06,1.4978e+06,1.5443e+06,1.5855e+06,1.6223e+06,1.6716e+06,1.7133e+06,1.7581e+06,1.7733e+06,1.8491e+06,1.8918e+06,1.9477e+06,1.9874e+06,2.0325e+06,2.4446e+06,2.6472e+06,2.7304e+06,2.7602e+06,2.8138e+06,2.9391e+06,2.9891e+06,3.0526e+06,3.0838e+06,2.7673e+06,3.0537e+06,2.9737e+06,3.1438e+06,3.1915e+06
302,800,1900,3400,6300,7000,9800,13400,17200,21900,26800,32100,38200,44800,51800,59300,67400,85700,85300,95100,105300,116100,156700,166300,166700,165900,179400,203800,208000,231800,239300,255600,280500,290100,308200,334900,345900,373800,394300,406700,436400,458000,480800,503600,527200,551300,588300,609700,632000,655400,681500,708600,882500,956400,993100,1.0377e+06,1.0682e+06,1.1139e+06,1.1712e+06,966400,1.1305e+06,1.1008e+06,1.0642e+06,1.1515e+06,1.1373e+06,1.1717e+06,1.2241e+06,1.2331e+06,1.3987e+06,1.5823e+06,1.6344e+06,1.6243e+06,1.713e+06,1.7397e+06,1.9493e+06,1.8797e+06,1.9348e+06,1.965e+06,2.0219e+06,2.0922e+06,2.1825e+06,2.2907e+06,2.1888e+06,2.0814e+06,1.9516e+06,2.1984e+06,2.5536e+06,2.6016e+06,2.669e+06,2.8484e+06,2.8025e+06,2.8641e+06,3.0077e+06,2.9899e+06,3.1977e+06,3.2092e+06,3.1842e+06,3.2505e+06,3.394e+06,3.3995e+06,3.3325e+06
303,900,1800,3400,5100,7200,10100,13600,17600,22000,26900,32600,38400,44800,63900,59400,67500,76100,85200,95100,115000,116200,127600,139800,159800,165300,178900,200400,207900,223300,239200,256700,272500,301100,308100,333700,346000,372900,393000,407400,437500,457100,479600,502500,526400,550300,575500,600200,626300,652500,679400,708000,744500,764800,793100,886100,861700,883800,921200,947200,985500,1.0189e+06,1.0523e+06,1.0803e+06,1.1189e+06,1.1564e+06,1.2123e+06,1.2288e+06,1.2653e+06,1.3032e+06,1.3402e+06,1.3796e+06,1.4243e+06,1.4582e+06,1.5084e+06,1.5445e+06,1.5791e+06,1.6274e+06,1.6712e+06,1.7136e+06,1.7642e+06,1.8012e+06,1.8529e+06,1.9022e+06,1.9375e+06,1.9893e+06,2.0303e+06,2.0763e+06,2.131e+06,2.187e+06,2.2779e+06,2.2738e+06,2.7921e+06,2.8523e+06,2.8879e+06,3.0415e+06,3.1739e+06,3.2369e+06,3.303e+06,3.2783e+06,3.2584e+06
304,700,1800,3300,5000,7500,10300,27900,17500,22100,27000,32500,39900,38800,47300,54100,63600,76000,85400,89000,106300,116400,138700,139700,152300,173100,178900,193200,215100,223300,246300,255500,272400,290100,316500,326800,354800,373900,386100,415000,445300,458900,472800,495800,526100,554500,575600,600600,626300,652400,679400,707000,735300,763200,794900,822500,871400,883500,920700,946900,986600,1.0193e+06,1.0521e+06,1.0801e+06,1.1147e+06,1.1559e+06,1.1917e+06,1.2172e+06,1.2678e+06,1.3042e+06,1.3468e+06,1.3778e+06,1.4164e+06,1.4605e+06,1.4972e+06,1.5429e+06,1.5897e+06,1.6195e+06,1.6727e+06,1.9337e+06,1.7627e+06,1.8014e+06,1.8414e+06,1.8931e+06,1.9466e+06,1.9729e+06,2.0339e+06,2.0754e+06,2.1138e+06,2.4036e+06,2.5771e+06,2.5731e+06,2.5228e+06,2.6765e+06,2.6601e+06,2.844e+06,2.8583e+06,2.8251e+06,3.0391e+06,3.1488e+06,3.3687e+06
305,800,1900,3600,5700,8800,12500,16800,21700,27400,33600,38000,45100,52800,61000,69800,79200,89500,111300,111800,123800,136800,163400,139500,151900,207000,179000,193100,200000,224000,242700,247000,280900,285300,311000,320400,348700,368700,381200,409800,430700,452200,474700,491400,527000,549500,579400,605200,627500,653600,680300,708200,736000,764000,793400,829600,853400,890100,916000,954400,982100,1.03e+06,1.0562e+06,1.0886e+06,1.1166e+06,1.151e+06,1.1936e+06,1.2298e+06,1.2666e+06,1.3035e+06,1.3618e+06,1.3953e+06,1.4205e+06,1.4662e+06,1.5218e+06,1.8773e+06,1.9286e+06,1.9522e+06,2.0973e+06,2.1448e+06,2.1991e+06,2.318e+06,2.3097e+06,2.4175e+06,2.5193e+06,2.4931e+06,2.4656e+06,2.4717e+06,2.1376e+06,2.1806e+06,2.6119e+06,2.9586e+06,2.9586e+06,3.0303e+06,3.1109e+06,3.2667e+06,3.1556e+06,3.2374e+06,3.313e+06,3.3924e+06,3.4636e+06
306,900,2200,4400,6800,9300,10100,13700,17400,35400,26900,32400,38400,45000,51800,59300,67500,88900,85200,95000,106900,116900,128100,150300,152400,165200,188200,193100,207800,223900,250700,255600,280300,290000,315400,349200,346000,373100,392800,406900,435200,457100,479800,502700,519200,543700,568700,601200,632100,652900,680100,707100,734900,771800,793100,822600,852500,883700,921100,953200,960300,1.0192e+06,1.0525e+06,1.0868e+06,1.1306e+06,1.1343e+06,1.0483e+06,1.0886e+06,1.0905e+06,1.3161e+06,1.3422e+06,1.3805e+06,1.7047e+06,1.779e+06,1.5132e+06,1.5417e+06,1.593e+06,1.9427e+06,2.0667e+06,2.0368e+06,2.0703e+06,1.8473e+06,1.9229e+06,1.8977e+06,1.9468e+06,2.1913e+06,2.0289e+06,2.0784e+06,2.1373e+06,2.2561e+06,2.8063e+06,2.8508e+06,2.9135e+06,2.977e+06,3.0563e+06,3.1231e+06,3.1911e+06,3.2344e+06,3.175e+06,3.2866e+06,3.4256e+06
307,700,1700,3400,5100,7400,10300,13800,17500,21900,41300,32500,38400,45000,51800,59500,67600,76100,94400,95200,105500,116300,135000,139700,152200,165200,186000,193200,215000,223300,243200,271000,273100,301600,308800,334400,353000,365600,393000,413900,428200,457600,479700,503600,526300,550700,576000,600300,626600,652800,675900,707600,737400,764500,793100,829300,853300,890600,915900,953800,986300,1.0131e+06,1.0528e+06,1.0871e+06,1.1224e+06,1.1696e+06,1.2271e+06,1.2303e+06,1.2665e+06,1.3031e+06,1.3414e+06,1.5921e+06,1.6951e+06,1.4744e+06,1.5008e+06,1.5463e+06,1.58e+06,1.6294e+06,1.6704e+06,1.7629e+06,1.7647e+06,1.8024e+06,1.7864e+06,1.8908e+06,1.9364e+06,1.9826e+06,2.0421e+06,2.0764e+06,2.1321e+06,2.177e+06,2.2236e+06,2.2776e+06,2.3396e+06,2.3784e+06,2.4295e+06,2.4838e+06,2.5337e+06,2.6052e+06,2.648e+06,2.7038e+06,2.7581e+06
308,500,1200,2700,4600,7000,9800,13300,17200,21900,26600,32300,38300,73900,54100,60900,82900,77000,86100,96000,106100,126900,128600,140400,153100,166200,179800,202400,208800,224000,248000,256300,281200,270000,283500,343300,347600,382000,400200,417000,425200,458600,479700,502700,527000,550300,575300,601400,626100,652700,671800,708500,742200,763900,792800,829000,852700,889800,914700,953500,985500,1.0123e+06,1.0521e+06,1.0877e+06,1.0919e+06,1.1624e+06,1.2027e+06,1.2291e+06,1.271e+06,1.3026e+06,1.3408e+06,1.3789e+06,1.424e+06,1.4936e+06,1.5959e+06,1.5451e+06,1.5875e+06,1.6292e+06,1.6834e+06,2.0954e+06,2.1849e+06,2.2949e+06,2.3218e+06,2.3674e+06,2.4253e+06,2.4822e+06,2.5501e+06,2.6587e+06,2.6642e+06,2.7203e+06,2.7327e+06,2.7233e+06,2.931e+06,2.8566e+06,2.917e+06,2.7335e+06,2.9574e+06,2.9014e+06,3.0241e+06,2.9475e+06,3.0947e+06
309,800,1800,3300,5000,7400,10200,13700,17600,21900,22100,19100,39800,45800,52500,59400,67600,76200,85600,95900,119600,116500,139700,139600,152300,174200,179100,193000,216300,223200,247500,255700,280900,289900,316700,326700,354200,377900,454200,409900,444300,461300,480100,508300,528500,551500,575300,600200,626300,652800,679600,707500,735500,769700,795000,830700,852700,889700,914400,1.0504e+06,983000,1.0193e+06,1.0529e+06,1.086e+06,1.121e+06,1.1824e+06,1.1966e+06,1.2275e+06,1.2649e+06,1.303e+06,1.3522e+06,1.3852e+06,1.4183e+06,1.4583e+06,1.5042e+06,1.5482e+06,1.5808e+06,1.628e+06,1.6703e+06,1.7245e+06,1.7582e+06,1.8017e+06,1.8529e+06,1.8909e+06,1.9374e+06,1.99e+06,2.0229e+06,2.0839e+06,2.125e+06,2.1794e+06,2.2289e+06,2.2805e+06,2.331e+06,2.3788e+06,2.4462e+06,2.4886e+06,2.5337e+06,2.5889e+06,2.652e+06,2.6937e+06,2.7546e+06
310,600,1400,2800,4700,7100,10100,13400,17500,21900,26900,32200,38400,52300,51900,59500,67600,76100,85400,102200,105500,116300,127700,146600,152300,165300,183600,193200,201600,231100,238900,257000,278400,298000,308000,334400,345900,365400,392700,413600,428300,457300,479900,504100,526200,550400,575800,600600,626300,655400,680400,701800,742000,763700,796200,828800,852900,889800,914900,953400,986000,1.0123e+06,1.0523e+06,1.0962e+06,1.1089e+06,1.1569e+06,1.1907e+06,1.225e+06,1.2653e+06,1.3e+06,1.3372e+06,1.3777e+06,1.4222e+06,1.4569e+06,1.5048e+06,1.534e+06,1.5857e+06,1.6257e+06,1.6693e+06,1.7131e+06,1.754e+06,1.7927e+06,1.8654e+06,1.8894e+06,1.935e+06,1.988e+06,2.0288e+06,2.057e+06,2.8122e+06,2.6488e+06,2.6708e+06,2.7415e+06,2.79e+06,3.0899e+06,3.041e+06,3.1053e+06,3.1806e+06,3.3454e+06,3.6578e+06,3.2634e+06,3.3614e+06
311,600,1800,3300,5300,7600,10400,13800,17600,21900,27000,32300,38300,58100,51900,59400,67500,76200,85300,106000,105400,116400,127600,147300,152200,165200,179000,193200,208000,221400,240000,256000,260300,316200,302000,328700,346000,365700,398300,396700,428100,459400,480100,506900,526400,551800,575100,600600,626300,653200,679800,707100,742900,763900,812100,833700,855200,889800,915600,952800,979200,1.0199e+06,1.0545e+06,1.0836e+06,1.1228e+06,1.1573e+06,1.2062e+06,1.2333e+06,1.267e+06,1.3036e+06,1.6383e+06,1.713e+06,1.7183e+06,1.7762e+06,1.8201e+06,1.7866e+06,1.8796e+06,1.8594e+06,1.8724e+06,1.8418e+06,1.9965e+06,2.0294e+06,1.8955e+06,1.931e+06,2.0036e+06,1.984e+06,2.0309e+06,2.0869e+06,2.1254e+06,2.1828e+06,2.628e+06,2.7489e+06,2.8203e+06,2.8671e+06,2.7344e+06,2.8412e+06,3.0537e+06,3.3485e+06,3.3099e+06,3.3739e+06,3.4519e+06
312,1000,2300,4000,6600,9900,13600,18300,22000,27400,33700,40700,48000,56100,78900,74300,84300,95100,106500,118700,131600,145100,159500,174500,190100,206500,223600,180400,209400,223800,250100,255800,282300,290200,316800,335200,346400,375200,394200,407000,436300,458800,481000,505100,527400,551600,576200,634600,807600,818400,852100,834100,929100,956700,957200,1.0383e+06,1.0224e+06,891800,923700,1.0036e+06,1.0916e+06,1.2774e+06,1.2811e+06,1.3155e+06,1.3449e+06,1.4468e+06,1.4919e+06,1.5371e+06,1.5989e+06,1.3656e+06,1.4709e+06,1.6135e+06,1.5966e+06,1.5478e+06,1.6116e+06,1.5399e+06,1.5886e+06,1.6289e+06,1.6706e+06,1.7092e+06,1.7573e+06,1.8019e+06,1.9247e+06,1.9647e+06,2.122e+06,2.4045e+06,2.4278e+06,2.4541e+06,2.5207e+06,2.5745e+06,2.4685e+06,2.596e+06,2.5831e+06,2.5965e+06,2.7193e+06,2.7727e+06,2.8121e+06,2.6175e+06,2.7422e+06,2.7949e+06,2.8782e+06
313,700,1800,3400,5100,7400,10300,13700,17500,22000,27100,32500,38700,59100,51900,59400,67500,76100,85300,103900,105400,118100,128400,151900,152400,165300,188800,193200,208000,223100,239400,263700,272800,298100,308200,327000,353600,406800,395400,414900,436000,450500,472600,503900,546000,553800,575100,597100,626700,647900,674800,702200,730000,761000,798900,820600,854200,896800,915100,966700,985700,1.014e+06,1.0522e+06,1.086e+06,1.121e+06,1.1555e+06,1.192e+06,1.2317e+06,1.2646e+06,1.3162e+06,1.3473e+06,1.3788e+06,1.4179e+06,1.4637e+06,1.4975e+06,1.5446e+06,1.5858e+06,1.6245e+06,1.6419e+06,1.7119e+06,1.7546e+06,1.8028e+06,1.8433e+06,1.8956e+06,1.9314e+06,2.1895e+06,2.342e+06,2.3321e+06,2.3818e+06,2.2519e+06,2.4408e+06,2.468e+06,2.5821e+06,2.5318e+06,2.5521e+06,2.6198e+06,2.9967e+06,3.093e+06,3.1646e+06,3.3077e+06,3.4065e+06
314,900,1800,3200,5000,7400,10400,13800,17600,21900,27000,29000,38500,45100,51900,59400,67500,77300,107100,95300,105400,114200,133000,130900,147700,168700,172700,185800,207900,217400,241800,250400,266900,284900,308000,319300,346800,360700,386100,408900,429900,427200,468400,497400,521300,550600,584400,604800,626900,652400,680300,706900,734700,763500,792600,828700,852600,891100,915300,953500,932500,1.0124e+06,1.0521e+06,1.0862e+06,1.1212e+06,1.1559e+06,1.1922e+06,1.2309e+06,1.2668e+06,1.3022e+06,1.3466e+06,1.3632e+06,1.4185e+06,1.464e+06,1.4974e+06,1.5445e+06,1.6024e+06,1.6219e+06,1.6722e+06,1.7138e+06,1.753e+06,1.8026e+06,1.8553e+06,1.8902e+06,2.1662e+06,2.253e+06,2.0155e+06,2.0949e+06,2.1638e+06,2.6478e+06,2.5287e+06,2.6687e+06,2.67e+06,2.7339e+06,2.8749e+06,3.0112e+06,3.1379e+06,3.2406e+06,3.3174e+06,3.4071e+06,3.5522e+06
315,800,1800,3400,5100,7500,24900,13700,17600,22000,27100,32600,39800,45900,50000,50700,67300,76100,81400,106700,105500,116400,127700,156200,152400,165400,188700,193300,207900,230900,239300,262700,272700,297300,308200,333900,346000,365700,393200,414000,428300,457400,479800,503700,505500,555700,552900,606000,668800,656200,681200,714500,735900,765100,800400,823500,860000,884700,925300,948200,1.0023e+06,1.0265e+06,1.046e+06,1.0798e+06,1.1206e+06,1.1557e+06,1.1915e+06,1.228e+06,1.2652e+06,1.308e+06,1.4237e+06,1.3819e+06,1.4194e+06,1.4598e+06,1.5107e+06,1.7202e+06,1.922e+06,1.9811e+06,2.1666e+06,2.0867e+06,2.2007e+06,2.2544e+06,2.2634e+06,2.832e+06,2.4274e+06,2.4825e+06,2.5486e+06,2.6012e+06,2.6717e+06,2.6843e+06,2.7968e+06,2.8061e+06,2.6019e+06,2.6332e+06,2.884e+06,3.1626e+06,3.1717e+06,3.2445e+06,3.3153e+06,3.3084e+06,3.3421e+06
316,700,1800,3400,5700,8700,12200,16500,21600,27100,33400,41800,39600,46500,67300,60000,67500,92000,85500,95200,129900,116400,127600,139700,160800,165400,179000,200100,207900,223200,246200,255500,279600,289900,315100,333900,345800,378600,386400,407000,435200,456800,479500,495400,523600,563200,575800,601000,626700,652800,680200,713500,735500,764200,797700,823400,859100,883400,921000,953200,975800,1.0233e+06,1.0525e+06,1.0868e+06,1.1214e+06,1.1556e+06,1.192e+06,1.2295e+06,1.2651e+06,1.3028e+06,1.346e+06,1.3925e+06,1.4183e+06,1.4577e+06,1.5061e+06,1.5413e+06,1.592e+06,1.6296e+06,1.6713e+06,1.9275e+06,1.8891e+06,1.9019e+06,1.9749e+06,1.993e+06,1.9696e+06,1.9912e+06,2.1695e+06,2.0865e+06,2.1518e+06,2.1853e+06,2.2395e+06,2.2914e+06,2.3455e+06,2.391e+06,2.444e+06,2.4954e+06,2.5452e+06,2.5991e+06,2.6529e+06,2.7086e+06,2.7408e+06
317,800,1600,1800,2900,4300,5900,8000,11900,15600,21000,27400,45100,39100,47300,54300,60500,76000,79200,107800,107000,127600,128200,139900,152400,174100,179200,193300,215800,223300,249900,255800,272500,296400,308100,329500,348800,359700,393200,408100,422500,452700,474400,502900,523200,545300,575300,599600,620600,649100,674800,679500,739100,778400,800700,822700,859600,884600,921400,946900,986100,1.019e+06,1.0528e+06,1.0886e+06,1.1128e+06,1.1614e+06,1.1916e+06,1.2343e+06,1.2651e+06,1.3023e+06,1.3404e+06,1.3785e+06,1.4178e+06,1.4608e+06,1.463e+06,1.5485e+06,1.5804e+06,1.6298e+06,1.671e+06,1.7141e+06,1.7562e+06,1.8028e+06,1.8446e+06,1.8915e+06,1.9365e+06,1.9893e+06,2.0312e+06,2.0907e+06,2.1252e+06,2.1843e+06,2.2278e+06,2.2737e+06,2.3301e+06,2.3948e+06,2.4676e+06,2.5277e+06,2.7087e+06,2.645e+06,2.7809e+06,2.9332e+06,2.9602e+06
318,800,1700,17600,5100,6100,5900,13600,12100,15100,20600,25800,32100,38400,43200,63500,59500,72700,85300,90500,108100,105400,120000,139600,159300,159600,178900,200100,207900,214200,239700,255600,280600,290000,304600,340500,346000,374800,393000,406800,435300,457200,479800,503200,519200,543400,575500,600500,626200,652600,679600,707000,691700,763900,794800,829200,852300,899600,915200,953000,985200,1.0121e+06,1.0517e+06,1.0861e+06,1.1229e+06,1.1567e+06,1.192e+06,1.23e+06,1.2829e+06,1.3027e+06,1.3472e+06,1.3783e+06,1.4177e+06,1.4646e+06,1.5028e+06,1.5499e+06,1.5904e+06,1.6223e+06,1.6644e+06,1.7134e+06,1.7582e+06,1.8076e+06,1.8701e+06,1.9109e+06,1.9375e+06,1.9836e+06,2.0368e+06,2.0789e+06,2.1316e+06,2.1758e+06,2.2345e+06,2.2789e+06,2.3289e+06,2.3804e+06,2.4308e+06,2.4772e+06,2.5683e+06,2.6835e+06,2.6493e+06,2.7536e+06,3.2871e+06
319,1100,2200,3700,6200,10000,11900,15900,18500,22600,27000,32500,38700,45000,52000,59400,67500,85900,85400,95100,105500,116500,127700,139800,152300,172600,178800,208500,208500,223800,302400,255600,282400,289900,308200,334800,346100,373600,393700,406800,436300,458200,480500,519100,527400,551500,576000,601900,646000,657000,674900,702200,737700,757100,786400,827200,849500,887600,912200,950800,982800,1.0201e+06,1.0514e+06,1.0964e+06,1.2601e+06,1.2435e+06,1.2355e+06,1.2302e+06,1.2656e+06,1.3092e+06,1.3451e+06,1.3789e+06,1.4322e+06,1.4578e+06,1.5043e+06,1.5398e+06,1.5855e+06,1.6279e+06,1.6644e+06,1.7072e+06,2.1319e+06,1.8022e+06,1.8473e+06,2.0905e+06,2.3506e+06,2.338e+06,2.1659e+06,2.2355e+06,2.1342e+06,2.1764e+06,2.2322e+06,2.3092e+06,2.341e+06,2.3929e+06,2.4423e+06,2.4945e+06,2.5469e+06,2.6009e+06,3.217e+06,3.2435e+06,3.1848e+06
320,900,1800,3300,5100,7400,10200,13700,17600,22100,27000,32600,38500,44900,51900,67200,68400,76600,85400,95200,105400,116400,140400,139800,152300,166000,179400,193200,216300,223300,239100,255600,274300,299000,318800,327000,355600,374200,386100,415300,503800,463000,472700,503200,526400,550300,574900,600300,804800,654800,681700,709800,736500,771900,794100,830600,920300,891600,916300,1.0423e+06,1.2302e+06,1.2558e+06,1.2707e+06,1.3112e+06,1.3208e+06,1.3628e+06,1.2535e+06,1.2785e+06,1.3203e+06,1.3505e+06,1.3354e+06,1.4057e+06,1.4263e+06,1.4581e+06,1.5043e+06,1.5387e+06,1.5857e+06,1.6289e+06,1.6704e+06,1.7083e+06,1.7618e+06,1.7985e+06,1.8449e+06,1.8908e+06,1.9372e+06,1.9869e+06,2.0316e+06,2.2665e+06,2.3788e+06,2.4921e+06,2.452e+06,2.3953e+06,2.6891e+06,2.6414e+06,2.66e+06,2.5519e+06,2.5206e+06,2.5991e+06,2.6483e+06,2.6957e+06,2.7546e+06
321,500,1300,2700,4600,7100,5800,11300,17300,21800,26800,39000,38300,44800,51900,59400,67500,76100,85300,95100,105400,116200,127800,146800,152300,165200,193000,208700,208600,223700,239100,255500,281400,290400,308200,335300,378100,374900,397000,415700,467300,451900,472600,503300,525900,550300,575000,600500,625900,652700,686500,706700,734900,768100,799100,822600,859000,880900,920600,946600,984500,1.0188e+06,1.0516e+06,1.0794e+06,1.1202e+06,1.1655e+06,1.1916e+06,1.2281e+06,1.4757e+06,1.3044e+06,1.3413e+06,1.386e+06,1.4186e+06,1.4641e+06,1.5082e+06,1.5516e+06,1.6174e+06,1.594e+06,1.673e+06,1.7149e+06,1.7581e+06,1.8253e+06,1.857e+06,1.9024e+06,1.9419e+06,1.9898e+06,2.0242e+06,2.0547e+06,2.4041e+06,2.406e+06,2.4407e+06,2.5602e+06,2.6976e+06,2.3817e+06,2.5089e+06,2.4876e+06,2.5364e+06,2.5999e+06,2.6529e+06,2.7121e+06,2.7814e+06
322,700,1700,3000,5000,7300,10100,13500,17400,21800,26800,32300,38300,59000,51900,59400,67400,76200,85200,95100,105300,116200,127600,141300,152900,165600,178800,193100,216600,223300,262900,255400,272500,290000,315700,326800,353500,365600,386100,413800,435400,450400,479700,502800,533300,573700,577000,604400,626400,648100,684300,711200,736700,771500,793900,830100,853500,892600,916200,954000,980300,1.0196e+06,1.144e+06,1.3479e+06,1.373e+06,1.4079e+06,1.4532e+06,1.4945e+06,1.5371e+06,1.5956e+06,1.6158e+06,1.3909e+06,1.5637e+06,1.8344e+06,1.8761e+06,1.9258e+06,1.9876e+06,2.1626e+06,2.0374e+06,2.1803e+06,2.0503e+06,1.8911e+06,2.01e+06,2.0773e+06,2.1418e+06,2.1825e+06,1.9952e+06,2.1915e+06,2.2196e+06,2.2391e+06,2.3582e+06,2.3196e+06,2.6621e+06,2.6884e+06,2.6407e+06,2.4905e+06,2.5373e+06,3.1829e+06,3.3047e+06,3.527e+06,3.4507e+06
323,700,1800,3300,5700,9100,12700,16700,22000,27200,33500,40100,47800,55900,64800,74200,84200,94900,106600,118700,131600,145300,173800,174400,209700,179600,179600,193700,216400,223200,246100,255500,279300,289900,315500,326600,352800,372400,427500,414300,435100,457000,480200,495800,526600,550500,531400,605300,626700,652900,679600,707000,735900,769700,831400,822400,858700,883500,921100,953000,979200,1.0191e+06,1.0579e+06,1.0875e+06,1.1155e+06,1.1592e+06,1.1922e+06,1.2281e+06,1.2735e+06,1.3022e+06,1.3399e+06,1.3651e+06,1.426e+06,1.4575e+06,1.5166e+06,1.5389e+06,1.5861e+06,1.6302e+06,1.6716e+06,1.7132e+06,1.7577e+06,1.8015e+06,1.8599e+06,1.8933e+06,1.9368e+06,1.9823e+06,2.036e+06,2.0782e+06,2.1334e+06,2.1828e+06,2.224e+06,2.2791e+06,2.3291e+06,2.3841e+06,2.5446e+06,2.6518e+06,2.939e+06,2.9311e+06,3.081e+06,3.3113e+06,3.374e+06
324,800,1800,3200,5500,7500,10200,13800,18500,22100,27700,32900,38900,46400,53200,59700,67800,76100,85300,95100,105300,116200,127600,149000,152100,165300,187200,193300,207900,223100,239100,263300,272400,297600,308100,326600,353800,365600,394600,488500,540300,273500,495000,487500,533300,586100,577900,601300,626500,652600,679900,707200,738600,770300,793000,822500,867700,884400,920900,952900,979600,1.0181e+06,1.0521e+06,1.0861e+06,1.1211e+06,1.1499e+06,1.1856e+06,1.3288e+06,1.2131e+06,1.3047e+06,1.3404e+06,1.3788e+06,1.4178e+06,1.4637e+06,1.4979e+06,1.5491e+06,1.5863e+06,1.7188e+06,1.6677e+06,1.7141e+06,1.7567e+06,1.801e+06,1.8457e+06,1.8985e+06,1.9833e+06,2.0584e+06,2.0362e+06,2.0774e+06,2.1317e+06,4.5521e+06,2.2155e+06,2.2528e+06,2.3184e+06,2.3832e+06,2.4425e+06,2.4832e+06,2.5402e+06,2.5957e+06,2.6484e+06,2.6986e+06,2.7553e+06
325,500,1400,2700,4600,7000,9900,13300,17400,23000,21600,32900,38800,44900,51900,59500,67400,76200,94500,95100,105400,116300,142700,140600,152100,176000,178900,193200,216300,223200,246900,255400,282300,289900,319400,326700,353100,365500,385800,413700,434900,449800,472600,504800,520400,549700,570500,598600,622900,634400,681500,709500,742000,763800,802700,828800,852300,889900,915700,953600,979400,1.012e+06,1.0518e+06,1.0877e+06,1.1206e+06,1.1562e+06,1.1917e+06,1.2274e+06,1.2656e+06,1.3002e+06,1.3409e+06,1.3786e+06,1.4206e+06,1.4638e+06,1.4982e+06,1.5447e+06,1.5805e+06,1.6221e+06,1.6744e+06,1.7173e+06,1.7727e+06,1.8012e+06,1.8467e+06,1.8976e+06,1.9392e+06,1.9831e+06,2.0917e+06,2.1051e+06,2.1346e+06,2.1821e+06,2.2243e+06,2.2806e+06,2.3319e+06,2.4963e+06,2.4347e+06,2.4856e+06,2.5382e+06,2.5859e+06,2.6724e+06,3.104e+06,2.7669e+06
326,600,1100,1900,5300,7600,10400,13600,17500,21900,26900,47000,38700,44900,52000,59400,67500,76100,94100,95000,105500,117700,127900,149200,152200,165300,186200,193100,207800,230300,239000,262400,272300,297000,308000,328900,358900,376200,386000,414400,436500,456700,472300,502700,526300,550200,574900,600100,626200,652800,685600,707000,735000,767000,793400,824200,857000,890800,915000,953000,985200,1.012e+06,1.0519e+06,1.086e+06,1.1205e+06,1.1674e+06,1.1932e+06,1.2241e+06,1.2637e+06,1.2995e+06,1.3406e+06,1.3835e+06,1.4162e+06,1.4559e+06,1.4913e+06,1.5519e+06,1.5877e+06,1.6231e+06,1.6726e+06,1.8767e+06,2.129e+06,2.1793e+06,2.0419e+06,2.1183e+06,2.171e+06,2.2587e+06,2.3458e+06,2.626e+06,2.7129e+06,2.6074e+06,2.6942e+06,2.8629e+06,2.9363e+06,3.0383e+06,3.1187e+06,3.124e+06,3.239e+06,3.3982e+06,3.3369e+06,3.3474e+06,3.5549e+06
327,800,2100,4100,5100,7200,10200,13700,17500,13500,22500,33500,39800,46300,53600,75300,68000,91200,85200,95000,105400,116300,127700,139700,152200,173900,178900,193200,215000,223300,246000,255600,279500,289800,314900,326700,352700,372900,385700,413400,435900,457500,472600,502800,526400,550800,576600,600400,626000,652700,685800,707000,735000,763700,799600,822400,1.1065e+06,884800,921800,978600,987600,1.0136e+06,1.0534e+06,1.0875e+06,1.1217e+06,1.1569e+06,1.1923e+06,1.2367e+06,1.5365e+06,1.6914e+06,1.6791e+06,1.7341e+06,1.7756e+06,1.7796e+06,1.7649e+06,1.9197e+06,1.9969e+06,2.0279e+06,1.8352e+06,1.8867e+06,1.768e+06,2.0458e+06,2.0418e+06,2.1002e+06,1.9252e+06,2.1162e+06,2.051e+06,2.0937e+06,2.1372e+06,2.1814e+06,2.235e+06,2.2799e+06,2.3217e+06,2.3824e+06,2.43e+06,2.4994e+06,2.54e+06,2.5862e+06,2.6479e+06,2.6942e+06,2.7552e+06
328,500,1400,2700,4500,6900,9900,13400,17400,21900,18500,43400,38200,44800,51800,59400,67500,76100,85200,95000,105300,116100,127700,147000,152200,165300,186200,193100,207800,230400,239100,262600,272500,351600,308200,338800,358000,365800,393600,416700,462600,464400,472700,495700,527300,551200,575700,601100,627000,652100,680300,707400,745100,770300,802700,822500,852700,885700,918500,953400,979400,1.0183e+06,1.0521e+06,1.0861e+06,1.1315e+06,1.1563e+06,1.1914e+06,1.2279e+06,1.2651e+06,1.254e+06,1.3468e+06,1.3789e+06,1.4256e+06,1.4638e+06,1.4982e+06,1.5444e+06,1.5858e+06,1.6221e+06,1.6756e+06,1.714e+06,1.7581e+06,1.8374e+06,1.8466e+06,1.8919e+06,1.9429e+06,1.9757e+06,2.0401e+06,2.0793e+06,2.15e+06,2.1864e+06,2.2351e+06,2.2702e+06,2.3398e+06,2.3908e+06,2.4416e+06,2.4969e+06,2.5679e+06,2.5996e+06,2.6574e+06,2.7096e+06,2.7754e+06
329,600,1600,2800,4700,7000,9900,23200,17500,21900,26700,32300,38400,44800,51800,59200,77300,76100,85200,95100,105400,125600,127600,139800,152100,165600,178800,202200,207900,422400,254400,256000,284300,289900,317700,326600,345800,374200,385700,406700,437100,458800,481100,504100,519100,543400,577000,782700,634100,665300,681900,708900,737000,771600,794700,824500,860600,885600,924700,956900,1.0125e+06,1.025e+06,1.0545e+06,1.0886e+06,1.123e+06,1.1579e+06,1.1932e+06,1.2308e+06,1.2667e+06,1.3042e+06,1.3524e+06,1.3807e+06,1.4191e+06,1.4659e+06,1.5001e+06,1.5465e+06,1.7315e+06,1.6302e+06,1.6991e+06,1.7179e+06,1.7665e+06,1.8116e+06,1.8576e+06,1.9025e+06,1.9586e+06,2.0042e+06,2.0423e+06,2.0942e+06,2.1359e+06,2.1907e+06,2.2389e+06,2.2723e+06,2.3414e+06,2.3827e+06,2.4345e+06,2.4948e+06,2.5471e+06,2.605e+06,2.6601e+06,2.707e+06,2.6884e+06
330,600,1800,3300,5300,7900,10400,13600,17400,21900,26700,32200,38200,44900,51700,59200,67300,84700,85300,94900,107000,118100,128300,153700,152100,165100,188800,193000,207700,231000,238900,255400,285300,283100,317500,326600,353000,372600,385900,413500,435100,449900,472600,502400,526900,557400,575700,600300,626200,652400,679500,716500,734900,763600,798500,822100,852200,889700,914600,948100,987200,1.0193e+06,1.0469e+06,1.087e+06,1.1596e+06,1.1572e+06,1.2334e+06,1.2293e+06,1.273e+06,1.3469e+06,1.3416e+06,1.3804e+06,1.4193e+06,1.4594e+06,1.5074e+06,1.5562e+06,1.6107e+06,1.6406e+06,1.6811e+06,1.7275e+06,1.7785e+06,1.8127e+06,1.9019e+06,2.2919e+06,2.3296e+06,2.4115e+06,2.5441e+06,2.5131e+06,2.5943e+06,2.6136e+06,2.6648e+06,2.9053e+06,2.89e+06,3.0155e+06,3.0515e+06,3.1491e+06,3.1737e+06,3.1056e+06,3.1923e+06,3.3473e+06,3.5136e+06
331,800,1900,3600,6200,9500,14300,18100,21800,27200,33500,40600,48200,56100,64700,74200,96600,95000,59800,120900,106900,118200,141600,140100,152200,177100,178900,193200,215600,223200,246300,255500,279400,290000,315100,326700,352900,365600,386000,413500,444100,450000,445900,520700,530600,570300,575400,600100,626400,653200,680100,707400,742000,763300,793000,828400,863600,889700,917400,951300,976200,1.0188e+06,1.0472e+06,1.0815e+06,1.1196e+06,1.1517e+06,1.187e+06,1.2282e+06,1.2682e+06,1.3013e+06,1.339e+06,1.3776e+06,1.4155e+06,1.4638e+06,1.4966e+06,1.5456e+06,2.4769e+06,1.8033e+06,1.9757e+06,2.0656e+06,2.1408e+06,2.1923e+06,2.2315e+06,2.3002e+06,2.0284e+06,2.2981e+06,2.3181e+06,2.3001e+06,2.5441e+06,2.7095e+06,2.6766e+06,2.8018e+06,2.8794e+06,3.0655e+06,3.0536e+06,3.1238e+06,3.0525e+06,3.1195e+06,3.0411e+06,3.2826e+06,3.392e+06
332,700,2000,3900,5800,9000,12300,16700,21800,27200,33600,40500,48300,55900,64800,74100,84200,94900,106500,130800,131600,145200,159300,185700,190100,206600,235000,242000,262100,224900,240800,256300,272900,290000,315300,326700,352800,365500,392800,413600,434700,450100,479200,502500,526100,550000,554100,596700,623400,651800,728700,708800,742100,764400,793500,829100,852900,890100,915400,953700,986800,1.0246e+06,1.0521e+06,1.0828e+06,1.1154e+06,1.1572e+06,1.1933e+06,1.2278e+06,1.266e+06,1.4317e+06,1.6245e+06,1.6985e+06,2.1696e+06,1.9373e+06,1.8756e+06,1.9338e+06,1.9851e+06,2.0755e+06,2.0955e+06,2.1456e+06,2.1991e+06,2.2533e+06,2.2518e+06,2.4347e+06,2.4769e+06,2.4059e+06,2.5277e+06,2.0962e+06,2.7333e+06,2.7221e+06,2.7833e+06,2.833e+06,2.7232e+06,2.5636e+06,2.444e+06,2.4839e+06,2.5371e+06,2.6174e+06,2.7591e+06,2.6988e+06,2.7581e+06
333,1100,1400,2700,4600,6900,9900,13400,17300,22000,28900,34000,39700,60000,53000,60100,68100,76800,85900,107300,106700,117200,128300,149200,152300,165300,187200,193200,208000,230500,239200,262800,272500,297000,307900,333900,345900,365700,393200,413800,445200,457700,480100,502600,526600,550600,588300,610200,637000,717200,757600,710700,735600,763500,809900,822100,852600,889600,914600,899400,987000,1.0188e+06,1.0461e+06,1.0861e+06,1.1208e+06,1.1561e+06,1.2104e+06,1.228e+06,1.2649e+06,1.3085e+06,1.3451e+06,1.3811e+06,1.4242e+06,1.4576e+06,1.5041e+06,1.5558e+06,1.5886e+06,1.6648e+06,1.6711e+06,1.7123e+06,1.7617e+06,1.8014e+06,1.8978e+06,1.8926e+06,1.9443e+06,1.9843e+06,2.0543e+06,2.3131e+06,2.3744e+06,2.4682e+06,2.4864e+06,2.2764e+06,2.3449e+06,2.7276e+06,2.7811e+06,2.7621e+06,2.5346e+06,2.8619e+06,3.127e+06,3.3446e+06,3.2105e+06
334,900,1800,3400,5100,7100,10300,13800,17600,22000,27000,32500,38600,45000,51800,69200,67500,76100,85100,95000,114300,116400,129500,154900,152700,165500,210900,195700,208100,232900,239500,264300,273100,298700,308900,335400,412700,457700,494200,520100,535700,631100,597700,502000,668600,653300,712200,753100,785100,770500,709400,896400,745800,769200,812300,833800,854100,891100,915700,953500,986700,1.0135e+06,1.0536e+06,1.1013e+06,1.4042e+06,1.5356e+06,1.3764e+06,1.5985e+06,1.5863e+06,1.6385e+06,1.6659e+06,1.6775e+06,1.7354e+06,1.8833e+06,1.8894e+06,1.8523e+06,1.7717e+06,1.6325e+06,1.8048e+06,1.8833e+06,1.857e+06,1.968e+06,1.9123e+06,2.0793e+06,2.16e+06,2.0796e+06,2.254e+06,2.1316e+06,2.1427e+06,2.4471e+06,2.489e+06,2.3306e+06,2.4621e+06,2.5573e+06,2.6595e+06,2.6858e+06,2.7256e+06,2.5954e+06,2.6408e+06,2.7354e+06,3.1082e+06
335,900,2200,3300,5300,7800,10500,13600,17500,22000,27000,32500,38400,45100,51900,59400,67500,76100,94000,95100,105400,116300,127600,119100,152300,165200,188800,193200,215200,223200,239200,262700,272600,297200,308200,333800,352900,365700,393000,416400,435500,450000,479900,502400,526000,550300,578100,600900,627600,652600,679800,722200,758700,765400,793900,823300,854000,891400,915600,947500,1.0384e+06,1.016e+06,1.0535e+06,1.0862e+06,1.1208e+06,1.156e+06,1.192e+06,1.2285e+06,1.2707e+06,1.3209e+06,1.3428e+06,1.38e+06,1.4195e+06,1.4586e+06,1.4985e+06,1.54e+06,1.5871e+06,1.8077e+06,1.7497e+06,1.9226e+06,1.7692e+06,2.0046e+06,1.8429e+06,1.8713e+06,1.9749e+06,2.3689e+06,2.4462e+06,2.4905e+06,2.7832e+06,2.7401e+06,2.6893e+06,2.7408e+06,2.4622e+06,2.8232e+06,2.8651e+06,2.8711e+06,2.7494e+06,3.0277e+06,3.1527e+06,2.984e+06,3.3192e+06
336,800,1900,3500,5900,8900,12400,16800,21800,27400,33700,40600,47900,68700,64600,74000,84200,95000,122400,118700,131500,147500,178100,216700,217200,253800,238500,241300,271900,279300,310100,319300,351200,362400,444300,428500,433200,508700,497500,508800,550100,466200,499300,515400,609100,553600,575500,600300,626500,657200,679700,713200,735100,763700,799300,822900,852800,883700,923300,946400,985700,1.0181e+06,1.0557e+06,1.0794e+06,1.1209e+06,1.1562e+06,1.1784e+06,1.2284e+06,1.2658e+06,1.3018e+06,1.3401e+06,1.3788e+06,1.4236e+06,1.4571e+06,1.504e+06,1.5386e+06,1.5909e+06,1.6284e+06,1.6705e+06,1.7072e+06,1.7631e+06,1.8553e+06,1.848e+06,1.9072e+06,1.964e+06,1.985e+06,2.1475e+06,2.3527e+06,2.4275e+06,2.4591e+06,2.7304e+06,2.7647e+06,2.7362e+06,2.8016e+06,3.0796e+06,3.1584e+06,3.2322e+06,3.115e+06,3.3553e+06,3.3581e+06,3.144e+06
337,800,1800,3400,5100,7400,10400,13700,17700,22100,27000,32500,38500,44800,51800,73700,67500,76200,85300,95100,114200,116400,127800,139800,159500,165300,179000,200000,207900,223200,239100,255500,279800,266300,316200,335400,345900,376200,393800,406900,435500,457000,480100,503300,526300,550600,583900,608700,631800,655200,687800,708400,775700,920700,795900,883200,1.076e+06,1.0639e+06,1.0862e+06,1.1788e+06,1.1808e+06,1.2e+06,1.2826e+06,1.3532e+06,1.3763e+06,1.4372e+06,1.4558e+06,1.4932e+06,1.5826e+06,1.6261e+06,1.6578e+06,1.7793e+06,1.7798e+06,1.7892e+06,1.8303e+06,1.8188e+06,1.8624e+06,1.8735e+06,1.6784e+06,1.8701e+06,1.9837e+06,1.9905e+06,1.9708e+06,2.3084e+06,2.4212e+06,2.4059e+06,2.4355e+06,2.6286e+06,3.9151e+06,2.4882e+06,2.5029e+06,2.6574e+06,2.6248e+06,2.7536e+06,2.8719e+06,2.9739e+06,2.8586e+06,3.1369e+06,3.1537e+06,3.403e+06,2.8955e+06
338,900,1800,3200,5400,7600,10400,13600,17400,22100,26900,32300,38300,44900,51900,59400,67500,75900,85200,94900,115600,116200,127600,139600,159500,165300,179000,200000,208000,223100,239100,255300,273500,290700,316300,337700,341600,368300,389000,400700,433000,457100,475500,487500,521000,540800,562700,600600,622100,650200,673900,700300,674800,770000,801100,822400,858900,883400,924500,947200,985400,1.019e+06,1.0464e+06,1.0801e+06,1.1211e+06,1.1602e+06,1.2275e+06,1.2284e+06,1.2736e+06,1.2972e+06,1.3403e+06,1.3789e+06,1.4252e+06,1.4574e+06,1.5036e+06,1.5368e+06,1.5867e+06,1.6469e+06,1.6721e+06,1.7087e+06,1.7514e+06,1.8066e+06,1.8468e+06,1.8972e+06,1.9906e+06,2.0286e+06,2.0423e+06,2.0953e+06,2.1403e+06,2.1906e+06,2.2313e+06,2.3739e+06,2.5248e+06,2.4472e+06,2.5108e+06,2.588e+06,2.6384e+06,2.6285e+06,3.1612e+06,3.2413e+06,3.2368e+06
339,700,1800,3500,5800,9400,13100,16700,21600,29300,37100,33600,39700,45700,52200,59600,67500,90400,85200,95100,105400,116300,136500,139700,152300,172900,178900,193100,215000,223200,246200,258100,284000,291600,309600,337800,345800,374000,394200,406600,435400,457200,479900,503000,526500,550600,575200,600400,626900,652900,690500,707500,735400,768500,793900,828400,852900,886400,914900,953400,979000,1.0187e+06,1.0519e+06,1.0898e+06,1.1211e+06,1.1562e+06,1.1927e+06,1.2284e+06,1.2655e+06,1.3024e+06,1.3407e+06,1.385e+06,1.4405e+06,1.4642e+06,1.507e+06,1.5534e+06,1.5804e+06,1.6217e+06,1.6715e+06,1.7145e+06,1.7629e+06,1.8016e+06,1.8462e+06,1.7052e+06,1.9381e+06,1.9838e+06,2.0365e+06,2.1005e+06,2.1319e+06,2.1799e+06,2.2284e+06,2.2786e+06,2.3286e+06,2.3852e+06,2.455e+06,2.7952e+06,3.0187e+06,3.0811e+06,3.299e+06,3.3881e+06,3.4744e+06
340,800,1700,3300,5300,7500,10300,13800,17600,22000,40900,32600,38500,44800,51800,59400,67600,76000,95200,95000,105400,116400,136900,139700,144300,165200,182900,193000,215700,223300,239200,262500,272600,297000,317300,326700,352800,365700,392800,413500,435100,450300,479700,503400,526100,550900,575000,600400,626000,653200,679800,713500,734700,764200,799100,822300,856200,883700,921600,946700,985500,1.0189e+06,903700,1.1125e+06,1.1238e+06,1.1567e+06,1.192e+06,1.2283e+06,1.2652e+06,1.3025e+06,1.3467e+06,1.379e+06,1.4186e+06,1.1398e+06,1.511e+06,1.5475e+06,1.5873e+06,1.6305e+06,1.6716e+06,1.724e+06,1.7596e+06,1.8336e+06,1.8561e+06,1.907e+06,1.9482e+06,1.9947e+06,2.047e+06,2.1038e+06,2.1334e+06,2.1801e+06,2.2227e+06,2.2819e+06,2.3285e+06,2.3673e+06,2.4309e+06,2.4822e+06,2.5397e+06,2.5963e+06,2.647e+06,2.7126e+06,2.7673e+06
341,700,1800,3000,5000,7400,10200,13600,17600,21900,26900,32400,38500,44900,51800,38800,61800,67900,98000,85200,99700,116200,127600,126900,163200,165300,179100,200800,208000,230300,239200,255600,272700,298400,308100,335800,346000,372900,393700,406800,435400,457200,481000,507500,529400,551800,550600,611100,630900,654000,680300,707400,735700,764500,799900,823200,859900,893200,922200,946400,986200,1.0123e+06,1.0523e+06,1.08e+06,1.1211e+06,1.156e+06,1.1918e+06,1.2284e+06,1.2822e+06,1.3026e+06,1.3497e+06,1.3788e+06,1.3706e+06,1.4584e+06,1.5035e+06,1.5451e+06,1.5793e+06,1.6272e+06,1.6705e+06,1.7128e+06,1.7651e+06,1.8048e+06,1.8461e+06,1.8921e+06,1.9555e+06,1.9945e+06,2.0315e+06,2.2005e+06,2.6053e+06,2.727e+06,2.6951e+06,2.6628e+06,2.4888e+06,2.7386e+06,2.7371e+06,2.7879e+06,2.7606e+06,2.8972e+06,3.1005e+06,3.0997e+06,3.1847e+06
342,700,1600,3000,4900,7700,10800,15300,19500,24400,30000,36400,43200,47400,54700,62600,71100,90700,89700,100000,111000,122300,143800,147100,160100,183700,188400,192900,217400,223100,248000,282500,288400,291600,324300,328200,346300,374900,385600,406700,435000,457000,479800,495700,519100,550000,575100,544200,626700,692300,681000,710800,736100,764400,793600,829100,853000,890300,915300,953300,1.0061e+06,1.0917e+06,1.1782e+06,1.3493e+06,1.3606e+06,1.418e+06,1.4445e+06,1.547e+06,1.5845e+06,1.6447e+06,1.4676e+06,1.5513e+06,1.5418e+06,1.6274e+06,1.623e+06,1.4322e+06,1.623e+06,1.6722e+06,1.6656e+06,1.7136e+06,1.7565e+06,1.821e+06,1.8551e+06,1.8975e+06,1.9372e+06,1.9917e+06,2.0356e+06,2.0769e+06,2.1317e+06,2.1528e+06,2.5039e+06,2.7497e+06,2.793e+06,2.9149e+06,3.0328e+06,2.815e+06,2.8119e+06,2.9038e+06,3.1082e+06,3.1859e+06,3.5028e+06
343,900,1900,3600,6000,8900,12400,16700,21800,27200,35000,33600,40000,46300,52700,74300,67500,76100,85300,95100,105400,116400,127800,139700,159500,176800,180100,187500,197800,217700,238000,247200,267100,284900,313600,310600,338000,375900,375100,416800,436900,457400,472500,502600,526200,550400,575500,600100,626200,653100,685700,707200,735000,763500,799200,822000,859500,883500,920900,946500,985500,1.0295e+06,1.0526e+06,1.0801e+06,1.1226e+06,1.1558e+06,1.1921e+06,1.2321e+06,1.2724e+06,1.3023e+06,1.3401e+06,1.3912e+06,1.4241e+06,1.4582e+06,1.5043e+06,1.5383e+06,1.6133e+06,1.6709e+06,1.674e+06,1.743e+06,1.7576e+06,1.8007e+06,1.846e+06,1.8916e+06,1.944e+06,1.9836e+06,2.0427e+06,2.0801e+06,2.1403e+06,2.1786e+06,2.2323e+06,2.2826e+06,2.3584e+06,2.3926e+06,2.4432e+06,2.8748e+06,3.1093e+06,2.676e+06,2.7762e+06,2.8233e+06,2.7891e+06
344,600,1500,2800,4800,7300,10100,13600,17500,21900,26900,32400,38400,44800,51700,59400,67400,76000,106700,97000,105900,116600,141800,140400,152100,165100,179100,205100,219400,223100,248200,256300,272600,290000,318600,326700,354400,374100,385900,415300,437000,458500,473100,504400,527800,551800,576500,606300,630600,661500,681400,708800,739400,772100,794700,824300,860600,885900,922600,954800,1.0014e+06,1.0215e+06,1.0633e+06,1.1029e+06,1.1328e+06,1.1681e+06,1.2036e+06,1.243e+06,1.2658e+06,1.3033e+06,1.3467e+06,1.3789e+06,1.4182e+06,1.458e+06,1.4975e+06,1.5383e+06,1.605e+06,1.6207e+06,1.8625e+06,1.7165e+06,1.7595e+06,2.0087e+06,2.1732e+06,1.4011e+06,1.9481e+06,2.2354e+06,2.3847e+06,2.343e+06,2.5815e+06,2.8196e+06,2.7907e+06,2.8507e+06,2.9911e+06,2.9387e+06,2.9596e+06,2.9947e+06,3.1837e+06,3.2502e+06,3.3245e+06,3.3751e+06,3.4604e+06
345,1300,2600,3800,5200,4200,10200,8100,13000,17500,26900,26500,27300,36900,44600,48500,61200,71400,90100,91400,101400,111700,138000,134700,152200,155500,186200,184200,226100,225000,253000,256100,282500,290100,315500,326700,364800,372900,385800,413700,434900,457300,480200,495800,610800,549400,568200,601900,629200,651600,681100,707200,734900,763900,805400,824100,862400,884400,922100,948100,991900,1.0212e+06,1.0971e+06,1.2645e+06,1.399e+06,1.3964e+06,1.4409e+06,1.4475e+06,1.5235e+06,1.5342e+06,1.6637e+06,1.7731e+06,1.5654e+06,1.6863e+06,1.8252e+06,1.9145e+06,1.868e+06,1.9679e+06,2.0462e+06,2.208e+06,2.2667e+06,2.311e+06,2.0753e+06,1.9113e+06,1.9231e+06,2.5121e+06,2.5413e+06,2.6001e+06,2.7754e+06,2.7416e+06,2.7313e+06,2.9049e+06,2.9956e+06,3.0312e+06,2.9843e+06,3.1796e+06,3.1721e+06,3.1579e+06,3.1733e+06,3.1637e+06,3.225e+06
346,1000,1800,3000,6900,4300,6100,8100,17500,15900,22500,28100,31800,44800,46600,64200,63200,70200,85200,95100,95500,118900,127700,139700,160600,159400,173900,195200,198700,223100,240900,251100,275300,284400,309300,328700,341600,366000,379200,399700,435200,463000,480800,520100,527100,551300,576100,602000,653700,663300,772000,793500,757000,777900,812500,824100,855800,889800,921000,946600,987800,1.015e+06,1.0459e+06,1.0868e+06,1.1207e+06,1.1566e+06,1.2126e+06,1.2358e+06,1.267e+06,1.31e+06,1.3575e+06,1.3803e+06,1.4182e+06,1.4579e+06,1.5039e+06,1.5438e+06,1.5806e+06,1.635e+06,1.6701e+06,1.7191e+06,1.7575e+06,1.8012e+06,1.8578e+06,1.8909e+06,1.9372e+06,1.9897e+06,2.0291e+06,2.0665e+06,2.1262e+06,2.1893e+06,2.2215e+06,2.2721e+06,2.3284e+06,2.3814e+06,2.4322e+06,2.4924e+06,2.5344e+06,2.5869e+06,2.6416e+06,2.6972e+06,2.766e+06
347,700,1700,3200,5800,8600,12500,16800,21700,27400,33500,40400,47900,56000,65100,74100,84300,95000,106600,118800,131600,158600,136700,135200,152700,178600,194600,193700,208400,234100,238900,263200,272700,296800,308200,333700,353000,365600,393100,413900,428200,457300,479500,502900,536400,552000,581900,645300,628400,655200,681700,709400,738000,765400,795400,831600,855100,894400,917200,959500,996600,1.0625e+06,1.1099e+06,1.1619e+06,1.2048e+06,1.1573e+06,1.1923e+06,1.228e+06,1.2616e+06,1.3115e+06,1.3404e+06,1.379e+06,1.4247e+06,1.4575e+06,1.5048e+06,1.5383e+06,1.5876e+06,1.6637e+06,1.6751e+06,1.7153e+06,1.7563e+06,1.7994e+06,1.846e+06,1.8888e+06,1.936e+06,1.9835e+06,2.0276e+06,2.0799e+06,2.1229e+06,2.1689e+06,2.241e+06,2.7743e+06,2.8002e+06,2.8498e+06,2.8599e+06,3.2445e+06,3.1267e+06,3.3605e+06,3.3061e+06,3.4438e+06,3.5105e+06
348,900,1800,3300,5000,7400,10300,13700,17500,22100,27000,43100,40100,45800,52200,59600,67500,76200,85200,105900,105400,116300,127700,148000,152200,165300,195600,194800,208500,224000,239900,265500,273300,299300,317100,327400,354900,366400,395100,415600,511500,531800,591900,631600,655300,553000,577800,607400,704400,819100,802100,886800,922400,958300,834100,832100,939100,1.0207e+06,924500,948300,985800,1.0219e+06,1.0523e+06,1.0841e+06,1.121e+06,1.1557e+06,1.1921e+06,1.2284e+06,1.2648e+06,1.3034e+06,1.3238e+06,1.3794e+06,1.4244e+06,1.4876e+06,1.5059e+06,1.6867e+06,1.6177e+06,1.8868e+06,1.9094e+06,2.1266e+06,2.1496e+06,2.1606e+06,2.2357e+06,2.2782e+06,2.0099e+06,1.9862e+06,2.3881e+06,2.5086e+06,2.6193e+06,2.6804e+06,2.9278e+06,2.8616e+06,2.8665e+06,2.8444e+06,2.8653e+06,3.0166e+06,3.0892e+06,3.0926e+06,3.1701e+06,3.2225e+06,3.2925e+06
349,500,1700,3200,5400,8100,11600,15600,20300,25800,31600,37600,45000,64200,51800,59400,67400,76100,85200,125800,107100,116200,127600,139700,152200,185800,178700,193300,207900,232700,239100,264600,272400,299000,308100,335400,345800,365500,394500,415500,427900,459000,481400,504300,528100,552000,583600,620800,635300,663000,689800,720700,737800,763900,792500,828000,865000,889700,925700,948800,987700,1.02e+06,1.0536e+06,1.0818e+06,1.1228e+06,1.2273e+06,1.4592e+06,1.5553e+06,1.5597e+06,1.59e+06,1.6792e+06,1.7276e+06,1.7721e+06,1.8252e+06,1.9591e+06,1.9472e+06,2.0443e+06,2.3571e+06,2.1082e+06,1.8825e+06,1.7593e+06,1.9586e+06,2.0359e+06,2.127e+06,2.0602e+06,1.8358e+06,2.3628e+06,2.5132e+06,2.5209e+06,2.4001e+06,2.4622e+06,2.5351e+06,2.6823e+06,2.6957e+06,2.7689e+06,2.7829e+06,2.8685e+06,2.9165e+06,2.9081e+06,3.0962e+06,3.2798e+06
350,800,1800,2900,4900,7300,10200,13500,17400,21900,26800,32300,52800,45400,51700,59300,67400,76000,85200,104900,105300,116300,127700,144900,152100,165300,186000,193100,207800,230200,238900,263000,272500,297100,308000,333400,345600,365400,392700,413600,427900,459100,480000,518800,526000,550700,589100,606200,623600,657500,680600,707000,747700,763900,792500,820500,852500,889600,915700,953700,986000,1.0122e+06,1.0541e+06,1.0857e+06,1.1206e+06,1.1556e+06,1.1914e+06,1.228e+06,1.2653e+06,1.3027e+06,1.3629e+06,1.4089e+06,1.4203e+06,1.4587e+06,1.5045e+06,1.6504e+06,1.9084e+06,2.0264e+06,1.8395e+06,1.8737e+06,1.9051e+06,1.8574e+06,1.9767e+06,2.0153e+06,1.9967e+06,2.0086e+06,2.1232e+06,2.104e+06,2.1479e+06,2.1846e+06,2.228e+06,2.2731e+06,2.3285e+06,2.3789e+06,2.4361e+06,2.4914e+06,2.534e+06,2.5875e+06,2.6533e+06,2.7431e+06,2.7565e+06
351,700,1700,3300,4900,7300,10100,13600,17400,21800,26800,32400,38500,44700,51800,59300,67400,76000,94000,94900,105300,116200,138700,139800,152100,173600,178900,193200,215800,208800,239700,255200,272400,301700,308200,334800,345700,373400,393900,406900,428100,458500,480500,503200,526800,552400,576200,606200,628600,654600,657100,715900,741600,766300,794300,824100,861000,885100,962500,956600,980700,1.0199e+06,1.0552e+06,1.0905e+06,1.1244e+06,1.1576e+06,1.1931e+06,1.2298e+06,1.2941e+06,1.3143e+06,1.351e+06,1.1982e+06,1.43e+06,1.4719e+06,1.5091e+06,1.5466e+06,1.5815e+06,1.6275e+06,1.6716e+06,1.7187e+06,1.7572e+06,1.8043e+06,1.8469e+06,1.8982e+06,1.937e+06,1.9838e+06,2.0471e+06,2.0778e+06,2.1388e+06,2.173e+06,2.2295e+06,2.2794e+06,2.3316e+06,2.3786e+06,2.4366e+06,2.485e+06,2.5373e+06,2.5909e+06,3.1902e+06,3.2947e+06,3.5511e+06
352,1000,2700,4600,6700,9600,13500,17800,35600,28300,34400,33600,39800,46700,52900,63800,84500,95100,106500,118900,131700,116900,159300,187800,190200,206500,236300,241300,259700,290400,298800,330900,340700,373900,387200,342900,448400,457700,494300,519400,535100,562300,601600,633800,659800,690000,721000,790200,785600,820000,852100,834100,866700,900500,942300,969400,953600,885000,922300,948400,1.0033e+06,1.0226e+06,1.054e+06,1.0824e+06,1.1161e+06,1.1573e+06,1.194e+06,1.2297e+06,1.2667e+06,1.3037e+06,1.3515e+06,1.396e+06,1.4296e+06,1.4745e+06,1.5094e+06,1.5553e+06,1.6225e+06,1.6356e+06,1.6727e+06,1.7145e+06,1.7578e+06,1.8025e+06,1.847e+06,1.9104e+06,1.9243e+06,1.9864e+06,2.0324e+06,2.0907e+06,2.1291e+06,2.1882e+06,2.2467e+06,2.2911e+06,2.341e+06,2.4357e+06,2.4342e+06,2.53e+06,2.5451e+06,2.6e+06,2.6583e+06,2.7126e+06,2.765e+06
353,600,1800,3300,5300,7500,10400,13800,17600,36200,27000,46800,48500,55900,62700,60800,85700,88900,105400,116900,131800,146800,158000,208700,218700,247900,257000,287100,293900,225100,239700,266000,273200,301100,322100,327400,355600,366600,402800,407800,444500,460200,480200,503100,526600,550200,574900,610100,632500,659200,680000,707100,741100,763600,806200,824400,860500,884400,922300,947700,986400,1.022e+06,1.0528e+06,1.0808e+06,1.2141e+06,1.372e+06,1.196e+06,1.2298e+06,1.263e+06,1.3026e+06,1.3407e+06,1.3788e+06,1.4651e+06,1.603e+06,1.5006e+06,1.5464e+06,1.587e+06,1.6218e+06,1.6684e+06,1.7146e+06,1.7507e+06,1.8031e+06,1.8471e+06,1.8956e+06,2.1323e+06,2.2952e+06,2.1813e+06,2.3455e+06,2.4519e+06,2.3247e+06,2.2986e+06,2.2908e+06,2.3439e+06,2.3806e+06,2.43e+06,2.4822e+06,2.5344e+06,2.5874e+06,2.6472e+06,2.8091e+06,3.0374e+06
354,900,2300,3000,5400,7900,11000,14400,18200,22100,27100,32500,38400,44700,51800,59300,67400,76100,85300,95100,105400,125100,127700,139800,152200,165300,179000,200300,208000,223200,246200,255500,279300,290100,458600,335400,346100,367000,386100,416100,435400,450200,472700,519600,526300,550200,575000,600200,626500,652500,679700,709900,764700,764900,800300,838700,859900,884100,922000,958100,980400,1.0201e+06,1.178e+06,1.3426e+06,1.3491e+06,1.426e+06,1.2036e+06,1.2588e+06,1.3219e+06,1.3274e+06,1.3519e+06,1.3815e+06,1.4248e+06,1.4591e+06,1.5015e+06,1.5467e+06,1.5809e+06,1.6288e+06,1.6718e+06,1.7227e+06,1.7593e+06,1.8029e+06,1.835e+06,1.8932e+06,2.1923e+06,1.9848e+06,2.0549e+06,2.0891e+06,2.1506e+06,2.1909e+06,2.2745e+06,2.2777e+06,2.3216e+06,2.3843e+06,2.4356e+06,2.4836e+06,2.5663e+06,2.6008e+06,2.6673e+06,2.7077e+06,2.762e+06
355,700,1700,3300,5100,7100,24300,13600,17600,22000,26800,32200,38400,44800,49200,53700,81100,76100,96600,95000,105200,116200,135500,139700,152100,165200,185900,227500,217200,223300,239100,263100,272500,297200,308100,326800,353200,365500,392800,426200,429100,450200,479700,503900,511500,555100,575500,603600,626300,657800,684400,710100,738500,765800,795400,831800,855400,890600,916000,992900,984100,1.0749e+06,1.1761e+06,1.0884e+06,1.1227e+06,1.1582e+06,1.1942e+06,1.2309e+06,1.2684e+06,1.3443e+06,1.4402e+06,1.5915e+06,1.5503e+06,1.4805e+06,1.5847e+06,1.8593e+06,1.9174e+06,2.0025e+06,1.8831e+06,1.9131e+06,1.8939e+06,1.9996e+06,1.9431e+06,2.2789e+06,2.3308e+06,2.3847e+06,2.4448e+06,2.6119e+06,2.6701e+06,2.8363e+06,2.7909e+06,2.8518e+06,2.9709e+06,3.0342e+06,3.0683e+06,2.9388e+06,2.9999e+06,3.2382e+06,3.3028e+06,3.4343e+06,3.311e+06
356,800,2800,3900,6400,8800,12400,16800,34500,29000,33700,40400,47800,55800,64800,74200,84100,94900,106500,118700,131700,163400,144100,175500,190700,220600,223600,241400,271200,239600,240800,271900,272900,299800,307900,334000,354500,365600,392800,413600,438800,450000,479400,502600,526100,550400,574900,607200,637700,657800,679900,713400,734800,764300,792600,822500,860300,890100,915000,946600,985200,995200,1.0464e+06,1.0801e+06,1.121e+06,1.1556e+06,1.1922e+06,1.238e+06,1.2649e+06,1.3024e+06,1.3412e+06,1.387e+06,1.4275e+06,1.4578e+06,1.5036e+06,1.5385e+06,1.2417e+06,1.6268e+06,1.6627e+06,1.713e+06,1.7547e+06,1.8108e+06,1.8464e+06,1.9094e+06,1.9364e+06,1.9839e+06,2.0361e+06,2.078e+06,2.1318e+06,2.1832e+06,2.2308e+06,2.2775e+06,2.3297e+06,2.3791e+06,2.4213e+06,2.5712e+06,2.5522e+06,2.5893e+06,2.6424e+06,2.8243e+06,2.7614e+06
357,700,1800,3400,5100,7400,10300,13700,17700,21900,27000,46800,38400,45100,51900,59400,67500,76200,94200,95100,105400,116400,127600,146900,152100,165200,187100,206400,201400,223700,246000,228900,276600,284100,310200,331400,345800,373000,393400,400900,435800,450100,480000,497300,519500,543400,574600,587500,624500,649500,685200,713600,740300,769200,799000,822100,852500,883000,922100,946900,985100,1.0185e+06,1.0463e+06,1.0947e+06,1.1209e+06,1.1567e+06,1.199e+06,1.2345e+06,1.2683e+06,1.3059e+06,1.3412e+06,1.3799e+06,1.4488e+06,1.5055e+06,1.5548e+06,1.598e+06,1.5983e+06,1.6236e+06,1.6704e+06,1.7245e+06,1.7596e+06,1.8012e+06,1.845e+06,1.8905e+06,1.9425e+06,1.9909e+06,2.0257e+06,2.0972e+06,2.1303e+06,2.1791e+06,2.2286e+06,2.274e+06,2.3335e+06,2.3791e+06,2.4308e+06,2.4834e+06,2.5438e+06,2.6015e+06,2.6405e+06,2.9377e+06,3.081e+06
358,900,1400,2000,5000,4300,6000,13700,18600,22700,28000,33700,39200,45200,52200,73200,67500,90200,85400,97600,105500,129900,127900,140400,161100,166000,179900,201300,208600,224000,247000,256100,280100,290600,316000,327500,346500,384000,386500,407800,435600,458200,480000,496300,520100,552400,546900,601400,625900,652800,680100,706600,736000,769600,806700,846100,855000,884400,922200,947900,956700,1.0202e+06,1.047e+06,1.0806e+06,1.1219e+06,1.3135e+06,1.5511e+06,1.5e+06,1.5504e+06,1.5981e+06,1.5089e+06,1.6737e+06,1.7251e+06,1.704e+06,1.6597e+06,1.7789e+06,1.8344e+06,1.6478e+06,2.051e+06,2.1331e+06,2.1344e+06,2.1697e+06,2.3202e+06,2.5048e+06,2.4211e+06,2.4822e+06,2.6362e+06,2.611e+06,2.6454e+06,2.7238e+06,2.8679e+06,2.8508e+06,2.913e+06,2.9789e+06,3.073e+06,3.064e+06,2.9655e+06,3.1014e+06,3.2277e+06,3.1741e+06,3.2839e+06
359,800,1900,4200,5400,9500,12300,16700,21700,27800,35000,56900,48400,56300,65000,74700,84800,95500,118500,119400,131900,145900,171700,175200,190700,207400,224100,241900,232100,223900,239500,255800,272600,290500,319300,343900,361600,383300,387200,557700,523700,460800,481800,506100,528300,552600,577000,628000,632500,670000,702000,717700,744100,764000,793300,828300,852600,889400,914500,974500,979700,1.0014e+06,1.0537e+06,1.0866e+06,1.1208e+06,1.1569e+06,1.1922e+06,1.2291e+06,1.2651e+06,1.3324e+06,1.3484e+06,1.3807e+06,1.6179e+06,1.4594e+06,1.5105e+06,1.54e+06,1.5874e+06,1.6294e+06,1.6894e+06,1.7098e+06,1.7686e+06,1.8125e+06,1.8559e+06,1.9012e+06,1.947e+06,1.995e+06,2.0466e+06,2.0819e+06,2.1451e+06,2.1746e+06,2.2298e+06,2.3046e+06,2.3198e+06,2.3758e+06,2.4345e+06,2.4843e+06,3.0033e+06,3.1477e+06,3.2642e+06,3.4822e+06,3.4416e+06
360,800,2700,4200,6300,7800,10600,9700,12100,17900,23200,27600,33900,40500,46400,52800,68900,76000,81400,90100,105400,119000,122700,131400,145100,163200,178900,184900,211900,240800,240500,278600,273100,300000,308000,334300,355000,365400,395500,415600,427800,450000,479500,502900,526000,550300,574900,600300,626100,655300,685500,708200,735000,763600,780700,830700,853200,890100,915500,952900,979000,1.0184e+06,1.0521e+06,1.0901e+06,1.1217e+06,1.1844e+06,1.1996e+06,1.2286e+06,1.2653e+06,1.3026e+06,1.3403e+06,1.385e+06,1.4181e+06,1.466e+06,1.4983e+06,1.5405e+06,1.5869e+06,1.6292e+06,1.6643e+06,1.7068e+06,1.7573e+06,1.8061e+06,1.8479e+06,1.8913e+06,1.9377e+06,1.9825e+06,2.0355e+06,2.0773e+06,2.1447e+06,1.9221e+06,2.222e+06,2.2784e+06,2.3286e+06,2.3781e+06,2.4296e+06,2.4919e+06,3.0055e+06,3.0792e+06,3.0717e+06,3.2261e+06,3.3304e+06
361,900,2100,3500,5000,7300,10200,28100,17400,21900,26900,32500,38600,44900,51800,59300,67400,76100,85200,95000,105400,118100,142400,150900,152300,165300,187500,193200,208000,230700,239100,262500,272400,304500,308100,333900,345700,365500,392800,414000,428100,456900,479300,504800,526600,550800,504100,597400,626600,655900,679700,713600,734600,763800,793500,822300,852600,889800,917800,947100,986200,1.0193e+06,1.0463e+06,1.0859e+06,1.1212e+06,1.1558e+06,1.2003e+06,1.2284e+06,1.2648e+06,1.3147e+06,1.3381e+06,1.3754e+06,1.4213e+06,1.456e+06,1.5005e+06,1.5388e+06,1.5801e+06,1.6327e+06,1.6769e+06,1.7146e+06,1.7821e+06,1.9996e+06,2.2189e+06,2.2764e+06,2.381e+06,2.3834e+06,2.3493e+06,2.1333e+06,2.1269e+06,2.2529e+06,2.2398e+06,2.2996e+06,2.3412e+06,2.4304e+06,2.4431e+06,2.4971e+06,2.5487e+06,2.6038e+06,2.6578e+06,2.707e+06,2.7525e+06
362,700,1700,3800,5800,8000,10900,13700,18200,22600,27600,33200,39000,45700,52400,60000,79400,77700,86000,95400,119400,116300,127600,139600,163700,165200,178900,203500,207800,224600,316700,320000,356600,408700,309700,327600,362200,376400,386300,414100,435300,456900,472600,510900,526000,550300,574800,600900,629500,653200,713900,710300,736100,772000,793900,823000,859200,884300,940100,953700,980800,1.0962e+06,1.328e+06,1.3408e+06,1.1817e+06,1.2185e+06,1.2565e+06,1.2946e+06,1.2828e+06,1.3039e+06,1.3418e+06,1.4443e+06,1.4217e+06,1.4955e+06,1.5794e+06,1.5463e+06,1.5874e+06,1.6233e+06,1.6723e+06,1.7735e+06,1.7604e+06,1.8029e+06,1.8482e+06,1.8998e+06,1.9383e+06,1.9858e+06,2.0535e+06,2.0898e+06,2.1427e+06,2.1926e+06,2.2419e+06,2.3063e+06,2.8448e+06,2.8526e+06,2.9092e+06,2.8527e+06,3.204e+06,3.2611e+06,3.3308e+06,3.3624e+06,3.2315e+06
363,800,1700,3200,8300,4200,5900,10200,17400,16400,21000,28100,33400,36600,47400,53200,72000,76100,85200,96800,105900,117000,127700,154100,152200,165300,187900,193200,208000,223400,239000,262500,272400,297200,308000,334300,353000,369300,380100,414200,429100,450900,472500,501600,484100,560200,580900,600300,626900,654300,685900,706700,735200,763600,782900,830100,852800,889800,914700,953300,978300,1.0128e+06,1.0496e+06,1.0844e+06,1.119e+06,1.1537e+06,1.1936e+06,1.2282e+06,1.2656e+06,1.3024e+06,1.341e+06,1.3985e+06,1.4234e+06,1.4637e+06,1.4978e+06,1.5453e+06,1.5803e+06,1.6287e+06,1.671e+06,1.7189e+06,1.7579e+06,1.8017e+06,1.8614e+06,1.8911e+06,1.937e+06,1.9908e+06,2.0383e+06,2.069e+06,2.1247e+06,2.1838e+06,2.2287e+06,2.2721e+06,2.3231e+06,2.3839e+06,2.4316e+06,2.5057e+06,2.6074e+06,2.5876e+06,2.6479e+06,3.011e+06,3.1513e+06
364,800,1800,3300,5000,7400,10200,13700,17500,22100,27000,32600,52500,45100,51900,59400,67500,76200,85100,95000,79900,114100,133800,135700,137200,179700,179600,194600,225800,223300,248400,255700,280400,289900,316000,327200,353800,373500,386100,407100,436100,458000,480300,503500,532800,543600,580000,602900,627000,654300,679600,713200,734700,763600,792600,822100,852700,889500,914600,953500,979800,1.0186e+06,1.0459e+06,1.0868e+06,1.1215e+06,1.156e+06,1.1914e+06,1.2281e+06,1.2725e+06,1.3023e+06,1.3393e+06,1.3816e+06,1.4231e+06,1.4641e+06,1.4977e+06,1.545e+06,1.5858e+06,1.6224e+06,1.6718e+06,1.746e+06,1.7549e+06,1.8008e+06,1.8454e+06,1.892e+06,1.9383e+06,1.9948e+06,2.116e+06,2.0072e+06,2.1339e+06,2.1799e+06,2.2231e+06,2.2873e+06,2.3266e+06,2.3862e+06,2.4331e+06,2.5133e+06,2.538e+06,2.6051e+06,2.6413e+06,2.7112e+06,2.761e+06
365,700,1700,2900,5000,7200,10100,13700,17600,21900,26800,32600,38300,44800,61100,61100,67000,70900,79900,90300,100200,118900,123000,134000,144700,167100,172400,187800,210100,218300,237100,255500,267300,287100,317200,326600,353900,373300,386000,414400,435900,457700,480900,532000,534700,553400,576800,601400,634600,653700,680600,714100,738800,764200,796200,819200,850600,883500,922700,939600,1.0782e+06,1.0482e+06,1.1028e+06,1.1556e+06,1.1272e+06,1.1562e+06,1.1923e+06,1.2285e+06,1.2665e+06,1.3033e+06,1.3467e+06,1.3846e+06,1.4178e+06,1.4641e+06,1.4978e+06,1.6937e+06,1.5877e+06,1.6298e+06,1.6649e+06,1.7348e+06,1.7581e+06,1.8059e+06,1.8529e+06,1.8921e+06,1.9386e+06,1.985e+06,2.0708e+06,2.0803e+06,2.1343e+06,2.1826e+06,2.2253e+06,2.2842e+06,2.3814e+06,2.3911e+06,2.4329e+06,2.4947e+06,2.5484e+06,2.5951e+06,2.6437e+06,2.6972e+06,2.7526e+06
366,1100,2300,3700,6600,9100,12700,17000,21800,27300,50300,40700,51600,59800,64800,74300,84400,95200,108900,127700,141100,155000,189500,186200,202900,235300,255000,241400,293000,297500,310400,319300,351600,362500,396600,408400,443400,467800,482500,519600,546200,573900,590800,668400,521500,549900,559100,602500,636500,656100,681100,705100,738900,764100,789900,839700,907900,963600,979700,947500,993200,1.0185e+06,1.046e+06,1.0858e+06,1.1496e+06,1.1587e+06,1.1991e+06,1.2286e+06,1.267e+06,1.5772e+06,1.6417e+06,1.6725e+06,1.7454e+06,1.7456e+06,1.8262e+06,1.5704e+06,1.5831e+06,1.891e+06,2.0346e+06,2.1791e+06,2.2146e+06,2.3168e+06,2.3218e+06,2.3959e+06,2.3557e+06,2.0692e+06,2.3136e+06,2.6853e+06,2.6505e+06,2.601e+06,2.4857e+06,2.6218e+06,2.6881e+06,2.3912e+06,2.4313e+06,2.5113e+06,2.892e+06,2.8396e+06,3.1318e+06,3.0557e+06,3.1321e+06
367,600,17500,3300,5500,7500,10300,13500,17600,22000,27000,32600,38600,44900,52400,59700,67500,76100,85300,105400,105500,116400,127700,139800,152300,165400,179100,193300,208000,230400,239200,262900,272600,297500,308100,333800,349500,376600,386000,414300,444900,458000,472800,504900,526400,550400,575100,600500,626500,652900,686100,706800,735300,764100,803100,823200,859500,895700,921500,946700,986200,1.0191e+06,1.0527e+06,1.0804e+06,1.1215e+06,1.1569e+06,1.1924e+06,1.3197e+06,1.2716e+06,1.3032e+06,1.3471e+06,1.3789e+06,1.4203e+06,1.4583e+06,1.4974e+06,1.5387e+06,1.6022e+06,1.6335e+06,1.6736e+06,1.7073e+06,1.757e+06,1.8027e+06,1.8461e+06,1.8984e+06,1.8938e+06,1.9851e+06,2.0362e+06,2.0772e+06,2.1322e+06,2.1736e+06,2.2365e+06,2.2963e+06,2.3343e+06,2.4981e+06,2.7545e+06,2.8283e+06,3.0765e+06,3.2493e+06,3.3169e+06,3.5125e+06,3.3568e+06
368,800,1700,3200,5100,7300,14000,14300,12000,22200,27000,32800,38600,44800,51800,59400,78300,76100,85300,94900,99500,111300,121200,152200,152200,165200,188000,193000,207900,230500,239000,262500,272500,297000,308100,333400,352600,365500,392500,441800,439100,450400,480900,502500,526200,554200,574600,595800,622400,648700,673600,705500,730600,758700,798700,823100,859500,883600,918700,942100,995200,1.02e+06,1.0528e+06,1.0802e+06,1.1143e+06,1.1557e+06,1.2239e+06,1.2354e+06,1.2655e+06,1.303e+06,1.5725e+06,1.6128e+06,1.42e+06,1.465e+06,1.5161e+06,1.679e+06,1.8192e+06,1.7349e+06,1.8517e+06,1.8711e+06,2.0196e+06,1.7934e+06,1.8461e+06,1.8905e+06,1.948e+06,1.9831e+06,2.0744e+06,2.0844e+06,2.1246e+06,2.1804e+06,2.2291e+06,2.2818e+06,2.3314e+06,2.7973e+06,2.8535e+06,2.8905e+06,2.9327e+06,3.3568e+06,3.3143e+06,3.3717e+06,3.4255e+06
369,600,1700,3400,6600,9600,12800,17000,24700,42500,33700,40600,48100,56000,64700,74200,84300,106700,106500,118800,131700,145100,159500,174400,190300,224200,218600,209500,209500,286600,299200,335800,340700,374600,385200,419600,443700,456800,493800,519600,535100,574300,602000,631500,703000,559700,585500,674200,636600,655400,680300,713300,735300,763700,792900,800200,865000,881800,919600,944600,983400,1.0175e+06,1.0495e+06,1.0763e+06,1.1201e+06,1.1515e+06,1.185e+06,1.2198e+06,1.2592e+06,1.3008e+06,1.3374e+06,1.3745e+06,1.4214e+06,1.4512e+06,1.5016e+06,1.5659e+06,1.8192e+06,1.6242e+06,1.6727e+06,1.8716e+06,2.124e+06,2.1697e+06,2.24e+06,1.9943e+06,2.164e+06,2.1795e+06,2.2817e+06,2.3603e+06,2.3517e+06,2.485e+06,2.5493e+06,2.5846e+06,2.6354e+06,2.661e+06,2.6413e+06,2.8204e+06,2.5448e+06,2.8596e+06,2.9315e+06,3.0021e+06,3.1324e+06
370,800,1800,3300,5000,7400,10300,13700,17700,22100,27000,32300,38600,44800,52000,73600,67500,76200,85500,95100,114300,116300,127800,139700,165200,165400,166900,193300,215800,223300,246000,255700,279500,290000,315200,326800,347600,372900,386000,413600,439900,457600,472700,551700,545100,553000,630200,605300,630600,659600,679000,707100,734800,772000,793100,822400,859000,883300,920800,946700,979600,1.0208e+06,1.0525e+06,1.0869e+06,1.115e+06,1.3743e+06,1.2143e+06,1.2287e+06,1.2656e+06,1.3024e+06,1.3402e+06,1.377e+06,1.528e+06,1.4592e+06,1.5303e+06,1.5459e+06,1.5807e+06,1.904e+06,1.932e+06,2.0018e+06,2.2132e+06,2.1948e+06,2.1965e+06,2.274e+06,2.3255e+06,2.4807e+06,2.7747e+06,2.5471e+06,2.5804e+06,2.5543e+06,2.9234e+06,2.9382e+06,2.928e+06,3.1166e+06,3.1625e+06,3.1561e+06,3.1708e+06,3.4262e+06,3.3239e+06,3.2677e+06,3.208e+06
371,900,1800,3300,5500,7500,10300,13700,17600,22100,27000,32500,38600,44900,51900,59400,67500,85000,85300,95100,105400,116300,135000,139700,152200,172200,178900,193100,236300,212700,286300,245100,273200,300800,307800,334200,356200,365700,393000,413600,428100,449900,480500,503000,526500,550600,582100,601600,626200,653000,932600,711600,736000,764800,794000,823100,853600,891200,916000,947300,1.0088e+06,1.0199e+06,1.1341e+06,1.2812e+06,1.3222e+06,1.3628e+06,1.3287e+06,1.2305e+06,1.2671e+06,1.3136e+06,1.3519e+06,1.3919e+06,1.4433e+06,1.4694e+06,1.5091e+06,1.5555e+06,1.5908e+06,1.6293e+06,1.6732e+06,1.7144e+06,1.7573e+06,1.801e+06,1.8447e+06,1.8906e+06,1.9366e+06,1.9885e+06,2.054e+06,2.0842e+06,2.1407e+06,2.1795e+06,2.2221e+06,2.2745e+06,2.3034e+06,2.4249e+06,2.9157e+06,2.9707e+06,3.0078e+06,3.2446e+06,3.3448e+06,3.4347e+06,3.354e+06
372,700,1900,3700,5800,9500,13500,18000,13500,23400,27800,33200,39500,46100,52800,60100,68200,76900,85900,95900,106100,117000,128300,140400,165300,207500,224500,254000,260800,279700,299600,320200,342400,380000,385600,424000,361900,457700,496100,522800,546400,562500,601400,630100,659700,689500,720600,640700,744700,817500,742000,712600,738600,774900,849100,822800,852900,889900,914300,956100,977900,1.0218e+06,1.0521e+06,1.08e+06,1.1144e+06,1.1561e+06,1.1926e+06,1.2287e+06,1.28e+06,1.3047e+06,1.3406e+06,1.3812e+06,1.4178e+06,1.4582e+06,1.5038e+06,1.539e+06,1.5796e+06,1.6288e+06,1.6705e+06,1.7185e+06,1.7575e+06,1.8011e+06,1.845e+06,1.8918e+06,1.9357e+06,1.8797e+06,2.8981e+06,2.4787e+06,2.5714e+06,2.6249e+06,2.6869e+06,2.8547e+06,2.9053e+06,2.9763e+06,3.0851e+06,3.1976e+06,3.281e+06,3.2388e+06,3.3052e+06,3.3514e+06,3.2138e+06
373,700,1700,3300,5100,7300,10100,13700,17600,22000,27000,32600,38500,44700,51800,59300,84500,77800,86700,96800,107200,116800,128100,139600,160800,149200,179000,191600,218600,223200,246900,255500,279400,290100,315200,326600,353000,372900,386100,413600,435200,452500,524400,505200,527500,552100,579800,601800,627500,647800,680600,707200,735200,763600,798500,822300,859200,883200,921100,946600,985300,1.0183e+06,1.0492e+06,1.0795e+06,1.12e+06,1.1554e+06,1.1915e+06,1.2321e+06,1.2652e+06,1.302e+06,1.3401e+06,1.3809e+06,1.4243e+06,1.4597e+06,1.5035e+06,1.5382e+06,1.5906e+06,1.6323e+06,1.6702e+06,1.707e+06,1.7562e+06,1.8013e+06,1.852e+06,1.8998e+06,1.9375e+06,1.9852e+06,2.0368e+06,2.0762e+06,2.1355e+06,2.174e+06,2.2536e+06,2.2776e+06,2.3283e+06,2.3782e+06,2.4317e+06,2.4819e+06,2.5345e+06,2.5873e+06,2.6412e+06,2.7007e+06,2.7429e+06
374,600,1700,3500,5400,7900,10700,14300,18200,22600,27600,33000,39200,45500,61400,60800,68700,77600,86600,96300,115300,117500,129300,141000,153500,166700,180500,194500,209300,232300,240500,264800,273700,299400,324000,327200,355200,377400,386000,415600,435200,456900,479400,495500,526400,550200,575200,600700,626400,659200,679300,686600,744600,769800,792500,822200,858700,883100,921400,952600,979300,1.0182e+06,1.0518e+06,1.0859e+06,1.0695e+06,1.1564e+06,1.1935e+06,1.2282e+06,1.265e+06,1.3027e+06,1.3402e+06,1.3846e+06,1.4181e+06,1.4779e+06,1.4894e+06,1.5455e+06,1.5813e+06,1.6288e+06,1.6705e+06,1.7134e+06,1.7571e+06,1.8033e+06,2.2835e+06,1.8938e+06,1.9379e+06,1.9978e+06,2.0324e+06,2.0905e+06,2.1368e+06,2.1832e+06,2.2414e+06,2.2908e+06,2.3332e+06,2.3776e+06,2.4436e+06,2.4955e+06,2.5596e+06,2.5972e+06,2.6445e+06,3.3726e+06,3.5614e+06
375,1000,2800,4200,6700,9900,13500,17800,22500,28500,34700,41400,49700,57200,66900,69300,69300,78000,99400,95500,105600,116400,114100,139800,152300,165300,195200,193500,208000,223200,239200,266200,272600,297100,308200,326800,353100,365700,398500,413700,436400,450200,479900,502700,526100,526000,589300,602300,626900,652700,680000,710200,735600,767700,794300,805800,853500,889800,914900,953200,979000,1.0128e+06,1.0524e+06,1.0894e+06,1.1282e+06,1.1565e+06,1.1981e+06,1.2277e+06,1.2652e+06,1.3056e+06,1.3476e+06,1.3803e+06,1.4193e+06,1.4646e+06,1.4986e+06,1.5607e+06,1.8584e+06,2.0028e+06,1.6991e+06,1.8815e+06,2.0693e+06,2.1586e+06,2.2201e+06,2.3795e+06,2.4362e+06,2.4829e+06,2.5411e+06,2.6079e+06,2.7147e+06,2.7344e+06,2.793e+06,2.9033e+06,2.9144e+06,3.0298e+06,3.0568e+06,3.1193e+06,3.2202e+06,3.2421e+06,3.2068e+06,3.2275e+06,3.2691e+06
376,1400,2200,4100,5400,8000,10500,13800,17500,22000,27000,32600,38800,45000,52100,59400,76100,76100,85300,95100,105400,123400,127800,139800,152300,172400,179100,193100,215300,212500,254200,248500,272900,290100,316500,326600,353900,365600,385900,414300,435500,450000,472300,503500,526700,551000,575600,601200,626900,653400,685200,707500,717300,764300,792600,822600,853900,890000,914900,946800,985600,1.0125e+06,1.052e+06,1.0872e+06,1.1205e+06,1.1564e+06,1.1961e+06,1.2287e+06,1.2655e+06,1.3024e+06,1.3403e+06,1.3795e+06,1.4433e+06,1.4574e+06,1.4978e+06,1.5755e+06,1.588e+06,1.629e+06,1.671e+06,1.7836e+06,1.8385e+06,1.8129e+06,1.862e+06,1.8947e+06,2.2513e+06,2.4826e+06,2.755e+06,2.6219e+06,2.673e+06,2.8666e+06,2.8027e+06,2.8887e+06,2.908e+06,2.9027e+06,3.0792e+06,3.1194e+06,3.2e+06,3.2496e+06,3.3241e+06,3.3636e+06,3.1237e+06
377,900,1000,3200,5000,7300,10400,13700,17700,22000,27100,32500,38300,44900,51800,59400,69100,90300,85700,95200,105400,116200,208800,139700,152300,165200,178900,193200,216300,223200,239000,255500,272500,290200,316000,326700,371800,373600,386700,406700,437300,458100,480500,495400,519100,550400,575000,600500,626200,652200,679600,706800,734500,770100,792800,822400,877200,886300,920600,966100,988100,1.0121e+06,1.0454e+06,1.0861e+06,1.1211e+06,1.1559e+06,1.1917e+06,1.2251e+06,1.2834e+06,1.3082e+06,1.3426e+06,1.3791e+06,1.4241e+06,1.4578e+06,1.5044e+06,1.5394e+06,1.5897e+06,1.6281e+06,1.6642e+06,1.7066e+06,1.7571e+06,1.8018e+06,1.8455e+06,1.8907e+06,1.9086e+06,1.9856e+06,2.0368e+06,2.0776e+06,2.1317e+06,2.1733e+06,2.2283e+06,2.2713e+06,2.328e+06,2.3808e+06,2.4311e+06,2.484e+06,2.615e+06,2.5296e+06,2.6484e+06,2.696e+06,2.755e+06
378,600,1300,2700,4700,6900,9900,13300,17300,21800,26700,32200,38200,54100,51800,39600,67400,76100,96100,95000,105200,116200,143300,139900,152100,174300,178800,193100,214900,223200,245900,255400,272400,289800,316600,326600,352700,369300,395100,414000,436900,450200,472600,519500,527900,551100,575000,600800,626100,652600,679200,706600,734800,768000,799300,822300,858800,883200,921300,948500,986200,1.0222e+06,1.0525e+06,1.0799e+06,1.1221e+06,1.1558e+06,1.2119e+06,1.2294e+06,1.2665e+06,1.3036e+06,1.3486e+06,1.4403e+06,1.4193e+06,1.4596e+06,1.5081e+06,1.5433e+06,1.5884e+06,1.6303e+06,1.6756e+06,1.7135e+06,1.7585e+06,1.8027e+06,1.8701e+06,1.8936e+06,1.9392e+06,1.9953e+06,2.187e+06,2.0904e+06,2.1425e+06,2.1855e+06,2.2382e+06,2.2893e+06,2.3457e+06,2.3836e+06,2.4338e+06,2.4806e+06,2.5474e+06,2.6002e+06,2.6614e+06,2.6986e+06,2.7115e+06
379,600,1300,2800,4500,7000,9900,13400,17200,23000,27700,32800,38500,56300,64800,114700,85000,96300,107700,119800,145900,146500,160700,175700,205100,207700,224600,194900,277600,279500,314500,279300,287500,321100,309700,328300,362200,367000,386600,415700,435300,450000,472600,490800,526900,554300,575300,600100,626200,652700,685400,707000,734600,763300,798900,822400,858700,883400,920900,955200,981700,1.0189e+06,1.0461e+06,1.081e+06,1.1209e+06,1.1558e+06,1.1915e+06,1.2282e+06,1.2649e+06,1.3029e+06,1.3184e+06,1.3833e+06,1.4243e+06,1.4582e+06,1.5046e+06,1.5392e+06,1.5864e+06,1.6288e+06,1.7153e+06,1.7095e+06,1.7593e+06,1.8015e+06,1.846e+06,1.892e+06,1.9372e+06,1.9882e+06,2.0352e+06,2.0781e+06,2.1309e+06,2.1739e+06,2.2227e+06,2.2904e+06,2.3349e+06,2.3799e+06,2.4301e+06,2.4815e+06,2.5407e+06,2.5934e+06,2.643e+06,2.7012e+06,2.7485e+06
380,600,1500,2800,4700,7100,10000,13500,17400,21900,26900,32300,38400,45000,52000,60700,67900,76000,85300,95000,114800,116300,127700,139800,166700,166800,179700,193700,208000,223200,249900,255600,279600,289900,315000,333600,345900,372500,386000,406700,435000,456900,479300,510300,531100,553700,578100,603500,629400,677300,685200,715200,736600,765300,800600,824000,857400,900600,922900,947000,985500,1.0187e+06,1.0464e+06,1.0949e+06,1.1218e+06,1.1563e+06,1.192e+06,1.2292e+06,1.2767e+06,1.3014e+06,1.3404e+06,1.3794e+06,1.4245e+06,1.4605e+06,1.5042e+06,1.5386e+06,1.5992e+06,1.6285e+06,1.6704e+06,1.708e+06,1.7513e+06,1.7976e+06,1.8449e+06,1.899e+06,1.9284e+06,1.983e+06,2.0376e+06,2.0771e+06,2.068e+06,2.173e+06,2.2444e+06,2.2776e+06,2.3293e+06,2.3802e+06,2.4387e+06,2.4818e+06,2.5459e+06,2.5872e+06,2.64e+06,2.6965e+06,2.757e+06
381,800,2300,3600,5800,7300,10000,13600,17400,22400,27400,33200,48000,45100,52300,59800,67900,76600,85800,103100,105900,116900,128500,147400,152800,165700,179500,203000,208600,231300,240100,256000,273300,297800,308900,297900,346400,374200,395100,407200,434000,458300,480200,494700,514100,537700,568200,647600,638200,656400,682800,710100,738500,773400,796200,811900,860100,883300,920800,946800,979200,1.0181e+06,1.0517e+06,1.0864e+06,1.1147e+06,1.1558e+06,1.1916e+06,1.2291e+06,1.2648e+06,1.3022e+06,1.3405e+06,1.3849e+06,1.4177e+06,1.4577e+06,1.5048e+06,1.5459e+06,1.5864e+06,1.6286e+06,1.6699e+06,1.7134e+06,1.7574e+06,1.8017e+06,1.8465e+06,1.8962e+06,1.9274e+06,1.9902e+06,2.0298e+06,2.0848e+06,2.1249e+06,2.1792e+06,2.2298e+06,2.2717e+06,2.3291e+06,2.3804e+06,2.4316e+06,2.5072e+06,2.5354e+06,2.5998e+06,2.6404e+06,2.6936e+06,2.7669e+06
382,600,1500,2800,4700,7000,10000,13300,17300,21900,26800,32300,38300,38900,51900,42900,67600,76100,85300,105400,105500,116100,127500,148100,152100,165100,186400,193200,207900,230400,238900,262400,272300,296900,307900,333600,359300,375900,386900,415000,436400,458000,480200,505700,532200,552800,576200,601400,626800,654500,680800,714200,735700,767700,793200,822300,852800,889700,914700,929200,990200,1.1086e+06,1.0621e+06,1.0864e+06,1.1209e+06,1.1562e+06,1.1917e+06,1.2287e+06,1.2656e+06,1.3028e+06,1.33e+06,1.3794e+06,1.4182e+06,1.4655e+06,1.498e+06,1.545e+06,1.581e+06,1.6216e+06,1.6702e+06,1.7058e+06,1.7691e+06,1.8036e+06,1.9583e+06,1.9184e+06,2.0267e+06,2.3361e+06,2.541e+06,2.601e+06,2.6275e+06,2.6483e+06,2.7218e+06,2.7805e+06,2.8965e+06,2.9696e+06,3.0411e+06,3.047e+06,3.1245e+06,3.2534e+06,3.0913e+06,3.2381e+06,3.4061e+06
383,1200,2700,4300,6400,4400,6100,8100,18600,22600,27200,32500,38500,44800,51900,59300,67500,76000,85200,95100,105400,117500,119400,156100,153800,166700,193600,193500,207800,231900,240000,255500,272500,298600,308100,334600,345900,373800,394000,406700,428100,457900,480500,534700,487100,573200,576900,601400,650300,782100,852100,885800,884300,956400,949200,1.0376e+06,1.0815e+06,874000,1.1587e+06,1.1952e+06,1.2145e+06,1.24e+06,1.2802e+06,1.3597e+06,1.3846e+06,1.4796e+06,1.4837e+06,1.4483e+06,1.4904e+06,1.5341e+06,1.4597e+06,1.3801e+06,1.4192e+06,1.4917e+06,1.4888e+06,1.5496e+06,1.5963e+06,1.6399e+06,1.6755e+06,1.7191e+06,1.7488e+06,1.7976e+06,1.8446e+06,1.8965e+06,2.176e+06,2.1715e+06,2.2844e+06,2.352e+06,2.3195e+06,2.3697e+06,2.347e+06,2.4026e+06,2.419e+06,3.0271e+06,2.9067e+06,3.0752e+06,3.0436e+06,3.056e+06,3.1107e+06,3.1357e+06,3.1495e+06
384,900,1800,3300,5500,21600,10300,13800,17500,21900,27000,32400,38500,45000,51900,59500,76700,76200,85300,95100,105300,126200,127700,139700,152300,172800,179000,193100,252700,223300,248900,256100,280800,289900,316300,334800,345800,374900,385900,415800,435300,457400,472800,519100,528400,550200,575100,600500,626600,652800,686100,707000,734900,763700,805100,822400,853700,886600,931600,960600,979500,1.0186e+06,1.0523e+06,1.0865e+06,1.1207e+06,1.1562e+06,1.195e+06,1.2296e+06,1.2646e+06,1.3199e+06,1.3555e+06,1.3812e+06,1.4193e+06,1.4838e+06,1.5465e+06,1.8241e+06,1.9431e+06,1.9587e+06,2.0044e+06,2.0431e+06,2.1318e+06,2.239e+06,2.3282e+06,2.3811e+06,2.5112e+06,2.3549e+06,2.2562e+06,2.3018e+06,2.3165e+06,2.4387e+06,2.4997e+06,2.5764e+06,2.6216e+06,2.8466e+06,2.9345e+06,2.8471e+06,3e+06,2.9146e+06,3.8931e+06,3.2142e+06,3.0064e+06
385,800,1900,3600,5600,7300,10300,13600,17500,22000,26900,32400,38600,44900,79600,66000,69000,76700,85900,95100,105500,125300,127700,139700,152100,173400,179000,193200,215700,223200,246100,255500,279600,291100,318700,335500,345800,374000,403200,406700,436200,458000,532700,504900,502900,542200,577000,600400,626300,652500,679200,706900,741600,763200,792900,827200,860400,884700,918100,953900,980100,1.0196e+06,1.0526e+06,1.0926e+06,1.1789e+06,1.2183e+06,1.2377e+06,1.2296e+06,1.2669e+06,1.3091e+06,1.3421e+06,1.3801e+06,1.419e+06,1.4655e+06,1.4991e+06,1.569e+06,1.5975e+06,1.6249e+06,1.6759e+06,1.7238e+06,1.9087e+06,1.8062e+06,1.8666e+06,1.9061e+06,1.9488e+06,1.9925e+06,2.0309e+06,2.0779e+06,2.1305e+06,2.1814e+06,2.2346e+06,2.2185e+06,2.3549e+06,2.8594e+06,2.9115e+06,2.8086e+06,2.7983e+06,3.249e+06,3.3075e+06,3.4014e+06,3.5726e+06
386,900,2200,3300,5400,7600,10400,13800,17700,22000,27000,32500,38400,39700,51700,54900,79800,76100,85200,95000,105500,124600,127800,139800,152400,136800,676800,193400,217700,223300,239200,263200,272500,297200,315500,326800,352900,365800,393100,413800,435200,450000,480700,490000,519900,548900,568500,596100,632600,646300,679500,705600,729600,765700,788200,822500,856900,881400,922700,946600,979600,1.0189e+06,1.052e+06,1.0859e+06,1.1287e+06,1.1565e+06,1.192e+06,1.2289e+06,1.2747e+06,1.3028e+06,1.4813e+06,1.3796e+06,1.4191e+06,1.4712e+06,1.4954e+06,1.536e+06,1.5853e+06,1.6252e+06,1.4765e+06,1.7989e+06,1.757e+06,1.8026e+06,1.8468e+06,1.8909e+06,1.9598e+06,2.0149e+06,2.1558e+06,2.5026e+06,2.5644e+06,3.0635e+06,2.7918e+06,2.8366e+06,2.805e+06,2.9181e+06,2.7334e+06,2.9318e+06,3.1724e+06,3.2452e+06,3.317e+06,3.3857e+06,3.4399e+06
387,1100,2500,4500,7000,9700,14500,18600,117300,37100,48000,52400,66300,76700,76500,80500,90800,109100,113700,129800,171100,160300,170200,199600,231900,221200,226000,258300,260400,291200,299100,331200,340500,440300,385100,335500,342000,378200,393500,430300,429700,467300,511000,511100,530200,551600,576400,601600,628500,654700,683800,720500,744500,766200,792900,822500,858500,884100,921100,946700,985900,1.0191e+06,1.0527e+06,1.0896e+06,1.1156e+06,1.1567e+06,1.192e+06,1.2692e+06,1.2648e+06,1.3026e+06,1.3404e+06,1.3787e+06,1.4254e+06,1.4441e+06,1.5042e+06,1.5462e+06,1.584e+06,1.6275e+06,1.6709e+06,1.7139e+06,1.7581e+06,1.8039e+06,1.8459e+06,1.9055e+06,1.9365e+06,1.9897e+06,2.038e+06,2.0766e+06,2.1279e+06,2.1794e+06,2.2125e+06,2.2805e+06,2.3292e+06,2.3805e+06,2.4361e+06,2.465e+06,2.5344e+06,2.5879e+06,2.6412e+06,2.6955e+06,2.754e+06
388,500,1300,2700,4700,7100,10000,13500,17400,21800,26800,32300,38200,44900,51900,59300,67500,76100,85300,95100,105300,116300,134700,139700,152200,165200,179000,193200,217000,223200,239100,255400,272500,297100,316500,326600,353600,376900,401700,418500,428000,450300,479300,502600,530300,550100,574900,600200,626100,654700,679400,713300,736200,763100,764300,824300,852700,889700,915200,946400,985700,1.0181e+06,1.046e+06,1.0863e+06,1.1209e+06,1.1556e+06,1.2038e+06,1.2172e+06,1.2584e+06,1.3083e+06,1.3407e+06,1.3782e+06,1.4237e+06,1.4653e+06,1.509e+06,1.53e+06,1.5905e+06,1.6281e+06,1.6702e+06,1.7082e+06,1.7578e+06,1.8012e+06,1.8524e+06,1.8897e+06,1.9441e+06,1.9876e+06,2.0279e+06,2.0809e+06,2.1225e+06,2.2064e+06,2.2303e+06,2.5509e+06,2.5805e+06,2.6915e+06,2.9947e+06,3.0624e+06,3.1731e+06,3.2388e+06,3.3791e+06,3.187e+06,3.1189e+06
389,800,1700,3200,5000,7300,10300,27600,17500,22000,26900,32500,38600,44800,51800,59300,67400,84800,85300,93300,93400,117900,143000,141400,152900,180000,178800,193100,216500,223300,246300,255500,541300,290100,316000,326900,353100,384500,386200,414400,437400,457700,472900,503000,531200,552300,575400,600400,626400,653100,686300,724100,736300,764700,793400,823300,860400,884300,921900,949500,985300,1.0189e+06,1.0802e+06,1.3857e+06,1.3465e+06,1.3958e+06,1.1933e+06,1.2298e+06,1.2683e+06,1.3005e+06,1.4157e+06,1.7077e+06,1.7411e+06,1.7681e+06,1.7979e+06,1.8749e+06,1.9172e+06,1.6632e+06,1.7009e+06,1.8255e+06,1.9785e+06,1.9964e+06,2.0156e+06,2.1329e+06,2.1414e+06,2.2115e+06,2.2893e+06,2.2659e+06,2.4789e+06,2.4836e+06,2.5703e+06,2.2396e+06,2.6047e+06,2.6458e+06,2.6468e+06,2.4842e+06,2.5976e+06,2.6056e+06,2.6529e+06,2.7131e+06,2.765e+06
390,600,1800,3300,5000,7500,10300,13700,17500,21900,26900,32500,38300,44800,66600,59400,67400,76000,85300,95000,114400,116300,127600,139500,159400,165300,177100,193100,217700,223200,247700,255200,273900,302900,308100,335000,345900,365600,393200,413900,428000,457300,479700,502900,526600,550400,575200,600700,656900,655200,679600,707500,736900,764700,799400,822700,858900,884300,920800,956000,985500,1.016e+06,1.0461e+06,1.0797e+06,1.1262e+06,1.1559e+06,1.2002e+06,1.2281e+06,1.2651e+06,1.3021e+06,1.34e+06,1.3809e+06,1.4242e+06,1.4574e+06,1.5038e+06,1.5544e+06,1.5866e+06,1.6361e+06,1.6704e+06,1.7432e+06,1.7794e+06,1.8011e+06,1.8511e+06,1.8922e+06,1.9376e+06,1.9893e+06,2.0358e+06,2.0775e+06,2.1258e+06,2.1823e+06,2.2299e+06,2.2775e+06,2.3427e+06,2.3794e+06,2.4298e+06,2.4879e+06,2.5414e+06,2.5876e+06,2.6484e+06,2.6959e+06,2.7556e+06
391,500,1800,2900,4900,7300,10800,13700,17500,22000,26900,32300,38300,44800,51900,59400,84300,95100,125500,119600,132500,145500,174000,174500,190100,206500,235700,241600,271100,278900,298800,330500,322400,307300,309700,375700,358900,416100,494500,524600,546000,562600,601800,630300,660100,692100,730800,710300,785300,828800,693100,721000,745300,814400,873700,824300,852900,883300,921100,947600,994900,1.0188e+06,1.0459e+06,1.0858e+06,1.1232e+06,1.1556e+06,1.192e+06,1.2285e+06,1.265e+06,1.3111e+06,1.409e+06,1.3801e+06,1.4189e+06,1.4636e+06,1.4977e+06,1.5453e+06,1.5868e+06,1.6219e+06,1.6828e+06,1.714e+06,1.7573e+06,1.8028e+06,1.8465e+06,1.8909e+06,1.9365e+06,2.0014e+06,2.0385e+06,2.0843e+06,2.1336e+06,2.1758e+06,2.2308e+06,2.2794e+06,2.4641e+06,2.6975e+06,2.443e+06,2.4945e+06,2.5493e+06,2.6051e+06,2.6528e+06,2.7132e+06,2.7587e+06
392,700,1800,3400,5000,7500,10300,13800,17500,21900,27000,32500,38400,44800,52000,73800,67500,76100,85300,95100,105300,116200,127600,139700,159300,165200,180700,193800,220700,223200,248500,255500,281000,302400,300200,327300,354800,373200,385900,413700,435000,457200,472700,502700,526500,550400,574800,599800,631600,655200,680900,708600,752000,773200,800800,823300,854100,884000,921800,947200,986600,1.2405e+06,1.2647e+06,1.329e+06,1.445e+06,1.2829e+06,1.4535e+06,1.5044e+06,1.5376e+06,1.5988e+06,1.7979e+06,1.6927e+06,1.7423e+06,1.668e+06,1.6944e+06,1.7114e+06,1.7642e+06,1.7763e+06,1.6721e+06,1.7753e+06,1.8827e+06,2.0458e+06,1.9068e+06,2.132e+06,2.4248e+06,2.5188e+06,2.5413e+06,2.7121e+06,2.6599e+06,2.7296e+06,2.7893e+06,2.8589e+06,2.9488e+06,2.9403e+06,3.0209e+06,3.1382e+06,3.4385e+06,3.2517e+06,3.3536e+06,3.1934e+06,3.1803e+06
393,900,1800,3000,4900,9300,14500,14300,18100,22000,49200,34000,40100,46000,52000,72000,67600,76500,85400,95500,105700,116900,128100,140200,160700,165700,179500,202100,208300,262300,299100,320100,351900,353900,364200,346700,347500,380300,395100,406800,428100,456800,479600,502700,526500,550300,574800,600200,626300,652700,684800,710800,749200,763900,793300,829000,852600,889900,915400,953500,985700,1.0125e+06,1.0521e+06,1.0972e+06,1.1196e+06,1.1509e+06,1.1915e+06,1.2277e+06,1.2678e+06,1.3022e+06,1.3464e+06,1.3787e+06,1.4316e+06,1.4655e+06,1.5016e+06,1.5444e+06,1.5857e+06,1.6211e+06,1.6709e+06,1.714e+06,1.767e+06,1.8016e+06,1.8527e+06,1.8911e+06,1.9356e+06,1.984e+06,2.0294e+06,2.1009e+06,2.132e+06,2.1747e+06,2.2292e+06,2.2797e+06,2.3276e+06,2.3857e+06,2.4855e+06,2.9495e+06,3.0338e+06,3.1035e+06,3.1499e+06,3.2765e+06,3.4501e+06
394,800,1900,3600,7400,9400,12500,16800,21700,27300,40700,44800,88900,46300,66100,64200,82200,77900,99600,95800,106100,127300,149400,194700,205400,208000,240900,243700,285800,279700,301500,233500,342700,378900,515200,607100,347300,370600,516200,529200,413100,423400,486600,496100,516800,511900,544300,607300,660100,702000,684000,712900,726700,774900,780300,845500,855900,891600,916100,982900,1.0386e+06,1.0199e+06,1.0525e+06,1.0967e+06,1.1145e+06,1.1553e+06,1.1178e+06,1.2284e+06,1.265e+06,1.3263e+06,1.3407e+06,1.3783e+06,1.4247e+06,1.4575e+06,1.5042e+06,1.5385e+06,1.5799e+06,1.6548e+06,1.6705e+06,1.7137e+06,1.7572e+06,1.8024e+06,1.8462e+06,1.8969e+06,1.9501e+06,1.9894e+06,2.0307e+06,2.0772e+06,2.1326e+06,2.1794e+06,2.2278e+06,2.2849e+06,2.322e+06,2.3791e+06,2.4305e+06,2.4826e+06,2.5333e+06,2.5884e+06,2.6472e+06,2.6956e+06,2.7556e+06
395,500,1300,2800,4600,7100,10000,13500,17300,22500,27100,32200,38100,57800,51600,59200,67400,76000,85200,102900,105300,116100,127500,139600,152200,165100,178800,200100,207700,230100,239000,262500,272300,296600,307800,333500,345600,372400,393100,406400,436200,456800,480800,501200,530800,550900,577600,604400,626000,652600,679400,706500,735000,763300,798700,822200,856500,892500,932600,948300,985500,1.0187e+06,1.0469e+06,1.0869e+06,1.1208e+06,1.1561e+06,1.1918e+06,1.2312e+06,1.265e+06,1.341e+06,1.3493e+06,1.38e+06,1.4247e+06,1.4585e+06,1.5045e+06,1.5403e+06,1.6787e+06,1.6328e+06,1.6743e+06,1.7153e+06,1.7578e+06,1.8017e+06,1.8461e+06,1.9359e+06,1.9387e+06,2.0212e+06,2.0422e+06,2.0943e+06,2.1889e+06,2.1859e+06,2.2404e+06,2.2903e+06,2.3485e+06,2.392e+06,2.442e+06,2.4968e+06,2.5734e+06,2.7632e+06,2.6592e+06,2.7048e+06,2.7594e+06
396,500,1400,2700,4600,6900,10800,14200,17600,21800,26800,32400,38600,45000,52600,59200,67400,86200,85300,95000,105700,116300,137000,139600,152200,174200,157700,193800,222300,224000,284100,256200,283600,290800,317400,327700,364600,375300,386900,416000,437400,459000,481400,496600,520000,552100,576700,602200,634100,659200,830900,890800,1.0168e+06,921700,993200,1.0019e+06,1.0681e+06,1.1143e+06,1.1009e+06,1.189e+06,1.2357e+06,1.2809e+06,1.2366e+06,1.3185e+06,1.3641e+06,1.4476e+06,1.4922e+06,1.6914e+06,1.6261e+06,1.6862e+06,1.681e+06,1.6759e+06,1.7205e+06,1.7503e+06,1.828e+06,1.8676e+06,1.6403e+06,1.8262e+06,1.772e+06,1.8788e+06,1.908e+06,2.183e+06,2.2718e+06,2.2775e+06,2.3267e+06,2.335e+06,2.355e+06,2.5457e+06,2.4508e+06,2.6311e+06,2.7758e+06,2.7596e+06,2.9331e+06,3.3041e+06,3.0425e+06,3.124e+06,3.1954e+06,3.2027e+06,3.1885e+06,3.3274e+06,3.3095e+06
397,800,1800,3300,5500,5300,12000,14400,17900,22200,27200,32700,49200,44800,52000,59400,67500,76200,85400,103900,105300,116200,127600,147600,152300,165300,187000,193200,208000,231000,239200,263300,272600,345800,385300,394300,443100,366800,387300,424000,445700,460500,455500,503600,526600,550300,575200,600500,626100,653300,679400,706900,735300,763700,799000,822400,858900,887600,922200,947100,985300,1.0185e+06,1.052e+06,1.08e+06,1.1145e+06,1.1562e+06,1.1916e+06,1.2282e+06,1.2647e+06,1.2825e+06,1.3408e+06,1.3975e+06,1.4266e+06,1.4665e+06,1.5048e+06,1.5392e+06,1.5861e+06,1.6282e+06,1.6586e+06,1.7074e+06,1.7511e+06,1.8016e+06,1.846e+06,1.8925e+06,1.9361e+06,1.9876e+06,2.0432e+06,2.0771e+06,2.1378e+06,2.1797e+06,2.2233e+06,2.2785e+06,2.3346e+06,2.3798e+06,2.4354e+06,2.4814e+06,2.5424e+06,2.5872e+06,2.6379e+06,2.7111e+06,2.7665e+06
398,500,1300,2700,4600,6900,9800,13200,17400,21600,26600,32400,38400,44800,51700,59300,67400,76000,85200,95000,112500,116300,127700,139600,159400,158000,178800,200900,216300,237400,239800,265300,272700,298300,308500,334900,346000,374000,393800,414800,428300,458500,480700,507300,527100,551400,578000,602600,631900,654900,680800,818800,921300,956700,964400,1.0299e+06,1.0372e+06,1.103e+06,1.1268e+06,1.182e+06,1.0661e+06,1.2349e+06,1.2611e+06,1.3428e+06,1.3812e+06,1.4069e+06,1.4542e+06,1.4947e+06,1.4941e+06,1.4584e+06,1.5275e+06,1.4938e+06,1.4859e+06,1.6262e+06,1.4941e+06,1.6475e+06,1.5868e+06,1.6391e+06,1.871e+06,1.716e+06,2.0424e+06,2.5845e+06,1.9476e+06,1.9929e+06,2.0407e+06,2.0276e+06,2.0498e+06,2.0892e+06,2.1431e+06,2.179e+06,2.2176e+06,2.2716e+06,2.3165e+06,2.3782e+06,2.4288e+06,2.4767e+06,2.5392e+06,3.0473e+06,3.4633e+06,3.3458e+06,3.2726e+06
399,600,2200,4100,5300,7900,10500,13800,17500,15400,28000,33200,38900,45100,51900,59400,67500,76000,85200,95100,105400,132600,130900,140000,153000,165700,180400,193600,208200,223900,239100,277100,340400,362300,385200,408300,432400,456900,483000,572700,548400,573800,590700,619600,660200,718200,722300,643500,784900,732500,851300,849100,921100,975600,992900,1.0302e+06,1.1004e+06,1.0619e+06,1.1369e+06,1.1582e+06,1.182e+06,1.2655e+06,1.3078e+06,1.1616e+06,1.3085e+06,1.2991e+06,1.2034e+06,1.2316e+06,1.2744e+06,1.3038e+06,1.3424e+06,1.3815e+06,1.6687e+06,1.7668e+06,1.9562e+06,1.9096e+06,1.5813e+06,1.6293e+06,1.8199e+06,1.673e+06,2.0176e+06,1.8028e+06,2.2632e+06,2.302e+06,2.4021e+06,2.6715e+06,2.9715e+06,2.5477e+06,2.7497e+06,2.4493e+06,2.5476e+06,2.5978e+06,2.6785e+06,2.6164e+06,2.877e+06,2.8784e+06,2.9202e+06,2.5992e+06,3.0598e+06,3.2095e+06,3.1833e+06
400,900,1700,3300,5000,7500,10300,13600,17600,22000,27000,32700,38400,45000,66100,59400,67500,76100,85300,95100,114100,116300,127600,139700,159400,165400,178800,200000,207800,246000,239000,255400,280500,286400,316000,326700,353800,365600,393300,413600,435100,450300,479600,502600,525900,552200,576400,600700,628200,658300,680000,714600,735100,763100,799500,997400,855200,891700,916700,954600,986700,1.0141e+06,1.0843e+06,1.0868e+06,1.1211e+06,1.1581e+06,1.193e+06,1.2286e+06,1.2652e+06,1.3026e+06,1.3466e+06,1.3793e+06,1.422e+06,1.472e+06,1.5e+06,1.5442e+06,1.5984e+06,1.6305e+06,1.6717e+06,1.7156e+06,1.7731e+06,1.8022e+06,1.8455e+06,1.8951e+06,1.9361e+06,1.9832e+06,2.0291e+06,2.0866e+06,2.1249e+06,2.1804e+06,2.2388e+06,2.2829e+06,2.3345e+06,2.3742e+06,2.4358e+06,2.482e+06,2.5397e+06,2.5876e+06,2.888e+06,2.7019e+06,2.7574e+06
401,500,1300,2600,3700,6900,10800,14200,18200,37100,27200,32600,38700,45000,51900,59300,67500,86900,85400,95200,105500,116400,135200,139700,152300,174000,179000,193200,215300,223400,239100,255700,272500,297100,315700,326900,342000,368200,385900,413600,435000,450000,507300,504600,527700,551500,576200,601100,627300,653900,686400,707900,735900,764400,815700,673600,863500,893300,922500,948800,987700,1.0225e+06,1.0543e+06,1.0814e+06,1.3409e+06,1.1585e+06,1.2025e+06,1.2299e+06,1.3021e+06,1.316e+06,1.3575e+06,1.3907e+06,1.4294e+06,1.4724e+06,1.5175e+06,1.539e+06,1.5858e+06,1.6292e+06,1.6639e+06,1.7137e+06,1.7647e+06,2.328e+06,2.2296e+06,2.2763e+06,2.3511e+06,2.3868e+06,2.3941e+06,2.6063e+06,2.6616e+06,2.7215e+06,2.7918e+06,2.7649e+06,2.889e+06,3.0385e+06,2.9301e+06,2.8602e+06,3.175e+06,3.2377e+06,3.3117e+06,3.2903e+06,3.4763e+06
402,900,1800,3000,4900,9900,12800,17100,21800,27300,33700,40500,48000,46400,66600,59600,69100,91200,87100,95600,119700,116600,127600,139700,152200,165300,178900,198800,208000,290500,298700,330500,340700,373400,384900,423500,432100,456800,493800,520500,433700,468700,694900,636600,622300,690500,720900,656700,784700,778500,856300,895900,877200,1.0169e+06,809700,840300,919700,928900,917100,953700,985600,1.0122e+06,1.0527e+06,1.086e+06,1.1376e+06,1.156e+06,1.1916e+06,1.2276e+06,1.27e+06,1.3029e+06,1.3467e+06,1.3791e+06,1.4178e+06,1.4653e+06,1.4976e+06,1.5521e+06,1.6933e+06,1.6489e+06,1.7794e+06,2.0725e+06,2.1533e+06,2.1843e+06,2.296e+06,2.3791e+06,2.4322e+06,2.4815e+06,2.5665e+06,2.6361e+06,2.7068e+06,2.7391e+06,2.7131e+06,2.6996e+06,2.7028e+06,2.8357e+06,3.8422e+06,4.5825e+06,4.5842e+06,4.7245e+06,4.1517e+06,3.4405e+06,4.2005e+06
403,700,1800,2900,5300,7400,10200,13500,17500,22200,26800,33300,39500,44800,52600,82200,67900,76000,85200,95000,105300,127100,127500,139700,152100,175000,261200,298700,298300,330200,318700,354200,363200,399300,410600,447500,473500,487500,526500,554400,570900,613900,450300,543700,559200,557900,586300,601500,626300,652700,679400,706800,758900,710900,927100,1.2036e+06,870700,887300,1.0106e+06,1.1371e+06,973800,1.0061e+06,1.2876e+06,1.4306e+06,1.4769e+06,1.498e+06,1.5963e+06,1.5382e+06,1.6515e+06,1.6967e+06,1.7271e+06,1.78e+06,1.8923e+06,1.8331e+06,1.937e+06,1.8748e+06,1.8213e+06,1.6107e+06,1.6523e+06,1.7744e+06,2.0205e+06,1.9293e+06,1.8868e+06,2.3734e+06,2.1232e+06,2.351e+06,2.4654e+06,2.6224e+06,2.3682e+06,2.1696e+06,2.4276e+06,2.5703e+06,2.6239e+06,2.5675e+06,2.7189e+06,2.937e+06,3.1373e+06,3.1952e+06,3.6677e+06,3.2269e+06,3.2582e+06
404,800,1800,3400,5900,9000,12500,16900,15300,28500,34500,43600,54800,58000,64900,74400,78300,103800,87000,95700,105800,116500,127700,139800,152300,165300,179000,193200,208000,223300,239100,255500,272600,309300,245200,326900,356800,365500,394000,308800,339700,393000,483100,503000,526500,550300,575200,600500,626600,652500,679800,697200,745400,1.3471e+06,1.3718e+06,1.4776e+06,1.524e+06,1.5256e+06,1.5024e+06,1.6565e+06,1.5298e+06,1.0308e+06,1.0644e+06,1.0905e+06,1.1252e+06,1.1585e+06,1.192e+06,1.228e+06,1.2646e+06,1.2904e+06,1.3296e+06,1.3922e+06,1.419e+06,1.4641e+06,1.4985e+06,1.5459e+06,1.5868e+06,1.6249e+06,1.6697e+06,1.715e+06,1.7579e+06,1.8016e+06,1.8463e+06,1.899e+06,1.9344e+06,1.9834e+06,2.0383e+06,2.079e+06,2.1325e+06,2.1742e+06,2.2985e+06,2.3861e+06,2.467e+06,2.4059e+06,2.4404e+06,2.4883e+06,3.1151e+06,3.2391e+06,3.306e+06,3.4633e+06,3.5961e+06
405,800,1800,3300,5500,7500,10200,13700,17500,22000,26900,32600,40400,46200,53200,74400,68200,77100,86100,95800,106200,117100,129400,140400,152200,175400,178900,194100,208000,235200,239100,264700,284300,290900,318200,335600,346700,374100,394600,407500,501000,464600,472600,495800,526100,550400,575300,600800,630900,652700,685500,706900,734900,769200,799000,823000,923000,883800,921900,948900,992800,1.0125e+06,1.0468e+06,1.0803e+06,1.1235e+06,1.156e+06,1.1917e+06,1.2324e+06,1.2708e+06,1.3024e+06,1.3402e+06,1.3788e+06,1.4271e+06,1.4585e+06,1.5041e+06,1.5386e+06,1.6193e+06,1.6302e+06,1.6729e+06,1.7139e+06,1.7707e+06,2.0892e+06,2.173e+06,2.245e+06,2.2803e+06,2.018e+06,2.0683e+06,2.0954e+06,2.1275e+06,2.255e+06,2.2411e+06,2.3001e+06,2.3627e+06,2.8303e+06,3.2285e+06,4.1111e+06,4.233e+06,3.9869e+06,4.1444e+06,4.9547e+06,3.5691e+06
406,900,3000,5500,5300,7500,10200,13500,17400,21900,26800,32400,69900,45300,52100,59300,67300,76000,85300,85300,105700,184000,246200,290000,295800,308700,339400,396400,393800,448100,444300,533100,424800,522300,508800,285300,648100,321800,389100,432600,428600,634400,575000,663900,676200,724800,709900,856400,804900,832400,906000,935000,521700,937400,854600,838100,847200,894100,935700,947500,985900,1.0215e+06,1.0462e+06,1.0635e+06,1.1143e+06,1.1648e+06,1.1928e+06,1.2956e+06,1.4074e+06,1.2929e+06,1.4025e+06,1.659e+06,1.9335e+06,2.548e+06,2.4471e+06,2.3427e+06,1.5742e+06,2.3064e+06,2.5259e+06,2.5326e+06,2.8687e+06,3.0067e+06,3.3915e+06,2.4468e+06,3.0656e+06,2.2973e+06,2.1892e+06,3.1569e+06,3.1147e+06,3.0366e+06,4.0046e+06,2.6364e+06,2.6259e+06,2.7099e+06,3.1056e+06,2.997e+06,2.5991e+06,2.5619e+06,2.5995e+06,3.2813e+06,2.441e+06
407,700,1500,2300,4400,7800,6500,14500,18500,22700,40300,27400,36100,88800,38300,114100,66600,77900,85900,95600,140800,173900,170400,186300,202900,254900,156000,198300,187300,203100,231700,210500,274200,321000,266200,328400,285500,345900,314800,399400,352200,402100,394500,470900,442700,536000,500600,555400,634500,774400,854100,886200,920500,956500,985800,1.0047e+06,964700,787200,931900,958600,967800,1.0271e+06,994500,990900,1.0177e+06,1.0183e+06,998700,1.0323e+06,1.0535e+06,1.2031e+06,1.1795e+06,1.2179e+06,1.218e+06,1.4758e+06,1.5015e+06,1.5479e+06,1.5903e+06,1.6246e+06,1.9783e+06,2.1481e+06,2.1992e+06,2.2532e+06,2.3088e+06,2.3562e+06,2.496e+06,2.5572e+06,2.5973e+06,3.1757e+06,2.6711e+06,2.7778e+06,2.8074e+06,2.9159e+06,2.9711e+06,3.0341e+06,3.1161e+06,3.1256e+06,3.2443e+06,3.1605e+06,3.1027e+06,3.1329e+06,3.3666e+06
408,900,1700,3500,5100,7400,10200,13800,17600,22000,27000,32600,38700,45000,58500,61100,82900,76600,85300,95200,105400,175600,127800,151400,152200,165200,186900,193200,207900,230200,239000,262700,272500,297200,308000,333700,345800,365700,392900,413700,428000,458000,480600,506900,525900,550500,575900,608200,630700,653800,686000,706900,735000,763700,799300,823000,859200,920000,921100,951600,1.019e+06,1.0198e+06,1.0531e+06,1.0803e+06,1.1142e+06,1.308e+06,1.4367e+06,1.6556e+06,1.466e+06,1.586e+06,1.5085e+06,1.6185e+06,1.7743e+06,1.7731e+06,1.8231e+06,1.5481e+06,1.7552e+06,1.9756e+06,2.1116e+06,2.1491e+06,2.1998e+06,2.3214e+06,2.3387e+06,2.4327e+06,2.3312e+06,2.4763e+06,2.9753e+06,2.6216e+06,2.6721e+06,2.7554e+06,2.7746e+06,2.8634e+06,2.9403e+06,3.0336e+06,2.7401e+06,2.9066e+06,2.9283e+06,3.3027e+06,3.4459e+06,3.5371e+06,3.4527e+06
409,700,1800,3400,5800,8800,12400,17200,22400,27900,27800,33300,38700,55700,52500,59800,86400,77700,87000,96800,119200,116800,127700,139800,161900,165300,179000,208600,208400,235300,238900,264000,272500,297900,308000,334500,346100,373300,393600,431200,428100,460200,481100,502700,526400,550500,575600,600200,626500,652600,679300,706800,735500,763700,792600,828500,852700,953100,923100,947700,995200,1.0194e+06,1.0466e+06,1.0869e+06,1.1577e+06,1.2812e+06,1.4038e+06,1.6916e+06,1.2809e+06,1.3482e+06,1.3577e+06,1.4043e+06,1.4263e+06,1.4584e+06,1.4893e+06,1.5409e+06,1.5803e+06,1.6276e+06,1.6707e+06,1.7131e+06,1.759e+06,1.8221e+06,1.8464e+06,1.8955e+06,1.9362e+06,1.9892e+06,2.03e+06,2.0769e+06,2.1265e+06,2.1787e+06,2.1981e+06,2.2809e+06,2.3379e+06,2.4071e+06,2.8783e+06,2.8917e+06,2.8887e+06,3.0279e+06,3.3168e+06,3.5009e+06,3.45e+06
410,700,2600,4400,5700,9600,12400,13600,18400,22900,28000,33100,38700,45400,52100,59400,89600,76400,85800,95000,97900,116300,138800,139600,152200,165200,178900,193100,214700,223100,238900,262300,272400,296700,314900,330600,353100,365600,392700,413700,435300,450200,479900,502500,526100,550200,579600,602400,626700,652700,679600,706800,735400,768700,799400,822600,859100,883300,921300,947500,737700,1.0191e+06,1.0557e+06,1.086e+06,1.1227e+06,1.1685e+06,1.2071e+06,1.229e+06,1.2646e+06,1.302e+06,1.347e+06,1.3038e+06,1.4198e+06,1.4637e+06,1.5209e+06,1.5386e+06,1.5857e+06,1.6227e+06,1.6642e+06,1.7175e+06,1.762e+06,1.8154e+06,1.8528e+06,1.8905e+06,1.9361e+06,1.9837e+06,2.0307e+06,2.091e+06,2.1367e+06,2.1806e+06,2.2273e+06,2.2787e+06,2.3235e+06,2.3879e+06,2.4653e+06,2.8413e+06,3.0534e+06,3.0464e+06,3.1319e+06,3.2783e+06,3.3463e+06
411,800,1700,3200,5100,7300,10200,13500,17500,15700,25000,30000,39600,44800,52000,59300,51100,77900,96700,95000,105400,116300,135300,139500,152100,165200,186000,193200,200200,232100,239100,262700,272500,297000,308200,333700,345700,372800,386500,421100,440100,458100,479700,502700,526500,550300,575100,600400,626100,652600,680300,706800,735200,763600,793000,828500,837000,892700,915000,953000,978600,1.0121e+06,1.0521e+06,1.0898e+06,1.1208e+06,1.1564e+06,1.2217e+06,1.2478e+06,1.2719e+06,1.305e+06,1.3413e+06,1.3796e+06,1.4334e+06,1.7814e+06,1.837e+06,1.6872e+06,1.6908e+06,1.7303e+06,1.681e+06,1.7763e+06,1.7594e+06,1.8024e+06,1.8526e+06,1.8918e+06,1.9363e+06,1.9894e+06,2.0493e+06,2.0849e+06,2.2409e+06,2.3584e+06,2.4051e+06,2.4031e+06,2.423e+06,2.8145e+06,2.892e+06,3.0024e+06,3.2317e+06,3.222e+06,3.3417e+06,3.3846e+06,3.4529e+06
412,800,2000,3500,5800,8800,12600,16700,21600,32400,16200,44600,39900,46400,52500,73500,67400,76200,85300,96400,107100,117100,128000,153600,152200,165300,234000,193200,217300,223200,239200,263600,272500,298100,316000,326800,369800,365600,385800,521400,546700,573500,610800,508800,530000,552400,569500,610500,629400,653300,679400,683700,736100,763600,793600,839900,852500,890100,914900,952800,979000,1.0121e+06,1.0521e+06,1.0865e+06,1.1244e+06,1.1562e+06,1.198e+06,1.2281e+06,1.2666e+06,1.3056e+06,1.3401e+06,1.3785e+06,1.4184e+06,1.4645e+06,1.4981e+06,1.5646e+06,1.5866e+06,1.6219e+06,1.6721e+06,1.7127e+06,1.7607e+06,1.8013e+06,1.9926e+06,1.9124e+06,1.9395e+06,1.99e+06,2.0382e+06,2.0799e+06,2.1347e+06,2.2147e+06,2.2254e+06,2.2809e+06,2.3312e+06,2.4234e+06,2.4352e+06,2.5108e+06,2.5381e+06,2.5899e+06,2.6496e+06,2.6986e+06,2.844e+06
413,500,1800,3600,4700,7500,6100,8100,10300,21800,20500,27800,38200,46100,52400,59900,67500,76100,85300,95100,105400,116300,127800,147900,152300,165300,186800,193200,207900,226200,239700,256600,282400,291400,309400,335900,347300,375000,396100,408200,437100,528100,483500,508400,528800,552300,577500,602700,628900,622700,682500,709300,723200,767000,795800,824400,854800,891600,923200,949000,987800,1.0208e+06,1.0591e+06,1.089e+06,1.1246e+06,1.1583e+06,1.1951e+06,1.2359e+06,1.2687e+06,1.3058e+06,1.3436e+06,1.4063e+06,1.4274e+06,1.4611e+06,1.518e+06,1.5434e+06,1.5896e+06,1.6341e+06,1.6741e+06,1.7209e+06,1.753e+06,1.7975e+06,1.8782e+06,1.8937e+06,1.9406e+06,1.9869e+06,2.0455e+06,2.0892e+06,2.1315e+06,2.191e+06,2.2608e+06,2.2912e+06,2.3349e+06,2.3837e+06,2.4435e+06,2.4945e+06,2.5451e+06,2.6056e+06,2.653e+06,2.7125e+06,2.7793e+06
414,700,2800,3400,5100,7400,10300,13600,18400,22800,27300,32600,38600,58400,52600,59500,67600,76200,85300,106200,105500,116500,127600,147500,152400,165400,179000,193300,208000,230200,239300,262400,272700,297100,308200,333400,345900,372500,393900,379800,428900,458500,480300,519100,527100,551800,576200,601700,627200,654000,680800,707600,740900,765000,794900,830300,838000,900400,916000,947600,987000,1.0134e+06,1.0463e+06,1.087e+06,1.122e+06,1.1582e+06,1.193e+06,1.2293e+06,1.267e+06,1.311e+06,1.3415e+06,1.3798e+06,1.4249e+06,1.4585e+06,1.5049e+06,1.5397e+06,1.5884e+06,1.6234e+06,1.6938e+06,1.7094e+06,1.7532e+06,1.87e+06,2.1134e+06,2.1894e+06,1.9962e+06,2.4356e+06,2.439e+06,2.5133e+06,2.5725e+06,4.093e+06,2.8187e+06,2.8559e+06,2.8613e+06,3.0301e+06,3.0432e+06,3.1059e+06,3.2235e+06,3.3138e+06,3.3368e+06,3.3806e+06,3.411e+06
415,800,1100,2000,2900,4500,10800,14200,17600,22100,27000,32600,38600,45000,51900,59400,67500,76200,85300,95100,105400,116200,127800,147400,152200,165300,186500,194900,208600,223800,239200,263300,272500,297100,308300,334300,347300,355100,408200,406800,428200,457400,479900,502600,526700,550200,575300,600200,652300,736700,713400,709100,736000,771400,820200,823200,853700,891100,922100,947800,997700,1.0134e+06,1.0524e+06,1.086e+06,1.1213e+06,1.1562e+06,1.1844e+06,1.2287e+06,1.2747e+06,1.3027e+06,1.37e+06,1.3802e+06,1.4194e+06,1.4645e+06,1.664e+06,1.9461e+06,1.9478e+06,1.9337e+06,1.9483e+06,2.1334e+06,2.1165e+06,2.2333e+06,2.3286e+06,2.0138e+06,2.2499e+06,2.2525e+06,2.144e+06,2.3743e+06,2.4175e+06,2.4571e+06,2.5278e+06,2.5397e+06,2.3417e+06,2.3843e+06,2.4348e+06,3.0528e+06,3.2384e+06,3.2887e+06,3.2276e+06,3.1506e+06,3.177e+06
416,700,1800,3200,5100,7400,10300,13600,17500,22000,27000,32400,38400,44900,51900,68900,67500,76100,85300,95100,105400,116400,127700,139800,162300,165300,178900,200400,207900,223000,246000,255600,279600,289900,314900,326600,345800,372400,385800,406600,434800,457000,479300,495700,519400,550900,589300,570200,634100,654100,680600,708100,736600,765000,794100,823600,860000,884800,922100,954500,989600,1.0393e+06,1.055e+06,1.088e+06,1.1241e+06,1.1575e+06,1.1932e+06,1.2293e+06,1.2661e+06,1.3045e+06,1.3593e+06,1.3833e+06,1.4203e+06,1.4655e+06,1.4994e+06,1.5461e+06,1.5873e+06,1.624e+06,1.7371e+06,1.7163e+06,1.7587e+06,1.8022e+06,1.8463e+06,1.8918e+06,2.1926e+06,2.0004e+06,2.0344e+06,2.0958e+06,2.1381e+06,2.1906e+06,2.2402e+06,2.1346e+06,2.3426e+06,2.3898e+06,2.4428e+06,2.4953e+06,2.5466e+06,2.5994e+06,2.6585e+06,2.71e+06,3.3199e+06
417,800,1900,3500,5800,8900,31200,16700,21600,27300,33500,40300,47800,55900,74500,74100,84200,95000,106500,118700,131600,146600,169900,216700,218100,206400,223500,254100,259600,281000,386900,271300,312300,384400,387900,409000,460700,459600,511600,554600,586500,589400,465800,511700,537700,559100,578300,600700,626100,658600,679400,707000,735100,769600,791900,823700,859100,883200,951100,947200,979700,1.0184e+06,1.0525e+06,1.0862e+06,1.1147e+06,1.1507e+06,1.5947e+06,1.2302e+06,1.2763e+06,1.3099e+06,1.3405e+06,1.396e+06,1.4238e+06,1.4586e+06,1.5046e+06,1.532e+06,1.5866e+06,1.6452e+06,1.6649e+06,1.7069e+06,1.7565e+06,1.8025e+06,1.8449e+06,1.8954e+06,1.9382e+06,1.983e+06,2.4065e+06,2.502e+06,2.564e+06,2.8064e+06,2.2992e+06,2.5797e+06,2.5753e+06,2.397e+06,2.458e+06,2.7384e+06,2.8943e+06,2.9019e+06,3.0613e+06,3.1673e+06,3.1551e+06
418,900,2200,3400,5000,7400,10200,13600,17700,22000,27000,46700,38400,44900,52000,59500,67500,76200,85400,95200,105500,116300,127700,147100,152300,165500,186000,193200,207900,276900,239700,267100,272500,299500,308200,331200,352900,365500,392700,413900,428000,450200,479400,502600,526100,550100,574900,600100,626800,668700,680900,713800,735500,765000,800000,823300,857700,884200,921600,947400,986200,1.0195e+06,1.0824e+06,1.0825e+06,1.1233e+06,1.1581e+06,1.1938e+06,1.2299e+06,1.2734e+06,1.3044e+06,1.3425e+06,1.389e+06,1.6044e+06,1.7633e+06,1.7453e+06,1.7477e+06,1.9856e+06,1.9999e+06,2.3054e+06,2.0906e+06,1.917e+06,2.0214e+06,2.1701e+06,2.3e+06,2.3695e+06,2.3707e+06,2.2625e+06,2.3696e+06,2.5215e+06,2.6248e+06,2.7385e+06,2.7766e+06,2.839e+06,2.9793e+06,3.0274e+06,3.0903e+06,2.9092e+06,2.9735e+06,3.1386e+06,3.1577e+06,3.068e+06
419,800,1800,3000,4800,6300,9400,8200,17800,22000,27600,33000,38800,45100,52000,69500,63100,76200,78300,95100,101600,120800,127700,139800,152400,156000,170700,195900,199800,214600,238100,255700,274500,284800,309900,322200,340500,372800,382100,406800,432000,457600,475600,507400,578200,566000,684500,753100,785800,818700,809800,886100,867500,926300,1.0003e+06,806000,868900,940800,988000,991400,980400,1.0188e+06,1.0519e+06,1.0862e+06,1.1153e+06,983000,1.1929e+06,1.2288e+06,1.2618e+06,1.3006e+06,1.3385e+06,1.389e+06,1.4407e+06,1.4593e+06,1.4958e+06,1.6174e+06,1.8118e+06,1.801e+06,1.9023e+06,1.9127e+06,1.9993e+06,2.0926e+06,2.7648e+06,2.9036e+06,2.4334e+06,2.4981e+06,2.6348e+06,2.6797e+06,2.8284e+06,2.9642e+06,2.8436e+06,2.9424e+06,2.9778e+06,2.9893e+06,3.1126e+06,3.3559e+06,3.1755e+06,3.2395e+06,3.3112e+06,3.3913e+06,3.3525e+06
420,1100,2600,4100,6300,7400,5900,8100,11900,22200,22400,26500,33800,45000,47000,72600,66200,77900,101900,96600,106000,116900,141700,139800,152300,174100,178900,193100,215200,223200,239100,256300,251500,300300,308000,336300,346000,376800,393000,406800,428200,457200,480700,499400,524100,544600,570200,594600,621200,647900,674900,712700,733200,764500,796100,818400,856600,893700,916500,944800,984200,1.0189e+06,1.0438e+06,1.0777e+06,1.1187e+06,1.1727e+06,1.2837e+06,1.2431e+06,1.3382e+06,1.3123e+06,1.3402e+06,1.3788e+06,1.4177e+06,1.4486e+06,1.5173e+06,1.5386e+06,1.5906e+06,1.6279e+06,1.6714e+06,1.713e+06,1.7574e+06,1.8019e+06,1.844e+06,1.9067e+06,1.9367e+06,1.9834e+06,2.0307e+06,2.076e+06,2.1312e+06,2.1818e+06,2.2235e+06,2.2754e+06,2.3285e+06,2.3855e+06,2.4317e+06,2.4971e+06,2.5348e+06,2.5874e+06,2.6539e+06,2.6953e+06,2.7397e+06
421,600,1300,2800,4700,7100,10000,13400,17400,21800,26800,32200,38300,53200,51800,59400,67500,76100,85300,102000,105400,116300,127700,146500,152200,165300,178900,193300,208000,230100,239100,262400,272600,302400,308100,334000,345900,376100,393100,413800,428100,456800,479600,503100,526700,550800,575000,600700,626500,652700,679700,739800,743700,796400,796800,829900,853400,890900,931500,947200,985900,1.013e+06,1.0467e+06,1.0962e+06,1.1317e+06,1.1729e+06,1.1904e+06,1.2298e+06,1.2653e+06,1.3003e+06,1.3445e+06,1.3753e+06,1.4151e+06,1.463e+06,1.5549e+06,1.6337e+06,1.7595e+06,1.7125e+06,1.7025e+06,1.8583e+06,1.7916e+06,2.0505e+06,2.2243e+06,2.2941e+06,2.3476e+06,2.3605e+06,2.6389e+06,2.6311e+06,2.667e+06,2.7565e+06,2.683e+06,2.9618e+06,2.9068e+06,2.9325e+06,3.0542e+06,3.1097e+06,3.1109e+06,3.3698e+06,3.3565e+06,3.3989e+06,3.4836e+06
422,1100,2200,4600,6800,9800,13200,13700,10500,16600,21900,26600,33100,36700,45200,59300,69100,76700,99100,95200,105400,116300,137700,139700,152200,165200,189100,193100,215000,223100,239000,263000,272500,297000,308100,326700,353500,365600,393000,413600,435100,449900,481500,504400,526500,552100,575200,596500,629200,653600,680500,707400,736000,764700,799900,823200,859500,884900,922100,963900,992000,1.0222e+06,1.0477e+06,1.0888e+06,1.1226e+06,1.158e+06,1.1935e+06,1.2296e+06,1.4497e+06,1.5992e+06,1.6921e+06,1.4902e+06,1.5469e+06,1.6273e+06,1.6276e+06,1.7533e+06,1.6238e+06,1.6591e+06,1.6711e+06,1.7187e+06,1.793e+06,2.0799e+06,2.2419e+06,2.2712e+06,2.342e+06,2.391e+06,2.4145e+06,2.5325e+06,2.1819e+06,2.3514e+06,2.3777e+06,2.5128e+06,2.3364e+06,2.3832e+06,2.4338e+06,2.6742e+06,2.5436e+06,3.1401e+06,3.3158e+06,3.3729e+06,3.4471e+06
423,900,2200,2600,5400,7600,10300,13700,17400,22000,26800,32200,38300,44800,51900,59400,67500,76100,85200,104200,105500,116300,127700,146800,152200,165300,185800,193100,207900,279200,239300,262600,272400,296900,308100,328500,345800,374400,365800,406600,435500,456900,479700,502700,526300,543500,568100,600400,626200,655400,687400,710100,742400,764400,793500,810400,855300,889600,914700,953200,986200,1.0123e+06,1.0687e+06,1.095e+06,1.1205e+06,1.1558e+06,1.1927e+06,1.2379e+06,1.2685e+06,1.3023e+06,1.3465e+06,1.3793e+06,1.4191e+06,1.4639e+06,1.4978e+06,1.5449e+06,1.5807e+06,1.6213e+06,1.6702e+06,1.7152e+06,1.7743e+06,1.8168e+06,1.8453e+06,1.8909e+06,1.9365e+06,1.9838e+06,2.0749e+06,2.0974e+06,2.1321e+06,2.1735e+06,2.2288e+06,2.26e+06,2.3292e+06,2.3995e+06,2.4305e+06,2.481e+06,2.5388e+06,2.5955e+06,2.6415e+06,2.702e+06,2.7488e+06
424,600,1400,2800,5800,7000,10000,13500,17300,21900,26800,32500,38300,46100,52400,64300,67400,86700,85100,95000,105300,116200,128700,150500,190000,206500,235600,241200,259800,279100,298700,330200,340500,373900,384600,408300,445300,445100,482600,527100,559200,468000,474400,559200,529500,551000,575100,600000,625800,658900,679500,707000,735600,732200,800600,826400,861600,884400,922100,957300,980300,1.1318e+06,1.2754e+06,1.3376e+06,1.4349e+06,2.6059e+06,1.1941e+06,1.2532e+06,1.2533e+06,1.3042e+06,1.3429e+06,1.3875e+06,1.4135e+06,1.4665e+06,1.4982e+06,1.5456e+06,1.5802e+06,1.6224e+06,1.6713e+06,1.7244e+06,1.7947e+06,1.8047e+06,1.8482e+06,2.135e+06,2.3412e+06,2.4054e+06,2.2907e+06,2.4061e+06,2.4362e+06,2.4452e+06,2.4974e+06,2.5785e+06,2.6364e+06,2.6786e+06,2.4423e+06,2.9888e+06,3.1728e+06,3.2388e+06,3.4209e+06,3.742e+06,3.3784e+06
425,1000,2700,4700,6900,9800,13400,17800,22800,28600,34600,41500,49400,57300,65800,115200,179900,90700,83800,104700,101600,212700,201000,322400,311200,356500,332500,389200,343100,174400,188100,437500,522500,255400,277200,314500,330000,350900,361300,386900,319700,336000,489500,433100,535900,634800,457600,603500,575300,635500,647400,599800,717700,727200,749900,813000,691500,728600,851300,884800,947800,987500,1.0198e+06,1.0841e+06,1.1346e+06,933800,1.0882e+06,1.185e+06,1.1837e+06,1.1956e+06,1.2856e+06,1.1223e+06,1.3269e+06,1.6033e+06,1.7686e+06,1.6362e+06,2.8883e+06,2.7228e+06,1.8687e+06,2.2205e+06,2.1369e+06,1.8227e+06,1.9226e+06,1.8954e+06,1.9389e+06,1.986e+06,2.0321e+06,2.0799e+06,2.1841e+06,2.1805e+06,2.2238e+06,2.2808e+06,2.6868e+06,3.0383e+06,3.0417e+06,3.113e+06,3.1769e+06,3.1407e+06,3.1399e+06,3.5482e+06,3.4707e+06
426,800,2300,3200,5300,7700,10400,13800,17500,22000,27000,32600,38500,45000,51900,59500,67500,76100,85300,95000,105400,116300,127800,139800,152200,176800,179000,193200,247600,264900,251900,267600,264500,299000,308100,333700,346000,365700,393000,413500,428000,457100,479500,502800,526100,550800,574800,600300,626200,656200,673000,715800,735800,763900,799200,822300,853800,883200,921100,947500,994700,1.0189e+06,1.044e+06,1.0895e+06,1.1259e+06,1.1564e+06,1.1915e+06,1.2285e+06,1.2683e+06,1.3028e+06,1.3467e+06,1.3872e+06,1.4182e+06,1.4643e+06,1.5055e+06,1.5466e+06,1.5812e+06,1.6283e+06,1.6707e+06,1.7143e+06,1.7707e+06,1.8065e+06,1.8298e+06,1.8904e+06,1.9372e+06,1.9884e+06,2.0398e+06,2.084e+06,2.1268e+06,2.0684e+06,2.2295e+06,2.2781e+06,2.3278e+06,2.3798e+06,2.4307e+06,2.4821e+06,2.5349e+06,2.5943e+06,2.6931e+06,2.6947e+06,2.763e+06
427,500,1200,2500,4500,7000,9800,13300,17200,21800,26700,32200,46400,44800,51800,59400,67400,76000,85200,102300,105300,116100,166500,141400,154000,167100,193700,193400,208100,239400,239200,263200,272600,297000,308000,333500,345800,365500,395900,418500,427900,450300,479700,502400,600800,550300,575500,600700,626100,652400,679300,713800,735000,763800,793000,823600,852600,889500,914900,959600,981800,1.0201e+06,1.0534e+06,1.088e+06,1.122e+06,1.1576e+06,1.2308e+06,1.229e+06,1.5838e+06,1.6246e+06,1.6484e+06,1.6903e+06,1.7403e+06,1.7738e+06,1.8391e+06,1.8979e+06,1.979e+06,1.8921e+06,2.016e+06,2.062e+06,2.1314e+06,2.1332e+06,2.0486e+06,2.1516e+06,2.451e+06,2.4945e+06,2.596e+06,2.6123e+06,2.6945e+06,3.0783e+06,2.8647e+06,3.0054e+06,3.0418e+06,3.5554e+06,3.1179e+06,3.1072e+06,3.172e+06,3.3334e+06,3.3886e+06,3.4241e+06,3.4765e+06
428,900,2300,3300,5300,7600,10200,13700,17500,21900,41400,32500,38700,44900,51900,59300,67500,76100,94300,95100,105300,116300,135000,139700,152200,166100,178900,193100,207800,223100,239300,255300,277400,289900,308100,326500,346000,365700,386000,418800,427900,450100,480900,503400,527200,551600,575800,607200,792000,653900,703500,892800,745700,774400,802200,822800,852400,883700,940700,960800,981700,1.0297e+06,1.0598e+06,1.1767e+06,1.3706e+06,1.4121e+06,1.4646e+06,1.4643e+06,1.5375e+06,1.5819e+06,1.6631e+06,1.3943e+06,1.5414e+06,1.5821e+06,1.634e+06,1.7654e+06,1.8023e+06,1.7898e+06,1.787e+06,1.7295e+06,1.761e+06,1.8064e+06,1.8488e+06,1.9224e+06,2.0718e+06,2.006e+06,2.0886e+06,2.0764e+06,2.1313e+06,2.1747e+06,2.228e+06,2.321e+06,2.3397e+06,2.5701e+06,2.9071e+06,3.1403e+06,3.3252e+06,3.1794e+06,3.2728e+06,3.4062e+06,3.4873e+06
429,800,2400,4100,6800,7500,10100,13600,17400,21700,26900,32500,38600,44800,51800,59300,76200,75900,79800,74200,105600,116300,145500,139600,168600,166700,180500,207900,208300,232100,239100,262900,272400,296900,308000,333700,345900,372600,392800,406800,435700,456900,479600,504100,529600,556100,576000,600700,626400,652700,679800,707300,741500,763500,792700,828600,853100,889500,915200,960900,986300,1.0124e+06,1.0521e+06,1.2672e+06,1.1232e+06,1.157e+06,1.1924e+06,1.2291e+06,1.2658e+06,1.3303e+06,1.3292e+06,1.3791e+06,1.4242e+06,1.4573e+06,1.5047e+06,1.5385e+06,1.5861e+06,1.6279e+06,1.6824e+06,1.6945e+06,1.7374e+06,1.781e+06,1.853e+06,1.8909e+06,1.9829e+06,1.9842e+06,2.2487e+06,2.2998e+06,2.304e+06,2.5301e+06,2.3807e+06,2.8102e+06,2.7922e+06,2.8586e+06,2.9203e+06,2.7931e+06,2.8406e+06,2.9173e+06,2.8375e+06,2.7552e+06,3.4612e+06
430,800,2200,3900,4700,7400,10100,13600,17500,21900,27100,32400,38300,58900,51700,59400,67400,75900,87000,96900,107000,117900,128200,154300,152200,165400,187600,193200,208000,230500,239200,263000,272400,304600,310500,333900,345800,372200,394000,413700,428200,457000,479500,507400,525700,550600,575100,600400,625900,653100,679800,707000,740500,766900,801200,824000,860800,885200,923200,931600,988500,1.0198e+06,1.0471e+06,1.152e+06,1.3548e+06,1.4041e+06,1.492e+06,1.538e+06,1.5907e+06,1.5746e+06,1.6792e+06,1.7867e+06,1.7881e+06,1.768e+06,1.8165e+06,2.1449e+06,1.9758e+06,1.9535e+06,1.8738e+06,1.7926e+06,1.9449e+06,2.0778e+06,2.0312e+06,2.0217e+06,2.0517e+06,2.0483e+06,2.1017e+06,2.0852e+06,2.1387e+06,2.1746e+06,2.2286e+06,2.2847e+06,2.3639e+06,2.3797e+06,2.4291e+06,2.483e+06,2.5355e+06,2.5888e+06,2.6414e+06,2.7021e+06,2.7546e+06
431,500,1300,2700,4700,7100,10000,13400,17300,21700,26600,32400,38300,44800,61500,59400,67500,76000,85300,95100,112700,116300,127600,139700,159300,165300,178800,200400,208000,230000,239000,255600,279500,289900,308000,334200,346000,372700,407500,404100,436100,563400,481100,503700,526800,551000,575800,601200,627100,653500,680600,707700,742100,764300,793200,832400,853600,890800,920800,948400,987700,1.0198e+06,1.0471e+06,1.0881e+06,1.1233e+06,1.1578e+06,1.4216e+06,1.5184e+06,1.2769e+06,1.3147e+06,1.3576e+06,1.3906e+06,1.4228e+06,1.4659e+06,1.6135e+06,1.6498e+06,1.9179e+06,1.9177e+06,2.0234e+06,2.0429e+06,1.9202e+06,1.8231e+06,2.2293e+06,2.3265e+06,2.3942e+06,2.4807e+06,2.575e+06,2.7502e+06,2.6683e+06,2.7195e+06,2.8197e+06,2.934e+06,2.8173e+06,2.9788e+06,3.0023e+06,3.0015e+06,3.1855e+06,3.4005e+06,3.377e+06,3.4186e+06,3.4366e+06
432,800,1700,3400,6800,8800,12500,18100,22800,28400,35100,41600,48100,56400,65100,74800,84800,95600,118700,119600,132200,146000,171300,175700,190900,247700,224100,242500,272000,279400,316100,403000,358600,362500,353000,363400,394900,417400,429200,462700,487300,510800,481700,496000,529100,552700,577500,603600,636200,654500,681600,709500,736900,771800,794900,824500,861000,885400,914400,974500,981200,1.0286e+06,1.0634e+06,1.0979e+06,1.1315e+06,1.1674e+06,1.2038e+06,1.2362e+06,1.2733e+06,1.3017e+06,1.34e+06,1.3785e+06,1.4236e+06,1.4569e+06,1.5034e+06,1.5389e+06,1.5962e+06,1.629e+06,1.6701e+06,1.7136e+06,1.7586e+06,1.8006e+06,1.8455e+06,1.892e+06,1.9706e+06,1.9857e+06,2.0353e+06,2.3251e+06,2.4291e+06,2.541e+06,2.9938e+06,2.8448e+06,2.9143e+06,2.9766e+06,3.2576e+06,3.1304e+06,3.0815e+06,3.0906e+06,3.1191e+06,3.1129e+06,3.3408e+06
433,800,1800,3100,5100,9800,6600,8400,10500,36000,25100,27600,38700,38800,47100,53900,67600,81800,78200,89500,100300,111700,132300,134800,148400,163000,170600,193200,208800,218600,240200,237900,276700,305700,308500,337500,353600,365600,400400,413800,428000,457400,479600,502700,526400,550400,575100,600400,626300,652500,679300,707000,734900,763600,792600,828300,852300,889500,915200,953100,985100,1.0123e+06,1.0918e+06,1.0922e+06,1.1218e+06,1.1569e+06,1.1927e+06,1.2293e+06,1.2657e+06,1.3048e+06,1.3475e+06,1.3803e+06,1.4436e+06,1.4592e+06,1.5083e+06,1.54e+06,1.6221e+06,1.6439e+06,1.673e+06,1.8118e+06,2.1245e+06,1.9458e+06,2.022e+06,2.248e+06,2.1755e+06,2.3588e+06,2.4398e+06,2.4547e+06,2.5242e+06,2.6567e+06,2.6627e+06,2.863e+06,2.8873e+06,2.9074e+06,2.9209e+06,2.9926e+06,2.5976e+06,2.9125e+06,2.9762e+06,3.067e+06,3.1294e+06
434,800,1700,3200,5100,7400,10200,13700,17600,21900,27000,32500,38400,44900,66200,59400,67500,76100,85300,95100,114400,116400,127700,139700,159500,155500,179100,173000,205600,235200,239100,264000,272300,297100,308000,333500,345600,365500,392800,413400,428000,457000,479300,502300,526300,550800,574700,600000,626300,1.1949e+06,685900,707900,741800,763600,792800,828900,852500,889700,914800,953300,985900,1.0264e+06,1.1648e+06,1.0736e+06,1.1083e+06,1.1428e+06,1.1903e+06,1.2315e+06,1.2657e+06,1.3031e+06,1.3425e+06,1.4347e+06,1.3924e+06,1.7326e+06,1.9253e+06,1.9326e+06,1.9852e+06,2.0301e+06,2.1664e+06,2.2849e+06,2.2008e+06,2.2534e+06,2.287e+06,2.6002e+06,2.4471e+06,2.4942e+06,2.4741e+06,2.2499e+06,2.8157e+06,2.811e+06,2.8404e+06,2.9723e+06,2.9621e+06,3.0613e+06,3.0549e+06,3.1873e+06,3.1977e+06,3.311e+06,3.3777e+06,3.3763e+06,3.4182e+06
435,900,1800,3000,4700,21600,10200,16900,21800,27300,33600,40700,48200,56400,65000,87200,84200,94900,106500,118700,145600,145300,159400,174300,201800,206500,223400,252900,259800,225000,250100,334100,340700,374700,396100,408200,443200,457000,482300,519200,555800,571900,591200,633100,669900,655700,721700,752900,785300,818200,851600,836600,920800,963200,1.0206e+06,982200,1.0868e+06,1.0577e+06,1.1492e+06,1.1675e+06,1.1928e+06,1.259e+06,1.2875e+06,1.3392e+06,1.444e+06,1.1524e+06,1.1939e+06,1.2286e+06,1.2658e+06,1.3032e+06,1.6252e+06,1.7329e+06,1.7751e+06,1.7918e+06,1.887e+06,1.8811e+06,1.9413e+06,2.0836e+06,2.0301e+06,2.119e+06,2.2002e+06,2.2204e+06,2.2223e+06,2.2746e+06,2.3249e+06,2.1599e+06,2.2424e+06,2.3884e+06,2.4287e+06,2.3499e+06,2.7843e+06,2.8161e+06,2.8443e+06,2.9088e+06,3.1813e+06,3.04e+06,2.8994e+06,2.9715e+06,3.0671e+06,3.2333e+06,3.2926e+06
436,700,1700,4200,6900,9800,10800,14600,18400,23100,27600,32600,38700,45100,52300,59400,67500,90100,85300,95100,105400,116300,136500,139700,152200,172400,178900,193100,228800,223100,247000,255600,279500,289900,317000,326700,342900,375200,385900,414500,435700,457300,472400,502700,526200,550700,575500,600500,626600,654500,686800,707500,735300,764000,801000,821200,859600,883900,921100,947200,985800,1.0186e+06,1.0631e+06,1.1152e+06,1.1323e+06,1.1565e+06,1.1921e+06,1.3213e+06,1.2737e+06,1.303e+06,1.3411e+06,1.3926e+06,1.4996e+06,1.6233e+06,1.8108e+06,1.874e+06,1.9529e+06,1.9657e+06,2.0369e+06,2.0662e+06,2.0683e+06,2.1203e+06,2.0469e+06,1.8923e+06,1.9452e+06,1.9859e+06,2.0312e+06,2.0854e+06,2.1268e+06,2.1814e+06,2.231e+06,2.9415e+06,2.9154e+06,2.9768e+06,3.04e+06,3.1886e+06,3.0791e+06,3.1391e+06,3.3853e+06,3.3854e+06,3.4617e+06
437,1000,2700,4300,4100,12700,10700,14200,17500,22000,27000,32700,38800,44800,51800,74000,67600,76100,85300,95100,105400,125500,127700,139700,159400,165300,179000,200400,207900,239900,242400,274500,272400,297500,308100,333800,346000,377900,385800,413700,435300,450100,472500,502600,526900,550300,574700,600300,625800,652400,679700,698100,735200,763300,798800,822200,859200,883400,920900,946500,985200,1.0187e+06,1.0457e+06,1.0756e+06,1.1262e+06,1.1506e+06,1.1915e+06,1.2343e+06,1.2646e+06,1.3021e+06,1.3405e+06,1.3785e+06,1.418e+06,1.4651e+06,1.504e+06,1.5391e+06,1.5802e+06,1.6288e+06,1.6712e+06,1.7137e+06,1.7582e+06,1.7835e+06,1.9093e+06,1.9651e+06,1.9402e+06,2.2327e+06,2.4535e+06,2.1822e+06,2.4425e+06,2.7204e+06,2.691e+06,2.7911e+06,2.9494e+06,2.9365e+06,3.0111e+06,2.9731e+06,3.1788e+06,3.2591e+06,3.3177e+06,3.4237e+06,3.4687e+06
438,4000,2200,3300,5300,7400,10100,13700,17500,21900,27100,32500,38500,44800,51900,60100,67800,76200,98800,95100,105900,116100,136500,139800,152200,165200,179300,193100,215900,223100,250100,255600,280400,285900,312800,321000,346200,369600,387300,421400,439800,458900,487000,496300,527100,550700,575200,600500,625900,652600,679400,721300,727700,753400,803600,822700,859100,908300,921200,947100,986900,1.019e+06,1.0522e+06,1.0799e+06,1.1149e+06,1.1584e+06,1.1928e+06,1.2278e+06,1.2711e+06,1.3029e+06,1.3408e+06,1.3786e+06,1.4186e+06,1.4573e+06,1.5912e+06,1.5455e+06,1.5824e+06,1.6339e+06,1.6698e+06,1.7132e+06,1.7563e+06,1.8001e+06,1.8527e+06,1.8909e+06,1.937e+06,1.9888e+06,2.0302e+06,2.0838e+06,2.1246e+06,2.1887e+06,2.2421e+06,2.2724e+06,2.3221e+06,2.3791e+06,2.4291e+06,2.4815e+06,2.5304e+06,2.5878e+06,2.6469e+06,2.6958e+06,2.7543e+06
439,500,900,2900,4800,7000,9900,13400,17300,21800,26800,32400,38600,44700,64100,60000,68000,76700,85700,104400,105900,117000,128300,149300,152900,165800,188500,193600,208500,232800,239400,264900,272800,299200,308500,343800,361600,366400,401600,425100,428800,450400,480600,502700,526500,550400,575400,600500,626400,652700,717700,713900,726000,764200,793000,822600,852500,889900,915200,946700,985600,1.0124e+06,1.0458e+06,1.0895e+06,1.1209e+06,1.1512e+06,1.183e+06,1.2259e+06,1.2654e+06,1.2999e+06,1.3379e+06,1.3823e+06,1.4214e+06,1.497e+06,1.5642e+06,1.6196e+06,1.5803e+06,1.6296e+06,1.6699e+06,1.7132e+06,1.758e+06,1.8022e+06,1.8516e+06,1.8924e+06,1.9367e+06,1.9832e+06,2.031e+06,2.0841e+06,2.123e+06,2.1791e+06,2.2259e+06,2.2765e+06,2.3195e+06,2.4563e+06,2.5982e+06,3.2883e+06,3.0306e+06,3.1567e+06,3.164e+06,3.3435e+06,3.3819e+06
440,1200,2300,3200,5300,7600,10200,13500,17400,21900,26900,46700,38800,45100,52000,59400,67600,76100,95400,95000,106000,116300,127600,150300,152200,165100,187200,193200,207800,231800,239000,262900,272600,297700,308000,333800,345900,372800,393200,413700,428100,456900,480800,502600,526200,551100,580400,604600,626800,652700,680300,711400,735400,763400,792800,828600,852400,889600,914800,953200,982100,1.0185e+06,1.0516e+06,1.0957e+06,1.1207e+06,1.1562e+06,1.1919e+06,1.2285e+06,1.2652e+06,1.3022e+06,1.3409e+06,1.391e+06,1.4189e+06,1.4791e+06,1.4977e+06,1.5449e+06,1.5804e+06,1.6216e+06,1.6709e+06,1.7143e+06,1.8653e+06,1.8255e+06,1.8479e+06,1.8972e+06,1.9386e+06,1.9846e+06,2.0327e+06,2.2282e+06,2.4497e+06,2.5511e+06,2.7181e+06,2.9932e+06,2.8566e+06,2.9772e+06,2.9989e+06,3.0635e+06,3.0511e+06,3.069e+06,3.108e+06,3.1234e+06,3.4261e+06
441,1200,2100,1700,2900,4400,10700,14400,18400,22900,28000,33500,38700,45200,51900,59400,67500,76200,85300,95000,105400,116300,127700,139800,152200,165300,179000,193100,207900,223200,239200,255600,272600,290000,308200,326700,348300,379900,395700,407000,428600,463700,493300,504100,526200,550500,574800,600300,626500,652500,679400,707200,734800,782800,794100,830000,854000,890800,916600,952700,978500,1.0177e+06,1.0516e+06,1.0868e+06,1.1203e+06,1.1831e+06,1.1977e+06,1.2305e+06,1.2654e+06,1.3147e+06,1.3417e+06,1.5158e+06,1.7457e+06,1.7609e+06,1.7108e+06,1.8406e+06,1.9703e+06,1.782e+06,1.8291e+06,2.0975e+06,1.8868e+06,2.0163e+06,2.0016e+06,2.1607e+06,2.1479e+06,2.2605e+06,2.1145e+06,2.1811e+06,2.2129e+06,2.5264e+06,2.6721e+06,2.7311e+06,2.7808e+06,2.7795e+06,2.8742e+06,2.924e+06,3.0706e+06,3.4262e+06,3.2412e+06,3.3014e+06,3.616e+06
442,900,1800,3400,5000,7400,10200,13500,17300,21700,26800,32400,38400,44700,51900,59300,67400,76000,85200,95000,105300,116100,127500,146900,153800,180600,179600,203700,207900,234600,249200,255500,280500,290100,317500,334600,345900,373500,393600,406700,436000,458000,480500,515400,528600,551300,577000,601200,627500,669200,752700,894000,921300,920000,1.0006e+06,926400,956000,983400,1.025e+06,1.0537e+06,1.0023e+06,1.0214e+06,1.054e+06,1.0818e+06,1.1224e+06,1.158e+06,1.1936e+06,1.2297e+06,1.2723e+06,1.3663e+06,1.3958e+06,1.3817e+06,1.426e+06,1.4596e+06,1.5054e+06,1.5404e+06,1.5886e+06,1.6293e+06,1.6825e+06,1.7024e+06,1.7687e+06,1.8123e+06,1.8585e+06,1.9159e+06,1.9594e+06,1.9999e+06,2.0315e+06,2.0835e+06,2.1253e+06,2.1836e+06,2.2333e+06,2.2731e+06,2.3233e+06,2.381e+06,2.4329e+06,2.5005e+06,2.5363e+06,2.5864e+06,2.6467e+06,2.6959e+06,2.7612e+06
443,600,1400,2900,4700,7100,10000,13400,17400,21900,26800,33300,31500,45400,52000,59300,67500,76000,85100,95700,105200,116200,127700,147200,152100,165300,186600,193200,208000,230300,239100,262300,272400,306300,308200,333600,367100,365900,394000,413600,428000,464000,483600,505700,527200,550300,575100,600200,625900,652500,679500,727600,736300,764400,800000,823700,859300,884300,922800,949700,986200,1.022e+06,1.0535e+06,1.086e+06,1.1248e+06,1.1627e+06,1.1935e+06,1.2298e+06,1.2661e+06,1.3047e+06,1.3421e+06,1.3781e+06,1.4199e+06,1.5441e+06,1.4997e+06,1.5466e+06,1.5875e+06,1.6238e+06,1.6726e+06,1.7143e+06,2.0524e+06,1.803e+06,1.8471e+06,1.8924e+06,1.9382e+06,1.9913e+06,2.0323e+06,1.8756e+06,2.1429e+06,2.186e+06,2.2245e+06,2.3363e+06,2.3342e+06,2.3812e+06,2.4316e+06,2.4837e+06,2.5435e+06,3.3022e+06,3.306e+06,3.3722e+06,3.4611e+06
444,600,1800,3700,6000,10500,13600,14200,17700,22000,27200,47900,38300,44900,51800,59500,67600,76100,94500,95100,105500,116300,127700,148400,144900,165400,178900,203500,208000,230900,239200,262700,272600,297500,308100,333700,345900,372600,393000,406800,435600,457400,479700,502800,526700,551000,585200,647800,629700,652700,679600,707000,735100,769700,792600,822600,858500,883800,920700,952700,979200,1.0429e+06,1.0572e+06,1.087e+06,1.1153e+06,1.1564e+06,1.1925e+06,1.2282e+06,1.2661e+06,1.3036e+06,1.3412e+06,1.4232e+06,1.3816e+06,1.6274e+06,1.8524e+06,1.9041e+06,1.9686e+06,2.0115e+06,2.1234e+06,2.1716e+06,2.1326e+06,2.1662e+06,2.2343e+06,2.3058e+06,2.3625e+06,2.2946e+06,2.1279e+06,2.1129e+06,2.1268e+06,2.2817e+06,2.2316e+06,2.2735e+06,2.3328e+06,2.3811e+06,2.4331e+06,2.6638e+06,2.5368e+06,2.5908e+06,2.6435e+06,2.7039e+06,2.7759e+06
445,700,17600,2300,5300,7800,10500,13800,17600,21900,27000,32400,38500,44800,66000,59500,67600,76100,85200,95000,114300,116400,127700,139700,152300,165300,179000,200400,208000,230300,239000,262500,272700,300100,308100,333800,340900,365600,386100,418800,428100,460200,479600,502500,526100,550000,613200,603100,628600,654700,681900,715800,737400,766200,801800,825000,860300,883000,920400,946900,985100,1.0183e+06,1.046e+06,1.0858e+06,1.1207e+06,1.1552e+06,1.1919e+06,1.232e+06,1.4605e+06,1.304e+06,1.3552e+06,1.3855e+06,1.4177e+06,1.4571e+06,1.4984e+06,1.5448e+06,1.5798e+06,1.6293e+06,1.676e+06,1.7844e+06,1.7603e+06,1.8035e+06,2.2298e+06,2.2697e+06,2.3906e+06,2.2829e+06,2.2668e+06,2.3231e+06,2.3529e+06,2.4919e+06,2.4682e+06,2.6002e+06,2.6403e+06,2.7411e+06,2.8625e+06,2.923e+06,2.7126e+06,2.6443e+06,2.9185e+06,3.1477e+06,3.0544e+06
446,400,1000,1900,5300,7700,10300,13500,17400,21800,26800,32300,38300,44800,51700,69400,67300,76000,85200,95000,113900,116300,127600,139600,159500,165200,178800,200000,207800,223100,246100,255300,279500,289900,317200,333900,345800,373400,392900,406600,437000,457500,480000,502900,519200,543700,568200,593300,626500,652500,679600,706800,741700,769900,792200,827300,852400,883500,914400,953800,978900,1.0183e+06,1.0518e+06,1.0864e+06,1.1305e+06,1.1563e+06,1.1919e+06,1.5156e+06,1.2667e+06,1.3093e+06,1.3408e+06,1.3794e+06,1.4253e+06,1.4668e+06,1.5079e+06,1.5402e+06,1.5877e+06,1.6311e+06,1.6721e+06,1.7084e+06,1.7521e+06,1.8195e+06,1.8569e+06,1.89e+06,1.9489e+06,2.0003e+06,2.0936e+06,2.0799e+06,2.1338e+06,2.1783e+06,2.2402e+06,2.1981e+06,2.7564e+06,2.8194e+06,2.7364e+06,2.7575e+06,2.7971e+06,2.8883e+06,2.6347e+06,3.006e+06,3.44e+06
447,800,1700,3500,5800,8900,12400,16800,21700,27200,33500,40300,47900,55900,64600,76400,86500,97400,86800,95700,105800,130500,127700,139700,152400,174000,179000,193200,207900,223300,246000,255500,281000,290000,315400,326800,341100,365400,394700,415000,456700,450100,479800,502500,526100,550400,575100,600400,626100,652500,679400,706900,734600,763400,783100,822600,863400,883500,920800,946500,985600,1.0194e+06,1.0467e+06,1.0797e+06,1.1209e+06,1.1557e+06,1.1953e+06,1.2399e+06,1.2857e+06,1.3024e+06,1.3404e+06,1.379e+06,1.4244e+06,1.4577e+06,1.5038e+06,1.5394e+06,1.6591e+06,1.6332e+06,1.6696e+06,1.7138e+06,1.756e+06,1.8015e+06,1.8463e+06,1.9223e+06,1.9375e+06,1.9894e+06,2.0297e+06,2.0768e+06,2.1241e+06,2.1805e+06,2.2317e+06,2.2719e+06,2.3287e+06,2.3793e+06,2.4313e+06,2.5049e+06,2.5431e+06,2.5994e+06,2.6709e+06,2.7082e+06,2.7647e+06
448,700,1500,2700,4500,7800,10600,13800,17500,21900,27000,32400,38300,44800,51900,73300,67600,76200,85300,95100,105500,116300,127700,139700,159800,165300,179000,200200,207900,223200,250100,256100,281400,290700,316700,335600,346700,374700,394500,407500,436600,458400,481100,504400,527500,551700,576400,602400,627600,654200,686800,709600,742700,763700,831600,832200,853300,890200,915000,953100,979900,1.0185e+06,1.0578e+06,1.0872e+06,1.1294e+06,1.156e+06,1.1916e+06,1.2314e+06,1.2653e+06,1.3022e+06,1.346e+06,1.3787e+06,1.4206e+06,1.4636e+06,1.498e+06,1.5464e+06,1.5896e+06,1.6222e+06,1.6707e+06,1.717e+06,1.7697e+06,1.8008e+06,1.8458e+06,1.8909e+06,1.9441e+06,1.9834e+06,2.0301e+06,2.0719e+06,2.1322e+06,2.1731e+06,2.6005e+06,2.3431e+06,2.4039e+06,2.392e+06,2.4566e+06,2.4893e+06,2.5707e+06,2.5987e+06,2.6532e+06,2.6968e+06,2.7771e+06
449,700,1700,3400,5000,7300,10300,13700,17600,21900,26900,32600,52900,45000,51900,59400,67500,76000,85300,104100,105400,116200,127700,147100,152300,165300,186000,193100,207900,217900,251500,247600,269200,291800,321000,337000,345900,374100,394200,407000,436600,458300,481400,503800,527100,551600,576200,601900,627500,655400,704600,730900,739400,764700,793700,830000,853800,890700,915700,954600,980100,1.013e+06,1.0528e+06,1.1721e+06,1.115e+06,1.1539e+06,1.1928e+06,1.2289e+06,1.2621e+06,1.3005e+06,1.3444e+06,1.3621e+06,1.4134e+06,1.4619e+06,1.4952e+06,1.5436e+06,1.582e+06,1.6199e+06,1.6616e+06,1.7151e+06,1.772e+06,1.7832e+06,1.8271e+06,1.9071e+06,1.9429e+06,1.9825e+06,2.0323e+06,2.0687e+06,2.131e+06,2.1741e+06,2.2297e+06,2.29e+06,2.3288e+06,2.3332e+06,2.4315e+06,2.4818e+06,2.5343e+06,2.6787e+06,3.0494e+06,3.0365e+06,3.3283e+06
450,800,1800,3400,5100,4400,8500,14000,17700,22100,27200,32700,52800,45000,52000,59400,67500,76200,85400,104100,105500,116400,127800,146900,152400,165300,185900,193200,208000,230200,237500,264400,273800,307900,310100,326600,354700,373100,386100,413700,441100,460100,472700,503200,526200,550400,575400,600200,626200,652800,688800,710600,717100,754500,782700,826800,868800,882600,915400,959100,979200,1.0184e+06,1.052e+06,1.094e+06,1.1208e+06,1.1563e+06,1.1928e+06,1.2304e+06,1.2655e+06,1.3025e+06,1.3402e+06,1.385e+06,1.4181e+06,1.4648e+06,1.4982e+06,1.5445e+06,1.58e+06,1.5768e+06,1.6721e+06,1.7152e+06,1.7657e+06,1.8018e+06,1.8529e+06,1.8904e+06,1.9378e+06,1.9893e+06,2.0398e+06,2.0935e+06,2.1319e+06,2.1729e+06,2.2223e+06,2.2781e+06,2.3399e+06,2.3881e+06,2.4309e+06,2.4927e+06,2.5404e+06,2.5888e+06,2.6321e+06,2.7053e+06,2.7478e+06
451,800,1200,2000,3000,4300,6000,8000,10300,22100,21100,26900,34000,40900,62100,59400,67600,71200,85300,66400,101100,109200,117000,150900,152500,165200,180300,207900,208600,234000,239200,255400,272700,300900,308300,334800,346100,374100,397000,406800,428400,458300,481100,504100,533200,571300,578700,600900,626100,652600,685700,707200,735300,763500,798700,822500,859600,883400,955600,947500,985300,1.0186e+06,1.0523e+06,1.0803e+06,1.1261e+06,1.1559e+06,1.192e+06,1.2283e+06,1.271e+06,1.2895e+06,1.3274e+06,1.3658e+06,1.4047e+06,1.4625e+06,1.7953e+06,1.8545e+06,1.8676e+06,1.9991e+06,2.0914e+06,2.1448e+06,2.1988e+06,2.254e+06,2.3809e+06,2.3961e+06,2.3605e+06,2.3e+06,2.2793e+06,2.6127e+06,2.6644e+06,2.6272e+06,2.6868e+06,2.9423e+06,2.914e+06,2.9831e+06,3.0543e+06,3.1712e+06,3.3037e+06,3.1713e+06,3.311e+06,3.3311e+06,3.4965e+06
452,800,2200,3100,5300,7600,10300,13600,17400,21800,28300,33500,38800,45100,52000,73000,67500,76000,85200,95000,105300,133000,128400,139700,163400,165200,179000,200700,210900,223200,248600,255500,279600,290100,315100,326600,352900,372800,386100,413700,443600,459400,479900,502800,527000,543400,568200,600300,626100,652600,680300,707800,735400,769600,792600,828700,849000,883400,914800,953200,979000,1.0189e+06,1.0621e+06,1.0893e+06,1.1231e+06,1.1579e+06,1.1938e+06,1.2666e+06,1.2654e+06,1.3022e+06,1.3454e+06,1.3857e+06,1.4181e+06,1.464e+06,1.498e+06,1.5478e+06,1.6245e+06,1.6282e+06,1.6706e+06,1.7139e+06,1.7577e+06,1.8016e+06,1.8461e+06,1.9293e+06,2.2383e+06,2.272e+06,2.3436e+06,2.26e+06,2.35e+06,2.4767e+06,2.3637e+06,2.3463e+06,2.3923e+06,2.708e+06,3.052e+06,3.4733e+06,3.2698e+06,4.3151e+06,4.7409e+06,3.6951e+06,2.833e+06
453,600,1700,3200,5100,7200,10300,13600,17500,21900,26900,32600,38400,44800,51800,59200,67400,76000,85200,95000,105300,116200,127500,139700,154300,165900,179500,193300,208600,223100,239200,255600,272900,289900,308100,326600,346100,365600,385800,406900,440700,491500,482100,504500,519300,543400,584300,601200,637600,854700,912400,899600,982500,956800,993100,1.0075e+06,1.0682e+06,1.1573e+06,1.0725e+06,1.2037e+06,1.0097e+06,1.2675e+06,1.313e+06,1.3456e+06,1.3718e+06,1.4028e+06,1.3145e+06,1.2798e+06,1.5264e+06,1.2908e+06,1.4972e+06,1.4522e+06,1.4262e+06,1.4597e+06,1.5064e+06,1.5387e+06,1.586e+06,1.6294e+06,1.6642e+06,1.7073e+06,1.7575e+06,1.8438e+06,1.9275e+06,1.893e+06,2.2752e+06,2.2669e+06,2.5097e+06,2.5115e+06,2.2498e+06,2.273e+06,2.4607e+06,2.3308e+06,2.8815e+06,3.0357e+06,3.1174e+06,2.9472e+06,3.0727e+06,3.0792e+06,3.2163e+06,3.0172e+06,3.2248e+06
454,800,1700,3300,5300,7900,10500,13800,17600,22000,27000,33600,39900,46300,66000,59900,67700,76100,85400,95200,115200,116300,127700,139700,160000,165300,179000,200300,207900,230200,239100,255500,280000,290000,308200,334000,346000,369100,396200,441200,435500,450100,479500,502700,526500,550400,580500,603600,626000,653400,680200,712900,735100,763400,800700,833000,859000,883400,922300,946800,985500,1.0186e+06,1.0457e+06,1.0859e+06,1.1205e+06,1.1564e+06,1.1908e+06,1.2308e+06,1.2663e+06,1.3033e+06,1.3418e+06,1.3792e+06,1.4191e+06,1.4596e+06,1.5062e+06,1.6272e+06,1.6218e+06,1.6473e+06,1.6725e+06,1.715e+06,1.758e+06,1.802e+06,1.8669e+06,1.9019e+06,1.9532e+06,1.996e+06,2.0457e+06,2.101e+06,2.5802e+06,2.6255e+06,2.6845e+06,2.747e+06,4.4138e+06,2.9917e+06,3.3466e+06,3.1073e+06,3.3685e+06,3.0798e+06,3.2842e+06,3.2908e+06,3.4545e+06
455,1000,1900,3600,6000,9200,17400,19000,24400,28400,28000,33800,39300,45200,52100,59300,67500,76100,94900,95100,105400,141600,138800,139700,152200,165300,178900,193200,216000,223200,247100,255500,286700,303200,307900,335300,353800,366100,394000,414600,436100,450100,480500,503500,617200,692900,599100,752500,785000,815300,806400,723800,745600,792200,824500,827400,859800,883900,921800,947100,986200,1.0219e+06,1.0631e+06,1.0869e+06,1.1208e+06,1.1657e+06,1.2142e+06,1.2316e+06,1.2669e+06,1.3108e+06,1.3419e+06,1.4873e+06,1.7573e+06,1.7616e+06,1.7888e+06,1.7372e+06,1.7546e+06,1.8779e+06,1.9184e+06,1.7707e+06,1.9285e+06,1.9969e+06,2.0842e+06,1.987e+06,1.9744e+06,2.0208e+06,2.0304e+06,2.084e+06,2.1252e+06,2.1751e+06,2.2296e+06,2.2793e+06,2.3359e+06,2.3785e+06,2.4294e+06,2.4833e+06,2.5336e+06,2.5873e+06,2.6415e+06,2.6949e+06,2.7551e+06
456,600,1300,2800,6200,7800,10500,13700,17400,21900,26800,32700,38400,44700,51800,59400,67400,76000,85200,95100,105400,116200,127700,153100,154000,176400,179400,193300,217200,223200,247400,255600,280300,290000,316400,326800,353900,374100,399200,392000,438500,458000,479600,502800,526100,550200,575000,600700,626300,652800,679700,708300,734900,763300,792700,828100,854200,885000,922200,946800,985500,1.0185e+06,1.0461e+06,1.0859e+06,1.1205e+06,1.1559e+06,1.1972e+06,1.2602e+06,1.2724e+06,1.5491e+06,1.3974e+06,1.3794e+06,1.4182e+06,1.4643e+06,1.4978e+06,1.5478e+06,1.7108e+06,1.626e+06,1.6652e+06,1.9201e+06,2.0351e+06,2.18e+06,2.271e+06,2.1955e+06,2.0216e+06,2.0085e+06,2.038e+06,2.0799e+06,2.1624e+06,2.1928e+06,2.2352e+06,2.2845e+06,2.3525e+06,2.3916e+06,2.4431e+06,2.4945e+06,2.5471e+06,2.5982e+06,2.6689e+06,2.7073e+06,2.7613e+06
457,700,1800,3300,5200,7400,10300,13700,17600,22100,26900,32300,29000,44900,36800,59600,67400,75900,80600,104500,100600,116500,122200,151200,152900,165200,188000,193200,208000,232700,240000,269800,273300,300100,308300,335000,354000,365800,393800,417100,435900,450200,621500,658000,660700,690500,678700,708200,629100,653900,679600,707100,734900,770600,792600,828300,854700,890000,921200,946900,988000,1.0192e+06,1.0518e+06,1.0803e+06,1.1207e+06,1.1555e+06,1.1913e+06,1.5315e+06,1.272e+06,1.3033e+06,1.3659e+06,1.3788e+06,1.4179e+06,1.4642e+06,1.4979e+06,1.5442e+06,1.5867e+06,1.6246e+06,1.6643e+06,1.7067e+06,1.7571e+06,1.8004e+06,1.8461e+06,1.8987e+06,1.9375e+06,1.9802e+06,4.3965e+06,2.0758e+06,2.1324e+06,2.18e+06,2.2246e+06,2.2837e+06,2.3289e+06,2.38e+06,2.4409e+06,2.4813e+06,2.5529e+06,2.5865e+06,2.6409e+06,2.6999e+06,2.7507e+06
458,500,1400,2700,4600,6900,9800,13200,17300,21800,26700,32200,39900,44700,51800,59300,67300,76000,85100,95000,105300,123400,127600,139500,152300,165200,178800,200000,207800,223200,246400,255500,279300,290000,316700,326700,345900,373800,385900,445500,584000,459400,460100,511100,532700,553400,577700,601500,627300,653600,680700,707900,735900,764500,800600,820700,854700,891800,925500,948100,985700,1.018e+06,1.0454e+06,1.086e+06,1.1212e+06,1.1563e+06,1.2297e+06,1.2298e+06,1.2657e+06,1.3148e+06,1.3408e+06,1.3789e+06,1.4244e+06,1.4578e+06,1.5048e+06,1.5881e+06,1.8086e+06,1.9933e+06,2.0929e+06,2.082e+06,2.1093e+06,2.295e+06,2.2359e+06,2.3072e+06,2.4063e+06,2.4602e+06,2.5535e+06,2.5623e+06,2.726e+06,2.7217e+06,2.8381e+06,5.7887e+06,3.5079e+06,3.0147e+06,3.0367e+06,3.0252e+06,2.9382e+06,3.1434e+06,3.2886e+06,3.0676e+06,3.2421e+06
459,800,1900,3600,5900,8700,12400,16700,21800,27200,33500,40400,48100,56000,64600,74100,84100,136500,106400,121800,133900,118100,140100,158200,190500,206400,171400,209600,209600,238800,239800,264900,272500,297300,308000,333800,345700,365800,393200,413700,413500,464700,482000,503000,526400,550800,575300,600300,626100,655700,679600,707200,736500,763500,792600,828600,852500,883700,1.028e+06,949500,979500,1.0184e+06,1.052e+06,1.0863e+06,1.1147e+06,1.1501e+06,1.1913e+06,1.2279e+06,1.2649e+06,1.3035e+06,1.3888e+06,1.3822e+06,1.4254e+06,1.4589e+06,1.5051e+06,1.7934e+06,1.9136e+06,1.8993e+06,1.8642e+06,1.9529e+06,1.9386e+06,1.9225e+06,2.1783e+06,1.8974e+06,1.9508e+06,2.1795e+06,2.2598e+06,2.3641e+06,2.2248e+06,2.4613e+06,2.3787e+06,2.3121e+06,2.3892e+06,2.4093e+06,2.443e+06,2.5779e+06,2.5759e+06,2.7079e+06,2.6781e+06,2.7825e+06,2.8525e+06
460,700,1900,2900,5000,21700,10300,13700,17700,22100,27000,32400,38400,44800,51800,59400,76700,76100,85300,90900,105300,106600,135200,139800,141000,167200,172500,186300,211000,218600,240400,247900,275000,283500,310400,326800,347500,367800,377800,418500,476000,461800,483000,504600,519700,604600,573000,685400,628000,654200,681100,714000,742600,764900,794300,827400,857300,881500,920100,947200,984700,987700,1.0527e+06,1.0799e+06,1.121e+06,1.1567e+06,1.1908e+06,1.2288e+06,1.2635e+06,1.2994e+06,1.3408e+06,1.3814e+06,1.4367e+06,1.458e+06,1.5042e+06,1.5172e+06,1.5867e+06,1.6275e+06,1.671e+06,1.7078e+06,1.7603e+06,1.7898e+06,1.9643e+06,2.1193e+06,2.3415e+06,2.3956e+06,2.2384e+06,2.518e+06,2.5435e+06,2.6602e+06,2.6696e+06,2.7416e+06,2.9149e+06,2.7126e+06,2.7141e+06,2.9289e+06,2.835e+06,2.5757e+06,2.9727e+06,3.1428e+06,5.1216e+06
461,1300,3000,5700,9000,15000,21200,28100,36300,45300,55800,67000,79000,91900,109600,108500,107200,103900,114500,137100,131900,145300,159600,173500,152200,165300,188400,193000,207900,232400,239000,264500,272400,299100,308200,335300,345800,365700,493200,595700,429400,451500,487900,637200,649500,679300,709800,741700,728400,806700,840800,701700,937800,946800,945100,1.0507e+06,1.023e+06,1.1151e+06,1.1115e+06,1.1858e+06,1.2341e+06,1.0844e+06,830900,883500,1.3146e+06,1.4413e+06,1.4843e+06,1.5375e+06,1.583e+06,1.5951e+06,1.443e+06,1.7242e+06,1.7792e+06,1.7871e+06,1.8268e+06,1.8956e+06,1.9479e+06,2.1389e+06,2.065e+06,1.9853e+06,1.5998e+06,1.8152e+06,2.3194e+06,2.3666e+06,2.4232e+06,2.4896e+06,2.5696e+06,2.6814e+06,2.6714e+06,2.6067e+06,2.7914e+06,2.9402e+06,2.916e+06,2.9776e+06,2.9916e+06,2.948e+06,3.1871e+06,3.2988e+06,3.2e+06,3.2215e+06,3.3681e+06
462,900,1700,3400,5100,7400,10100,13700,17600,21900,26800,32500,38400,45000,51900,59400,67500,84100,85400,109000,105800,116700,128100,151200,152900,165800,187800,193600,208500,232600,239700,264200,273100,298800,308400,335100,354200,366100,394900,415500,436700,450300,482000,586200,492700,698900,725000,763600,786400,726800,757400,787700,818800,857600,870800,825600,860600,885900,923100,957100,996200,1.029e+06,1.0636e+06,1.0978e+06,1.1322e+06,1.1557e+06,1.1867e+06,1.2302e+06,1.2659e+06,1.3027e+06,1.3417e+06,1.3852e+06,1.4195e+06,1.4578e+06,1.4978e+06,1.5443e+06,1.5881e+06,1.6295e+06,1.709e+06,1.7704e+06,1.7678e+06,1.8037e+06,1.8482e+06,1.8847e+06,1.9486e+06,1.9947e+06,2.047e+06,2.0898e+06,1.8541e+06,2.1905e+06,2.2399e+06,2.2903e+06,2.3454e+06,2.3943e+06,2.4416e+06,2.5082e+06,2.5461e+06,2.6006e+06,2.653e+06,2.7114e+06,2.8185e+06
463,700,1600,2900,4700,7100,10400,13400,17300,21700,28400,32500,38800,45000,51800,59400,67400,76100,85300,104300,105500,117000,127700,149500,152600,165400,187800,193100,207900,232200,239200,265500,272500,300400,308600,326800,343200,377000,385800,416200,439300,458900,472600,684700,520900,557300,577700,602200,645300,654900,681400,709000,737400,757700,818100,1.0411e+06,1.0806e+06,1.1076e+06,1.1221e+06,1.2129e+06,988500,1.0442e+06,1.0969e+06,1.0984e+06,1.1604e+06,1.1577e+06,1.203e+06,1.2279e+06,1.2654e+06,1.3028e+06,1.3465e+06,1.3636e+06,1.4185e+06,1.464e+06,1.498e+06,1.5509e+06,1.5872e+06,1.6236e+06,1.6651e+06,1.7144e+06,1.7581e+06,1.8031e+06,1.8465e+06,1.8996e+06,1.9185e+06,1.9681e+06,2.475e+06,2.2331e+06,2.49e+06,2.465e+06,2.5362e+06,2.6355e+06,2.5532e+06,2.6816e+06,2.7102e+06,2.4943e+06,2.6251e+06,3.251e+06,3.324e+06,4.5629e+06,3.5201e+06
464,900,1800,1900,5400,7600,6100,10800,12600,17400,22400,27100,35700,42200,46600,54700,61700,71400,79000,99200,100100,112000,123300,142300,147600,158400,177300,187300,207900,228300,240700,256100,272900,290000,307900,334200,345700,365900,391800,419000,436000,457300,479800,495600,526500,550300,574900,600700,626200,658700,679700,707200,734900,770100,792500,819700,860500,883300,921400,947100,985500,1.0184e+06,1.0457e+06,1.0859e+06,1.1211e+06,1.1557e+06,1.2521e+06,1.2337e+06,1.295e+06,1.3028e+06,1.3409e+06,1.3786e+06,1.418e+06,1.4635e+06,1.498e+06,1.5687e+06,1.558e+06,1.627e+06,1.6645e+06,1.7198e+06,1.7587e+06,1.8023e+06,1.8466e+06,1.9469e+06,1.9032e+06,1.9879e+06,2.0373e+06,2.0806e+06,2.1333e+06,2.2018e+06,2.2293e+06,2.2806e+06,2.3309e+06,2.3813e+06,2.6324e+06,2.5824e+06,2.5328e+06,2.5989e+06,2.6523e+06,2.712e+06,2.7621e+06
465,700,1800,3200,5200,7400,10300,13700,17500,22100,27000,32300,38300,44900,51900,69000,65400,77800,89300,96400,105800,118800,128200,139800,162300,165700,179300,198900,208400,223200,239900,267400,272500,298000,308000,333900,357400,365800,393100,413800,428000,460500,479700,502800,526400,550200,575400,600500,626400,653200,682900,707500,735300,764100,792800,829000,864500,889800,915100,953200,985700,1.0126e+06,1.0456e+06,1.087e+06,1.1249e+06,1.1563e+06,1.1942e+06,1.2283e+06,1.2735e+06,1.3036e+06,1.3409e+06,1.3792e+06,1.4177e+06,1.4576e+06,1.5079e+06,1.5458e+06,1.5992e+06,1.6291e+06,1.6712e+06,1.7138e+06,1.7567e+06,1.8008e+06,1.8515e+06,1.8915e+06,1.9432e+06,1.9831e+06,2.0274e+06,2.075e+06,2.1292e+06,2.3468e+06,2.5805e+06,2.5769e+06,2.6196e+06,2.6737e+06,2.4632e+06,2.7286e+06,3.0376e+06,3.1089e+06,3.2285e+06,3.6988e+06,3.4078e+06
466,900,1700,3300,5500,7300,10400,13700,17600,21800,30800,32500,38600,44800,51900,59200,67200,75900,85100,94900,114300,116200,127600,139600,159500,165100,178900,200100,207800,223100,245900,255400,279100,289900,314800,334000,345700,372300,392600,406600,440800,448500,462400,502400,519600,543400,575000,600300,626200,652300,679600,708700,735200,769800,793100,822400,869000,883500,940600,954200,980300,1.0193e+06,1.0526e+06,1.0872e+06,1.1213e+06,1.1566e+06,1.1923e+06,1.2463e+06,1.2639e+06,1.2983e+06,1.3475e+06,1.3785e+06,1.4182e+06,1.4657e+06,1.4977e+06,1.5442e+06,1.596e+06,1.6213e+06,1.6712e+06,1.7014e+06,1.7566e+06,1.8011e+06,1.8461e+06,1.8974e+06,1.9433e+06,1.9838e+06,2.0443e+06,2.0841e+06,2.1248e+06,2.1747e+06,2.2338e+06,2.2781e+06,2.3304e+06,2.3781e+06,2.43e+06,2.4824e+06,2.5465e+06,2.5874e+06,2.6526e+06,2.6951e+06,2.7558e+06
467,600,1400,2700,4500,6900,9800,13200,17300,21700,26800,32200,38300,44700,51800,59400,67500,76000,85300,95000,105300,116200,135100,139700,152200,165400,187800,186400,202400,232500,239300,257300,272700,297500,308200,323300,345100,359400,428300,456100,428800,489100,482200,504100,533100,552300,576700,602300,628500,654900,681300,714900,736500,765000,875600,822500,852600,883600,924700,952900,986400,1.019e+06,1.048e+06,1.0907e+06,1.1185e+06,1.1506e+06,1.1516e+06,1.2251e+06,1.2633e+06,1.3024e+06,1.3378e+06,1.3827e+06,1.4221e+06,1.4689e+06,1.4986e+06,1.5545e+06,1.5968e+06,1.624e+06,1.6736e+06,1.8785e+06,2.1215e+06,2.1942e+06,2.0452e+06,2.1138e+06,2.1774e+06,2.2093e+06,2.0528e+06,2.1095e+06,2.8761e+06,2.8029e+06,2.7902e+06,2.8433e+06,2.9707e+06,2.9772e+06,3.0398e+06,3.1652e+06,3.5296e+06,3.2774e+06,3.1548e+06,3.2368e+06,3.3797e+06
468,900,2000,3900,6200,7600,10200,13700,17500,22800,27900,33600,39800,46500,66600,59900,67600,76100,85300,95000,116900,116300,127700,139700,161700,166300,179100,204000,207800,224000,239000,268000,266500,290400,317600,326700,353500,375900,386000,413900,435400,457200,472600,495700,526200,550300,575300,607000,628800,653900,681000,708200,735500,764600,793300,829700,853600,890800,915800,954500,1.0257e+06,1.3546e+06,1.2868e+06,1.3536e+06,1.4582e+06,1.447e+06,1.4926e+06,1.5371e+06,1.588e+06,1.5622e+06,1.3505e+06,1.459e+06,1.5752e+06,1.5277e+06,1.7669e+06,1.8871e+06,2.0438e+06,1.9848e+06,2.029e+06,2.0946e+06,2.1588e+06,2.2302e+06,2.3391e+06,2.3992e+06,2.3301e+06,2.4538e+06,2.4875e+06,2.5671e+06,2.6796e+06,2.7693e+06,2.786e+06,2.5594e+06,2.6208e+06,3.0266e+06,2.9993e+06,3.1254e+06,3.2042e+06,3.1844e+06,3.2465e+06,3.5183e+06,3.4292e+06
469,900,2200,3700,6200,9100,12600,16900,21900,27400,33400,40500,48200,56300,101700,76600,85200,95700,106700,134400,140500,117900,129300,141400,153600,165900,193600,193100,216800,223200,239000,263000,272600,297200,308000,326600,353300,365800,392800,413800,435100,450200,479500,506500,509800,548000,571500,595600,621200,648000,681900,719200,735100,763900,799000,822500,852800,890000,902300,960300,981500,1.0197e+06,1.0538e+06,1.0869e+06,1.1217e+06,1.1578e+06,1.1926e+06,1.2732e+06,1.5561e+06,1.6976e+06,1.6864e+06,1.6734e+06,1.7181e+06,1.7736e+06,1.8165e+06,1.8047e+06,1.9166e+06,2.2346e+06,2.1052e+06,2.0796e+06,2.1232e+06,2.1577e+06,2.2532e+06,2.3068e+06,2.402e+06,2.292e+06,2.2589e+06,2.3095e+06,2.2254e+06,2.4637e+06,2.5509e+06,3.4736e+06,2.9953e+06,3.0062e+06,3.0751e+06,3.1313e+06,3.1913e+06,3.2666e+06,3.3187e+06,3.4176e+06,3.4947e+06
470,700,1900,16000,5800,9800,10900,14400,18600,36800,27100,32600,38700,44900,31600,59400,50200,76800,97100,95100,105300,116300,127700,147900,152200,165300,185900,193100,207900,230200,239100,262600,272500,296300,308100,333600,353200,365700,392600,414200,427900,457000,479500,502600,532500,550700,575400,600700,626200,652800,679500,706500,741700,827200,793100,829100,853100,893300,914800,920400,1.0036e+06,1.0124e+06,1.052e+06,1.0869e+06,1.1192e+06,1.1559e+06,1.1924e+06,1.228e+06,1.2654e+06,1.302e+06,1.3483e+06,1.3792e+06,1.4181e+06,1.5015e+06,1.5029e+06,1.5482e+06,1.5812e+06,1.624e+06,1.9813e+06,1.9679e+06,1.8541e+06,1.8523e+06,1.856e+06,1.9383e+06,1.9311e+06,2.0216e+06,2.027e+06,2.0873e+06,2.132e+06,2.174e+06,2.23e+06,2.2948e+06,2.3292e+06,2.3796e+06,2.4295e+06,2.4915e+06,2.5419e+06,2.595e+06,2.6402e+06,2.7003e+06,2.7491e+06
471,500,1300,2800,6200,7100,9900,13600,18700,21900,26800,32300,38300,44800,51900,59400,67500,76000,86700,94900,105300,116200,136600,139800,152300,172700,179100,193300,215600,223300,246300,255500,279700,290100,316000,326700,353500,373000,458300,416600,444400,460500,472400,495500,526300,550200,576300,600000,626100,652600,679200,706700,735000,763700,792500,832200,854900,910500,985300,949000,980600,1.0201e+06,1.0533e+06,1.0877e+06,1.1158e+06,1.156e+06,1.2181e+06,1.2308e+06,1.2672e+06,1.304e+06,1.3423e+06,1.3868e+06,1.4213e+06,1.466e+06,1.5003e+06,1.5953e+06,1.5841e+06,1.6279e+06,1.6688e+06,1.7104e+06,1.7553e+06,1.7953e+06,2.2419e+06,2.3438e+06,2.3993e+06,2.3894e+06,2.4498e+06,2.5677e+06,2.6936e+06,2.5669e+06,2.5641e+06,2.3884e+06,2.9042e+06,3.043e+06,3.1331e+06,3.1204e+06,3.1862e+06,3.264e+06,3.2567e+06,3.3231e+06,3.2159e+06
472,800,1800,3300,5000,7300,10300,13700,17600,22000,27000,32500,38600,44900,51900,59500,69200,76100,85500,95100,105400,127900,127700,139700,159800,165400,178900,200300,208000,223300,252700,256400,283200,290100,316400,334700,345900,373900,393800,406800,436100,458200,480500,522200,637500,569300,576200,600500,626100,664700,681300,708300,736000,770800,793300,823100,853200,884400,936600,1.1934e+06,1.2263e+06,1.2549e+06,1.26e+06,1.354e+06,1.3608e+06,1.4022e+06,1.4694e+06,1.5222e+06,1.5963e+06,1.618e+06,1.4293e+06,1.5251e+06,1.5777e+06,1.6006e+06,1.6931e+06,1.6842e+06,1.6296e+06,1.638e+06,1.6715e+06,1.7137e+06,1.7668e+06,1.8382e+06,1.8634e+06,1.8916e+06,1.936e+06,1.9824e+06,2.0361e+06,2.0829e+06,2.1421e+06,2.1735e+06,2.2221e+06,2.2784e+06,2.3281e+06,2.4517e+06,2.2488e+06,2.7827e+06,2.8682e+06,2.8468e+06,3.0357e+06,3.0334e+06,3.1216e+06
473,800,2200,2900,5000,7400,10300,13800,17500,22000,27100,32400,38400,44800,51800,59400,67500,76100,85200,95000,105400,116100,136800,140600,146600,165200,186600,193200,211500,223200,235300,262900,265900,292600,311400,318000,353100,361200,388400,414100,425500,443100,473200,505800,526500,550600,575600,554600,629200,659100,681400,707000,734800,769600,792400,822400,858900,885300,921800,946500,979500,1.0185e+06,1.0531e+06,1.0864e+06,1.1148e+06,1.1494e+06,1.1917e+06,1.2342e+06,1.2767e+06,1.3029e+06,1.3406e+06,1.3788e+06,1.4297e+06,1.4588e+06,1.5036e+06,1.5454e+06,1.58e+06,1.6289e+06,1.6525e+06,1.7233e+06,1.9092e+06,2.2317e+06,2.2376e+06,2.2599e+06,2.1626e+06,2.4261e+06,2.5413e+06,2.6523e+06,2.6382e+06,2.6617e+06,2.7867e+06,2.8551e+06,2.9455e+06,2.9906e+06,3.0537e+06,3.1471e+06,3.1617e+06,3.1672e+06,3.1214e+06,3.3348e+06,3.1802e+06
474,800,1800,3400,5000,7300,10300,8900,17500,22100,40800,32500,38400,44700,51800,59500,67400,78400,85400,109100,182600,119300,128600,152100,152500,166100,189500,193700,208400,223700,239600,264100,273100,298700,308700,327100,355900,366000,394500,416600,443500,473600,472400,507100,526800,550700,582000,600700,626100,652300,685700,707000,735300,763000,798800,822600,863500,970300,924400,961800,987600,1.02e+06,1.0531e+06,1.0807e+06,1.1148e+06,1.4146e+06,1.4498e+06,1.5737e+06,1.5741e+06,1.5831e+06,1.6503e+06,1.6907e+06,1.688e+06,1.7163e+06,1.586e+06,1.5479e+06,1.7859e+06,1.8121e+06,1.8581e+06,1.9048e+06,1.8203e+06,1.8858e+06,1.8743e+06,1.8947e+06,1.9743e+06,1.9962e+06,2.0327e+06,2.0569e+06,2.1374e+06,2.1922e+06,2.2433e+06,2.3041e+06,2.3412e+06,2.3905e+06,2.4428e+06,2.5236e+06,2.5453e+06,2.6169e+06,2.6524e+06,2.7386e+06,2.7553e+06
475,600,1500,2800,4600,6500,9800,14500,18200,22100,27100,32700,38500,44700,51800,71800,67300,75900,85100,94900,105300,116100,127600,139500,160300,165100,178800,200000,245400,224800,254000,255800,326700,289800,319100,336000,345700,434800,395900,419700,437400,450300,480000,502700,526100,550300,587000,600500,626200,653000,679200,712900,735200,763900,800600,823200,852500,882900,924300,946500,987300,1.0188e+06,1.0463e+06,1.0866e+06,1.1207e+06,1.1564e+06,1.1917e+06,1.2338e+06,1.2655e+06,1.3083e+06,1.3734e+06,1.3796e+06,1.4247e+06,1.4579e+06,1.5041e+06,1.5384e+06,1.5864e+06,1.6376e+06,1.716e+06,1.7165e+06,1.7577e+06,1.8013e+06,1.8471e+06,1.891e+06,1.9507e+06,2.0108e+06,2.0289e+06,2.0763e+06,2.1246e+06,2.1794e+06,2.23e+06,2.2809e+06,2.3374e+06,2.3781e+06,2.431e+06,2.483e+06,2.5415e+06,2.5868e+06,2.6406e+06,2.6951e+06,2.7654e+06
476,600,1400,2800,4600,7100,10000,13400,17400,21900,27000,32300,30600,44900,66800,60800,68000,76400,85300,95000,105600,116200,127600,139700,160000,165200,178900,200600,208000,230700,239100,262700,272400,297200,307900,333600,345900,372600,393100,406700,435300,503100,484200,506100,526900,550100,574700,600100,626300,652600,679700,707200,734700,763100,792600,828300,851800,913300,917000,953100,979600,1.0124e+06,1.052e+06,1.0883e+06,1.1201e+06,1.1562e+06,1.1915e+06,1.2281e+06,1.2649e+06,1.3031e+06,1.3402e+06,1.385e+06,1.4181e+06,1.4633e+06,1.4973e+06,1.544e+06,1.5796e+06,1.6658e+06,1.6581e+06,1.7279e+06,1.7599e+06,1.8027e+06,1.847e+06,1.8925e+06,1.9526e+06,1.9833e+06,2.0396e+06,2.0797e+06,2.182e+06,2.1841e+06,2.2491e+06,2.2841e+06,2.3507e+06,2.3923e+06,2.441e+06,2.5006e+06,2.5481e+06,2.6065e+06,2.6166e+06,3.1117e+06,3.3024e+06
477,800,2200,3200,5400,7900,10500,13700,17500,22000,27000,26500,52800,45300,52300,59400,67500,76200,85300,105100,105200,116400,127700,150700,152100,165200,186400,193200,207900,230400,239000,262400,272400,314700,308000,334000,345900,365700,392700,413700,428200,456900,479400,502600,526300,550300,575400,600500,626900,653100,680100,706700,748100,765200,793300,828600,853500,890200,914900,953200,1.0273e+06,1.0169e+06,1.0548e+06,1.0872e+06,1.2014e+06,1.1615e+06,1.1924e+06,1.2282e+06,1.265e+06,1.3024e+06,1.3408e+06,1.3814e+06,1.4255e+06,1.4978e+06,1.6962e+06,1.689e+06,1.5874e+06,1.8973e+06,2.042e+06,2.126e+06,2.0182e+06,1.9293e+06,1.9331e+06,1.9205e+06,1.9469e+06,1.9969e+06,2.0473e+06,2.0888e+06,2.1421e+06,2.1925e+06,2.3761e+06,2.2846e+06,2.3323e+06,2.3816e+06,2.4336e+06,2.4843e+06,2.5518e+06,3.2597e+06,3.3058e+06,3.3795e+06,3.4268e+06
478,1500,3200,5200,6900,10100,13400,17900,22800,28200,34400,41200,49300,59000,66300,75800,85300,96000,125100,119000,131700,145500,159600,174800,209300,206600,238000,241500,272200,279100,298800,330700,340900,373500,396700,408400,443300,457000,482400,519700,517700,500200,550600,561300,586700,613700,569500,594200,619800,645900,672500,715000,775700,777100,800700,823100,853400,954200,937000,1.2053e+06,1.2365e+06,1.2684e+06,1.3186e+06,1.3612e+06,1.4046e+06,1.4484e+06,1.5677e+06,1.5507e+06,1.6618e+06,1.643e+06,1.4092e+06,1.3906e+06,1.4274e+06,1.642e+06,1.8131e+06,1.9258e+06,1.9844e+06,2.0371e+06,2.1434e+06,2.1373e+06,2.214e+06,2.2545e+06,2.3095e+06,2.6892e+06,2.4248e+06,2.4014e+06,2.4751e+06,2.5935e+06,2.5802e+06,2.6734e+06,2.7744e+06,2.7231e+06,2.8883e+06,2.9075e+06,2.6696e+06,2.7198e+06,2.7325e+06,2.8175e+06,2.8455e+06,2.901e+06,2.8803e+06
479,700,1800,2900,5000,7400,10300,13700,17600,22100,26900,32400,38300,44900,66500,59400,67500,76200,85200,95100,114200,116300,127700,139700,160100,165200,180700,181500,218200,223300,252100,257300,285700,290200,317800,326700,354600,373700,386200,414600,436100,457900,480500,495900,519100,551700,576300,601600,628600,666400,705800,709000,736400,764300,835600,976900,1.0052e+06,1.0995e+06,1.0434e+06,1.1436e+06,1.213e+06,1.1508e+06,1.0406e+06,1.161e+06,1.1683e+06,1.1574e+06,1.1802e+06,1.2547e+06,1.299e+06,1.3031e+06,1.3407e+06,1.3789e+06,1.4175e+06,1.4632e+06,1.5033e+06,1.5449e+06,1.5797e+06,1.6317e+06,1.6703e+06,1.7132e+06,1.757e+06,1.8013e+06,1.8548e+06,1.8922e+06,1.9442e+06,1.9858e+06,2.0309e+06,2.0841e+06,2.1247e+06,2.1791e+06,2.2285e+06,2.2774e+06,2.3291e+06,2.3794e+06,2.4293e+06,2.4989e+06,2.5363e+06,2.5953e+06,2.6428e+06,2.7012e+06,2.7325e+06
480,800,2000,3400,6200,9200,13000,14600,18000,21900,26900,32500,38700,45000,53600,75300,68500,76600,85100,95100,105300,116300,127600,139600,159900,165400,178900,200500,207800,223200,246600,255600,279400,290000,314900,326700,345700,372400,390700,406600,436000,456900,479900,495800,519300,550300,575100,600200,625900,677800,681900,714500,736100,764400,799800,834500,944600,894000,915300,946700,985800,1.0182e+06,1.0468e+06,1.087e+06,1.1211e+06,1.1562e+06,1.1924e+06,1.2734e+06,1.3399e+06,1.309e+06,1.3407e+06,1.3808e+06,1.4302e+06,1.4594e+06,1.5063e+06,1.5391e+06,1.7226e+06,1.6518e+06,1.9422e+06,1.7244e+06,1.8261e+06,1.8027e+06,1.8456e+06,1.9055e+06,1.9436e+06,1.9967e+06,2.0298e+06,2.0845e+06,2.125e+06,2.1749e+06,2.2256e+06,2.293e+06,2.3293e+06,2.3793e+06,2.4326e+06,2.4806e+06,2.5379e+06,2.6152e+06,2.6484e+06,2.7038e+06,2.7526e+06
481,600,1800,3500,6200,7800,6200,14600,18000,21900,27000,32400,38700,44800,51800,59300,67500,76000,85300,95000,105400,126600,127700,139600,152200,165300,179000,200100,207800,223200,246100,255600,279300,290000,315100,326700,352800,372500,387900,443700,439500,458500,480600,512500,537100,551600,576700,601300,627900,653300,680500,707900,736200,771000,807500,1.0567e+06,1.1054e+06,1.0846e+06,1.0993e+06,1.1855e+06,1.1955e+06,1.257e+06,1.2793e+06,1.2356e+06,1.2846e+06,1.3974e+06,1.4701e+06,1.5011e+06,1.533e+06,1.5771e+06,1.5273e+06,1.681e+06,1.517e+06,1.6922e+06,1.8867e+06,1.9256e+06,1.985e+06,2.0383e+06,2.1553e+06,2.1845e+06,2.127e+06,2.2146e+06,2.0642e+06,2.3228e+06,2.1134e+06,2.2652e+06,2.3371e+06,2.0848e+06,2.1321e+06,2.6653e+06,2.5388e+06,2.5363e+06,2.6153e+06,2.3733e+06,2.7923e+06,2.6787e+06,3.1672e+06,3.0773e+06,3.0532e+06,3.2434e+06,3.4377e+06
482,900,1900,3700,6000,8900,13600,18100,24500,22900,28000,47600,38800,45300,53300,60100,67900,76200,85300,94900,105300,116200,127600,139600,152100,165200,178900,200600,207700,230100,239000,262100,272300,291800,303200,336300,345900,372800,393400,406500,434800,456900,509200,584100,536700,566200,576300,600300,628100,652300,679500,713300,737000,763200,798600,822600,877400,886300,922000,946800,985900,1.0186e+06,1.0523e+06,1.0799e+06,1.1142e+06,1.1535e+06,1.186e+06,1.2301e+06,1.2647e+06,1.3027e+06,1.3406e+06,1.3952e+06,1.42e+06,1.4582e+06,1.4976e+06,1.5494e+06,1.6509e+06,1.6325e+06,1.6704e+06,1.7132e+06,1.7579e+06,1.8009e+06,1.8499e+06,1.893e+06,1.942e+06,1.9827e+06,2.0357e+06,2.0771e+06,2.1322e+06,2.1526e+06,2.2776e+06,2.2778e+06,2.3287e+06,2.3796e+06,2.4318e+06,2.482e+06,2.538e+06,2.5877e+06,2.6426e+06,2.707e+06,2.7485e+06
483,500,1400,2700,4800,7900,10800,14500,18500,22500,41900,32600,38500,45200,51900,59400,67500,76200,94400,95100,105400,116300,127700,139700,152200,165300,186000,193200,207900,223200,239000,262400,272500,296800,308000,334000,352600,361700,395100,413800,434700,450300,479600,502700,526300,550200,575800,601000,626000,652800,679600,712900,734900,771800,810900,846800,1.0568e+06,891000,915700,947700,986200,1.0193e+06,1.0468e+06,1.0871e+06,1.26e+06,1.1915e+06,1.2361e+06,1.3147e+06,1.2657e+06,1.3021e+06,1.3405e+06,1.3789e+06,1.424e+06,1.4858e+06,1.5067e+06,1.5716e+06,1.5622e+06,1.6216e+06,1.6709e+06,1.7133e+06,1.7707e+06,1.8013e+06,1.8463e+06,1.8858e+06,1.9441e+06,1.9842e+06,2.0305e+06,2.0783e+06,2.1247e+06,2.3175e+06,2.2158e+06,2.2901e+06,2.3292e+06,2.3904e+06,2.4301e+06,2.4827e+06,2.5358e+06,2.5939e+06,2.6414e+06,2.7002e+06,2.76e+06
484,500,1400,2800,4700,7200,10300,14500,13800,21900,27000,32600,38300,44700,51700,59200,79400,75900,85100,95000,105300,123700,127500,139600,153700,166000,188700,193200,207900,223200,239200,264100,272600,298100,308100,334800,354000,365500,393800,414500,464500,452500,480000,503200,526100,550300,580100,603100,626700,653400,680200,707600,735600,763600,793700,829200,852900,887300,915700,961200,979600,1.0138e+06,1.0677e+06,1.082e+06,1.1228e+06,1.1576e+06,1.1932e+06,1.2995e+06,1.5663e+06,1.5228e+06,1.3526e+06,1.3865e+06,1.4186e+06,1.4633e+06,1.498e+06,1.5446e+06,1.5792e+06,1.6749e+06,1.6715e+06,1.7131e+06,1.7574e+06,1.8054e+06,1.8468e+06,1.8916e+06,1.9436e+06,1.9728e+06,2.0288e+06,2.0842e+06,2.124e+06,2.1808e+06,2.2291e+06,2.5291e+06,2.5119e+06,2.8493e+06,2.9927e+06,2.6257e+06,2.6826e+06,2.9965e+06,3.1197e+06,3.2435e+06,3.4512e+06
485,800,2000,3500,6800,8800,12300,16700,21700,39900,33700,40300,48000,55900,64800,74300,84200,107200,106500,118800,134600,145300,160000,174900,190300,229900,189600,209500,209500,223900,253800,255600,281100,290000,315100,333700,346000,372600,386100,471000,429000,463500,482100,487700,530200,553000,577000,602200,627400,653900,681100,714800,736700,764900,800700,876400,868900,885100,921100,948300,985400,1.019e+06,1.0464e+06,1.201e+06,1.3891e+06,1.4778e+06,1.4893e+06,1.4971e+06,1.5025e+06,1.565e+06,1.6345e+06,1.672e+06,1.7509e+06,1.792e+06,1.8234e+06,1.864e+06,1.551e+06,1.8771e+06,2.0062e+06,2.114e+06,2.1245e+06,2.1675e+06,2.2153e+06,2.038e+06,2.4336e+06,2.4963e+06,2.4922e+06,2.5418e+06,2.7e+06,2.7202e+06,2.8352e+06,2.7803e+06,2.7656e+06,3.0213e+06,2.8471e+06,2.975e+06,2.8523e+06,3.0306e+06,3.1103e+06,3.165e+06,2.9142e+06
486,900,1800,3100,4900,7400,10400,13800,37900,22100,27100,32700,38500,45000,51900,81100,90700,95600,106600,87700,107000,128500,129100,139700,152200,174200,178900,193200,215000,223100,246200,255600,279600,290000,315100,326600,352800,375700,385700,413600,434800,457100,472600,495900,526400,552300,589900,600700,626100,652600,679200,707300,735000,763300,792600,821900,859400,882900,920400,946700,978600,1.0159e+06,1.0529e+06,1.0862e+06,1.1287e+06,1.1563e+06,1.192e+06,1.2283e+06,1.265e+06,1.3022e+06,1.4719e+06,1.3546e+06,1.419e+06,1.4642e+06,1.4982e+06,1.5445e+06,1.5804e+06,1.6288e+06,1.68e+06,1.6997e+06,1.7463e+06,1.8039e+06,1.8468e+06,1.8909e+06,1.9379e+06,2.0017e+06,2.0138e+06,2.2415e+06,2.1361e+06,2.4627e+06,2.5381e+06,2.5454e+06,2.5899e+06,2.7426e+06,2.7842e+06,2.8049e+06,2.7596e+06,2.6247e+06,2.6686e+06,2.7069e+06,3.0551e+06
487,700,1900,2500,4800,7000,10000,13500,17400,32900,27000,32700,38600,44900,51900,59300,67500,76100,85200,95000,105300,116200,135200,139600,152200,165200,178900,193000,209700,224900,240800,256100,272800,298800,307900,334000,345700,372600,393400,416300,435600,457300,472700,502800,526100,550400,575400,600500,627300,658200,680100,707200,741100,763600,792800,829000,853300,889600,914500,952900,979000,1.0229e+06,1.0524e+06,1.0887e+06,1.1211e+06,1.1562e+06,1.1933e+06,1.2281e+06,1.2651e+06,1.3024e+06,1.3462e+06,1.3921e+06,1.4182e+06,1.4637e+06,1.4978e+06,1.5445e+06,1.5859e+06,1.6405e+06,1.6751e+06,1.7257e+06,1.7577e+06,1.8017e+06,1.8461e+06,1.8918e+06,1.9369e+06,1.9835e+06,2.0455e+06,2.0774e+06,2.1312e+06,2.1837e+06,2.2246e+06,2.2784e+06,2.3591e+06,2.3813e+06,2.4323e+06,2.4844e+06,2.536e+06,2.5897e+06,2.6545e+06,2.6982e+06,2.7904e+06
488,800,1800,3100,5000,7300,10300,13600,17400,21900,26800,32600,37600,39300,63600,59900,67700,76300,101000,95100,105400,125900,127700,153600,152300,186300,179000,206800,217600,236900,246300,268800,279400,290100,325600,326800,352900,372500,385800,413600,435400,512900,472600,509400,528800,550900,575000,600100,626600,652600,691400,707100,741200,763500,792800,828700,806600,826500,916100,953000,979000,1.0189e+06,1.0525e+06,1.0871e+06,1.1209e+06,1.1566e+06,1.1926e+06,1.2914e+06,1.2748e+06,1.3042e+06,1.3422e+06,1.3802e+06,1.4196e+06,1.4843e+06,1.8163e+06,1.9553e+06,1.6559e+06,1.7158e+06,1.8362e+06,1.9212e+06,1.8996e+06,1.9083e+06,1.8519e+06,1.8934e+06,1.9371e+06,1.9934e+06,2.0463e+06,2.0766e+06,2.1329e+06,2.1663e+06,2.2253e+06,2.2791e+06,2.3458e+06,2.3797e+06,2.436e+06,2.4821e+06,2.5358e+06,2.5881e+06,2.6444e+06,2.9508e+06,3.2602e+06
489,600,1800,3300,5900,8700,12500,16900,21900,27300,33600,40400,28000,58100,65700,74800,84500,95000,106500,119100,131800,145400,150100,178800,169500,167000,180400,194700,235200,279500,311700,319200,352100,362500,408600,408500,443900,468200,482500,519700,546300,574300,601800,433900,537000,555900,583300,603300,628100,667900,680100,707100,735100,769800,792700,822900,858800,883700,813200,960700,985900,1.0125e+06,1.0826e+06,1.0923e+06,1.1207e+06,1.156e+06,1.1917e+06,1.2281e+06,1.265e+06,1.3095e+06,1.3449e+06,1.384e+06,1.4551e+06,1.4591e+06,1.5151e+06,1.8558e+06,1.8679e+06,1.9654e+06,2.0557e+06,2.4476e+06,2.1773e+06,2.3078e+06,2.3233e+06,2.4182e+06,2.3518e+06,2.4938e+06,2.4066e+06,2.3165e+06,2.5724e+06,3.2603e+06,2.8367e+06,2.9171e+06,2.9869e+06,3.1396e+06,3.0673e+06,3.1548e+06,3.2151e+06,3.2831e+06,3.3168e+06,3.2393e+06,3.272e+06
490,700,2000,3600,5000,7400,10400,13800,17600,22000,27000,32300,52600,44700,51900,59300,67500,76100,85300,103900,105500,116400,127700,147100,152200,165200,195200,284900,211100,235200,240000,267200,273900,299500,309000,326800,339000,376900,393600,406600,435600,457000,479500,503300,519100,543300,575000,600500,628000,652600,679300,707000,735300,726500,794200,828400,852800,889400,914200,952900,979100,1.0186e+06,1.0574e+06,1.0864e+06,1.1209e+06,1.1555e+06,1.1982e+06,1.2347e+06,1.2651e+06,1.3024e+06,1.3463e+06,1.3786e+06,1.4183e+06,1.4635e+06,1.5002e+06,1.5581e+06,1.6101e+06,1.6296e+06,1.9019e+06,2.0649e+06,2.26e+06,2.2552e+06,2.3108e+06,2.3663e+06,2.4233e+06,2.5084e+06,2.5527e+06,2.6446e+06,2.7899e+06,2.7333e+06,2.8624e+06,2.7235e+06,2.9285e+06,2.9893e+06,3.0542e+06,4.7315e+06,3.296e+06,3.3896e+06,3.3829e+06,3.4582e+06,3.4501e+06
491,1300,1900,3700,6600,8800,12300,17700,24700,28400,27800,33700,39100,45300,51900,59400,67400,90200,85200,95000,105400,116200,136500,139700,152100,172300,178900,193100,214700,223100,245800,255500,272400,290000,316600,326100,345800,355000,395000,414800,428100,457400,479800,502900,526700,550800,575300,600600,626300,652400,680000,706900,742000,764000,795400,876000,854400,891100,917000,954000,986800,1.0137e+06,1.0466e+06,1.087e+06,1.1217e+06,1.1567e+06,1.1794e+06,1.3702e+06,1.2771e+06,1.3057e+06,1.347e+06,1.3785e+06,1.4182e+06,1.4636e+06,1.5151e+06,1.5489e+06,1.5869e+06,1.6283e+06,1.6717e+06,1.7145e+06,1.7579e+06,1.8017e+06,1.8568e+06,1.9248e+06,1.9487e+06,1.9953e+06,2.0476e+06,2.094e+06,2.1291e+06,2.1821e+06,2.2313e+06,2.2738e+06,2.3312e+06,2.8696e+06,3.2385e+06,3.1615e+06,3.1782e+06,3.2027e+06,3.1908e+06,3.3569e+06,3.3858e+06
492,800,1700,2600,5400,7600,10300,13700,17500,22100,26900,32300,53300,44900,51700,59200,67300,76000,85300,143200,105800,127500,127900,140100,164100,165200,178900,201300,208000,223300,239300,255800,279700,290000,315200,333600,327900,367300,397200,414700,435200,450100,479700,502700,526000,550400,575400,601700,626200,652400,679600,713200,734900,764200,798900,826100,852500,883400,920900,946700,989800,1.019e+06,1.0467e+06,1.086e+06,1.1293e+06,1.159e+06,1.1924e+06,1.1839e+06,1.2657e+06,1.3024e+06,1.3498e+06,1.3848e+06,1.4184e+06,1.4577e+06,1.5038e+06,1.5457e+06,1.5713e+06,1.6321e+06,1.671e+06,1.7379e+06,1.7587e+06,1.8032e+06,1.9374e+06,2.2747e+06,2.3886e+06,2.4254e+06,2.3692e+06,2.3727e+06,2.4052e+06,2.4311e+06,2.6266e+06,2.6157e+06,2.5694e+06,2.7708e+06,2.8175e+06,2.7866e+06,2.5639e+06,3.0071e+06,3.1025e+06,3.0625e+06,3.0623e+06
493,800,1800,3200,5100,7300,10200,13700,17500,21900,27000,32500,38600,45000,51900,59300,67500,76000,85300,95100,105400,116300,135100,139600,180400,165400,178900,207300,209200,235500,239400,265700,272600,297400,308000,333800,345800,373000,393100,406700,428100,457400,479700,502700,526100,550400,575700,628800,626300,647700,653600,708600,741100,763800,793100,828600,853700,891900,915800,953700,1.0071e+06,1.0126e+06,1.052e+06,1.0928e+06,1.1179e+06,1.1565e+06,1.1917e+06,1.2285e+06,1.2652e+06,1.3024e+06,1.3487e+06,1.3907e+06,1.4182e+06,1.465e+06,1.4984e+06,1.5451e+06,1.5804e+06,1.6286e+06,1.6703e+06,1.7549e+06,1.767e+06,1.7584e+06,1.9306e+06,2.3177e+06,2.3348e+06,2.2591e+06,2.3231e+06,2.2925e+06,2.3278e+06,2.4493e+06,2.6441e+06,2.8163e+06,2.9983e+06,2.9167e+06,3.0641e+06,3.106e+06,3.1843e+06,3.2791e+06,3.2253e+06,3.2216e+06,3.1366e+06
494,800,1800,3000,4800,7200,10100,13500,18500,23000,27600,40900,48200,56500,64900,86300,84400,95000,106500,118700,131700,145300,159400,174600,203700,206400,223600,321600,259900,291800,298900,319200,340400,373800,385000,424500,432100,468100,493300,508200,564900,451700,487900,621300,667300,695100,722100,708400,739000,818100,851700,886200,941800,993100,1.0327e+06,879000,884100,938800,986900,1.0274e+06,1.0118e+06,1.0269e+06,1.0624e+06,1.0867e+06,1.121e+06,1.156e+06,1.192e+06,1.2282e+06,1.2651e+06,1.3021e+06,1.3407e+06,1.3865e+06,1.5452e+06,1.4676e+06,1.5e+06,1.5462e+06,1.588e+06,1.6253e+06,1.6728e+06,1.7662e+06,2.4206e+06,2.2582e+06,2.312e+06,2.304e+06,2.3414e+06,2.4374e+06,2.5551e+06,2.6108e+06,2.6604e+06,2.729e+06,2.8281e+06,2.9302e+06,2.8078e+06,2.8354e+06,3.0763e+06,2.8805e+06,2.8542e+06,2.9552e+06,3.4669e+06,3.381e+06,3.379e+06
495,700,2000,4100,6800,7800,24100,14100,17600,22000,27000,32500,38600,44800,51700,59300,78500,76000,85200,95000,105300,124100,127500,139700,152200,172500,178800,194800,209600,238000,240500,265200,272600,298500,308000,334700,355400,365700,411000,407400,438700,458800,480500,503600,527000,551500,575900,601300,644100,653900,679700,706800,741200,763700,793600,823300,863200,899300,944200,1.0162e+06,998600,1.021e+06,1.0468e+06,1.0863e+06,1.1207e+06,1.1561e+06,1.1746e+06,1.2291e+06,1.265e+06,1.3084e+06,1.351e+06,1.3797e+06,1.4239e+06,1.4573e+06,1.5054e+06,1.5384e+06,1.5871e+06,1.6287e+06,1.6649e+06,1.7085e+06,1.7573e+06,1.8022e+06,1.8457e+06,1.8921e+06,1.9367e+06,1.9835e+06,2.0571e+06,2.0799e+06,2.1326e+06,2.1744e+06,2.2353e+06,2.279e+06,2.346e+06,2.3795e+06,2.4309e+06,2.4825e+06,2.5457e+06,2.599e+06,2.6414e+06,2.7002e+06,2.7489e+06
496,600,1200,2700,4700,7000,9900,13300,17400,21800,26700,32200,31200,45500,51800,59300,78200,87800,85100,95000,105200,116200,143300,139700,152100,174700,178800,193000,215300,223100,246200,255500,279700,289900,315300,326400,353200,372900,385800,413900,437800,457200,472600,476800,530200,550500,581900,600600,626000,652900,679400,707000,734900,766300,798400,822400,859000,883100,930000,947900,985600,1.0185e+06,1.0457e+06,1.08e+06,1.1272e+06,1.1604e+06,1.1932e+06,1.2287e+06,1.2659e+06,1.3393e+06,1.3353e+06,1.3791e+06,1.4176e+06,1.4632e+06,1.4974e+06,1.545e+06,1.5857e+06,1.6031e+06,1.6573e+06,1.7178e+06,1.76e+06,1.8013e+06,1.8476e+06,1.8966e+06,1.9504e+06,1.9822e+06,2.0244e+06,2.0879e+06,2.1251e+06,2.1796e+06,2.2577e+06,2.279e+06,2.3321e+06,2.3727e+06,2.4307e+06,2.4911e+06,2.5423e+06,2.588e+06,2.6691e+06,2.7041e+06,2.7553e+06
497,500,1500,2700,4600,10300,9900,13200,17300,21800,26800,40600,38300,44800,51800,59300,67400,76100,92300,95000,105400,116200,136400,139800,152200,165300,186800,193200,215100,223300,239100,262700,272500,296700,308100,326800,352600,365600,392800,413500,434700,450000,479400,502500,526600,550800,576300,603300,626300,652400,679400,713100,734700,763600,798600,828800,860400,883700,920900,946300,979000,1.0189e+06,1.053e+06,1.086e+06,1.1142e+06,1.1496e+06,1.2284e+06,1.2283e+06,1.2649e+06,1.3029e+06,1.3404e+06,1.3799e+06,1.4988e+06,1.5446e+06,1.7188e+06,1.5934e+06,1.6101e+06,1.6231e+06,1.6736e+06,1.7335e+06,1.7588e+06,2.0502e+06,3.2434e+06,2.3702e+06,2.4244e+06,2.4902e+06,2.6018e+06,2.4945e+06,2.6734e+06,2.7345e+06,2.7247e+06,2.6537e+06,2.6998e+06,2.3435e+06,2.4347e+06,2.4854e+06,2.9897e+06,3.0094e+06,3.3042e+06,3.327e+06,3.3158e+06
498,600,1700,3300,5500,8800,12400,16700,20300,22700,28000,33500,39900,59700,52100,59600,67500,76000,85200,95000,105400,116300,127500,139600,152100,165200,178800,200900,207800,230300,238900,262300,272300,296900,307900,333300,345800,343800,501100,641700,556300,617600,646800,631300,660400,691100,721600,752900,752500,818600,767900,724800,767400,988800,1.0017e+06,1.0303e+06,1.0391e+06,1.1065e+06,1.1147e+06,1.185e+06,1.3166e+06,1.2499e+06,1.3271e+06,1.3525e+06,1.3446e+06,1.4249e+06,1.452e+06,1.5042e+06,1.5552e+06,1.5832e+06,1.6406e+06,1.387e+06,1.4197e+06,1.4593e+06,1.4992e+06,1.5485e+06,1.6323e+06,3.7118e+06,1.7038e+06,1.7728e+06,1.8222e+06,1.9928e+06,2.1287e+06,1.8736e+06,2.3446e+06,2.4833e+06,2.582e+06,2.622e+06,2.6521e+06,2.7051e+06,2.7062e+06,2.8644e+06,2.9263e+06,2.9893e+06,2.897e+06,2.8309e+06,2.8687e+06,2.893e+06,3.009e+06,3.0549e+06,3.0615e+06
499,900,1900,3500,6100,7300,10300,13500,17400,21900,26900,32600,38400,59700,51800,59400,67500,76000,85300,105800,105300,116200,127700,150500,152100,200800,221100,227200,207800,232200,238900,265500,272500,298900,307900,335800,354700,365900,395100,415600,437200,449800,482000,504500,528100,552100,576900,595500,633500,687100,703900,709200,736800,765200,794600,830500,854100,890800,915800,954500,987200,1.2343e+06,1.1985e+06,1.3641e+06,1.4057e+06,1.4486e+06,1.4926e+06,1.5379e+06,1.5843e+06,1.3051e+06,1.4877e+06,1.5059e+06,1.5508e+06,1.5764e+06,1.5253e+06,1.5767e+06,1.5821e+06,1.6224e+06,1.6712e+06,1.7148e+06,1.7572e+06,1.8014e+06,1.8408e+06,1.8909e+06,1.9511e+06,1.9824e+06,2.0296e+06,2.0839e+06,2.1273e+06,2.1807e+06,2.2298e+06,2.2797e+06,2.328e+06,2.3875e+06,2.4389e+06,2.488e+06,2.5341e+06,2.586e+06,2.6575e+06,2.7013e+06,2.7561e+06
500,600,1400,2600,4700,7100,10000,13400,17400,21900,26800,32300,38400,44900,51900,59400,67500,76100,85400,95200,105400,116400,134700,139800,152300,165400,179100,193300,215000,240100,239200,266000,272600,304900,315000,326900,353200,365800,385700,413500,435300,450200,480000,508700,526000,550400,574900,600400,620200,653300,679400,713400,735000,765600,803100,822400,859000,883500,920900,946400,985200,1.018e+06,1.0462e+06,1.0798e+06,1.1203e+06,1.1553e+06,1.1946e+06,1.2283e+06,1.265e+06,1.3156e+06,1.3404e+06,1.3866e+06,1.425e+06,1.4574e+06,1.5046e+06,1.5365e+06,1.5864e+06,1.6277e+06,1.6705e+06,1.7203e+06,1.7573e+06,1.802e+06,1.852e+06,1.907e+06,1.9363e+06,1.9834e+06,2.0469e+06,2.0769e+06,2.1318e+06,2.1813e+06,2.2309e+06,2.2793e+06,2.3099e+06,2.3803e+06,2.4325e+06,2.481e+06,2.4893e+06,2.5869e+06,2.6672e+06,2.6982e+06,2.7514e+06
501,500,1300,2700,4500,7000,9800,15400,19000,23400,27800,33500,39500,46100,52700,60100,78900,117200,86100,96000,106100,127900,128400,140500,161800,165900,179800,202000,208600,223800,295400,266400,272400,374400,385400,408800,443700,457700,494100,520400,547000,564400,609000,633600,660100,690000,720800,708400,787700,817700,801500,886200,900200,974400,1.0025e+06,1.0306e+06,1.076e+06,1.0583e+06,1.1532e+06,1.1702e+06,1.2337e+06,1.2701e+06,1.3458e+06,1.3467e+06,1.3819e+06,1.4033e+06,1.4624e+06,1.5029e+06,1.4076e+06,1.3728e+06,1.4177e+06,1.4489e+06,1.8143e+06,1.8358e+06,1.8772e+06,1.9263e+06,1.9861e+06,2.0771e+06,2.1067e+06,2.1461e+06,2.2003e+06,2.2541e+06,2.3112e+06,2.3788e+06,2.4215e+06,2.4916e+06,2.4792e+06,2.6903e+06,2.6841e+06,2.7571e+06,2.8051e+06,2.8836e+06,2.6865e+06,2.9891e+06,3.0747e+06,3.2239e+06,3.1733e+06,3.2381e+06,3.2944e+06,3.3938e+06,3.4601e+06
502,800,2200,3200,5300,7700,10600,13800,17500,22000,26900,32700,38700,45200,52600,59500,69200,76700,85700,108800,105400,116400,127800,158900,152500,165500,189600,193100,207900,231900,239200,262500,272400,296900,308000,333500,352900,365500,393200,413900,427900,416600,413300,505600,526500,550500,575100,600700,626300,651400,690100,764900,738100,770300,792800,822300,858800,887100,924800,953400,979300,1.0258e+06,1.0529e+06,1.0864e+06,1.1213e+06,1.156e+06,1.1922e+06,1.2286e+06,1.2419e+06,1.3073e+06,1.3405e+06,1.3952e+06,1.4189e+06,1.4641e+06,1.498e+06,1.5448e+06,1.5803e+06,1.6326e+06,1.6653e+06,1.7147e+06,1.7567e+06,1.8014e+06,1.8458e+06,1.8988e+06,1.9609e+06,2.0142e+06,2.0392e+06,2.0837e+06,2.1327e+06,2.1811e+06,2.2247e+06,2.289e+06,2.3397e+06,2.3909e+06,2.4417e+06,2.4907e+06,2.5475e+06,2.6e+06,2.6603e+06,2.6887e+06,2.7618e+06
503,700,1800,3000,4900,7200,10100,13800,17500,22000,27000,32500,38300,44900,51900,59400,80800,76100,86600,99100,106900,117600,129100,141300,152700,179800,178900,193200,217000,223200,246600,255400,279600,290100,315000,326700,353000,372700,385800,414500,446900,463100,480600,504500,517400,551100,575200,600200,626500,652700,680300,706900,736500,763500,793000,833700,853000,889800,917400,953100,979300,1.0119e+06,1.052e+06,1.0867e+06,1.1206e+06,1.1559e+06,1.2054e+06,1.2283e+06,1.2657e+06,1.2895e+06,1.3492e+06,1.3788e+06,1.4185e+06,1.4658e+06,1.4974e+06,1.5519e+06,1.5859e+06,1.6231e+06,1.6443e+06,1.7141e+06,1.7574e+06,1.8018e+06,1.8468e+06,2.2076e+06,2.266e+06,2.2779e+06,2.509e+06,2.4951e+06,2.5902e+06,2.6182e+06,2.6979e+06,2.8678e+06,3.0317e+06,3.0292e+06,3.0916e+06,3.1455e+06,3.1996e+06,3.2363e+06,3.3274e+06,4.9193e+06,3.4017e+06
504,800,1900,4200,5200,7800,10900,14100,17500,21900,27000,32600,38500,45100,51800,59300,67500,76100,85300,95100,105400,116400,127700,139800,152200,165300,179000,193200,208000,223300,239100,255500,289600,290700,322400,326700,356100,373900,399100,407000,436700,457700,482600,503400,526800,551000,576400,600600,626500,653300,680000,707700,729000,764100,789400,836700,856500,891100,916200,953900,986900,1.014e+06,1.0467e+06,1.0876e+06,1.1215e+06,1.1579e+06,1.2139e+06,1.2382e+06,1.2671e+06,1.3095e+06,1.3418e+06,1.3786e+06,1.4244e+06,1.4573e+06,1.508e+06,1.5421e+06,1.5897e+06,1.6306e+06,1.6763e+06,1.7089e+06,1.7519e+06,1.7961e+06,1.9182e+06,1.9034e+06,1.9601e+06,2.0006e+06,2.0424e+06,2.1011e+06,2.1363e+06,2.1927e+06,2.2391e+06,2.3095e+06,2.344e+06,2.384e+06,2.4341e+06,2.4853e+06,2.5386e+06,2.5993e+06,2.578e+06,2.8855e+06,2.7596e+06
505,600,1600,2800,5400,7000,9800,13300,17400,21800,51500,33600,25600,46400,53500,61000,69200,91200,85700,95100,105400,116300,136600,139700,152100,172700,179100,193200,215300,223200,288800,255900,280900,290200,315900,326700,353900,381400,386100,414800,436500,457100,472500,495900,526500,550200,575300,600300,625900,652600,681000,707200,735300,763800,792900,818600,859600,883600,928600,952900,979500,1.0189e+06,1.0614e+06,1.0863e+06,1.115e+06,1.15e+06,1.1854e+06,1.2412e+06,1.3808e+06,1.4267e+06,1.4726e+06,1.3836e+06,1.4186e+06,1.4638e+06,1.4994e+06,1.5511e+06,1.5866e+06,1.6232e+06,1.6997e+06,1.7149e+06,1.9101e+06,1.7962e+06,1.8466e+06,1.9017e+06,1.9523e+06,1.7165e+06,2.1454e+06,2.0949e+06,1.6369e+06,2.6296e+06,2.7254e+06,2.3601e+06,2.4491e+06,2.5021e+06,2.5618e+06,2.4992e+06,2.5369e+06,2.6071e+06,2.6451e+06,2.7068e+06,2.7717e+06
506,700,1800,3200,5100,7300,10300,13700,17600,22100,27100,32400,38500,44900,51900,59500,79100,76100,85300,95100,105500,125200,127900,139800,152300,172800,179000,193100,207900,225000,246700,255500,279400,289900,315100,326800,352800,372400,386000,413800,434900,457400,479800,495700,526200,550200,575200,600400,629200,689400,679800,707800,735300,769900,793200,822900,858800,883600,921100,953200,979200,1.0187e+06,1.0758e+06,1.0905e+06,1.121e+06,1.158e+06,1.1917e+06,1.2284e+06,1.2651e+06,1.3021e+06,1.347e+06,1.3791e+06,1.4214e+06,1.4576e+06,1.4978e+06,1.5387e+06,1.5867e+06,1.6212e+06,1.6645e+06,1.7146e+06,1.7613e+06,1.8634e+06,1.8562e+06,1.8956e+06,1.9391e+06,2.0525e+06,2.5511e+06,2.5936e+06,2.6844e+06,2.7198e+06,2.7899e+06,2.8701e+06,3.0889e+06,3.0047e+06,3.0533e+06,3.0912e+06,3.1991e+06,3.2965e+06,3.3192e+06,3.4738e+06,3.4485e+06
507,600,1900,3400,5800,8800,12500,19200,19400,24100,29400,33600,39900,45800,46700,53900,69200,77800,87000,108600,105900,116400,127700,149800,152300,165300,179000,193200,207900,230300,239200,257000,285200,290600,317300,326700,353200,372900,386000,414600,435300,498500,493700,503000,526400,552200,575400,600400,626500,653200,700500,707200,735500,763900,795500,828400,852900,890800,896700,953800,985500,1.0125e+06,1.0462e+06,1.1237e+06,1.1217e+06,1.1578e+06,1.1926e+06,1.2289e+06,1.2661e+06,1.31e+06,1.4109e+06,1.3814e+06,1.4538e+06,1.4694e+06,1.5147e+06,1.5563e+06,1.6849e+06,1.6308e+06,1.6747e+06,1.7148e+06,1.7579e+06,1.8016e+06,1.845e+06,1.8911e+06,1.9435e+06,1.9959e+06,2.4415e+06,2.4938e+06,2.5751e+06,2.9444e+06,2.7266e+06,2.7676e+06,2.8753e+06,3.1137e+06,3.0603e+06,3.094e+06,3.1707e+06,3.3004e+06,3.2046e+06,3.3814e+06,3.4922e+06
508,700,1700,3400,5800,8800,18700,17000,21600,28200,33800,40700,48100,56200,64800,74200,84300,95000,121100,118900,131700,145400,171700,174600,190100,217900,223700,243400,214300,224700,254900,256000,282400,290100,315300,326700,352800,372400,385800,413600,434700,457000,479300,528100,519300,551100,574900,550000,605000,653900,679600,707000,735000,763300,792800,828800,854400,889400,920200,953100,979400,1.0065e+06,1.0709e+06,1.0896e+06,1.1223e+06,1.1573e+06,1.1926e+06,1.2288e+06,1.2658e+06,1.3092e+06,1.3536e+06,1.383e+06,1.4364e+06,1.4705e+06,1.5145e+06,1.5686e+06,1.5893e+06,1.6284e+06,1.6696e+06,1.7084e+06,1.7517e+06,1.7942e+06,1.8458e+06,1.8981e+06,1.9367e+06,1.9832e+06,2.1681e+06,2.0856e+06,2.1336e+06,2.1842e+06,2.2295e+06,2.2788e+06,2.3317e+06,2.3799e+06,2.4314e+06,2.4827e+06,2.5338e+06,2.595e+06,2.6339e+06,2.6948e+06,2.7572e+06
509,600,1300,2600,4500,6900,9900,13300,17300,21800,26700,32200,38300,44700,51700,59300,67400,83700,85200,95000,105200,116200,134500,117800,152200,165300,186900,194600,208000,223300,239100,255600,279900,290100,316600,336900,345900,372600,393000,406700,435100,457000,479600,502700,526200,543300,568300,600000,630100,652700,679900,707400,742300,780700,794400,831100,854800,891100,916900,954900,981000,1.0134e+06,1.0541e+06,1.0879e+06,1.1705e+06,1.1605e+06,1.1953e+06,1.2315e+06,1.2681e+06,1.3056e+06,1.3434e+06,1.3885e+06,1.4214e+06,1.4849e+06,1.5022e+06,1.5476e+06,1.5889e+06,1.6248e+06,1.6745e+06,1.7161e+06,1.7693e+06,1.8172e+06,1.8483e+06,1.8942e+06,1.9406e+06,1.986e+06,2.0394e+06,2.0993e+06,2.1434e+06,2.1853e+06,2.2346e+06,2.2937e+06,2.2838e+06,2.8037e+06,2.4232e+06,2.4943e+06,2.7688e+06,2.6056e+06,2.6528e+06,2.7245e+06,2.7621e+06
510,700,1900,3100,4900,7400,10300,13700,17700,22200,27200,32600,38400,45000,52000,68800,67600,76100,85400,95300,105500,130000,128300,140100,152200,250800,225500,193700,219300,224800,254600,257100,286900,290400,316800,326600,353100,372700,385900,413800,435200,457000,472400,508700,531000,571400,581700,676900,791200,819700,851900,887000,921400,957100,956300,1.0406e+06,1.0433e+06,1.108e+06,1.1534e+06,1.1939e+06,1.2265e+06,1.6935e+06,1.3113e+06,1.3609e+06,1.4459e+06,1.2901e+06,1.2567e+06,1.2976e+06,1.2856e+06,1.4441e+06,1.4194e+06,1.5386e+06,1.7247e+06,1.7066e+06,1.882e+06,1.6618e+06,1.6011e+06,1.8016e+06,1.8513e+06,1.7729e+06,1.9687e+06,1.9472e+06,1.8434e+06,1.8941e+06,1.937e+06,1.967e+06,2.0971e+06,2.4859e+06,2.4062e+06,2.5357e+06,2.4727e+06,2.5121e+06,2.6048e+06,2.7916e+06,2.5714e+06,2.9522e+06,2.896e+06,2.9817e+06,2.9871e+06,3.3741e+06,3.4171e+06
511,700,1800,3400,5800,8700,12500,16900,21600,27100,33400,42000,39700,45600,52500,59500,67600,95100,106600,119000,131700,145300,159700,174500,190200,206500,223600,241400,259800,279000,318400,319400,381400,373600,309300,342300,377600,367200,400500,415600,434900,449800,479600,502800,526000,550400,575000,613200,605500,653900,679500,713300,735200,764000,799000,822500,853000,883800,921100,946900,985200,1.0979e+06,1.0541e+06,1.0809e+06,1.1221e+06,1.1573e+06,1.1927e+06,1.2299e+06,1.3141e+06,1.534e+06,1.6319e+06,1.6255e+06,1.4429e+06,1.4689e+06,1.5189e+06,1.5592e+06,1.7214e+06,2.0292e+06,2.0841e+06,2.0761e+06,2.1165e+06,2.1905e+06,2.2976e+06,2.4667e+06,2.4604e+06,2.5141e+06,2.572e+06,2.5843e+06,2.746e+06,2.7023e+06,2.8307e+06,2.8195e+06,2.9273e+06,3.0001e+06,3.0536e+06,3.039e+06,2.986e+06,3.154e+06,3.3055e+06,3.075e+06,2.7849e+06
512,600,1400,3400,5500,7500,25400,13700,17500,21900,27000,32600,38500,44800,51800,61000,77500,76600,85500,95000,117400,116200,127700,139700,162900,165900,178900,259200,209400,285400,299400,319500,273800,304900,320200,326500,355100,365600,385900,415500,436800,449900,472400,504100,527800,552000,581300,602800,647200,659700,683300,716100,736700,765100,800700,824100,860800,884700,923100,970700,1.0059e+06,1.0957e+06,1.0729e+06,1.1411e+06,1.1244e+06,1.159e+06,1.2036e+06,1.252e+06,1.266e+06,1.3022e+06,1.3404e+06,1.3791e+06,1.4181e+06,1.4578e+06,1.5037e+06,1.55e+06,1.5746e+06,1.611e+06,1.6518e+06,1.6951e+06,1.7577e+06,1.8673e+06,2.1741e+06,2.3956e+06,2.4367e+06,2.502e+06,2.553e+06,2.9246e+06,2.6231e+06,2.6131e+06,2.8227e+06,2.8237e+06,2.9252e+06,2.9887e+06,3.0781e+06,3.1171e+06,3.1835e+06,3.3224e+06,3.3272e+06,3.3132e+06,3.4598e+06
513,900,2200,3300,5000,7400,10400,13700,17600,22000,27000,32500,38500,59300,51900,59500,67600,76300,85400,103800,105500,116400,129500,141400,167100,167000,180600,207800,208300,234400,239100,264300,272500,297300,307900,333900,353000,365800,392800,413800,428300,457300,479700,505800,520700,544100,568400,601700,627100,653700,729500,732800,744400,764800,793700,829400,853500,895800,1.1433e+06,957900,980100,1.0122e+06,1.0523e+06,1.0831e+06,1.1137e+06,1.1555e+06,1.1921e+06,1.2284e+06,1.2729e+06,1.305e+06,1.3399e+06,1.3783e+06,1.4176e+06,1.4633e+06,1.4982e+06,1.5449e+06,1.5867e+06,1.6247e+06,1.672e+06,1.683e+06,1.7627e+06,1.7966e+06,1.8468e+06,1.8915e+06,1.9449e+06,1.9834e+06,2.0299e+06,2.0837e+06,2.1297e+06,2.182e+06,2.4204e+06,2.2797e+06,2.3287e+06,2.3793e+06,2.4274e+06,2.4871e+06,2.5424e+06,2.5868e+06,2.64e+06,2.7011e+06,2.7527e+06
514,600,1300,2800,4600,7100,10000,13500,17400,22000,26900,32300,38500,44900,51900,67000,67500,76200,85400,95100,105500,116300,127800,139800,159300,165300,179000,200000,207800,223300,246700,255600,281600,290000,321800,328300,361800,366700,396700,414100,435200,450000,479500,502700,526100,550600,575000,600000,626100,652500,679400,713800,733800,767400,794800,829900,853600,890500,916100,953900,986100,1.0131e+06,1.0528e+06,1.1704e+06,1.2542e+06,1.16e+06,1.192e+06,1.2281e+06,1.2646e+06,1.3024e+06,1.3473e+06,1.379e+06,1.4182e+06,1.4787e+06,1.4989e+06,1.5526e+06,1.5873e+06,1.6256e+06,1.8888e+06,1.714e+06,1.7581e+06,1.8246e+06,1.869e+06,2.1173e+06,2.3312e+06,2.3848e+06,2.4803e+06,2.5921e+06,2.7203e+06,2.721e+06,2.9097e+06,3.0134e+06,2.9913e+06,3.0193e+06,3.0407e+06,2.9926e+06,3.2575e+06,3.0488e+06,3.3122e+06,3.3717e+06,3.5916e+06
515,700,1700,3500,10400,10700,14100,17300,23400,29200,35900,40600,66200,56200,64900,74700,84400,95000,120800,118900,151400,136800,143900,141400,152700,179700,179100,193200,216800,223300,227700,269500,273100,299100,308100,334000,345800,365800,392900,413500,437200,458000,479600,506300,526300,550300,575000,600400,626200,626200,668400,731300,763000,766700,799700,822400,852500,883600,923900,946400,985300,1.019e+06,1.0384e+06,1.1055e+06,1.117e+06,1.1509e+06,1.2127e+06,1.2287e+06,1.2658e+06,1.3036e+06,1.4866e+06,1.6794e+06,1.7344e+06,1.8255e+06,1.8711e+06,1.7692e+06,1.8126e+06,1.8464e+06,1.9745e+06,2.1799e+06,2.1989e+06,2.2199e+06,2.2621e+06,2.3476e+06,2.3908e+06,2.5257e+06,2.6045e+06,2.6197e+06,2.7001e+06,2.6717e+06,2.6155e+06,2.7382e+06,2.5581e+06,2.749e+06,3.0537e+06,2.9257e+06,3.0548e+06,3.3283e+06,3.4177e+06,3.3718e+06,3.5526e+06
516,900,2300,4400,5500,7300,10200,13700,17600,21900,27000,32500,38500,44800,51900,59500,67500,76100,85300,83200,105400,124900,123900,156000,166200,165800,179400,201300,207900,223200,246300,255600,279500,290100,315300,333900,345800,372800,386000,407000,435400,457300,479600,507800,527100,550500,571400,600900,626600,652700,682800,707200,741400,771600,792600,828400,852600,889800,915100,952900,985700,1.0046e+06,1.0473e+06,1.0862e+06,1.1214e+06,1.1561e+06,1.192e+06,1.2281e+06,1.2707e+06,1.3029e+06,1.3415e+06,1.3822e+06,1.4249e+06,1.4581e+06,1.5038e+06,1.5401e+06,1.5867e+06,1.6396e+06,1.6708e+06,1.7084e+06,1.7572e+06,1.8011e+06,1.8465e+06,1.892e+06,1.9548e+06,2.4091e+06,2.4536e+06,2.4805e+06,2.5617e+06,2.648e+06,2.627e+06,2.8478e+06,2.8198e+06,2.9181e+06,3.0088e+06,3.1275e+06,3.2068e+06,3.2426e+06,3.1642e+06,3.2973e+06,3.3713e+06
517,800,2200,4100,5100,7300,10200,13800,17600,22100,27000,32500,38500,44900,51900,59400,76100,76200,85200,96500,121500,118000,129400,154500,152700,170000,179700,204500,208000,231100,239200,255700,272600,290000,308100,333800,346000,372700,392900,406700,435000,457400,480100,502600,527500,545200,568900,604300,627600,654000,683900,707900,742600,764600,793500,829400,853800,890700,917400,967900,1.0046e+06,1.0232e+06,1.0488e+06,1.0879e+06,1.1226e+06,1.1574e+06,1.1953e+06,1.3696e+06,1.2665e+06,1.3158e+06,1.385e+06,1.388e+06,1.4205e+06,1.4603e+06,1.5058e+06,1.5401e+06,1.587e+06,1.6294e+06,1.6733e+06,1.7089e+06,1.7516e+06,1.8017e+06,1.8478e+06,1.8923e+06,1.9386e+06,2.4043e+06,2.4233e+06,2.573e+06,2.6389e+06,2.7296e+06,2.816e+06,2.913e+06,2.9705e+06,2.8779e+06,3.0921e+06,3.0642e+06,3.1789e+06,3.1117e+06,3.347e+06,3.3732e+06,3.4489e+06
518,700,2600,4300,6900,37700,15200,19800,22900,47300,34700,41200,63700,47000,53300,68600,81100,90700,101200,112900,94500,117100,214300,174700,190300,221900,223500,241500,272000,300800,311300,319400,354900,362600,396700,421100,444300,468500,482300,519800,546400,573600,602200,619300,660900,745000,722200,752700,740500,817800,833500,833100,921000,964400,957600,1.0303e+06,1.0315e+06,1.0299e+06,1.1692e+06,1.1762e+06,1.252e+06,1.0276e+06,1.0637e+06,1.1851e+06,1.1329e+06,1.3544e+06,1.1967e+06,1.2308e+06,1.2674e+06,1.5527e+06,1.5624e+06,1.5242e+06,1.5913e+06,1.8003e+06,1.7945e+06,1.6647e+06,2.0045e+06,2.172e+06,2.237e+06,2.32e+06,2.358e+06,2.4157e+06,2.4053e+06,2.3391e+06,2.3768e+06,2.5586e+06,2.6701e+06,2.688e+06,2.6797e+06,2.6704e+06,2.8166e+06,2.9034e+06,2.9742e+06,3.0682e+06,3.2064e+06,3.1683e+06,3.1715e+06,3.3042e+06,3.3537e+06,3.4213e+06,3.5227e+06
519,900,2200,4300,5100,7400,10200,13600,17600,22000,27100,32600,52900,44900,51900,59400,67400,76300,85400,104100,105300,116300,127700,147200,152200,165300,194600,193700,203200,234800,239200,262900,272500,297000,308100,333900,346000,372600,392900,406600,435200,457000,482000,502900,526100,565300,575100,620900,629600,659100,680200,707000,735200,763700,792700,828500,854000,890000,914700,953600,985900,1.0167e+06,1.0459e+06,1.0859e+06,1.1211e+06,1.1563e+06,1.1925e+06,1.2276e+06,1.2649e+06,1.2926e+06,1.3405e+06,1.3838e+06,1.418e+06,1.4577e+06,1.4978e+06,1.5474e+06,1.59e+06,1.6497e+06,1.6721e+06,1.7035e+06,1.7583e+06,1.8016e+06,1.8462e+06,1.8919e+06,1.9502e+06,1.9836e+06,2.0302e+06,2.2897e+06,2.1322e+06,2.1813e+06,2.2361e+06,2.6724e+06,2.7935e+06,2.9215e+06,3.0407e+06,3.137e+06,3.2273e+06,3.2423e+06,3.3069e+06,3.4142e+06,3.4092e+06
520,900,2000,3200,5100,7300,10400,13700,17600,22000,27000,32600,38600,44900,51900,46300,67400,76000,97200,96400,105200,116200,127600,148300,152300,165200,186000,193200,207800,230300,239100,262500,272400,297600,308100,335700,346000,373500,392900,413500,428100,457100,481800,503100,526600,550600,582700,607000,630100,661600,680300,708000,736400,778600,798100,830200,853800,904300,924100,948100,986400,1.1243e+06,1.2883e+06,1.3404e+06,1.3628e+06,1.1592e+06,1.447e+06,1.6359e+06,1.6335e+06,1.6891e+06,1.6313e+06,1.778e+06,1.8615e+06,1.5323e+06,1.8191e+06,1.8633e+06,1.9124e+06,1.9656e+06,2.016e+06,2.1178e+06,2.0931e+06,2.2561e+06,2.3102e+06,2.3311e+06,2.4314e+06,2.5703e+06,2.5622e+06,2.5592e+06,2.6714e+06,2.7727e+06,2.7917e+06,2.853e+06,2.9085e+06,3.0012e+06,3.0682e+06,3.0978e+06,3.1497e+06,3.3431e+06,3.3364e+06,3.332e+06,3.3895e+06
521,800,1700,3300,5500,7400,10300,27900,17500,22000,26900,32600,38700,45100,52000,59400,67500,77800,85900,95700,105500,126800,127700,139800,160500,165500,179000,200600,208800,235100,239000,264300,272400,297100,308200,333800,363700,365600,395000,414100,427900,449800,479700,526200,519700,553800,577100,601800,627200,661900,669900,707700,734800,770100,792600,828500,853100,900500,915200,952800,979500,1.0191e+06,1.0526e+06,1.0963e+06,1.1253e+06,1.1574e+06,1.1922e+06,1.2284e+06,1.2658e+06,1.3032e+06,1.347e+06,1.3786e+06,1.4181e+06,1.467e+06,1.6321e+06,1.7164e+06,1.6316e+06,1.6388e+06,1.6722e+06,1.7143e+06,1.7477e+06,1.8009e+06,1.8461e+06,1.9026e+06,1.9376e+06,1.9925e+06,2.03e+06,2.0831e+06,2.1252e+06,2.1935e+06,2.2293e+06,2.2782e+06,2.3224e+06,2.3737e+06,2.4304e+06,2.5453e+06,2.6585e+06,2.6918e+06,2.6798e+06,2.9844e+06,3.2056e+06
522,700,1800,3300,5000,7300,10200,13600,17400,22000,26800,32600,38400,44800,51800,59300,67500,76100,85300,95100,107100,118000,128300,194100,179000,194500,224900,241700,259800,264400,281200,330700,340400,361300,370500,408400,443300,457100,493600,517900,514000,529500,398100,511800,668400,669300,722100,753400,785300,818300,802200,886200,920900,919700,1.0404e+06,1.0279e+06,956200,983500,1.0253e+06,1.0542e+06,1.0633e+06,1.0204e+06,1.0534e+06,1.0815e+06,1.126e+06,1.1583e+06,1.2026e+06,1.2387e+06,1.2768e+06,1.3137e+06,1.3695e+06,1.3877e+06,1.437e+06,1.4684e+06,1.5006e+06,1.5447e+06,1.5806e+06,1.6217e+06,1.6704e+06,1.7143e+06,1.7573e+06,1.8067e+06,1.8457e+06,1.8915e+06,1.9517e+06,1.9826e+06,2.0299e+06,2.1079e+06,2.1313e+06,2.1783e+06,2.2236e+06,2.2787e+06,2.3325e+06,2.3792e+06,2.4355e+06,2.486e+06,2.5425e+06,2.5929e+06,2.6577e+06,2.7011e+06,2.7619e+06
523,600,1400,2800,4700,7000,10000,13300,17400,21700,26800,32300,38300,44700,60100,59500,67500,76100,113400,96800,106100,110200,107100,151100,152800,165100,190200,203500,230100,230900,239200,263100,273100,301000,308000,326500,352700,397500,403800,436600,432100,449200,470600,519400,526700,550000,574800,600200,626800,657700,680400,707000,740800,764100,792500,906100,853900,891000,915800,953700,986400,1.0132e+06,1.0478e+06,1.0881e+06,1.1222e+06,1.162e+06,1.216e+06,1.23e+06,1.2669e+06,1.3101e+06,1.3421e+06,1.3809e+06,1.4266e+06,1.4596e+06,1.5057e+06,1.5507e+06,1.5879e+06,1.6291e+06,1.6992e+06,1.7185e+06,1.7597e+06,1.8042e+06,1.8825e+06,1.8922e+06,1.9401e+06,1.9902e+06,2.032e+06,2.0946e+06,2.1799e+06,2.7349e+06,2.7908e+06,2.8505e+06,2.9533e+06,2.7601e+06,3.0462e+06,3.1068e+06,3.1718e+06,3.305e+06,3.3036e+06,3.4899e+06,3.4386e+06
524,800,1700,3300,5800,13700,13600,18000,18400,23100,27700,32800,38800,45300,51900,74100,67500,76200,85300,95100,105500,116400,127800,139800,159600,165300,179000,200300,207900,223300,246400,249300,282600,316600,314000,336500,354800,366100,394100,415200,436300,450400,481300,504300,527400,552000,578600,601200,627500,654400,686200,720800,775200,767300,797200,831300,852400,889500,914900,952900,978800,1.0183e+06,1.063e+06,1.0826e+06,1.0007e+06,1.1572e+06,1.1919e+06,1.2285e+06,1.2645e+06,1.3026e+06,1.3407e+06,1.386e+06,1.432e+06,1.4599e+06,1.466e+06,1.5414e+06,1.5883e+06,1.8611e+06,2.0724e+06,2.1124e+06,1.9198e+06,2.3355e+06,2.3214e+06,2.3863e+06,2.436e+06,2.5699e+06,2.5175e+06,2.6282e+06,2.7225e+06,2.7714e+06,2.9266e+06,2.9174e+06,3.0049e+06,2.9906e+06,3.3322e+06,3.1677e+06,3.1476e+06,3.4146e+06,3.3206e+06,3.3818e+06,3.4412e+06
525,700,1700,3300,5700,9600,10700,14400,18500,22600,27000,32500,38600,45000,51900,73700,67400,76100,85200,95100,105400,116400,127700,139700,159400,165300,178900,200300,207800,219700,240600,272000,274100,306300,318800,326600,353200,365500,385900,414100,434900,450100,472600,502300,526100,550400,575300,600200,626100,657200,687300,708400,742000,809200,799700,831500,854000,891100,916500,954400,987200,1.0137e+06,1.1038e+06,1.0913e+06,1.1225e+06,1.1557e+06,1.1918e+06,1.2279e+06,1.265e+06,1.3027e+06,1.3467e+06,1.3788e+06,1.4202e+06,1.478e+06,1.498e+06,1.5443e+06,1.5862e+06,1.6216e+06,1.672e+06,1.7208e+06,1.7544e+06,1.8036e+06,1.8464e+06,1.8911e+06,1.9427e+06,1.9831e+06,2.0294e+06,2.0966e+06,2.1257e+06,2.1744e+06,2.2282e+06,2.2802e+06,2.3275e+06,2.3791e+06,2.4203e+06,2.4827e+06,2.5346e+06,2.5871e+06,2.6564e+06,2.6968e+06,2.7574e+06
526,500,1500,2800,4600,7100,9800,13500,17300,21800,26800,32300,38300,44800,51900,59500,67400,83700,85200,95000,105300,116400,134700,141000,152300,172600,178800,193200,214900,223100,246400,263700,281100,290000,315400,326600,352900,365600,385800,413700,435000,450000,472800,502400,526100,550000,583700,609800,723000,765200,734200,716600,737800,770500,792700,822300,852400,883400,925900,947000,979200,1.0185e+06,1.0551e+06,1.0861e+06,1.1145e+06,1.15e+06,1.1941e+06,1.2285e+06,1.2813e+06,1.3036e+06,1.3398e+06,1.385e+06,1.4225e+06,1.4651e+06,1.4974e+06,1.5449e+06,1.6041e+06,1.908e+06,2.0585e+06,2.0548e+06,2.1103e+06,2.1755e+06,2.2686e+06,2.2944e+06,2.3356e+06,2.3773e+06,2.5505e+06,2.5995e+06,3.255e+06,2.6825e+06,2.8147e+06,2.8749e+06,2.8661e+06,2.853e+06,3.0546e+06,3.1155e+06,3.2261e+06,3.2379e+06,3.5029e+06,4.9005e+06,3.44e+06
527,700,1700,3300,5700,8600,12400,16600,23300,29200,33800,40700,78900,57700,65600,74700,84400,95200,106500,118900,147700,145200,159400,174600,202800,206500,223600,253400,259700,290500,298800,330800,340600,374900,399000,392900,383500,468600,496300,519400,535000,573500,566500,630600,660700,691300,721100,752800,787700,661600,699700,717400,745500,843400,801800,822800,859100,883400,947200,955600,987700,1.0137e+06,1.0536e+06,1.0957e+06,1.3512e+06,1.4297e+06,1.4695e+06,1.5023e+06,1.4424e+06,1.5323e+06,1.3844e+06,1.4693e+06,1.5211e+06,1.549e+06,1.5042e+06,1.6073e+06,1.7585e+06,1.8634e+06,1.8184e+06,1.7608e+06,1.8275e+06,1.7993e+06,1.8742e+06,1.9273e+06,1.9668e+06,2.0033e+06,2.0473e+06,2.0786e+06,2.1325e+06,2.1734e+06,2.2316e+06,2.2835e+06,2.3287e+06,2.3822e+06,2.4302e+06,2.481e+06,2.5397e+06,2.5942e+06,2.6398e+06,2.7049e+06,2.7613e+06
528,900,2200,3400,5300,7800,10400,13600,17500,22000,26800,32600,38400,44700,51700,74900,67300,76000,85100,95100,105400,132000,114600,141400,168000,167000,179500,207600,207900,223100,247800,255500,279700,279500,309400,339300,356300,366500,395200,417600,428800,450800,481500,504200,528000,588000,579600,602500,626200,652700,679700,726800,735200,763700,799200,822600,858900,883800,921700,947000,989500,1.0188e+06,1.0466e+06,1.0799e+06,1.1715e+06,1.1592e+06,1.1922e+06,1.2288e+06,1.2658e+06,1.3028e+06,1.346e+06,1.3851e+06,1.4255e+06,1.4812e+06,1.515e+06,1.5502e+06,1.5967e+06,1.6291e+06,1.6703e+06,1.7103e+06,2.0966e+06,1.8028e+06,1.8469e+06,1.8924e+06,1.9438e+06,1.9847e+06,2.0313e+06,2.4483e+06,2.4777e+06,2.5438e+06,2.5978e+06,2.8309e+06,2.9282e+06,2.9793e+06,3.0422e+06,3.2929e+06,3.1716e+06,3.2978e+06,3.3965e+06,3.3921e+06,3.4911e+06
529,900,2200,4300,5300,7800,10500,13700,17500,21800,27000,32600,38600,45000,51900,59400,67400,76200,85300,95200,107700,127300,127800,139600,160800,165100,178900,201200,207800,223100,248100,255500,280600,289900,315900,342700,347500,381900,403600,408300,442700,458700,483400,503500,526200,550300,575600,588600,626900,652800,679600,707200,814700,777500,793300,822600,858800,883100,920900,947000,996400,1.0192e+06,1.0526e+06,1.0803e+06,1.1209e+06,1.1565e+06,1.1918e+06,1.2284e+06,1.2647e+06,1.3018e+06,1.3506e+06,1.3792e+06,1.4176e+06,1.4706e+06,1.5137e+06,1.5396e+06,1.5878e+06,1.8135e+06,1.8755e+06,1.795e+06,1.769e+06,1.9696e+06,1.8574e+06,1.8964e+06,1.9423e+06,1.986e+06,2.2536e+06,2.0695e+06,2.1258e+06,2.1825e+06,2.2302e+06,2.2717e+06,2.323e+06,2.3851e+06,2.4294e+06,2.4863e+06,2.5345e+06,2.5873e+06,2.6372e+06,2.6956e+06,2.7644e+06
530,500,1400,2800,4700,7000,10000,13400,17400,21800,26900,41300,38200,44800,51800,59300,67500,76100,92100,95000,105300,116300,147200,139700,152200,165200,178800,198500,144600,246200,240100,266500,273300,299400,309000,335900,355500,366700,395000,415600,436700,451000,481600,504300,527900,560300,611800,611100,610200,654500,680200,706700,734600,763200,792400,828200,852500,889200,914700,953000,977800,1.0706e+06,1.0542e+06,1.0876e+06,1.1221e+06,1.1571e+06,1.1923e+06,1.2285e+06,1.2671e+06,1.3054e+06,1.3568e+06,1.3573e+06,1.429e+06,1.4696e+06,1.5167e+06,1.557e+06,1.5963e+06,1.6388e+06,1.7404e+06,1.7088e+06,1.7583e+06,1.8009e+06,1.8414e+06,1.8972e+06,2.0086e+06,2.0503e+06,2.0355e+06,2.0753e+06,2.1289e+06,2.185e+06,2.4583e+06,2.5255e+06,2.6372e+06,2.7814e+06,3.053e+06,3.1345e+06,3.1365e+06,3.2909e+06,3.3082e+06,3.3384e+06,3.5674e+06
531,900,2800,4400,3000,4400,6200,8100,12800,17300,18300,27100,38400,40800,46300,51800,60100,72100,89100,89400,100500,110700,128600,133700,148200,161100,183300,193200,210800,216300,233300,256700,315600,308400,309700,321000,359300,374000,385800,413800,435200,457300,472600,495900,526400,562100,576000,600600,626200,652700,679600,713400,721900,764200,798700,822500,852900,883200,923600,950500,988400,1.0205e+06,1.0539e+06,1.082e+06,1.1281e+06,1.1674e+06,1.1943e+06,1.2278e+06,1.2651e+06,1.3177e+06,1.3402e+06,1.3812e+06,1.4181e+06,1.4578e+06,1.5039e+06,1.5457e+06,1.5796e+06,1.6325e+06,1.671e+06,1.7139e+06,1.757e+06,1.8016e+06,1.9849e+06,1.8927e+06,1.9725e+06,1.9951e+06,2.0409e+06,2.0897e+06,2.143e+06,2.1843e+06,2.2346e+06,2.2893e+06,2.3398e+06,2.5862e+06,2.9911e+06,2.975e+06,3.0918e+06,3.2796e+06,3.3158e+06,3.3722e+06,3.4489e+06
532,700,1600,3200,5700,8700,14500,18100,26300,22800,28000,33100,38700,45300,52000,59400,67500,70600,85300,95000,105400,116300,127500,139700,152300,172600,179000,193200,214700,223200,246000,255500,262400,290100,315300,326800,352800,373000,385900,413600,435200,456900,472500,503100,526100,550200,575500,600400,626000,652500,680000,710600,743700,763800,792600,822100,858500,884200,921100,946700,985300,1.0184e+06,1.0531e+06,1.0883e+06,1.119e+06,1.1504e+06,1.1924e+06,1.2281e+06,1.2655e+06,1.3022e+06,1.3412e+06,1.3853e+06,1.4345e+06,1.4594e+06,1.514e+06,1.5441e+06,1.5803e+06,1.6286e+06,1.6713e+06,1.7139e+06,1.7649e+06,2.2118e+06,1.859e+06,1.8932e+06,1.9396e+06,1.9865e+06,2.0554e+06,2.0901e+06,2.1391e+06,2.1903e+06,2.2404e+06,2.2743e+06,2.3409e+06,2.4044e+06,2.443e+06,2.514e+06,2.5455e+06,2.5538e+06,2.6517e+06,2.7073e+06,2.7745e+06
533,1400,2900,4800,7000,10100,13500,17900,23000,28900,35500,33500,39800,46600,52500,59900,67500,76100,85400,95100,105400,124800,127800,139800,135600,165200,179000,202400,208000,223200,248000,255600,279700,290000,315200,326700,345800,372700,386100,387500,438800,457200,479700,502900,519400,543700,573900,601200,1.5003e+06,653800,679900,707500,734600,770300,800600,809900,862900,883700,920900,957400,979700,1.0189e+06,1.0522e+06,1.0864e+06,1.1146e+06,1.1496e+06,1.1851e+06,1.2426e+06,1.2679e+06,1.3226e+06,1.3408e+06,1.3799e+06,1.4188e+06,1.4588e+06,1.5129e+06,1.5404e+06,1.5878e+06,1.6294e+06,1.3079e+06,1.725e+06,1.7684e+06,1.8131e+06,1.8572e+06,1.9127e+06,1.966e+06,1.9902e+06,2.0393e+06,2.0829e+06,2.1332e+06,2.1757e+06,2.2631e+06,2.2929e+06,2.3413e+06,2.3915e+06,2.4166e+06,2.494e+06,2.5517e+06,2.5993e+06,2.6816e+06,2.7076e+06,2.7672e+06
534,700,1700,3000,4900,7300,10200,13700,17600,22100,26800,32300,38100,44600,53600,59300,60900,76400,85400,107400,105300,116300,127600,149600,152200,165200,178900,193200,207800,230400,239100,262400,272400,296900,302600,326400,353600,372500,385500,413700,435200,461800,483100,495900,519200,551200,575900,601000,626700,653300,680300,707800,735600,807600,836000,873800,863200,904100,924100,959300,997100,1.025e+06,1.0551e+06,1.0886e+06,1.1228e+06,1.1958e+06,1.1925e+06,1.2144e+06,1.277e+06,1.4651e+06,1.3882e+06,1.3901e+06,1.4199e+06,1.4716e+06,1.5221e+06,1.7711e+06,1.7606e+06,1.7564e+06,1.8516e+06,1.7273e+06,1.7674e+06,1.7831e+06,1.8276e+06,2.1787e+06,1.9326e+06,2.0196e+06,2.0308e+06,2.0833e+06,2.1267e+06,2.155e+06,2.2026e+06,2.2843e+06,2.3436e+06,2.3799e+06,2.4321e+06,2.49e+06,2.5344e+06,2.625e+06,2.6399e+06,2.7043e+06,2.7531e+06
535,600,1300,2700,4500,6900,10000,13300,17400,21700,26600,32200,38200,44800,51900,67600,67300,76000,85200,95000,105200,123500,127600,139600,159300,165200,178800,200200,207700,223100,246100,255400,279200,289800,315100,326700,347300,372700,385700,414000,434900,457500,480100,495600,519200,550200,575000,600400,626000,652600,679400,707500,738400,784100,802600,822200,858700,883600,920800,947000,986600,1.0189e+06,1.0515e+06,1.0733e+06,1.1209e+06,1.1565e+06,1.2034e+06,1.2506e+06,1.2647e+06,1.3026e+06,1.3404e+06,1.3787e+06,1.4242e+06,1.4572e+06,1.5061e+06,1.5399e+06,1.5847e+06,1.6465e+06,1.6794e+06,1.7132e+06,1.7564e+06,1.8007e+06,1.8468e+06,1.9019e+06,2.0294e+06,1.9858e+06,2.0369e+06,2.4993e+06,2.6801e+06,2.7797e+06,2.7607e+06,2.8635e+06,2.9258e+06,2.9789e+06,3.0534e+06,2.9718e+06,3.1326e+06,3.2888e+06,3.317e+06,3.3868e+06,3.4244e+06
536,800,2000,3800,5900,8800,12400,16500,21700,27300,33600,52100,42600,49700,57400,66000,76800,77800,86600,110300,106800,117000,129300,140200,180300,178300,179200,193200,208000,223200,246100,255500,279400,289900,315200,326700,353100,372600,385900,413700,436600,457700,479700,495300,526300,550500,575200,594300,628500,659100,679700,706700,735400,769600,792700,823200,859200,883700,922000,962700,972900,1.0159e+06,1.0531e+06,1.0861e+06,1.1208e+06,1.1572e+06,1.2255e+06,1.2599e+06,1.2652e+06,1.31e+06,1.343e+06,1.3793e+06,1.4246e+06,1.4587e+06,1.531e+06,1.5397e+06,1.5862e+06,1.6279e+06,1.6722e+06,1.7019e+06,1.7574e+06,1.8008e+06,1.8572e+06,1.8919e+06,1.9372e+06,1.9867e+06,2.0365e+06,2.0776e+06,2.1312e+06,2.0906e+06,2.2046e+06,2.2922e+06,2.7398e+06,2.524e+06,2.6294e+06,2.7656e+06,2.7013e+06,2.5972e+06,2.6463e+06,2.5694e+06,2.7518e+06
537,500,1300,2700,4500,7000,11100,14100,31200,22000,27000,32600,38700,45100,51900,59400,67500,76100,85400,95100,105300,127100,174500,141400,152700,188700,179100,193300,207900,223100,248400,255500,282600,289900,316700,326700,346000,374100,394900,406800,436800,458800,499100,510900,666700,692300,721200,617200,628100,653900,681100,715100,736500,766000,909700,1.0298e+06,984600,1.1271e+06,1.156e+06,1.1562e+06,1.1776e+06,1.2651e+06,1.274e+06,1.3228e+06,1.3544e+06,1.5109e+06,1.4636e+06,1.4968e+06,1.5492e+06,1.6304e+06,1.6265e+06,1.6703e+06,1.7647e+06,1.7772e+06,1.7719e+06,1.8829e+06,2.3852e+06,1.8248e+06,1.7502e+06,1.769e+06,1.9688e+06,2.2551e+06,2.3096e+06,2.3669e+06,2.4518e+06,2.5251e+06,2.5499e+06,2.6019e+06,2.5943e+06,2.6829e+06,2.794e+06,2.8554e+06,2.9259e+06,2.9915e+06,3.091e+06,3.1178e+06,3.2417e+06,3.2641e+06,3.3547e+06,3.3841e+06,3.5718e+06
538,900,2700,3700,5900,8800,12500,16900,25600,28500,27700,33600,39300,45400,52200,59500,67400,76100,85300,104600,105300,128900,127600,147900,152100,165300,186200,193100,207900,230300,239100,262300,272500,296800,308000,334200,345800,372800,383700,407600,435000,449900,663400,495900,527300,554800,579000,600400,626000,652400,679300,707000,741600,763500,789400,825400,852700,883100,914400,943800,978500,1.0165e+06,1.0514e+06,1.0853e+06,1.1158e+06,1.2001e+06,1.2035e+06,1.2279e+06,1.2646e+06,1.3053e+06,1.3406e+06,1.3792e+06,1.4187e+06,1.4647e+06,1.4982e+06,1.5581e+06,1.5887e+06,1.6302e+06,1.6708e+06,1.7133e+06,1.7589e+06,1.8016e+06,1.8459e+06,1.8952e+06,1.9447e+06,1.9844e+06,2.0298e+06,2.084e+06,2.1254e+06,2.1803e+06,2.2789e+06,2.28e+06,2.3363e+06,2.3809e+06,2.4322e+06,2.4839e+06,2.5223e+06,2.6059e+06,2.6525e+06,2.7133e+06,2.7333e+06
539,700,1800,3100,4900,7400,10300,13800,17500,22000,26700,32400,53000,44900,51900,59300,67400,75900,85100,103900,105400,116200,127700,147000,152300,156000,180800,204200,212200,232000,239000,255500,272400,299400,308000,334700,345800,373800,393700,406700,428400,457700,480500,503400,527300,551100,575900,646200,789100,819800,851700,849200,920500,956500,1.0007e+06,1.0306e+06,1.0686e+06,1.0644e+06,1.182e+06,1.1875e+06,1.2413e+06,1.2245e+06,1.2518e+06,1.3452e+06,1.3892e+06,1.4087e+06,1.5151e+06,1.4937e+06,1.5472e+06,1.319e+06,1.4565e+06,1.4948e+06,1.6082e+06,1.5919e+06,1.6172e+06,1.5995e+06,1.6906e+06,1.69e+06,1.6712e+06,1.7214e+06,1.7569e+06,1.8013e+06,1.8452e+06,1.8905e+06,1.9367e+06,1.997e+06,2.0409e+06,2.0854e+06,2.1884e+06,2.718e+06,2.7904e+06,2.9281e+06,2.9195e+06,3.0249e+06,3.0536e+06,3.2509e+06,3.1643e+06,3.2504e+06,3.3261e+06,3.2448e+06,3.5627e+06
540,900,2100,3800,6400,9100,12900,17000,22000,27400,33800,40600,48100,55900,64800,74200,84200,95200,120000,118700,131700,145400,198500,174500,192500,166700,180500,177300,209300,224600,240400,270400,272900,298900,315200,326600,353300,365700,393700,413700,435000,449900,479800,503600,527700,550600,586800,607000,629400,653400,680500,707000,741800,763900,793200,828600,852400,889400,914400,928800,988200,1.0192e+06,1.0524e+06,1.0801e+06,1.1218e+06,1.5651e+06,1.1938e+06,1.2347e+06,1.266e+06,1.3084e+06,1.3835e+06,1.5517e+06,1.4954e+06,1.6373e+06,1.5097e+06,1.6107e+06,1.5821e+06,1.6343e+06,1.6701e+06,1.7128e+06,1.756e+06,1.8011e+06,1.8454e+06,1.8907e+06,1.9628e+06,1.9831e+06,2.0334e+06,2.0838e+06,2.1259e+06,2.1808e+06,2.2701e+06,2.2751e+06,2.6109e+06,2.8483e+06,2.9577e+06,2.9229e+06,3.014e+06,3.2496e+06,3.3325e+06,3.4382e+06,3.5181e+06
541,1400,2300,3700,6000,9100,12800,16800,11900,22800,27600,32700,38700,45200,52100,59300,67500,76100,85200,94900,105300,116000,137300,139600,152200,165300,241600,215600,217400,223200,247400,255600,280900,289800,315900,326700,369900,374700,385800,415000,435800,458000,480600,495600,527700,551500,577700,601300,772100,817700,851500,844200,951000,965800,993000,993300,1.0677e+06,970400,935100,954200,980900,1.0136e+06,1.0535e+06,1.1214e+06,1.2738e+06,1.1581e+06,1.1932e+06,1.2293e+06,1.2698e+06,1.3045e+06,1.3422e+06,1.3828e+06,1.4372e+06,1.4687e+06,1.5137e+06,1.5559e+06,1.5979e+06,1.652e+06,1.6812e+06,1.7253e+06,1.77e+06,1.8027e+06,1.8455e+06,1.8926e+06,1.9437e+06,1.9828e+06,2.0299e+06,2.0831e+06,2.1255e+06,2.1803e+06,2.2476e+06,2.2814e+06,2.3399e+06,2.39e+06,2.4413e+06,2.4937e+06,2.5527e+06,2.6174e+06,2.6579e+06,2.7064e+06,2.7592e+06
542,600,1800,3100,5300,7800,10700,13900,17500,21900,26900,47300,38700,45000,52100,59400,67500,76100,94400,95100,105400,116300,127600,147100,152200,165300,186000,195300,219700,223300,247700,255800,289500,290200,317900,326700,353100,373300,385900,413600,435100,457000,472600,503000,526300,550500,575400,600400,626500,652400,685600,715800,742900,764900,799900,823400,859700,884300,930500,948000,978600,1.0193e+06,1.0536e+06,1.1138e+06,1.1326e+06,1.1583e+06,1.1935e+06,1.2296e+06,1.2675e+06,1.3105e+06,1.3429e+06,1.3806e+06,1.4469e+06,1.4752e+06,1.5151e+06,1.5493e+06,1.5908e+06,1.6377e+06,1.6798e+06,1.7374e+06,1.7498e+06,1.8014e+06,1.8473e+06,1.8969e+06,1.9367e+06,2.0029e+06,2.0359e+06,2.0789e+06,2.1322e+06,2.1731e+06,2.2367e+06,2.278e+06,2.3314e+06,2.3802e+06,2.4244e+06,2.4843e+06,2.5347e+06,2.6349e+06,2.9517e+06,3.0872e+06,3.24e+06
543,700,3100,3600,6100,9000,12600,17200,21700,27300,35900,43500,51100,56800,70900,60900,68600,77800,86000,95600,119400,116300,127600,139700,160900,165200,169200,201500,207900,223300,246200,255500,279300,289900,315000,334000,345700,372400,392900,406800,434900,450900,481600,503400,526000,550900,575200,600500,626100,652900,679700,713600,735300,763400,799000,822500,768000,877900,981200,1.017e+06,969800,1.0189e+06,1.0459e+06,1.0802e+06,1.1211e+06,1.1565e+06,1.1925e+06,1.2076e+06,1.2716e+06,1.3019e+06,1.3598e+06,1.3811e+06,1.427e+06,1.6567e+06,1.6094e+06,1.5475e+06,1.5947e+06,1.6241e+06,1.6684e+06,1.7252e+06,1.7596e+06,1.8028e+06,1.8475e+06,1.893e+06,1.9433e+06,2.0353e+06,2.0318e+06,2.2348e+06,2.128e+06,2.1822e+06,2.2305e+06,2.857e+06,2.7321e+06,2.6761e+06,2.8834e+06,3.0951e+06,3.1719e+06,3.2384e+06,3.3046e+06,3.456e+06,3.4496e+06
544,800,1800,3600,5700,8700,12500,17900,23100,27200,33300,40300,47800,78300,66300,74600,84700,95200,119600,120600,138500,155800,177800,174600,202900,237900,238700,257400,290200,295900,310700,319800,352800,362400,350100,408200,444200,468300,482500,519500,548500,573900,601400,619500,660200,690500,721100,752800,785000,721100,775100,863300,744600,841100,883200,831300,852800,889700,914700,953100,989400,1.0124e+06,1.0064e+06,1.1608e+06,1.1275e+06,1.1571e+06,1.1964e+06,1.2287e+06,1.3351e+06,1.4803e+06,1.4914e+06,1.5335e+06,1.4758e+06,1.4597e+06,1.5055e+06,1.54e+06,1.5875e+06,1.6394e+06,1.672e+06,1.709e+06,1.7825e+06,1.8112e+06,1.8575e+06,1.9026e+06,1.9975e+06,1.987e+06,2.0385e+06,2.0874e+06,2.1322e+06,2.175e+06,2.2326e+06,2.2902e+06,2.3385e+06,2.3919e+06,2.4783e+06,2.4947e+06,2.5471e+06,2.5943e+06,2.6649e+06,2.7053e+06,2.7676e+06
545,600,1700,3300,5100,7800,10700,14000,17500,22000,27000,32500,38300,44800,51700,59400,67500,76100,85300,95100,105400,125000,127700,142800,191500,208300,225300,242800,273300,280500,300700,321000,342100,384200,399100,342000,347200,382000,401400,416300,428500,457100,479600,502600,526200,550400,575000,600500,626100,652800,682200,714600,795200,772800,793000,829000,852800,889700,914600,953400,979400,1.0186e+06,1.0523e+06,1.0865e+06,1.1246e+06,1.1562e+06,1.1917e+06,1.2286e+06,1.2651e+06,1.3023e+06,1.341e+06,1.3851e+06,1.4179e+06,1.4613e+06,1.4977e+06,1.541e+06,1.5873e+06,1.7575e+06,1.9669e+06,2.0163e+06,2.0499e+06,1.9121e+06,2.1338e+06,2.1229e+06,2.207e+06,2.2758e+06,2.2008e+06,2.3524e+06,2.4047e+06,2.4503e+06,2.495e+06,2.7488e+06,2.8869e+06,2.9775e+06,3.043e+06,3.0579e+06,3.2617e+06,3.2446e+06,3.3044e+06,3.3439e+06,4.4753e+06
546,1300,2400,4100,6500,9700,13600,18100,23300,29100,51300,40600,56900,60700,68900,78900,90000,118600,106600,118700,140500,129100,150200,164300,179000,206400,210400,227200,256200,262400,292300,300400,331000,341000,394900,342500,364600,367100,401300,416800,435700,465500,473200,504400,526600,550400,575200,600400,626200,652900,679800,740700,736400,764700,800000,823300,853700,889400,922400,948000,1.0931e+06,1.2644e+06,1.3083e+06,1.3115e+06,1.3683e+06,1.3956e+06,1.4666e+06,1.5448e+06,1.5931e+06,1.5813e+06,1.6433e+06,1.7138e+06,1.727e+06,1.7692e+06,1.7298e+06,1.6378e+06,1.7229e+06,1.7902e+06,1.8113e+06,1.7959e+06,1.7938e+06,1.7972e+06,1.858e+06,1.9207e+06,1.9482e+06,1.985e+06,2.032e+06,2.0849e+06,2.1346e+06,2.8582e+06,2.2412e+06,2.2755e+06,2.3247e+06,2.3822e+06,2.432e+06,3.1915e+06,3.1727e+06,3.2374e+06,3.3118e+06,3.4408e+06,3.4602e+06
547,900,2200,4200,6500,7900,10600,13700,17400,36000,26900,32500,38400,44800,51600,59400,67200,76000,85200,94900,105300,116200,134900,139500,152200,165200,178800,193000,214700,223000,238900,262400,272400,296500,315000,326600,352700,367300,387500,423300,445600,460400,472800,510500,528200,543300,568300,603300,626600,792400,851800,885700,784100,881900,802100,856500,857100,884800,914600,952700,978900,1.0179e+06,1.0522e+06,1.1227e+06,1.0794e+06,1.1579e+06,1.1928e+06,1.2291e+06,1.3053e+06,1.5883e+06,1.6324e+06,1.6729e+06,1.6697e+06,1.6449e+06,1.51e+06,1.5465e+06,1.5875e+06,1.6233e+06,1.6658e+06,1.7571e+06,1.758e+06,1.8222e+06,1.849e+06,1.8925e+06,1.9379e+06,1.9862e+06,2.0507e+06,2.0904e+06,2.1243e+06,2.191e+06,2.2473e+06,2.2848e+06,2.3269e+06,2.3921e+06,2.4444e+06,2.5072e+06,2.5497e+06,2.6055e+06,2.6679e+06,2.7125e+06,2.7632e+06
548,700,1800,3000,4900,7300,10200,13700,17500,21900,27000,32400,38300,44900,66200,59500,67400,76100,85300,95100,115700,116400,127700,139600,164400,165300,179000,200200,208000,230300,239100,255600,279500,290000,308100,333800,348200,377200,395000,413700,407300,457500,496600,503500,526400,550400,575000,600200,626300,653000,679600,706600,741300,763400,799400,829500,852800,894500,915100,952900,985700,1.012e+06,1.0527e+06,1.0859e+06,1.121e+06,1.1557e+06,1.192e+06,1.2418e+06,1.2589e+06,1.3047e+06,1.3402e+06,1.3788e+06,1.4177e+06,1.4574e+06,1.5035e+06,1.5495e+06,1.593e+06,1.6223e+06,1.671e+06,1.7143e+06,1.7568e+06,1.8004e+06,1.8462e+06,1.8941e+06,1.9567e+06,2.0045e+06,2.1346e+06,2.5072e+06,2.6238e+06,2.8624e+06,2.7824e+06,2.8531e+06,2.9147e+06,2.921e+06,3.3571e+06,3.1765e+06,3.2259e+06,3.3485e+06,3.3035e+06,3.4113e+06,3.4764e+06
549,900,2200,4600,5200,7600,10200,13700,17700,22000,27000,32600,38700,45000,51800,59400,67500,76100,94100,95100,105400,116400,159600,139700,152200,165300,179000,194800,221400,223200,258000,265800,272500,297200,308000,326700,353000,366900,391200,418700,429000,455700,403400,496800,425500,554500,540800,541600,568900,656200,1.6341e+06,2.9595e+06,699300,836700,668700,628800,712500,693000,1.0806e+06,1.3388e+06,1.2467e+06,1.0217e+06,1.0478e+06,1.0881e+06,1.1572e+06,1.1585e+06,1.1937e+06,1.2344e+06,1.2792e+06,1.3157e+06,1.3443e+06,1.3874e+06,1.4193e+06,1.5302e+06,1.4999e+06,1.5499e+06,1.5888e+06,1.6235e+06,1.6716e+06,1.7143e+06,1.7677e+06,1.8169e+06,1.8563e+06,1.91e+06,1.9474e+06,1.9952e+06,2.0663e+06,2.0798e+06,2.1318e+06,2.1729e+06,2.2256e+06,2.2781e+06,2.336e+06,2.451e+06,2.4349e+06,2.4821e+06,2.7082e+06,2.9779e+06,3.3758e+06,3.3727e+06,3.5921e+06
550,900,3100,5300,9000,12000,15700,21800,24000,29600,35900,42900,50100,58300,72200,81200,89200,97000,122400,120900,133500,147400,174500,188700,192200,174700,195500,194700,209600,224200,252100,256200,282700,290400,317100,335400,345900,367200,400600,419200,437800,450100,481600,505400,522900,561500,597400,601000,682200,653600,680800,708000,742300,764700,793900,829900,1.0125e+06,1.1142e+06,1.1455e+06,1.0637e+06,1.3633e+06,1.2692e+06,1.3098e+06,1.3599e+06,1.4038e+06,1.4471e+06,1.4917e+06,1.5597e+06,1.1938e+06,1.3599e+06,1.4913e+06,1.5309e+06,1.49e+06,1.4807e+06,1.5e+06,1.5459e+06,1.6118e+06,2.1836e+06,2.9343e+06,2.9239e+06,2.0091e+06,3.3925e+06,2.5458e+06,2.6617e+06,2.5438e+06,2.5507e+06,2.6846e+06,2.7857e+06,2.9458e+06,3.1089e+06,2.925e+06,2.9697e+06,3.0338e+06,2.9269e+06,2.9362e+06,3.7915e+06,3.9672e+06,4.5373e+06,3.6622e+06,3.6463e+06,3.768e+06
551,900,2100,3900,7300,9400,14200,19300,28900,30400,28100,33300,39800,46600,52500,59900,67500,76000,85200,67300,107900,138700,128200,218600,153800,239200,239300,257900,277200,297900,336300,340500,377200,425500,426700,435800,461100,502100,514500,542200,582300,475100,486900,660900,706200,736200,769500,842100,813700,873100,851700,945700,927300,1.0033e+06,905200,1.0882e+06,1.0745e+06,1.1942e+06,934100,989300,1.0697e+06,1.0414e+06,1.1405e+06,1.1298e+06,1.1243e+06,1.151e+06,1.2132e+06,1.2283e+06,1.2649e+06,1.3022e+06,1.3405e+06,1.3853e+06,1.4176e+06,1.4464e+06,1.4982e+06,1.5444e+06,1.5887e+06,1.6282e+06,1.6705e+06,1.714e+06,1.7567e+06,1.7963e+06,1.8468e+06,1.9043e+06,1.9368e+06,1.989e+06,2.0293e+06,2.0834e+06,2.1274e+06,2.1909e+06,2.2282e+06,2.2718e+06,2.3221e+06,2.3801e+06,2.4299e+06,2.5061e+06,2.5345e+06,2.5863e+06,2.6467e+06,2.6948e+06,2.8377e+06
552,700,2100,3700,6600,7000,10700,14500,32900,22200,27200,32600,38400,44900,51900,59400,67500,86600,85300,95200,105400,116200,135300,139600,152200,172600,178900,193100,215400,223200,246600,260900,364800,290800,317900,326600,362000,723800,388800,407800,437800,459800,482200,512300,566800,560200,642400,747800,632500,654300,687800,711300,739000,773300,797600,823300,853000,889600,915000,946600,1.1541e+06,1.5367e+06,1.5654e+06,1.5928e+06,1.9633e+06,2.0756e+06,2.1772e+06,2.1497e+06,2.3967e+06,2.3755e+06,2.5051e+06,2.4642e+06,2.23e+06,2.1857e+06,2.2766e+06,2.3219e+06,2.2793e+06,2.0007e+06,1.9107e+06,1.7266e+06,1.7612e+06,1.8303e+06,2.0656e+06,2.4931e+06,2.7459e+06,2.6785e+06,2.0246e+06,2.0812e+06,2.1176e+06,2.295e+06,2.24e+06,2.3053e+06,2.3557e+06,2.7913e+06,2.659e+06,2.9349e+06,3.4515e+06,3.6707e+06,3.6607e+06,3.7265e+06,3.545e+06
553,700,2000,3500,5800,8800,12400,18500,23300,27300,45700,40800,48300,61800,71500,71400,69000,76900,99600,95100,115000,116900,139600,139600,152100,165200,189400,193100,216500,223100,239100,264100,272300,297900,316000,326800,353700,365700,394000,414700,469900,444000,490300,506000,519600,543500,575500,600300,626300,652600,679400,707300,734900,770400,792900,822800,834500,912100,914400,953100,995600,1.0637e+06,1.0547e+06,1.0872e+06,1.109e+06,1.1277e+06,1.1793e+06,1.1994e+06,1.2517e+06,1.289e+06,1.3481e+06,1.3791e+06,1.4182e+06,1.464e+06,1.4981e+06,1.5522e+06,1.5812e+06,1.6889e+06,1.6716e+06,1.7146e+06,1.7584e+06,1.8019e+06,1.8456e+06,1.909e+06,1.9572e+06,1.9836e+06,2.5181e+06,3.0084e+06,3.1647e+06,2.9598e+06,3.2038e+06,2.4586e+06,2.3325e+06,2.7866e+06,2.8666e+06,2.8762e+06,3.0223e+06,3.0902e+06,3.2626e+06,3.3718e+06,3.452e+06
554,800,1800,3300,5100,7500,24500,13700,17600,22100,27200,32700,38500,45000,51900,59400,76300,77600,86700,127400,131800,145400,159500,174700,190200,220700,178800,208300,207900,231500,239100,262600,272700,297100,308100,333800,346100,372600,393000,406800,439000,449800,480400,502700,526500,550800,574900,602800,628800,654300,679900,713500,735700,763800,798900,822600,854400,884100,921400,946600,985700,1.0224e+06,1.0575e+06,1.0906e+06,1.1209e+06,1.1554e+06,1.1909e+06,1.2282e+06,1.264e+06,1.3044e+06,1.3403e+06,1.3786e+06,1.4177e+06,1.4728e+06,1.4973e+06,1.5531e+06,1.5791e+06,1.621e+06,1.682e+06,1.7182e+06,1.7498e+06,1.8002e+06,2.3433e+06,1.8958e+06,1.9371e+06,1.9823e+06,2.0316e+06,2.2673e+06,2.33e+06,2.5818e+06,2.7363e+06,2.7025e+06,2.5235e+06,2.6784e+06,2.9207e+06,3.1923e+06,3.3858e+06,3.338e+06,3.6122e+06,3.7815e+06,3.6591e+06
555,900,2400,4500,6700,10500,14300,14200,17500,22000,27600,33600,42700,66300,97100,60400,133900,145900,85800,95200,107500,118500,130000,145400,217000,235300,303100,196700,267400,205000,340400,260600,268200,293400,308700,327000,346000,365500,385700,406600,630700,657900,693200,714700,717700,808600,583800,360600,639000,720400,682200,707600,734900,763500,991000,1.0644e+06,1.3076e+06,1.1848e+06,889400,1.1703e+06,1.2403e+06,1.2716e+06,1.2952e+06,1.3258e+06,1.2044e+06,1.4987e+06,1.1923e+06,1.241e+06,1.4569e+06,1.5006e+06,1.3823e+06,1.4731e+06,1.4203e+06,1.4582e+06,1.5042e+06,1.5379e+06,1.5852e+06,1.621e+06,1.6635e+06,1.8318e+06,2.1624e+06,1.7787e+06,1.8423e+06,1.9021e+06,1.9375e+06,1.9827e+06,2.1955e+06,2.2028e+06,2.1344e+06,2.1823e+06,2.2312e+06,2.2827e+06,2.335e+06,2.3989e+06,2.4433e+06,2.5239e+06,2.5505e+06,2.6129e+06,2.6542e+06,3.0508e+06,3.4083e+06
556,700,1800,3600,6200,9100,13100,17800,22700,30200,37100,41300,60800,56400,65400,75000,85200,96000,118200,119400,140400,154800,159600,186600,190300,208500,242000,242000,260100,293200,298900,394800,474800,498000,541500,627400,360800,377500,387300,416300,437100,458900,481500,496500,538200,553000,577000,606200,803500,836300,873100,887100,947600,966700,994400,1.0392e+06,1.069e+06,1.1517e+06,1.1649e+06,1.2126e+06,1.0243e+06,1.0854e+06,1.0563e+06,1.2514e+06,1.4038e+06,1.4902e+06,1.495e+06,1.5372e+06,1.584e+06,1.7253e+06,1.6558e+06,1.696e+06,1.7172e+06,1.572e+06,1.599e+06,1.7856e+06,1.8777e+06,1.744e+06,1.7461e+06,1.7813e+06,1.9071e+06,1.9167e+06,2.3172e+06,2.3818e+06,2.7838e+06,2.5041e+06,2.5585e+06,2.511e+06,2.6037e+06,2.6063e+06,2.7093e+06,2.9028e+06,2.9261e+06,3.0051e+06,3.5823e+06,3.1178e+06,3.3338e+06,3.2719e+06,3.3037e+06,3.6821e+06,3.4798e+06
557,600,1600,3400,5800,8600,12200,24700,24700,22700,28100,32800,38700,52500,61200,69900,92700,89700,100300,111800,117200,139500,142000,155200,179100,183700,243000,226300,231100,258100,250800,255400,272500,299000,308100,340000,345900,374600,395000,406600,428100,458800,481600,504400,527900,552400,584300,605700,628400,654300,684900,709100,748200,765200,794400,830500,854200,907700,917400,1.0497e+06,997200,1.0224e+06,1.0543e+06,1.0817e+06,1.128e+06,1.158e+06,1.1929e+06,1.2295e+06,1.2721e+06,1.3305e+06,1.3578e+06,1.3908e+06,1.4293e+06,1.4747e+06,1.5156e+06,1.5419e+06,1.5868e+06,1.6282e+06,1.6651e+06,1.7186e+06,1.8569e+06,1.8257e+06,1.9823e+06,1.8916e+06,1.9378e+06,1.9821e+06,2.016e+06,2.0789e+06,3.6201e+06,2.6689e+06,2.6906e+06,2.7497e+06,2.8181e+06,2.8623e+06,2.9162e+06,2.9838e+06,3.0297e+06,3.9954e+06,4.2142e+06,4.3048e+06,4.2079e+06
558,800,2300,4000,6400,9700,13600,17900,23400,29300,35700,43200,51100,59800,69200,79200,89900,97100,145300,157200,177100,201900,220600,235200,272200,276400,301300,330100,394700,396500,464300,466600,540500,595600,626900,941800,348700,377800,394600,406600,436600,457300,480300,503100,526300,550900,580300,600600,626400,664300,679700,707000,742000,766500,794400,828700,852600,889700,915300,953200,986300,1.0123e+06,1.0525e+06,1.0861e+06,1.1424e+06,1.3267e+06,1.1963e+06,1.2291e+06,1.2719e+06,1.303e+06,1.341e+06,1.5561e+06,1.7047e+06,1.5004e+06,1.5833e+06,1.5506e+06,1.6483e+06,1.6296e+06,1.6646e+06,1.752e+06,1.7588e+06,1.839e+06,1.8564e+06,1.9023e+06,1.9395e+06,1.9833e+06,2.0304e+06,2.079e+06,2.1308e+06,2.2106e+06,2.3109e+06,2.7586e+06,2.6685e+06,2.8085e+06,2.7414e+06,2.9082e+06,3.1049e+06,3.2951e+06,3.2848e+06,3.3925e+06,3.4409e+06
559,1000,3400,4200,6100,9800,28400,16000,19000,22300,27700,33900,39600,44900,51900,59500,84600,109500,107200,119400,132500,145800,159600,175100,190300,218200,224300,241800,271300,279400,310500,321900,356100,363000,398100,408900,444300,468200,482200,519900,546200,573600,514200,613000,734800,679100,721000,833100,1.1697e+06,808500,852600,886200,922700,964700,1.0191e+06,831100,968600,1.1188e+06,1.1407e+06,1.1699e+06,1.2004e+06,1.2491e+06,1.305e+06,1.3214e+06,1.3732e+06,1.3908e+06,1.5633e+06,1.5112e+06,1.5542e+06,1.5916e+06,1.6191e+06,1.6658e+06,1.7259e+06,1.9433e+06,1.8351e+06,1.9259e+06,1.9848e+06,2.0381e+06,1.979e+06,1.9059e+06,2.1808e+06,2.2551e+06,2.3615e+06,2.4155e+06,2.4891e+06,2.5851e+06,2.5416e+06,2.6194e+06,2.6409e+06,2.8105e+06,2.8008e+06,2.8782e+06,2.926e+06,2.9895e+06,3.0532e+06,3.1673e+06,3.1326e+06,3.0594e+06,2.989e+06,3.115e+06,3.1525e+06
560,800,1800,3500,5000,7300,10300,15200,19000,22800,27700,33600,39500,45800,63800,60200,68300,76900,86300,95900,125200,117100,128500,153500,152900,165700,195600,193100,207900,231000,239100,263100,272600,297000,308000,333500,352600,365800,398200,407000,436400,457800,480100,503000,526700,550800,588900,609900,702300,656100,680400,707100,741700,776000,802500,829300,852600,890000,914500,901900,986700,1.0139e+06,1.0528e+06,1.0857e+06,1.1361e+06,1.16e+06,1.1941e+06,1.2283e+06,1.2711e+06,1.3027e+06,1.3451e+06,1.3793e+06,1.4241e+06,1.4573e+06,1.5217e+06,1.539e+06,1.5806e+06,1.6288e+06,1.6703e+06,1.7142e+06,1.7574e+06,1.8126e+06,1.8491e+06,1.8927e+06,1.938e+06,1.9912e+06,2.0423e+06,2.085e+06,1.9006e+06,2.5542e+06,2.6885e+06,2.7166e+06,2.8121e+06,2.8967e+06,2.9216e+06,3.1278e+06,3.2433e+06,3.1629e+06,3.2983e+06,3.4007e+06,3.4598e+06
561,800,2200,4200,5000,7400,10300,13800,17500,22100,27000,32700,38600,45100,45200,59400,58600,93100,86800,96400,117600,118500,129200,152100,153100,165100,224800,294900,261200,306400,255200,257000,283500,298000,420100,354100,346000,375700,401800,435300,429900,452900,503100,505400,528000,665500,770200,772000,786000,819100,860400,887100,983800,773800,868700,891900,859300,883600,925700,946800,985100,1.0182e+06,1.0489e+06,1.0867e+06,1.1404e+06,1.405e+06,1.3227e+06,1.3491e+06,1.3573e+06,1.3048e+06,1.3597e+06,1.3851e+06,1.4153e+06,1.4586e+06,1.5044e+06,1.5453e+06,1.5804e+06,1.6291e+06,1.67e+06,3.9921e+06,1.7759e+06,1.8014e+06,1.8465e+06,1.8975e+06,1.9375e+06,2.0297e+06,2.0382e+06,2.0532e+06,2.6663e+06,2.7288e+06,2.8615e+06,2.9067e+06,2.8921e+06,2.9345e+06,2.859e+06,2.8545e+06,2.9826e+06,2.9948e+06,3.3081e+06,3.1613e+06,2.8842e+06
562,1400,2000,3100,5600,20800,11400,14200,18300,22800,27800,33400,39100,45700,52700,70400,68200,76900,86100,95800,106000,116900,128500,140400,162600,166000,179600,214800,209600,240000,240500,270200,272900,348800,370200,409300,443600,456900,482100,519300,546200,562400,592700,635900,661100,690100,703600,777500,742500,818900,859500,840100,790100,956600,963500,1.0365e+06,1.0401e+06,1.2131e+06,1.154e+06,1.1582e+06,1.2142e+06,1.2604e+06,1.267e+06,1.2796e+06,1.3205e+06,1.3645e+06,1.4336e+06,1.2509e+06,1.2665e+06,1.3038e+06,1.5282e+06,1.3898e+06,1.4284e+06,1.4599e+06,1.5321e+06,1.5545e+06,1.5814e+06,1.629e+06,1.6729e+06,1.7146e+06,1.7592e+06,1.8038e+06,1.9304e+06,1.8926e+06,1.938e+06,1.9909e+06,2.0326e+06,2.0863e+06,2.1523e+06,2.5619e+06,2.7942e+06,3.1288e+06,2.9144e+06,2.9248e+06,3.0407e+06,3.1151e+06,3.1716e+06,3.2848e+06,3.2347e+06,3.2322e+06,3.2861e+06
563,600,1600,3100,6200,8200,12500,17500,21600,27100,33500,52800,29600,45400,51900,59800,84200,95100,106600,118800,131800,145300,210100,176700,191000,224800,223600,241400,272200,278900,310100,283900,315200,322000,352500,362900,455100,378000,395300,406600,437400,462000,481700,504600,528200,543200,568100,602200,636600,662000,685100,709900,742900,767300,803000,833800,855100,891400,916500,954500,987900,1.0272e+06,1.2106e+06,1.1832e+06,1.0879e+06,1.1911e+06,1.3486e+06,1.3039e+06,1.276e+06,1.3111e+06,1.3407e+06,1.3851e+06,1.4183e+06,1.4611e+06,1.4973e+06,1.5492e+06,1.58e+06,1.6471e+06,1.6709e+06,1.7138e+06,1.7572e+06,1.8013e+06,1.8472e+06,1.8914e+06,1.942e+06,2.3915e+06,2.601e+06,2.5181e+06,2.5941e+06,2.6522e+06,2.6649e+06,2.676e+06,2.7911e+06,2.9662e+06,3.0598e+06,3.1187e+06,2.9659e+06,3.1659e+06,3.0082e+06,3.0403e+06,3.0595e+06
564,900,2400,3800,5800,8200,11000,14500,18300,36600,28000,33500,39500,45700,52800,60200,68100,87600,86400,95900,106100,117000,128300,140500,153000,175200,224600,242300,272400,279900,312000,326600,395200,363400,398200,409300,433200,468900,494600,509100,547500,574400,603000,631400,661300,680100,740000,812700,637000,722200,714400,723700,736400,763700,792300,828200,852400,872300,923400,1.0166e+06,989600,1.034e+06,1.0629e+06,1.0881e+06,1.1215e+06,1.1563e+06,1.2211e+06,1.2058e+06,1.2668e+06,1.3032e+06,1.3555e+06,1.3789e+06,1.4182e+06,1.4634e+06,1.4974e+06,1.5535e+06,1.5869e+06,1.6444e+06,1.6803e+06,1.7138e+06,1.7572e+06,1.8021e+06,1.8452e+06,1.8999e+06,1.946e+06,2.0427e+06,2.2899e+06,2.3109e+06,2.37e+06,2.6283e+06,2.593e+06,2.6176e+06,2.634e+06,2.8504e+06,2.622e+06,3.0869e+06,3.5852e+06,3.1044e+06,3.066e+06,3.1012e+06,3.2226e+06
565,700,1800,3000,5000,7400,10200,13600,17500,21900,26900,32400,38600,44700,51700,59300,67300,59700,87000,95700,106200,116400,127700,139800,161700,165400,178900,201400,207900,223300,353600,265400,273000,298000,308000,337900,345600,373900,393000,406500,434800,457000,477600,555400,528200,551100,575700,601300,627300,653300,680200,707700,735800,764300,793200,942800,1.0759e+06,1.069e+06,1.1498e+06,1.1512e+06,1.1542e+06,1.2002e+06,1.2406e+06,1.2166e+06,1.1576e+06,1.1578e+06,1.2247e+06,1.5254e+06,1.5358e+06,1.5906e+06,1.6345e+06,1.6243e+06,1.7828e+06,1.7682e+06,1.8218e+06,1.9252e+06,1.9088e+06,1.9614e+06,2.0063e+06,2.1206e+06,2.2526e+06,2.266e+06,2.2584e+06,2.2775e+06,2.4934e+06,2.4982e+06,2.5236e+06,2.5808e+06,2.631e+06,2.7644e+06,2.7486e+06,2.8048e+06,2.9583e+06,2.9808e+06,3.0529e+06,3.1858e+06,3.2684e+06,3.2384e+06,3.3122e+06,3.3722e+06,3.4611e+06
566,500,1700,3700,7100,8900,12600,17900,21600,27300,33300,40100,47900,56200,64900,74200,84300,95200,106600,119000,131800,156400,159600,174500,190200,226800,277000,258100,259800,279200,310200,319400,351300,362600,396100,419800,432300,469100,493200,518700,547100,575700,601700,637100,530600,552000,577400,601900,627400,653500,686800,707900,736200,764300,809900,924200,1.0698e+06,1.1151e+06,984800,1.1855e+06,1.2047e+06,1.2758e+06,1.3056e+06,1.3344e+06,1.3829e+06,1.436e+06,1.216e+06,1.2497e+06,1.5398e+06,1.5374e+06,1.5869e+06,1.6243e+06,1.4664e+06,1.5117e+06,1.8328e+06,1.9201e+06,1.9366e+06,2.0225e+06,2.0749e+06,2.0682e+06,2.1107e+06,2.1836e+06,2.1798e+06,2.1619e+06,2.2678e+06,2.1893e+06,2.2093e+06,2.5063e+06,2.4547e+06,2.4256e+06,2.4871e+06,2.5704e+06,2.6541e+06,2.8442e+06,2.8689e+06,2.8187e+06,2.941e+06,3.2211e+06,3.3674e+06,3.3743e+06,3.6442e+06
567,900,2400,4200,6500,9400,12900,13800,17500,21900,26900,32700,38500,45000,51800,59500,77500,76200,85400,95100,105500,116300,127800,182400,152300,176700,179700,204600,208600,233800,239800,264400,273200,298700,308900,335600,346800,374300,394400,415200,429000,458700,481200,504500,527900,554900,620300,602100,630600,820700,851700,893600,921300,956500,959500,969600,1.0129e+06,1.0516e+06,999900,948200,988000,1.0207e+06,1.054e+06,1.082e+06,1.1226e+06,1.1577e+06,1.1934e+06,1.2301e+06,1.2976e+06,1.3785e+06,1.3412e+06,1.3766e+06,1.411e+06,1.4578e+06,1.5024e+06,1.5412e+06,1.7203e+06,1.7574e+06,1.8493e+06,2.0099e+06,1.9584e+06,2.0625e+06,2.0581e+06,2.0106e+06,1.9742e+06,2.0002e+06,2.0923e+06,2.5308e+06,2.6711e+06,2.7744e+06,2.6824e+06,2.8434e+06,2.8947e+06,3.0368e+06,3.0851e+06,3.0797e+06,3.1911e+06,3.1633e+06,3.3603e+06,3.381e+06,3.448e+06
568,800,2600,4100,6400,9700,14100,18400,24400,27700,51900,40600,48400,56000,64900,74200,84200,95100,106700,121000,106800,118100,143500,140300,152500,165200,179000,193300,215500,223100,240800,269400,273100,302400,308100,336200,354700,365400,394500,415700,428100,459300,535200,512700,529000,692200,721300,711300,687400,774700,688900,707300,735000,763500,799700,822300,860100,885700,921200,947200,1.0126e+06,1.0199e+06,1.0533e+06,1.0809e+06,1.1218e+06,1.1567e+06,1.1925e+06,1.2342e+06,1.4593e+06,1.6143e+06,1.6948e+06,1.388e+06,1.4269e+06,1.7185e+06,1.7729e+06,1.8287e+06,1.9891e+06,2.0708e+06,2.1056e+06,2.1379e+06,2.1996e+06,2.3323e+06,2.4353e+06,2.406e+06,2.4447e+06,2.3715e+06,2.5705e+06,2.612e+06,2.6791e+06,2.7608e+06,2.7931e+06,2.863e+06,2.9398e+06,2.9926e+06,3.0537e+06,3.0762e+06,3.1012e+06,3.1905e+06,3.3619e+06,3.3815e+06,3.5071e+06
569,800,2300,3200,5200,7700,10300,13600,17400,22000,26900,32500,38300,44800,51800,59300,67500,87000,85200,95000,105400,118300,129500,140200,152700,165300,188400,193100,216300,266700,239100,270600,283900,290600,317800,334800,345900,372600,392800,406800,435000,456900,479800,502800,519000,554600,576100,600900,626100,652700,679600,709900,734900,770100,793000,822200,1.0772e+06,885200,922600,979400,981200,1.0201e+06,1.0525e+06,1.0873e+06,1.1231e+06,1.3968e+06,1.4514e+06,1.4895e+06,1.559e+06,1.591e+06,1.6442e+06,1.7072e+06,1.7149e+06,1.9166e+06,2.1989e+06,1.9842e+06,1.8751e+06,1.8944e+06,1.8986e+06,1.9669e+06,2.2114e+06,2.0114e+06,1.9743e+06,2.2073e+06,2.2443e+06,2.2632e+06,2.2633e+06,2.1504e+06,2.1376e+06,2.1907e+06,2.2585e+06,2.2792e+06,2.327e+06,2.379e+06,2.437e+06,2.4829e+06,2.5336e+06,2.5888e+06,2.6397e+06,2.7009e+06,2.7748e+06
570,500,1400,2800,4700,7100,9900,13400,17400,21900,26800,32300,38100,44900,51900,59400,67400,76200,92500,95100,105400,116300,138900,139500,152300,165200,186900,193100,214900,223300,239100,262400,272300,297000,308100,326700,352600,365700,392800,413900,435200,450100,479700,502400,531000,501100,569500,721600,720200,663000,686900,720800,736700,765300,799900,823600,853600,891400,922600,947800,986300,1.2119e+06,1.3097e+06,1.3369e+06,1.3893e+06,1.4038e+06,1.4449e+06,1.5036e+06,1.2847e+06,1.5767e+06,1.6141e+06,1.5374e+06,1.6968e+06,1.7748e+06,1.7874e+06,1.8041e+06,1.6967e+06,1.6335e+06,1.672e+06,1.714e+06,1.791e+06,1.8018e+06,1.8494e+06,1.8927e+06,1.9431e+06,1.9839e+06,2.029e+06,2.0941e+06,2.6195e+06,2.2034e+06,2.225e+06,2.2785e+06,2.4562e+06,2.4112e+06,2.5144e+06,2.5939e+06,2.5714e+06,2.5985e+06,2.6551e+06,2.7073e+06,2.8054e+06
571,600,1500,2900,4700,6900,10000,13500,17500,21800,26800,32400,38300,45000,53300,61000,68800,76500,85600,95100,105500,116600,127700,149800,152100,165200,188400,193000,229200,239500,299500,335600,340700,374800,356800,335800,354900,367100,411800,418900,595600,451000,489200,511900,536200,556300,577500,618200,629600,654200,680500,707700,804700,758600,801400,841700,933300,886500,961500,948700,987800,1.0233e+06,1.0532e+06,1.0807e+06,1.2245e+06,1.2766e+06,1.3081e+06,1.3527e+06,1.4023e+06,1.4375e+06,1.4094e+06,1.3813e+06,1.4178e+06,1.4637e+06,1.5112e+06,1.5384e+06,1.5875e+06,1.6286e+06,1.6645e+06,1.6976e+06,1.8205e+06,2.2184e+06,2.2257e+06,2.1695e+06,2.3428e+06,2.3984e+06,2.5623e+06,2.505e+06,2.5201e+06,2.6277e+06,2.6264e+06,2.8962e+06,2.8603e+06,2.8768e+06,2.9936e+06,3.1177e+06,3.2171e+06,3.2314e+06,3.3176e+06,3.3724e+06,3.3477e+06
572,500,1600,4200,5800,8600,12800,17800,18400,22800,28100,29400,23000,55900,53600,60000,68100,76200,85500,95000,105400,116300,127600,149200,152400,165400,187100,193200,207900,223200,239700,311700,340700,373700,394600,408300,444100,457000,518900,519700,546500,562700,602000,630500,660600,691100,720900,756100,825100,819000,859800,928500,923100,965000,993400,1.0311e+06,1.0759e+06,1.1065e+06,1.1536e+06,1.1952e+06,1.2269e+06,1.2899e+06,1.0852e+06,1.2529e+06,1.4592e+06,1.4475e+06,1.4922e+06,1.4864e+06,1.4348e+06,1.5123e+06,1.4364e+06,1.6686e+06,1.6088e+06,1.7308e+06,1.7361e+06,1.936e+06,1.9854e+06,2.0997e+06,2.1884e+06,2.2102e+06,2.257e+06,2.3146e+06,2.3552e+06,2.3784e+06,2.4142e+06,2.494e+06,2.4949e+06,2.478e+06,2.4451e+06,2.5383e+06,2.5477e+06,2.6429e+06,2.7189e+06,2.7769e+06,2.6592e+06,3.1165e+06,3.0199e+06,3.0449e+06,3.1275e+06,3.0722e+06,3.2394e+06
573,800,1800,3000,5200,7700,10500,13800,17600,22100,27000,22300,39200,40900,47500,55100,61900,81400,81900,87800,100300,110800,138000,135100,152100,173500,170600,184700,219400,216000,235900,248100,262700,284700,310500,326600,349600,361100,416600,415400,423300,463300,480900,503500,526400,551400,575400,600500,626300,652500,679800,707100,741400,763500,792800,829300,855000,891400,914600,953000,985500,1.0122e+06,1.052e+06,1.0862e+06,1.1205e+06,1.1562e+06,1.1917e+06,1.2299e+06,1.2711e+06,1.303e+06,1.3463e+06,1.3787e+06,1.418e+06,1.464e+06,1.4977e+06,1.5461e+06,1.6002e+06,1.6281e+06,1.6643e+06,1.7132e+06,1.7569e+06,1.8011e+06,1.846e+06,1.9202e+06,1.9402e+06,1.9826e+06,2.0301e+06,2.0766e+06,2.1319e+06,2.1478e+06,2.5322e+06,2.7587e+06,2.845e+06,2.9199e+06,2.8626e+06,2.7984e+06,3.1787e+06,3.0199e+06,3.0302e+06,3.0489e+06,3.2383e+06
574,900,2100,3700,6200,9000,12700,17100,21900,27500,33700,40700,47900,56100,47900,93000,85300,95700,106700,118800,131700,145200,159400,174600,202300,206600,223500,252800,261800,224800,254300,256300,283300,290100,315700,337000,345600,372300,393200,408100,429600,451600,474100,496400,519700,572200,581400,601800,626900,653800,681000,707800,735500,764500,793200,823100,853900,949400,1.0179e+06,1.0709e+06,1.0968e+06,1.1237e+06,1.0479e+06,1.0877e+06,1.1228e+06,1.1574e+06,1.137e+06,1.2649e+06,1.3608e+06,1.3572e+06,1.5709e+06,1.4963e+06,1.5247e+06,1.5201e+06,1.5096e+06,1.562e+06,1.594e+06,1.625e+06,1.6725e+06,1.7149e+06,1.7583e+06,1.8036e+06,1.8869e+06,1.9018e+06,1.9484e+06,1.9953e+06,2.044e+06,2.3244e+06,2.4001e+06,2.1846e+06,2.2503e+06,2.299e+06,2.4221e+06,2.5749e+06,2.7626e+06,2.8012e+06,2.7764e+06,2.9903e+06,3.0225e+06,3.3896e+06,3.5308e+06
575,800,1800,3200,5000,7400,10300,13700,17500,22000,27000,32600,38600,45000,51800,59400,67500,85200,85300,95100,105300,116100,127800,141200,152900,176200,178900,193100,216500,223400,246600,255700,279700,290000,315100,327000,352900,372600,386100,413700,435300,450400,472900,502700,526200,556000,576000,600300,604500,656000,687700,707400,735200,763800,798800,822300,858700,883500,920700,946500,994000,1.007e+06,1.1214e+06,1.0896e+06,1.1225e+06,1.1573e+06,1.1924e+06,1.2292e+06,1.4202e+06,1.5945e+06,1.6172e+06,1.6402e+06,1.6073e+06,1.7961e+06,1.8231e+06,1.8788e+06,1.9676e+06,2.0286e+06,2.0221e+06,2.2532e+06,2.1992e+06,2.2527e+06,2.2752e+06,2.2664e+06,2.2968e+06,2.4759e+06,2.5526e+06,2.6263e+06,2.6228e+06,2.5347e+06,2.7129e+06,2.6434e+06,2.6398e+06,2.8903e+06,2.8223e+06,2.8898e+06,2.8692e+06,2.8715e+06,3.027e+06,3.1178e+06,3.062e+06
576,800,1800,3400,5100,7500,10300,13700,17500,21900,27100,32700,38700,45000,52000,59500,67600,84900,85300,95200,105400,116500,136200,123700,152300,174600,179100,193300,215400,223500,247600,255500,272400,290000,315000,326600,353000,365500,385800,413500,434700,450000,472600,502800,526000,550100,574800,579400,626800,653000,687900,707500,735100,763400,798900,822500,859200,883500,921200,946700,995100,1.0262e+06,1.0574e+06,1.0802e+06,1.1204e+06,1.1568e+06,1.192e+06,1.2278e+06,1.2709e+06,1.3028e+06,1.3409e+06,1.3842e+06,1.4575e+06,1.4638e+06,1.4978e+06,1.5394e+06,1.5858e+06,1.6213e+06,1.6644e+06,1.7145e+06,1.7624e+06,1.8014e+06,1.846e+06,1.8971e+06,1.9373e+06,1.9828e+06,2.0486e+06,2.2748e+06,2.1329e+06,2.1867e+06,2.2255e+06,2.2793e+06,2.3496e+06,2.3912e+06,2.4434e+06,2.4995e+06,2.5824e+06,2.5944e+06,3.2439e+06,3.3276e+06,3.3714e+06
577,700,1800,4000,6800,6400,10800,14000,17700,22100,27200,32600,38400,44800,51800,59400,67600,85200,85400,95100,105500,116500,135200,139800,152300,172400,179000,193300,215000,223400,246300,255700,281900,290000,316800,326800,353500,365900,385900,413800,435400,450200,472700,502900,526600,550400,575000,600300,634000,710500,682700,709400,736700,818500,794200,911000,1.0774e+06,1.0751e+06,1.1535e+06,1.1929e+06,1.2483e+06,1.2766e+06,1.2853e+06,1.1588e+06,1.1225e+06,1.4641e+06,1.4457e+06,1.5376e+06,1.5311e+06,1.2913e+06,1.5295e+06,1.7082e+06,1.7586e+06,1.8434e+06,1.9148e+06,1.935e+06,2.3174e+06,2.0522e+06,2.0917e+06,2.2398e+06,2.2265e+06,2.2684e+06,2.3119e+06,2.3665e+06,2.4215e+06,2.554e+06,2.5666e+06,2.5744e+06,2.6729e+06,2.8382e+06,2.6942e+06,2.7503e+06,2.2267e+06,2.6897e+06,2.9709e+06,2.9902e+06,3.0542e+06,3.3717e+06,3.3137e+06,3.371e+06,3.4466e+06
578,700,1800,3300,7100,9900,13600,17800,32600,22900,28000,33200,38700,45400,52000,59500,82000,76100,85200,95100,105400,124900,127700,139700,152200,172900,178900,193200,215100,223200,246100,257300,217100,302800,309900,425800,448000,457000,494700,520400,535100,575600,601800,634200,660300,690300,732700,608200,637600,658300,681400,706900,741200,763700,793300,828900,852700,889300,914700,952700,997200,1.0123e+06,1.0518e+06,1.0863e+06,1.1215e+06,1.1564e+06,1.1914e+06,1.2278e+06,1.2646e+06,1.3023e+06,1.346e+06,1.3875e+06,1.4082e+06,1.4615e+06,1.4975e+06,1.5456e+06,1.5801e+06,1.6276e+06,1.6825e+06,1.7148e+06,1.759e+06,1.9041e+06,1.8499e+06,1.891e+06,1.9447e+06,1.9835e+06,2.0291e+06,2.0853e+06,2.1249e+06,2.1724e+06,2.2276e+06,2.2879e+06,2.3293e+06,2.3807e+06,2.4303e+06,2.4813e+06,2.5342e+06,2.643e+06,3.0706e+06,3.1015e+06,3.3626e+06
579,700,2300,4600,6600,9600,13800,18200,21900,27500,33700,40700,48400,56100,64900,74200,84200,95100,106700,134000,131700,145200,159700,174400,190200,206500,223600,241400,259700,278900,300900,320200,341200,362400,385000,408600,432200,457000,482200,571400,548900,574600,590500,619500,660200,717900,727100,755700,784700,825900,851700,885900,887800,951400,1.0235e+06,1.0509e+06,1.0518e+06,1.05e+06,1.1458e+06,1.1505e+06,1.226e+06,1.2748e+06,1.2832e+06,1.2794e+06,1.1229e+06,1.2412e+06,1.2046e+06,1.2306e+06,1.2675e+06,1.3082e+06,1.3481e+06,1.3805e+06,1.4197e+06,1.4667e+06,1.5096e+06,1.5464e+06,1.5895e+06,1.6334e+06,1.6726e+06,1.7251e+06,2.1689e+06,2.1327e+06,2.1875e+06,2.1244e+06,2.2834e+06,2.3373e+06,2.4398e+06,2.426e+06,2.3934e+06,2.4868e+06,2.6216e+06,2.5727e+06,2.5917e+06,2.7548e+06,2.4824e+06,3.1331e+06,3.2346e+06,3.2019e+06,3.3025e+06,3.1123e+06,3.2329e+06
580,800,1800,3500,5000,7400,10300,13800,17600,22000,28100,33200,51200,45300,52100,59500,68900,74600,89400,95100,105200,116300,127700,149100,152200,165200,186600,193100,207700,230300,239000,262500,272300,296900,308100,333600,353800,365400,378400,414000,428200,457300,481000,447800,544400,555100,575500,600600,626400,652700,679400,706900,735200,769600,807700,823000,858500,883300,921300,956100,979400,1.0189e+06,1.056e+06,1.0863e+06,1.1204e+06,1.1494e+06,1.2075e+06,1.2302e+06,1.2667e+06,1.4468e+06,1.3416e+06,1.3865e+06,1.4192e+06,1.4653e+06,1.5667e+06,1.5316e+06,1.5979e+06,1.6304e+06,1.6562e+06,1.7217e+06,1.7589e+06,1.8025e+06,1.8656e+06,1.9034e+06,1.9476e+06,2e+06,2.0417e+06,2.0939e+06,2.1825e+06,2.1879e+06,2.7629e+06,2.5883e+06,2.7873e+06,2.9747e+06,3.0545e+06,3.1518e+06,3.446e+06,3.3164e+06,3.375e+06,3.4357e+06,3.5466e+06
581,900,3300,4000,6500,9800,13800,17100,23100,34300,37000,42000,55100,46400,52900,59800,67700,76100,85300,107400,108800,132800,153200,175100,190400,275700,227300,241200,260000,279200,299100,319600,341000,362900,385400,408800,432600,457100,482500,522700,444700,450500,482400,502800,526200,550200,574900,600200,626000,652300,679300,706600,734900,763500,800600,853600,858800,883400,921200,947000,985700,1.0276e+06,1.0666e+06,1.0884e+06,1.122e+06,1.1578e+06,1.2666e+06,1.2299e+06,1.3793e+06,1.6128e+06,1.6573e+06,1.6761e+06,1.7744e+06,1.7873e+06,1.4094e+06,1.6353e+06,1.7497e+06,1.8614e+06,1.804e+06,1.7622e+06,1.779e+06,1.8037e+06,1.8475e+06,1.8913e+06,1.942e+06,1.984e+06,2.0294e+06,2.1165e+06,2.1354e+06,2.1771e+06,2.6591e+06,2.8138e+06,2.9941e+06,3.2263e+06,3.1029e+06,3.1194e+06,3.1893e+06,3.0459e+06,3.111e+06,3.1826e+06,3.4284e+06
582,800,1700,3200,5200,7700,10600,13600,17500,22000,26800,32600,38700,45000,66300,59400,67500,76100,85300,95000,115400,116300,127700,139800,159600,165200,179000,200300,207900,223200,238900,257500,279800,289800,308400,334300,346000,372700,393100,406700,435100,456600,481500,511400,566100,587300,572600,601200,675000,694500,680200,713200,737600,764800,800600,823400,879700,883700,924600,947200,985900,1.019e+06,1.0459e+06,1.086e+06,1.1233e+06,1.2947e+06,1.1986e+06,1.2918e+06,1.3583e+06,1.3028e+06,1.3405e+06,1.3857e+06,1.4178e+06,1.4661e+06,1.4979e+06,1.5526e+06,1.5905e+06,1.6214e+06,1.6699e+06,1.7145e+06,1.7585e+06,1.802e+06,1.8454e+06,1.9117e+06,1.9478e+06,1.9841e+06,2.0322e+06,2.0867e+06,2.1285e+06,2.1809e+06,2.241e+06,2.2752e+06,2.3248e+06,2.3816e+06,2.4354e+06,2.7975e+06,2.9835e+06,3.0598e+06,3.0602e+06,3.374e+06,3.3682e+06
583,500,1600,3500,5800,8800,12300,16800,21700,27200,33600,40200,60100,46200,53600,61100,81400,76600,85300,95100,105500,126800,127800,139700,152300,173000,179000,193200,215200,223200,246200,255400,279400,289900,315100,326800,353600,372500,409100,418900,437600,450300,480000,502700,525900,550100,574800,600200,626000,652400,679400,712900,734400,763400,840800,793200,885700,884800,922100,947600,979900,1.0192e+06,1.0534e+06,1.0866e+06,1.1187e+06,1.4229e+06,1.2038e+06,1.2233e+06,1.3387e+06,1.4288e+06,1.4868e+06,1.5441e+06,1.4573e+06,1.5209e+06,1.506e+06,1.5584e+06,1.5914e+06,1.6316e+06,1.8781e+06,2.0109e+06,2.6943e+06,2.2755e+06,2.1758e+06,2.1048e+06,2.1774e+06,2.3972e+06,2.5268e+06,2.6064e+06,2.6591e+06,2.7497e+06,2.7889e+06,2.8587e+06,2.9152e+06,2.9766e+06,2.9836e+06,3.148e+06,3.1081e+06,3.1217e+06,3.3067e+06,3.2926e+06,3.481e+06
584,900,2200,3200,5300,7700,10200,13600,17500,22000,27100,32500,38400,44900,51900,59300,67500,76100,85300,95100,105400,116300,135000,139600,127600,165300,179000,193100,215600,223300,239100,262400,272400,309800,317100,326700,353100,365600,393100,413600,435400,450100,479600,502800,525900,550100,578200,600300,629600,653200,679400,706500,751800,827900,878900,831700,853000,889600,914600,953300,989700,1.0152e+06,1.0454e+06,1.1125e+06,1.1223e+06,1.1562e+06,1.1923e+06,1.2285e+06,1.2764e+06,1.5413e+06,1.5787e+06,1.5607e+06,1.5905e+06,1.5953e+06,1.6566e+06,1.702e+06,1.6468e+06,1.639e+06,1.6712e+06,1.7083e+06,1.7576e+06,1.802e+06,1.8462e+06,1.8908e+06,1.9357e+06,1.9992e+06,2.0356e+06,2.077e+06,2.1318e+06,2.1736e+06,2.2235e+06,2.6307e+06,2.3305e+06,2.3814e+06,2.4331e+06,2.4849e+06,2.5481e+06,2.5947e+06,2.6528e+06,2.7067e+06,2.5924e+06
585,400,1700,3300,5000,7400,10300,13700,17500,22000,27000,32700,38600,44700,51900,59400,67400,84900,85400,95200,105500,116300,137500,139700,152200,172300,179000,193100,214800,223400,248800,255400,279800,289900,318900,336300,345900,373500,394100,406700,436300,457600,481200,503600,527200,551400,575800,601500,627100,655700,687000,707600,734800,771000,799900,822400,859300,883500,921800,946700,985800,1.0185e+06,1.054e+06,1.0798e+06,1.1207e+06,1.1377e+06,1.1916e+06,1.2282e+06,1.2647e+06,1.3021e+06,1.3403e+06,1.3882e+06,1.4171e+06,1.4577e+06,1.5039e+06,1.5413e+06,1.5805e+06,1.6283e+06,1.6717e+06,1.7288e+06,1.7568e+06,1.802e+06,1.8467e+06,1.8915e+06,1.9361e+06,1.982e+06,2.0623e+06,2.078e+06,2.1309e+06,2.1822e+06,2.2275e+06,2.2853e+06,1.9992e+06,2.6007e+06,2.4346e+06,2.4846e+06,2.5359e+06,2.6282e+06,2.6409e+06,2.7016e+06,2.7571e+06
586,500,1300,2500,4600,7000,9800,14400,18100,22000,27100,32500,53100,45000,52000,59300,67500,76000,85300,95100,105300,116300,127500,149300,152000,165400,188200,193100,207800,223000,238900,264600,272500,298900,308000,328400,449700,472500,482200,523500,535300,574000,601900,630600,660100,587300,592300,752700,785200,769700,851700,893500,733700,819600,823700,890000,900500,884700,921000,946600,979100,1.0189e+06,1.0647e+06,1.176e+06,1.2056e+06,1.283e+06,1.2338e+06,1.24e+06,1.268e+06,1.3133e+06,1.3365e+06,1.4528e+06,1.5508e+06,1.4704e+06,1.5138e+06,1.5407e+06,1.5797e+06,1.6276e+06,1.683e+06,1.7127e+06,1.7562e+06,1.8086e+06,1.8449e+06,1.8905e+06,1.936e+06,1.9998e+06,2.0343e+06,2.0772e+06,2.1324e+06,2.1836e+06,2.2224e+06,2.313e+06,2.3391e+06,2.3904e+06,2.8356e+06,3.0627e+06,3.1324e+06,3.2491e+06,3.2512e+06,3.3706e+06,3.5238e+06
587,800,3000,4400,7200,9800,10600,13800,17400,21900,26900,46800,38600,45000,51800,59400,67500,76100,101200,95400,106000,116900,137500,140100,152600,174200,179400,193700,216200,223800,248200,256300,281000,290400,316500,327200,354200,374200,386400,415300,436400,458600,473000,511300,562000,721000,724500,649100,628300,708100,834300,800900,755100,856300,802200,808200,860600,892300,917000,948500,987300,1.0356e+06,1.0634e+06,1.1532e+06,1.1231e+06,1.1564e+06,1.2575e+06,1.2302e+06,1.2657e+06,1.4187e+06,1.6573e+06,1.6965e+06,1.7746e+06,1.7763e+06,1.8406e+06,1.8472e+06,1.7652e+06,1.8107e+06,1.909e+06,1.7464e+06,1.7589e+06,1.873e+06,1.8771e+06,1.993e+06,2.0432e+06,2.2983e+06,2.5407e+06,2.6142e+06,2.671e+06,2.7407e+06,2.828e+06,2.8564e+06,2.918e+06,3.137e+06,3.124e+06,3.1188e+06,3.2297e+06,3.249e+06,3.3038e+06,3.4322e+06,3.4597e+06
588,800,2200,4100,6300,9300,10300,13800,17600,21900,27100,32600,52900,45000,56100,60600,68400,76700,97300,95700,106000,117200,128200,139700,153000,166200,188800,194100,217800,224300,239600,264200,273300,298600,317500,327400,354800,366400,394100,447900,525100,529900,571100,594600,621100,649400,659700,602300,627700,654000,688000,708600,737000,765100,889500,825700,860900,885300,922400,954800,980800,1.0213e+06,1.0535e+06,1.2599e+06,1.1231e+06,1.1794e+06,1.424e+06,1.4124e+06,1.4469e+06,1.5602e+06,1.6586e+06,1.6885e+06,1.7203e+06,1.5453e+06,1.5129e+06,1.581e+06,1.8352e+06,1.8304e+06,1.9329e+06,1.7251e+06,1.9306e+06,1.9406e+06,2.0776e+06,2.0982e+06,2.06e+06,2.0433e+06,2.1057e+06,2.172e+06,2.2219e+06,2.2236e+06,2.2402e+06,2.3051e+06,2.3258e+06,2.3751e+06,2.4461e+06,2.4936e+06,2.5252e+06,2.6e+06,2.6856e+06,2.7073e+06,2.7679e+06
589,700,1800,3200,5100,7400,10300,13700,17700,21900,27000,32600,38600,45100,51900,59400,67500,76100,85300,95100,105400,116400,127700,147100,152300,165400,186100,193200,208000,230600,239100,248200,272400,275500,308100,334100,353100,365600,393300,414400,428100,450000,479600,502700,528000,550500,575300,600400,636200,661000,680700,690100,742100,763700,792900,829600,852900,889400,915000,952900,985800,1.0127e+06,1.0523e+06,1.0863e+06,1.1208e+06,1.1666e+06,1.1918e+06,1.2281e+06,1.2649e+06,1.3021e+06,1.346e+06,1.3784e+06,1.5754e+06,1.4618e+06,1.5149e+06,1.5396e+06,1.5877e+06,1.6325e+06,1.6717e+06,1.7082e+06,1.7527e+06,1.797e+06,1.8707e+06,1.8927e+06,1.9382e+06,1.9843e+06,2.0907e+06,2.081e+06,2.1074e+06,2.1885e+06,2.2415e+06,2.2903e+06,2.3545e+06,2.3913e+06,2.4424e+06,2.4944e+06,3.0356e+06,3.2114e+06,3.0459e+06,2.9827e+06,3.3282e+06
590,800,2100,3500,5800,8800,12500,16900,21700,27100,46600,40400,47800,56000,64600,74100,84300,95100,106500,118800,131800,145500,161700,190000,190800,206500,236900,243500,260100,239300,240600,272100,274100,306100,309800,342700,355500,365900,393200,413800,435000,450200,482800,504400,527200,551700,578700,601000,632700,653500,680300,707700,910900,906200,1.0007e+06,995800,1.0295e+06,1.0977e+06,1.1398e+06,1.1996e+06,1.1547e+06,1.2711e+06,1.3038e+06,1.3126e+06,1.3764e+06,1.4119e+06,1.4043e+06,1.4271e+06,1.5926e+06,1.4513e+06,1.625e+06,1.6763e+06,1.6175e+06,1.8255e+06,1.6708e+06,1.9265e+06,2.0269e+06,2.0415e+06,2.1502e+06,2.1334e+06,2.2109e+06,2.3368e+06,2.4033e+06,2.5045e+06,2.4248e+06,2.4828e+06,2.5636e+06,2.6327e+06,2.7144e+06,2.7404e+06,2.8375e+06,2.8566e+06,2.9132e+06,2.9767e+06,2.9834e+06,3.0233e+06,3.1435e+06,3.2323e+06,3.3352e+06,3.2719e+06,3.3277e+06
591,700,2000,3200,5200,7800,10700,18100,21700,27300,33400,40100,47700,55900,64600,74100,84100,94900,121100,118800,131700,145200,159400,174500,190300,207400,235000,241400,317500,279000,298700,330900,340500,373500,395900,408400,447600,456900,493500,518900,589200,574800,590800,630400,676300,676100,729400,609900,715700,744500,683400,707700,734800,769500,792500,822100,858300,897100,933000,1.0311e+06,1.0728e+06,1.0766e+06,1.2359e+06,1.1453e+06,1.2281e+06,1.1572e+06,1.1921e+06,1.2284e+06,1.2459e+06,1.3039e+06,1.3463e+06,1.3786e+06,1.4183e+06,1.4639e+06,1.4974e+06,1.5558e+06,1.5858e+06,1.6234e+06,1.6715e+06,1.7137e+06,1.7572e+06,1.8012e+06,1.8463e+06,1.8916e+06,2.0732e+06,2.1329e+06,2.2712e+06,2.3481e+06,2.2317e+06,2.2024e+06,2.2224e+06,2.2786e+06,2.328e+06,2.3796e+06,2.4322e+06,2.4824e+06,2.5497e+06,2.715e+06,3.1089e+06,2.9946e+06,2.7573e+06
592,500,1300,2600,4600,6900,9800,13300,18300,22700,27800,33500,39300,45200,52100,59500,67500,77600,86100,108100,107800,120200,127800,187700,177700,165200,179500,203100,208300,223900,239500,256000,280400,290400,309100,334900,346300,439000,493500,508800,546200,450200,611000,635900,649400,679300,679000,741400,784600,818000,851600,886200,920700,959600,994100,992400,1.0679e+06,1.1121e+06,1.1146e+06,1.1478e+06,1.2177e+06,1.2243e+06,1.276e+06,1.3392e+06,1.3806e+06,1.3886e+06,1.4635e+06,1.3664e+06,1.4069e+06,1.8155e+06,1.4414e+06,1.4091e+06,1.4299e+06,1.4697e+06,1.5095e+06,1.5555e+06,1.5916e+06,1.6336e+06,1.672e+06,1.7231e+06,1.7562e+06,1.8003e+06,1.8449e+06,1.9045e+06,1.9374e+06,1.9839e+06,2.0302e+06,2.0845e+06,2.1247e+06,2.1797e+06,2.2345e+06,2.2729e+06,2.3291e+06,2.3811e+06,2.4306e+06,2.496e+06,2.5381e+06,2.5907e+06,3.0302e+06,3.0534e+06,4.5941e+06
593,1000,2300,4000,5400,7900,10500,13800,17600,21900,27000,32600,38700,44900,51900,59400,67500,76100,85200,95100,105400,116300,127600,139700,152000,165200,178900,193200,208000,223200,255700,255400,272500,289900,321000,344500,346600,376500,394100,406800,436500,458500,483600,503700,537200,551300,575200,600200,626400,658900,681900,707200,734900,763400,792500,828100,853700,889900,946600,954000,980400,1.0134e+06,1.0539e+06,1.0869e+06,1.1219e+06,1.157e+06,1.1924e+06,1.5008e+06,1.2816e+06,1.543e+06,1.6265e+06,1.3914e+06,1.6196e+06,1.7867e+06,1.8116e+06,1.8667e+06,1.9321e+06,1.9876e+06,2.074e+06,2.136e+06,1.9765e+06,2.0585e+06,2.2411e+06,2.3205e+06,2.4059e+06,2.489e+06,2.6529e+06,2.5185e+06,2.5523e+06,2.6261e+06,2.7829e+06,2.9463e+06,2.9274e+06,2.9786e+06,3.0433e+06,3.1062e+06,3.1268e+06,3.1903e+06,3.3633e+06,3.5718e+06,3.4422e+06
594,800,1900,3500,6000,8700,12200,16600,21700,27200,33500,40400,47800,55900,66200,94300,85200,95700,106700,118800,131600,145400,159500,174600,201700,206700,223600,253000,259900,278900,298700,319200,351300,388200,404500,344300,436200,367100,409800,408900,438800,462100,482400,504600,528400,553000,576900,602000,640600,649800,687300,723200,793300,767300,799700,822500,852700,889200,921800,946500,985000,1.0189e+06,1.0502e+06,1.0866e+06,1.1377e+06,1.1558e+06,1.1912e+06,1.2279e+06,1.2652e+06,1.3083e+06,1.3403e+06,1.3788e+06,1.5864e+06,1.4591e+06,1.5051e+06,1.5396e+06,1.5807e+06,1.9175e+06,2.0163e+06,2.2188e+06,1.8463e+06,1.8942e+06,1.8691e+06,1.892e+06,1.9447e+06,1.9859e+06,2.0428e+06,2.1013e+06,2.1304e+06,2.1771e+06,2.233e+06,2.2816e+06,2.361e+06,2.3913e+06,2.4427e+06,2.496e+06,2.9227e+06,2.6056e+06,2.7309e+06,2.8218e+06,2.8688e+06
595,1100,2300,3700,5600,8100,11100,14200,18100,22700,27500,33100,39000,45300,52500,60100,68200,76800,86100,105800,106100,116900,138200,150600,152900,166000,189000,193800,208700,224000,239900,265600,273100,299700,313900,327500,356000,366200,402300,416500,437900,450700,482500,505100,553200,554100,577700,603200,628600,853000,683000,710100,737600,772600,795400,830900,854900,892100,925800,963700,997300,1.0231e+06,1.0631e+06,1.0964e+06,1.1309e+06,1.1684e+06,1.1926e+06,1.2279e+06,1.2653e+06,1.3084e+06,1.3406e+06,1.3745e+06,1.4248e+06,1.4579e+06,1.5102e+06,1.5388e+06,1.5863e+06,1.6282e+06,1.6639e+06,1.7096e+06,1.7598e+06,1.8016e+06,1.8445e+06,1.9091e+06,1.9402e+06,1.9829e+06,2.0356e+06,2.0896e+06,2.1792e+06,2.1814e+06,2.2287e+06,2.2732e+06,2.3238e+06,2.3777e+06,2.4403e+06,2.489e+06,2.536e+06,2.5874e+06,2.6481e+06,2.6986e+06,2.755e+06
596,600,1300,2700,4600,7000,9900,13400,17300,21800,26700,32200,38300,44800,51800,59300,67500,76100,85200,102100,105300,116400,127700,147300,152300,165300,185900,193200,207900,230100,239100,247000,272500,297400,308100,333900,352900,365600,392600,413900,427900,457100,479400,502900,525800,550200,575000,600500,626100,652500,679600,697200,745500,763600,792800,828500,854100,890500,914700,952900,985100,1.013e+06,1.0522e+06,1.0852e+06,1.1224e+06,1.1576e+06,1.1935e+06,1.2293e+06,1.2692e+06,1.3037e+06,1.3543e+06,1.3822e+06,1.429e+06,1.4737e+06,1.5124e+06,1.5578e+06,1.5973e+06,1.6388e+06,1.6808e+06,1.7191e+06,1.7523e+06,1.8022e+06,1.8469e+06,1.8916e+06,1.9359e+06,1.9934e+06,2.0314e+06,2.0853e+06,2.1355e+06,2.1822e+06,2.2253e+06,2.2799e+06,2.3426e+06,2.3803e+06,2.4412e+06,2.4831e+06,3.1949e+06,3.2604e+06,3.3423e+06,3.2806e+06,3.7034e+06
597,600,2600,4000,6800,9700,13400,17900,24300,29100,34900,41900,49200,57600,66000,75200,103200,96100,107600,119800,132600,159100,160400,141400,152800,165700,180700,193800,222500,223300,250800,255500,281100,290100,316500,326600,443700,480600,483200,509100,546400,574100,601700,633100,660300,690300,721300,752600,785000,808200,852500,716300,846000,821800,1.0382e+06,1.031e+06,1.0687e+06,1.1448e+06,1.146e+06,1.1517e+06,1.2262e+06,1.3342e+06,1.3544e+06,1.3589e+06,1.3993e+06,1.4036e+06,1.455e+06,1.4923e+06,1.5395e+06,1.6298e+06,1.6678e+06,1.6545e+06,1.7266e+06,1.7653e+06,1.8326e+06,1.8912e+06,1.8553e+06,1.9538e+06,1.8655e+06,1.894e+06,2.0632e+06,2.0156e+06,2.0558e+06,2.1859e+06,2.1881e+06,2.2333e+06,2.2891e+06,2.2362e+06,2.2099e+06,2.1974e+06,2.2411e+06,2.3796e+06,2.4519e+06,2.6047e+06,2.8021e+06,2.8106e+06,2.8475e+06,2.8956e+06,2.9838e+06,3.0361e+06,3.3203e+06
598,800,1800,4400,5800,8900,12700,17500,21800,27400,33500,40500,60600,56100,65000,74300,85200,95200,106800,118900,133600,117900,129300,155900,152900,165800,189700,193200,207900,232200,239000,269400,286300,291400,319800,327500,354900,374700,386900,415500,436800,458900,473300,565100,529000,550800,575900,608500,626500,644800,680000,707100,741100,763500,792900,828300,852700,889800,917500,953000,979000,1.0319e+06,1.0553e+06,1.0862e+06,1.1209e+06,1.1571e+06,1.1913e+06,1.2274e+06,1.2646e+06,1.3111e+06,1.3464e+06,1.3787e+06,1.4176e+06,1.6113e+06,1.6896e+06,1.7026e+06,1.6991e+06,1.6392e+06,1.6719e+06,1.7132e+06,1.7597e+06,1.8023e+06,1.8456e+06,1.7814e+06,2.1246e+06,1.9966e+06,2.0305e+06,2.0884e+06,2.1261e+06,2.1806e+06,2.229e+06,2.278e+06,2.3228e+06,2.3813e+06,2.431e+06,2.5104e+06,2.5346e+06,2.5913e+06,2.6465e+06,2.6201e+06,2.7601e+06
599,800,1800,3200,5000,7300,10200,13600,17600,22000,27000,32400,38300,44900,51900,59300,67500,85500,85300,95100,105500,116400,135100,139800,152200,172400,179000,193100,227700,233700,239200,263700,272400,299000,308200,334600,356600,365600,392900,414000,428200,450300,479200,502600,530300,550300,575700,600300,626500,648800,680000,721500,737100,907500,802000,824000,860200,885000,922600,948100,987100,1.0205e+06,1.0549e+06,1.1011e+06,1.1213e+06,1.1557e+06,1.1918e+06,1.2283e+06,1.2645e+06,1.3027e+06,1.3465e+06,1.3796e+06,1.4184e+06,1.465e+06,1.4977e+06,1.5447e+06,1.5861e+06,1.6217e+06,1.67e+06,1.7223e+06,1.7619e+06,1.8012e+06,1.8477e+06,1.8907e+06,1.9364e+06,1.9897e+06,2.0312e+06,2.1088e+06,2.2431e+06,2.4451e+06,2.4198e+06,2.5492e+06,2.5007e+06,2.5809e+06,2.6977e+06,2.8281e+06,2.7653e+06,2.9062e+06,2.8655e+06,2.8164e+06,2.7731e+06
600,700,1600,2800,4700,16700,9900,13600,17400,21800,26800,32200,38200,44700,51800,68600,67400,75900,85100,95000,105400,116200,127600,139700,161100,165300,179000,216600,208700,223700,239200,255500,272700,290000,308300,326700,346100,382100,429700,416500,428000,458000,481000,506900,527000,551700,576000,601200,730800,658600,852500,887000,930000,895500,841300,1.0386e+06,1.0679e+06,1.1142e+06,1.1456e+06,1.1945e+06,1.2338e+06,1.2676e+06,1.3096e+06,1.1035e+06,1.2756e+06,1.2281e+06,1.3132e+06,1.4185e+06,1.435e+06,1.4435e+06,1.434e+06,1.387e+06,1.4183e+06,1.4638e+06,1.4978e+06,1.5858e+06,1.6233e+06,1.6382e+06,2.0087e+06,2.1972e+06,2.2232e+06,2.1909e+06,2.3237e+06,2.3796e+06,2.4322e+06,2.5393e+06,2.5028e+06,2.6204e+06,2.6947e+06,2.8537e+06,2.7936e+06,2.8738e+06,2.8628e+06,2.8852e+06,2.8887e+06,3.1275e+06,3.1647e+06,3.032e+06,3.079e+06,3.381e+06,3.3457e+06
601,600,1700,3400,6500,8300,11700,15600,20300,25600,31500,38000,45000,70600,87100,69700,79400,89600,100200,95100,114600,116200,127600,139700,161500,165200,178800,202100,207700,232300,260300,265300,272500,298800,307800,335400,345700,365700,407700,467000,429000,464200,498600,522900,544200,552500,577200,602500,628900,664200,681500,709200,736900,766100,840900,851000,860400,899700,973200,1.0007e+06,995900,1.0212e+06,1.0461e+06,1.0799e+06,1.1593e+06,1.1588e+06,1.1976e+06,1.2297e+06,1.266e+06,1.3039e+06,1.4978e+06,1.6981e+06,1.7336e+06,1.5419e+06,1.6943e+06,1.9335e+06,1.8907e+06,1.7365e+06,1.6804e+06,1.7199e+06,1.7612e+06,1.8014e+06,1.8496e+06,1.8916e+06,1.936e+06,1.9893e+06,2.0306e+06,2.0847e+06,2.1266e+06,2.1793e+06,2.2282e+06,2.2734e+06,2.8336e+06,2.8682e+06,2.6564e+06,3.2177e+06,3.2694e+06,3.2397e+06,3.327e+06,3.316e+06,3.4545e+06
602,700,1800,3400,6000,8800,12400,16700,21800,27200,35400,41800,39800,46400,53500,60200,68000,76200,85400,95100,114900,116900,127600,139700,162900,165300,179200,200600,208200,231000,239100,255500,272500,300200,308100,333500,345900,372500,393000,406700,435900,457200,479500,510900,544000,554800,575400,600400,625900,652400,686700,707000,734900,763900,798900,824300,858900,883200,980500,968400,988100,1.0196e+06,1.0472e+06,1.0872e+06,1.1212e+06,1.1574e+06,1.2326e+06,1.2656e+06,1.4891e+06,1.3377e+06,1.4453e+06,1.3809e+06,1.4247e+06,1.4575e+06,1.5044e+06,1.6521e+06,1.6067e+06,1.6288e+06,1.8431e+06,2.1075e+06,2.1263e+06,2.1802e+06,2.3398e+06,2.4339e+06,2.4237e+06,2.4811e+06,2.1451e+06,2.2991e+06,2.5388e+06,2.582e+06,2.5508e+06,2.5344e+06,2.6323e+06,2.6468e+06,2.6245e+06,2.4855e+06,2.5685e+06,2.585e+06,2.6453e+06,2.7037e+06,2.7525e+06
603,600,1400,2800,7000,7700,9100,8500,18200,22800,41200,33100,38800,44900,51900,59200,67300,76000,142900,95200,105200,116200,137200,139700,152200,173300,178900,193100,216200,223200,246900,255500,284700,289900,316900,327200,354100,375500,393300,418800,443100,465600,482700,503000,526200,543200,567900,600100,626000,652600,700600,709500,736200,764800,794100,863800,859100,884000,923000,948000,987000,1.0201e+06,1.0478e+06,1.2494e+06,1.3226e+06,1.4074e+06,1.4827e+06,1.426e+06,1.7202e+06,1.6084e+06,1.6466e+06,1.7281e+06,1.7307e+06,1.7662e+06,1.8768e+06,1.9032e+06,2.0335e+06,2.1202e+06,2.0912e+06,2.144e+06,2.1993e+06,2.2708e+06,2.2511e+06,2.3776e+06,2.3719e+06,2.4893e+06,2.5432e+06,2.6001e+06,2.6973e+06,2.7399e+06,2.7499e+06,2.8999e+06,2.8818e+06,2.9778e+06,2.9212e+06,3.1457e+06,3.067e+06,3.0605e+06,3.324e+06,3.2354e+06,3.4533e+06
604,900,2200,3700,6100,7700,10300,13700,17600,30700,27000,32500,38500,45000,51700,59300,67300,76000,85300,105500,105200,116200,127700,148200,152100,165400,187100,193200,207900,231200,239100,269100,326400,373800,384900,419500,443200,467300,494400,519500,429700,564700,608300,635100,661000,690400,720900,708300,785000,817500,880800,715300,921400,908100,1.0004e+06,1.0266e+06,1.0439e+06,1.0569e+06,1.1382e+06,1.0538e+06,1.0965e+06,1.1829e+06,1.13e+06,1.0876e+06,1.1225e+06,1.1514e+06,1.1933e+06,1.2292e+06,1.2686e+06,1.3044e+06,1.3475e+06,1.3954e+06,1.4292e+06,1.475e+06,1.5088e+06,1.5553e+06,1.5983e+06,1.6386e+06,1.6745e+06,1.7234e+06,1.7582e+06,1.8011e+06,1.8473e+06,1.9164e+06,1.9369e+06,1.9867e+06,2.0383e+06,2.0775e+06,2.131e+06,2.1747e+06,2.2384e+06,2.2877e+06,2.3305e+06,2.3846e+06,2.4324e+06,2.5362e+06,2.5458e+06,2.5529e+06,2.6514e+06,2.7009e+06,2.7675e+06
605,700,3000,3300,5500,7500,10200,13700,17500,22000,26900,46900,38700,44900,52100,75000,69300,77500,74700,96600,117500,119900,129500,152900,153100,174300,179800,193900,262100,223900,249600,256500,301100,290700,317200,344400,346800,375000,395000,407400,485000,574700,646400,508100,526500,550300,575300,600300,626300,652700,679600,707100,735900,763400,792700,828700,858300,890400,915100,953500,979200,1.0185e+06,1.0522e+06,1.0859e+06,1.1213e+06,1.1615e+06,1.1916e+06,1.2345e+06,1.2669e+06,1.3022e+06,1.3401e+06,1.3845e+06,1.4176e+06,1.4642e+06,1.5026e+06,1.545e+06,1.5906e+06,1.6215e+06,1.6712e+06,1.7135e+06,1.7569e+06,1.8091e+06,1.8495e+06,1.8915e+06,1.9453e+06,1.985e+06,2.0298e+06,2.0842e+06,2.1245e+06,2.1808e+06,2.2316e+06,2.2781e+06,2.3309e+06,2.3799e+06,2.4375e+06,2.4852e+06,2.5396e+06,2.5874e+06,2.6477e+06,2.6943e+06,2.7549e+06
606,500,1400,3100,4300,7100,10000,13500,17200,21900,26700,32300,38300,44800,51800,59300,67400,76000,92600,95100,105300,116200,127600,139600,152800,166200,189500,194000,216900,224100,239900,256400,273400,290800,319600,327600,354600,406200,391300,416200,437000,458800,473300,504400,527800,552200,576500,602100,627700,661100,681200,708600,736900,771700,914700,1.2484e+06,855300,885900,916900,955000,981300,1.0203e+06,1.0544e+06,1.2952e+06,1.1334e+06,1.1582e+06,1.1943e+06,1.2303e+06,1.2667e+06,1.3106e+06,1.3426e+06,1.3812e+06,1.4257e+06,1.4795e+06,1.5036e+06,1.538e+06,1.5862e+06,1.6279e+06,1.6702e+06,1.7077e+06,1.7496e+06,1.8034e+06,2.326e+06,2.3691e+06,2.3436e+06,2.3957e+06,2.4707e+06,2.4863e+06,2.5646e+06,2.6348e+06,2.7741e+06,2.8684e+06,2.9025e+06,2.8117e+06,2.9339e+06,2.9282e+06,3.155e+06,3.2284e+06,3.3028e+06,3.5052e+06,3.4474e+06
607,700,1700,3300,5600,8600,13800,18000,14800,22900,28000,33500,39800,46000,52700,73900,82900,76800,85700,95000,105200,127700,127600,139700,162000,165500,178800,202300,207800,223500,248100,255400,281400,305200,355300,399500,418100,430300,464600,498900,504400,483200,482100,504300,528500,552200,577000,602200,630200,654500,895100,701700,729400,830300,2.2497e+06,815900,845700,892500,920400,955700,986500,1.0234e+06,1.3938e+06,1.3633e+06,1.3367e+06,1.4612e+06,1.4959e+06,1.5389e+06,1.5843e+06,1.7095e+06,1.6956e+06,1.5427e+06,1.6088e+06,1.8748e+06,1.8962e+06,1.9725e+06,2.029e+06,1.8326e+06,1.716e+06,1.8204e+06,2.018e+06,1.8769e+06,1.8561e+06,1.8932e+06,1.9371e+06,2.0279e+06,2.0326e+06,2.5128e+06,2.5663e+06,2.6132e+06,2.6648e+06,2.956e+06,2.9184e+06,2.978e+06,3.0409e+06,3.1668e+06,3.2006e+06,3.2493e+06,3.3356e+06,3.4397e+06,3.4491e+06
608,900,1900,3600,6700,9000,12400,16900,21600,27200,34700,42300,49400,57800,65300,74600,84800,95700,120800,118900,133900,132600,129300,141500,167000,165800,179000,201800,208000,223200,248000,255500,279600,296200,315700,333600,345900,372400,393100,406800,435500,457000,430600,511000,530300,551500,575300,600900,626300,652800,686000,718400,728700,770200,795300,828800,852900,889500,906100,951500,985700,1.0123e+06,1.0521e+06,1.0863e+06,1.1258e+06,1.1572e+06,1.1919e+06,1.2288e+06,1.272e+06,1.3206e+06,1.3473e+06,1.3812e+06,1.4195e+06,1.4638e+06,1.5035e+06,1.5383e+06,1.5867e+06,1.6298e+06,1.6707e+06,1.708e+06,1.7578e+06,1.8015e+06,1.8462e+06,1.8921e+06,1.9365e+06,2.0052e+06,2.0371e+06,2.1004e+06,2.4283e+06,2.5616e+06,2.5905e+06,2.6405e+06,2.938e+06,2.9903e+06,3.0532e+06,3.1932e+06,3.1831e+06,3.2502e+06,3.3357e+06,3.331e+06,3.328e+06
609,700,2000,3200,5200,7800,10800,14300,18500,22700,27300,32700,38600,45200,52200,59500,67500,87500,85400,95200,105500,116300,135500,139700,152300,172700,178900,193100,214900,223200,246000,255500,279300,289900,314900,326700,351400,381400,403500,407400,438100,457500,479600,502700,526000,550300,575000,600200,626000,652400,690400,707000,769800,764800,793700,829500,853100,891000,915300,954300,986000,1.013e+06,1.2019e+06,1.3484e+06,1.3936e+06,1.4386e+06,1.4846e+06,1.5204e+06,1.565e+06,1.4494e+06,1.3478e+06,1.3803e+06,1.6461e+06,1.8036e+06,1.8461e+06,1.8722e+06,1.9328e+06,1.9667e+06,2.0604e+06,2.3887e+06,2.2758e+06,2.1609e+06,2.02e+06,1.8995e+06,2.3868e+06,2.4865e+06,2.5398e+06,2.6067e+06,2.6468e+06,2.7793e+06,2.8632e+06,2.8505e+06,2.9125e+06,2.8595e+06,2.8801e+06,3.085e+06,3.0494e+06,3.3383e+06,3.325e+06,3.4463e+06,3.4707e+06
610,800,1700,18700,5400,7400,10400,13700,10900,21900,26900,32600,38700,44900,52000,73400,67400,76100,85200,95100,105400,116400,127700,139800,159600,165300,180500,205000,208000,223100,248900,255600,280800,290000,316300,334700,346000,373600,394200,406700,441500,458100,532300,669300,528300,551400,576200,616400,628800,654000,680600,709300,737300,766300,794800,825700,855800,891400,1.1504e+06,1.1838e+06,973600,1.0873e+06,1.23e+06,1.151e+06,1.108e+06,1.1753e+06,1.1976e+06,1.2258e+06,1.2664e+06,1.307e+06,1.3403e+06,1.3788e+06,1.4244e+06,1.4574e+06,1.504e+06,1.5408e+06,1.587e+06,1.6396e+06,1.6652e+06,1.714e+06,1.7575e+06,1.8008e+06,1.8536e+06,1.9038e+06,1.9398e+06,1.9827e+06,2.0356e+06,2.0789e+06,2.1315e+06,2.1739e+06,2.2427e+06,2.2785e+06,2.3288e+06,2.3792e+06,2.4297e+06,2.488e+06,2.5425e+06,2.9415e+06,2.6533e+06,2.712e+06,3.1844e+06
611,900,2200,3400,5300,7600,10300,13500,17300,36900,26800,32600,38700,44900,51800,59300,67400,84700,85200,95000,105200,116200,137000,141300,152800,184600,179000,193200,219300,223200,247200,253800,279800,290000,316000,326700,352800,372700,385900,413700,435200,457600,472700,495800,526300,550300,575100,600500,627800,653500,688300,717400,745400,780500,795400,822900,858400,883200,920600,952900,979000,1.0247e+06,1.0517e+06,1.0861e+06,1.1243e+06,1.156e+06,1.1922e+06,1.228e+06,1.2649e+06,1.3027e+06,1.34e+06,1.3861e+06,1.4183e+06,1.464e+06,1.4995e+06,1.5456e+06,1.5798e+06,1.6222e+06,1.6775e+06,1.719e+06,1.7577e+06,1.8013e+06,1.8462e+06,1.8916e+06,1.9365e+06,1.9832e+06,2.0427e+06,2.3868e+06,2.1342e+06,2.1755e+06,2.2247e+06,2.2931e+06,2.328e+06,2.3781e+06,2.4334e+06,2.4822e+06,2.5357e+06,2.5904e+06,2.641e+06,2.701e+06,2.7627e+06
612,600,1400,2700,4600,6900,9900,13500,31600,22900,27900,33200,38800,45100,51900,59400,82900,76100,85200,95100,105300,125500,127600,139600,152300,172700,178900,181200,215800,223100,239000,261200,284100,290500,318300,326600,353900,365500,405700,422600,436900,450100,480300,502800,526500,550400,575400,600800,626500,652400,679600,719000,735300,763700,798600,829800,856300,884800,922300,947900,989700,1.0192e+06,1.0467e+06,1.081e+06,1.1221e+06,1.1955e+06,1.4163e+06,1.4482e+06,1.4976e+06,1.5337e+06,1.6395e+06,1.6661e+06,1.6786e+06,1.7976e+06,1.835e+06,2.1655e+06,1.9653e+06,2.0145e+06,2.0525e+06,2.2319e+06,1.915e+06,1.9303e+06,2.1274e+06,2.1923e+06,2.1387e+06,2.2148e+06,2.2874e+06,2.2946e+06,3.9921e+06,2.7212e+06,2.7359e+06,2.8188e+06,2.9252e+06,2.9247e+06,3.2145e+06,3.0081e+06,3.1477e+06,2.7438e+06,2.9984e+06,2.9294e+06,3.4697e+06
613,1000,1800,3300,5500,7700,10500,13700,17500,22000,26900,32600,38500,45000,51800,59400,67500,76100,85300,95100,105400,128700,127800,139800,152100,165500,190700,193200,207900,262000,239100,291200,247800,243400,323800,328300,347500,382000,402600,407400,438200,457600,479300,504300,528900,551400,721700,752600,785300,818800,851700,893600,920900,956900,1.3093e+06,984100,965300,946800,977000,1.0266e+06,996000,1.0139e+06,1.0529e+06,1.086e+06,1.1214e+06,1.1623e+06,1.1936e+06,1.2293e+06,1.2707e+06,1.3042e+06,1.3477e+06,1.3872e+06,1.4195e+06,1.4657e+06,1.5054e+06,1.5478e+06,1.5877e+06,1.6226e+06,1.6737e+06,1.7145e+06,1.7593e+06,1.8746e+06,1.8472e+06,1.893e+06,1.9379e+06,1.985e+06,2.0338e+06,1.7535e+06,2.3655e+06,2.1939e+06,2.241e+06,2.3321e+06,2.3532e+06,2.4077e+06,2.4416e+06,2.4997e+06,2.564e+06,2.6038e+06,2.6531e+06,2.6992e+06,2.7618e+06
614,700,1800,2900,5000,7400,10300,13600,17600,21900,26900,32600,38400,45000,51800,59400,76400,76100,85400,95000,105300,126300,127800,139800,152200,172900,179000,193100,207900,223200,246200,255600,279600,290100,315200,326600,353200,372700,386000,413700,435700,457500,472900,509300,532900,551200,575100,600500,626300,652800,679400,707300,741500,763500,793300,828400,852800,892400,809900,952600,989400,1.0244e+06,1.0456e+06,1.0864e+06,1.3605e+06,1.5127e+06,1.4931e+06,1.4806e+06,1.3608e+06,1.3137e+06,1.3402e+06,1.379e+06,1.4241e+06,1.4576e+06,1.5043e+06,1.5463e+06,1.5762e+06,1.6297e+06,1.8029e+06,1.9054e+06,1.9544e+06,1.9287e+06,1.9718e+06,1.887e+06,2.1089e+06,2.0456e+06,2.0461e+06,2.0997e+06,2.1443e+06,2.1938e+06,2.2344e+06,2.2915e+06,2.3333e+06,2.3901e+06,2.4424e+06,2.4978e+06,2.5462e+06,2.6042e+06,2.6543e+06,2.7134e+06,2.7606e+06
615,700,1800,3200,5300,7800,10500,13700,17600,22000,21300,32600,38700,45000,51900,59400,67500,76000,85300,95100,131700,116200,127600,139600,161300,165200,178900,202000,207900,230300,238900,255500,272500,297700,308000,334000,345800,373000,393000,406900,438200,457200,479700,502800,526100,558700,587400,600800,626400,653800,679800,707000,741500,763600,792800,828300,852600,902500,1.0103e+06,997100,989800,1.0221e+06,1.0524e+06,1.0861e+06,1.1213e+06,1.1567e+06,1.1919e+06,1.2281e+06,1.2649e+06,1.3103e+06,1.4929e+06,1.3904e+06,1.4296e+06,1.466e+06,1.4981e+06,1.5452e+06,1.5903e+06,1.6527e+06,1.6728e+06,1.8612e+06,1.7594e+06,1.8028e+06,1.8464e+06,2.0048e+06,2.4073e+06,2.278e+06,2.1453e+06,2.1885e+06,2.1625e+06,2.1839e+06,2.2545e+06,2.2853e+06,2.3404e+06,2.3912e+06,2.4545e+06,2.4951e+06,2.5456e+06,2.5993e+06,2.6634e+06,2.7068e+06,2.7694e+06
616,600,1800,3100,5000,7200,10100,13400,17400,21900,27000,32200,38700,44700,51800,59300,76000,77400,86100,95600,105500,131300,127800,139700,152200,165300,179000,200700,208000,223200,246300,255600,279400,290000,315000,326800,346000,372500,386100,421400,428500,543600,483100,539000,622700,691000,721700,753200,738900,818700,852800,834500,939100,958400,1.0017e+06,1.0314e+06,861200,900200,957500,1.0054e+06,996100,1.0473e+06,1.0542e+06,1.0808e+06,1.1817e+06,1.2279e+06,1.2559e+06,1.2942e+06,1.3175e+06,1.3037e+06,1.3416e+06,1.4031e+06,1.4199e+06,1.4591e+06,1.8173e+06,1.5404e+06,1.5871e+06,1.6295e+06,1.6654e+06,1.7257e+06,1.7592e+06,1.8032e+06,1.8486e+06,1.8929e+06,1.9388e+06,2.0159e+06,2.0434e+06,2.0947e+06,2.1404e+06,2.1853e+06,2.7203e+06,2.8454e+06,2.7922e+06,2.9576e+06,3.1211e+06,3.1058e+06,3.1709e+06,3.2387e+06,3.3243e+06,3.4294e+06,3.4601e+06
617,900,2200,4100,7200,7800,10800,14400,17900,22100,27000,32700,39700,46500,67100,61300,68000,76600,85400,95100,119600,116300,127700,139600,161100,166100,179000,193400,208600,223200,245500,245300,282000,290200,316000,326800,353300,373600,386000,414800,435600,458100,472700,503800,527400,551300,576200,601600,630300,820500,853800,886000,920900,956600,993600,996400,1.0102e+06,1.1143e+06,1.0922e+06,1.1626e+06,981400,1.2879e+06,1.3055e+06,1.3388e+06,1.3654e+06,1.4117e+06,1.4035e+06,1.4465e+06,1.5728e+06,1.3053e+06,1.3419e+06,1.387e+06,1.4202e+06,1.4593e+06,1.4996e+06,1.5462e+06,1.8107e+06,1.6974e+06,1.7137e+06,2.1437e+06,2.1808e+06,2.2539e+06,2.3693e+06,2.4387e+06,2.4357e+06,2.494e+06,2.5729e+06,2.626e+06,2.6682e+06,2.7201e+06,2.6873e+06,2.6907e+06,2.4894e+06,2.5736e+06,3.0404e+06,3.0669e+06,3.0936e+06,3.173e+06,3.1704e+06,3.2906e+06,3.2707e+06
618,800,2500,4000,6500,9900,10500,17700,18400,25400,27900,32600,38700,44900,51800,59400,67400,76000,85200,95000,105400,126200,128400,139500,152100,165100,179100,193200,215200,223300,239000,262400,272500,296700,308200,326600,354000,365600,392900,413800,435300,450000,479600,502600,526100,550300,575900,604300,627400,653300,680800,713500,734900,769000,798900,822000,852500,883000,920400,957600,991700,1.0179e+06,1.0533e+06,1.0871e+06,1.1223e+06,1.2038e+06,1.1963e+06,1.2288e+06,1.271e+06,1.3037e+06,1.3414e+06,1.3989e+06,1.4277e+06,1.4591e+06,1.5531e+06,1.5494e+06,1.657e+06,1.6453e+06,1.7208e+06,1.8981e+06,1.7677e+06,1.8122e+06,1.8574e+06,1.9025e+06,1.9475e+06,2.0002e+06,2.0413e+06,2.0958e+06,2.1397e+06,2.3221e+06,2.2363e+06,2.2808e+06,2.3242e+06,2.3746e+06,2.5243e+06,2.4864e+06,2.5367e+06,2.5904e+06,2.6517e+06,2.7015e+06,3.2206e+06
619,600,1700,3200,5200,7300,10300,13700,17500,21900,26900,32700,38400,45300,52200,59500,67500,85700,85300,95000,105400,116300,127700,137500,233900,323400,304200,194300,221100,223200,239100,263500,272500,297500,308100,326700,352800,365700,395100,413400,435200,450000,479800,502500,526000,550800,574900,604900,631800,655300,680400,707100,734900,763500,792700,829400,852600,889700,914900,963400,984300,1.0154e+06,1.0541e+06,1.0859e+06,1.1208e+06,1.1556e+06,1.1958e+06,1.2277e+06,1.2649e+06,1.3112e+06,1.3412e+06,1.3819e+06,1.4306e+06,1.4579e+06,1.5046e+06,1.5392e+06,1.5868e+06,1.6293e+06,1.7043e+06,1.7435e+06,1.7656e+06,1.8029e+06,1.8479e+06,1.8924e+06,1.9392e+06,1.9917e+06,2.0328e+06,2.0796e+06,2.5713e+06,2.7316e+06,2.8383e+06,2.8515e+06,2.916e+06,2.978e+06,3.0403e+06,3.1931e+06,3.1752e+06,3.3939e+06,3.3062e+06,3.379e+06,3.4887e+06
620,1200,3100,4200,7200,9200,13400,14300,18400,22600,27000,32600,38800,45000,51900,59400,81700,76100,85400,95100,105500,125700,127700,139700,152300,172400,179100,193200,207800,213500,240900,267000,273000,299400,308000,335000,386700,365500,394400,414900,428100,458200,480400,503500,527000,551100,576000,601300,627600,653700,680400,748200,920800,944900,1.0015e+06,985500,1.067e+06,1.0643e+06,1.1512e+06,1.1541e+06,1.1937e+06,1.2961e+06,1.074e+06,1.0903e+06,1.1606e+06,1.2296e+06,1.2737e+06,1.2284e+06,1.2654e+06,1.3047e+06,1.4104e+06,1.6447e+06,1.548e+06,1.5898e+06,1.6001e+06,1.5738e+06,1.7096e+06,1.6287e+06,1.667e+06,2.0784e+06,2.1399e+06,2.1863e+06,2.2368e+06,2.7185e+06,2.3764e+06,2.4178e+06,2.4446e+06,2.6025e+06,2.6709e+06,2.7213e+06,2.79e+06,2.8983e+06,2.929e+06,3.0263e+06,3.0523e+06,3.155e+06,3.1833e+06,3.2642e+06,3.3137e+06,3.384e+06,3.452e+06
621,800,2200,2500,3300,7400,10200,13700,17500,21800,27000,32600,38400,44800,51700,70100,67400,76000,85200,95000,105400,116300,127600,139600,159500,165300,178900,200000,219400,219500,251300,265900,272400,298900,308000,334000,346300,379100,394200,407200,428900,457400,479800,503600,526700,551200,575700,600800,626800,661600,680700,708000,741600,764200,794400,829300,852900,890000,915500,953200,986100,1.0339e+06,1.0523e+06,1.0858e+06,1.121e+06,1.1562e+06,1.1969e+06,1.2288e+06,1.2655e+06,1.3027e+06,1.3464e+06,1.3938e+06,1.4188e+06,1.4635e+06,1.4971e+06,1.5626e+06,1.5877e+06,1.6225e+06,1.6927e+06,1.7152e+06,1.7578e+06,1.8023e+06,1.8471e+06,1.8951e+06,1.9372e+06,1.9855e+06,2.0446e+06,2.2771e+06,2.5754e+06,2.6141e+06,2.7056e+06,2.8518e+06,2.9139e+06,2.9766e+06,3.0947e+06,3.0668e+06,3.1849e+06,3.3192e+06,3.3457e+06,3.3928e+06,3.4524e+06
622,900,2300,4200,6600,11300,14700,18200,22600,27500,33800,32600,38600,58000,51800,59300,67400,76100,85300,105700,105300,116200,127600,148700,152100,165300,188400,193200,208400,231900,296200,332100,363100,373600,384900,419700,443200,456900,493100,519200,546000,562500,601500,630300,659800,690100,595200,610000,636000,739700,730100,715800,735700,764000,792600,828400,852800,897500,915900,931400,997700,1.0751e+06,1.1092e+06,1.0889e+06,1.1213e+06,1.1586e+06,1.1917e+06,1.2366e+06,1.2664e+06,1.3044e+06,1.3411e+06,1.4888e+06,1.7343e+06,1.7752e+06,1.8188e+06,1.9047e+06,1.99e+06,1.7957e+06,1.849e+06,1.9428e+06,1.9786e+06,2.0699e+06,2.0973e+06,2.316e+06,2.4444e+06,2.4894e+06,2.5357e+06,2.3299e+06,2.3939e+06,2.5121e+06,2.5775e+06,2.619e+06,2.4819e+06,2.8839e+06,2.7655e+06,2.9324e+06,2.862e+06,3.0097e+06,3.2325e+06,3.3715e+06,3.4692e+06
623,900,2300,3800,5900,8200,10900,14400,18300,22700,27800,33500,49900,45700,52700,60100,68100,77000,86000,95900,106200,117100,147000,187600,191400,207400,237000,208400,209500,238800,239700,279300,272300,297700,308100,333900,345900,372800,393100,406700,428100,456900,479500,503000,526600,550400,574800,614200,635600,662900,685100,707400,734700,776800,809300,825300,861100,884800,922900,948500,988100,1.0416e+06,1.1922e+06,1.5441e+06,1.406e+06,1.4486e+06,1.4929e+06,1.5384e+06,1.5843e+06,1.6498e+06,1.6417e+06,1.4958e+06,1.5224e+06,1.8452e+06,1.8869e+06,1.9056e+06,1.729e+06,1.8681e+06,1.711e+06,1.7147e+06,1.7574e+06,1.8032e+06,1.8467e+06,1.8985e+06,1.949e+06,1.9833e+06,2.0365e+06,2.0772e+06,2.1285e+06,2.5351e+06,2.7022e+06,2.653e+06,2.7415e+06,3.0907e+06,3.1382e+06,3.156e+06,3.1716e+06,3.3188e+06,3.3325e+06,3.3872e+06,3.4269e+06
624,800,2200,4000,6800,7500,10300,13700,17600,22000,41200,32500,38700,45100,52000,59500,67500,76200,94400,95000,105500,116200,134900,139800,153900,180400,180700,194600,230100,223600,249200,255600,281000,290000,315200,326700,352900,372600,385900,413900,435100,457200,472700,495500,524700,551500,575300,600300,626400,659200,661300,718900,735500,764000,793300,822800,852800,891300,914900,956400,1.009e+06,1.0139e+06,1.0461e+06,1.0863e+06,1.1228e+06,1.1571e+06,1.1912e+06,1.2281e+06,1.2654e+06,1.3086e+06,1.3407e+06,1.3788e+06,1.4237e+06,1.4571e+06,1.5064e+06,1.5391e+06,1.5955e+06,1.6448e+06,1.6654e+06,1.7137e+06,1.7577e+06,1.8019e+06,1.8463e+06,1.8974e+06,1.9389e+06,1.983e+06,2.0368e+06,2.078e+06,2.1334e+06,2.1741e+06,2.2421e+06,2.2808e+06,2.3315e+06,2.3832e+06,2.4343e+06,2.4941e+06,2.5449e+06,2.5982e+06,2.6652e+06,2.6993e+06,2.7725e+06
625,700,1900,3300,5300,7600,10200,13600,17400,21900,26800,32700,52900,45000,51800,59300,67400,76000,85300,104000,105300,116200,127600,147100,152200,165300,174700,204800,207800,223100,247400,255500,279500,289800,315100,333900,345600,372800,393000,406600,434800,457000,479400,502700,519100,543400,574900,600500,625500,672800,681100,706800,734700,769600,792800,823700,858700,883800,920900,954500,979500,1.0184e+06,1.2483e+06,1.0882e+06,1.1274e+06,1.158e+06,1.1933e+06,1.2297e+06,1.2666e+06,1.3037e+06,1.3485e+06,1.3812e+06,2.7387e+06,1.4465e+06,1.4858e+06,1.5413e+06,1.5932e+06,1.6304e+06,1.8428e+06,1.7245e+06,1.7671e+06,1.8114e+06,1.8567e+06,1.9004e+06,1.9527e+06,1.9915e+06,2.064e+06,2.4666e+06,2.6681e+06,2.7219e+06,2.7706e+06,2.739e+06,2.9268e+06,3.0079e+06,3.0555e+06,3.1071e+06,3.1789e+06,3.2391e+06,3.3484e+06,3.433e+06,3.4475e+06
626,600,1700,3400,5600,9600,12400,16700,21600,30400,34700,41900,39700,45900,52200,59800,67300,90400,85200,79700,105300,116200,145200,209600,193100,165200,179000,201200,208200,223300,246700,255500,280400,308400,308100,335400,345800,373400,393600,414400,428100,459000,480400,503700,528300,620600,720800,753000,784200,817900,790200,714500,798400,766100,795300,824000,854400,993100,1.1829e+06,1.1872e+06,1.2349e+06,1.2623e+06,1.0568e+06,1.1561e+06,1.1813e+06,1.1477e+06,1.2025e+06,1.2431e+06,1.2668e+06,1.303e+06,1.3465e+06,1.3787e+06,1.4181e+06,1.457e+06,1.4982e+06,1.5408e+06,1.5863e+06,1.8332e+06,2.96e+06,1.7406e+06,2.1235e+06,2.2033e+06,2.3249e+06,2.5529e+06,2.3436e+06,2.4669e+06,2.4876e+06,2.6014e+06,2.7272e+06,2.7336e+06,2.7951e+06,2.8217e+06,2.8605e+06,2.9896e+06,3.1745e+06,3.1095e+06,3.1715e+06,3.2443e+06,3.3187e+06,3.3946e+06,3.4487e+06
627,1400,1700,3600,5900,9000,12400,16800,21600,27100,33500,40300,61100,58000,68000,45200,69200,77600,85900,95500,119700,116200,127700,139700,161100,165200,179000,200600,207800,230600,239100,255800,279600,290000,307900,333700,369500,367100,398700,417300,549900,548100,482900,503600,527400,552200,576000,601400,627400,653800,680800,707900,735900,765700,800000,969300,1.0322e+06,1.1982e+06,1.1453e+06,1.1853e+06,1.2337e+06,1.275e+06,1.3094e+06,1.1467e+06,1.1447e+06,1.2601e+06,1.2277e+06,1.3771e+06,1.2985e+06,1.3022e+06,1.3415e+06,1.3825e+06,1.4286e+06,1.4618e+06,1.5117e+06,1.5626e+06,1.5861e+06,1.6289e+06,1.6699e+06,1.7074e+06,1.7523e+06,1.7953e+06,1.8467e+06,1.8915e+06,1.9508e+06,1.984e+06,2.0367e+06,2.0778e+06,2.1311e+06,2.18e+06,2.2213e+06,2.2791e+06,2.3281e+06,2.3792e+06,2.7547e+06,2.4871e+06,2.5562e+06,2.5872e+06,2.6399e+06,2.7007e+06,2.7555e+06
628,500,1400,2800,4700,7100,10200,13600,17500,21900,26800,32300,38300,44900,51800,59400,67500,76100,85300,95000,112500,116400,127700,139700,159400,165300,178900,211200,208700,239100,239700,266500,273000,299000,309000,335400,346700,387900,395400,415300,428800,458900,481400,504500,528200,552300,576600,602000,627700,654300,684300,713500,739900,767500,829200,826500,862700,887500,924800,950300,982700,1.0221e+06,1.0558e+06,1.0962e+06,1.1247e+06,1.1697e+06,1.2034e+06,1.2396e+06,1.2785e+06,1.3141e+06,1.3582e+06,1.4197e+06,1.4207e+06,1.4712e+06,1.4978e+06,1.5448e+06,1.5864e+06,1.6214e+06,1.6654e+06,1.7152e+06,1.7627e+06,1.8029e+06,2.0522e+06,2.2667e+06,2.3431e+06,2.4411e+06,2.2289e+06,2.7787e+06,2.7183e+06,2.7562e+06,2.7047e+06,2.8169e+06,2.9147e+06,2.9534e+06,2.9585e+06,3.0313e+06,3.1116e+06,3.2215e+06,3.3632e+06,3.4191e+06,3.4921e+06
629,700,1700,4300,6700,9700,13400,18100,24100,28100,34900,41500,39700,46200,53500,61100,69100,76900,85800,95200,120700,116200,127600,139700,161200,165300,179000,200800,207900,224500,239800,320000,340600,362300,385100,408200,432200,488300,482400,508400,534800,578600,590600,526200,531500,616400,722400,754000,785500,819000,854500,916100,922700,965400,993400,1.0306e+06,1.0886e+06,1.1074e+06,1.1539e+06,1.1578e+06,1.2266e+06,1.2056e+06,1.2742e+06,1.3162e+06,1.4043e+06,1.4873e+06,1.3025e+06,1.3459e+06,1.3048e+06,1.434e+06,1.6878e+06,1.6916e+06,1.7446e+06,1.7755e+06,1.8185e+06,1.8592e+06,1.8743e+06,1.7483e+06,1.7168e+06,1.7259e+06,1.7687e+06,1.8126e+06,1.8567e+06,1.9026e+06,1.9465e+06,1.9997e+06,2.0416e+06,2.0947e+06,2.1376e+06,2.3664e+06,2.5075e+06,2.7992e+06,2.8675e+06,3.0065e+06,3.0888e+06,3.1205e+06,3.1847e+06,3.1001e+06,3.2817e+06,3.2347e+06,3.4265e+06
630,900,2200,3200,5200,7600,10200,13800,32100,22100,27000,32700,38500,45000,51800,59400,67500,85200,96200,96300,107200,100500,129300,141400,177700,167300,191900,194300,208700,223900,239800,265000,273300,298800,308900,327500,354900,366400,394800,415600,436900,451100,511000,514000,532500,560700,579100,601100,626100,652500,679400,706800,741400,763200,792700,828700,852600,933900,961800,951000,985000,1.0128e+06,1.0533e+06,1.0862e+06,1.121e+06,1.1561e+06,1.1919e+06,1.2385e+06,1.2653e+06,1.3111e+06,1.3402e+06,1.3785e+06,1.4183e+06,1.4642e+06,1.4979e+06,1.5504e+06,1.586e+06,1.622e+06,1.6772e+06,1.7206e+06,1.7567e+06,1.8012e+06,1.8456e+06,1.8984e+06,1.9435e+06,1.9778e+06,2.0297e+06,2.0845e+06,2.1251e+06,2.1834e+06,2.2494e+06,2.2816e+06,2.3311e+06,2.3784e+06,2.4317e+06,2.4925e+06,2.5334e+06,2.5889e+06,2.6404e+06,2.6942e+06,2.7565e+06
631,500,1400,2800,4600,7000,10000,13300,17400,21800,26800,32300,38400,44800,51900,59400,67500,76200,85300,97300,110400,116200,127600,139800,152200,165400,179000,200400,207800,230300,239200,262600,272600,299100,308200,334100,345700,372900,393000,406800,428200,457400,479700,502800,526700,552800,577100,602100,627700,654600,681200,708500,738500,771600,793000,828600,853000,891300,914500,953100,981500,1.0234e+06,1.0524e+06,1.0862e+06,1.1241e+06,1.1563e+06,1.1918e+06,1.2282e+06,1.2656e+06,1.3023e+06,1.3404e+06,1.3823e+06,1.4182e+06,1.4639e+06,1.5134e+06,1.5473e+06,1.5818e+06,1.6234e+06,1.6726e+06,1.7162e+06,1.76e+06,1.8133e+06,1.8507e+06,1.8949e+06,1.9408e+06,1.9897e+06,2.0405e+06,2.1109e+06,2.1437e+06,2.1906e+06,2.2368e+06,2.2896e+06,2.334e+06,2.3847e+06,2.4422e+06,3.4283e+06,2.5822e+06,2.5981e+06,2.6491e+06,2.7253e+06,2.7641e+06
632,700,1800,3000,5000,7400,10100,13500,17400,21900,26900,32400,38400,44700,51700,59300,67400,76000,85200,100300,117200,116300,127600,139600,167200,165300,178900,193000,207900,232600,239100,263900,272400,298000,308100,335100,345800,365800,393900,414600,428300,458400,480600,503400,527100,551200,576800,609300,631600,657300,688600,708900,737200,765000,800800,823900,860700,885100,922600,947900,982500,1.0295e+06,1.047e+06,1.0906e+06,1.1227e+06,1.1579e+06,1.1937e+06,1.4196e+06,1.2677e+06,1.3326e+06,1.3422e+06,1.3808e+06,1.4232e+06,1.4703e+06,1.5097e+06,1.5543e+06,1.5906e+06,1.6357e+06,1.6802e+06,1.7274e+06,1.8393e+06,1.8107e+06,1.8465e+06,1.9122e+06,1.9464e+06,1.9859e+06,2.3197e+06,2.1254e+06,2.3418e+06,2.3545e+06,2.3635e+06,2.7196e+06,2.6913e+06,2.8492e+06,2.9219e+06,2.8455e+06,2.6694e+06,2.7137e+06,2.6538e+06,2.7125e+06,2.7615e+06
633,900,2500,4400,7700,9900,13100,17100,39000,27300,33600,40600,48200,56100,64800,74200,84400,112300,108000,119500,107100,117900,129400,141400,167300,165900,179300,203600,207900,223300,239100,255400,279800,290000,315100,333800,345600,372300,392600,406600,434900,457600,481800,504100,550100,559900,584300,609800,629200,653200,679500,707100,737100,770000,792800,822500,858400,897800,915100,953500,979200,1.0183e+06,1.0522e+06,1.0868e+06,1.1211e+06,1.156e+06,1.1919e+06,1.2285e+06,1.273e+06,1.3112e+06,1.3435e+06,1.3811e+06,1.4257e+06,1.4606e+06,1.8441e+06,1.8722e+06,1.9578e+06,1.828e+06,1.8172e+06,1.9563e+06,1.8322e+06,2.1592e+06,2.3213e+06,2.3684e+06,2.3835e+06,2.4463e+06,2.6155e+06,2.6126e+06,2.6104e+06,2.7402e+06,2.8113e+06,2.8626e+06,2.9257e+06,2.9904e+06,3.0704e+06,3.0161e+06,3.1945e+06,3.2315e+06,3.0913e+06,3.2202e+06,3.1719e+06
634,800,2300,3200,5400,7700,10500,13600,17300,21800,26900,32500,38600,44900,51800,73600,67400,76100,85200,101900,106900,117900,129100,141300,152800,179700,179000,193300,217000,223300,246500,255600,282800,271800,318700,326600,353200,372600,385900,416000,436500,458000,489000,495800,519400,550300,575200,600200,626000,652500,679600,724200,836000,765200,798800,823500,852600,890200,921000,946800,987100,1.0186e+06,1.0459e+06,1.0864e+06,1.121e+06,1.1561e+06,1.1913e+06,1.2441e+06,1.2651e+06,1.3085e+06,1.3404e+06,1.3788e+06,1.4242e+06,1.4582e+06,1.5045e+06,1.5392e+06,1.5865e+06,1.6284e+06,1.6728e+06,1.7137e+06,1.7572e+06,1.8023e+06,1.8461e+06,1.8909e+06,1.9404e+06,1.987e+06,2.0363e+06,2.0779e+06,2.1317e+06,2.179e+06,2.2349e+06,2.2781e+06,2.3294e+06,2.3786e+06,2.4291e+06,2.4848e+06,2.8753e+06,2.5956e+06,2.6414e+06,2.701e+06,2.7495e+06
635,700,2200,3300,5300,7800,10800,14100,18100,22600,27400,33000,39100,45600,52700,60200,68100,76800,86100,95800,115300,116900,128400,140300,162400,166000,179500,203100,208700,233400,239600,265300,273000,300200,320100,328300,362200,383000,386500,417000,435300,456900,479700,495400,526100,550100,575000,600100,626100,658300,681600,647700,754700,765400,794200,829700,853100,890500,915700,953800,986200,1.0133e+06,1.0526e+06,1.0972e+06,1.1701e+06,1.4481e+06,1.494e+06,1.5373e+06,1.5331e+06,1.6375e+06,1.6779e+06,1.5914e+06,1.6915e+06,1.7064e+06,1.8676e+06,1.881e+06,1.943e+06,2.1008e+06,2.0351e+06,2.1113e+06,2.1989e+06,2.2555e+06,2.3093e+06,2.3863e+06,2.3867e+06,2.5149e+06,2.5526e+06,2.6124e+06,2.6826e+06,2.7292e+06,2.7898e+06,2.8894e+06,2.9246e+06,3.0004e+06,3.0528e+06,3.1053e+06,3.029e+06,3.2908e+06,3.3305e+06,3.395e+06,3.5562e+06
636,900,2700,4400,6900,9700,13300,17800,22800,22900,27700,46600,39300,45100,52200,59500,67500,76100,95100,95000,105400,116200,127600,147300,152300,165300,186200,193200,210700,230700,239100,262600,272500,296900,308200,349500,348800,372900,393400,414100,428500,457400,479800,503000,526700,550700,575500,600900,626500,661400,684400,707900,755900,766000,793400,828900,852500,889400,914700,952800,985700,1.0132e+06,1.0414e+06,1.0939e+06,1.1234e+06,1.156e+06,1.192e+06,1.228e+06,1.2648e+06,1.3085e+06,1.3407e+06,1.3786e+06,1.4248e+06,1.4635e+06,1.514e+06,1.5391e+06,1.5873e+06,1.6293e+06,1.6653e+06,1.7083e+06,1.772e+06,1.9308e+06,1.8778e+06,1.891e+06,1.9377e+06,1.9833e+06,2.0353e+06,2.0857e+06,2.1313e+06,2.1733e+06,2.2216e+06,2.2787e+06,2.3299e+06,2.3862e+06,2.4364e+06,2.484e+06,2.5362e+06,2.5918e+06,2.6717e+06,3.3049e+06,2.7682e+06
637,700,1700,3300,5000,7300,10300,13700,17600,21900,27000,32300,39600,45300,52100,59300,67400,77800,85300,95300,105500,116300,127700,151400,152200,165300,186800,193100,207900,230300,239100,262600,272400,297100,308000,333700,353200,365600,393200,414800,428000,457200,479300,520400,527400,551000,575400,600400,626400,652400,679600,706900,741400,764000,792400,829200,852500,889400,914600,959900,985000,1.0124e+06,1.0518e+06,1.0879e+06,1.1209e+06,1.156e+06,1.4627e+06,1.5395e+06,1.5336e+06,1.3932e+06,1.4388e+06,1.5972e+06,1.6089e+06,1.7134e+06,1.83e+06,1.8777e+06,1.9164e+06,1.9643e+06,2.0089e+06,2.0408e+06,1.9947e+06,1.9864e+06,2.0481e+06,1.9826e+06,1.977e+06,2.2313e+06,2.2936e+06,2.6212e+06,2.6702e+06,2.7689e+06,2.7938e+06,2.863e+06,2.925e+06,3.0221e+06,3.1003e+06,3.1732e+06,3.2315e+06,3.2514e+06,3.3261e+06,3.5145e+06,3.4402e+06
638,900,2100,3300,5300,7500,10200,13700,17400,21900,26900,32500,38700,46100,53600,89100,68800,76500,107000,118700,131600,145300,159600,174600,202300,206500,223700,252800,259700,279000,298800,319500,351700,307200,346300,419300,432300,367300,401000,417200,436000,449800,479400,502400,525900,550100,574700,600200,626000,652200,679600,713000,734900,786500,2.1062e+06,816400,845800,877000,907700,960400,986600,1.2401e+06,1.2773e+06,1.4049e+06,1.4034e+06,1.4207e+06,1.458e+06,1.5057e+06,1.5415e+06,1.5889e+06,1.626e+06,1.656e+06,1.6798e+06,1.7173e+06,1.7564e+06,1.5407e+06,1.5876e+06,1.629e+06,1.6847e+06,2.1423e+06,1.9399e+06,2.0116e+06,2.114e+06,2.3934e+06,2.4375e+06,2.4945e+06,2.5195e+06,2.3899e+06,2.3615e+06,2.5259e+06,2.6113e+06,2.5674e+06,2.6782e+06,2.718e+06,2.7435e+06,2.615e+06,2.8797e+06,3.2471e+06,3.2565e+06,3.4078e+06,3.472e+06
639,800,2200,23100,5300,7900,10600,13600,17400,21900,26900,32500,38400,44800,65900,59300,67400,76000,85100,95000,114300,116300,127500,139500,159400,165200,178800,200100,207900,224900,250800,255500,283800,289900,315100,326500,353000,373200,393900,408600,440000,460300,481600,504600,528400,552100,576700,602600,627900,654300,720800,730000,744600,765800,797600,982700,1.3618e+06,1.0721e+06,1.149e+06,1.1595e+06,1.2273e+06,1.2886e+06,1.3235e+06,1.3638e+06,1.1776e+06,1.1858e+06,1.241e+06,1.2399e+06,1.2084e+06,1.3761e+06,1.3565e+06,1.3805e+06,1.418e+06,1.4637e+06,1.4977e+06,1.5444e+06,1.5855e+06,1.6272e+06,1.6714e+06,1.7136e+06,1.7578e+06,1.8026e+06,1.8457e+06,1.8913e+06,1.9591e+06,1.9917e+06,2.4562e+06,2.6805e+06,2.6683e+06,2.7766e+06,2.7944e+06,2.8653e+06,2.9137e+06,3.015e+06,2.9761e+06,3.0115e+06,3.0249e+06,3.2657e+06,3.3249e+06,3.4259e+06,3.5373e+06
640,800,2200,3200,5400,7700,10800,14100,18700,22500,27100,32800,38800,45000,51900,59400,67500,76100,100500,95100,103400,117400,127900,139700,162400,165300,178900,200200,207800,223200,246200,255400,279400,289900,315300,326600,345700,372400,408500,408600,429900,465700,488400,506500,546800,550700,575400,600300,626300,653200,679400,706900,741300,764800,793100,828700,852300,889500,904800,954200,985800,1.0126e+06,1.0527e+06,1.0881e+06,1.1209e+06,1.1592e+06,1.1921e+06,1.2277e+06,1.2649e+06,1.3032e+06,1.3402e+06,1.379e+06,1.4175e+06,1.4748e+06,1.4983e+06,1.539e+06,1.5868e+06,1.6288e+06,1.6663e+06,1.7144e+06,1.7639e+06,1.8576e+06,1.8487e+06,1.8981e+06,1.937e+06,1.9866e+06,2.036e+06,2.0784e+06,2.1337e+06,2.1746e+06,2.23e+06,2.2788e+06,2.3329e+06,2.3993e+06,2.4311e+06,2.4876e+06,2.5338e+06,2.588e+06,2.6565e+06,2.6947e+06,2.7561e+06
641,500,1500,2800,4600,7100,9900,13400,17400,21900,26800,32400,38400,53300,51800,59400,68900,88700,85800,95200,105400,116300,138800,139500,152100,173800,179000,193000,215100,223200,246000,255400,280900,289900,315100,326600,352900,365500,386000,413700,435000,450100,472700,516700,501300,571000,575800,600500,626100,652600,686100,706900,735100,763700,799000,822300,858800,883500,920600,948400,1.001e+06,1.0229e+06,1.0539e+06,1.0875e+06,1.1225e+06,1.1569e+06,1.1931e+06,1.2288e+06,1.5469e+06,1.5611e+06,1.3961e+06,1.4895e+06,1.5252e+06,1.4684e+06,1.5048e+06,1.538e+06,1.5859e+06,1.6344e+06,1.6425e+06,1.7075e+06,1.7569e+06,1.8015e+06,1.8469e+06,1.892e+06,1.9426e+06,2.0452e+06,2.0355e+06,2.0787e+06,2.1309e+06,2.1738e+06,2.2367e+06,2.6585e+06,2.859e+06,2.9776e+06,3.0407e+06,3.3041e+06,3.5863e+06,3.2423e+06,3.3132e+06,3.7736e+06,3.4467e+06
642,800,1900,3700,6200,9200,12500,16900,22300,27100,33600,40500,47800,68800,64500,74100,84100,104000,114500,137300,131600,145400,159600,188300,190000,206400,236300,248100,260000,290800,298700,330700,340400,373400,385200,420000,443200,487400,494800,519200,546100,562300,602200,630800,641500,559100,584200,609900,708400,733500,701300,707900,743900,769800,792600,822400,859000,888100,922300,953100,978700,1.0185e+06,1.0527e+06,1.0889e+06,1.2305e+06,1.1813e+06,1.1937e+06,1.2299e+06,1.2668e+06,1.573e+06,1.6303e+06,1.7868e+06,1.7579e+06,1.7891e+06,1.8219e+06,1.8698e+06,1.9168e+06,1.9779e+06,1.9421e+06,1.9824e+06,1.9244e+06,2.0782e+06,1.9632e+06,1.958e+06,1.9962e+06,2.0225e+06,2.372e+06,2.3414e+06,2.2948e+06,2.3421e+06,2.3852e+06,2.428e+06,2.4279e+06,2.5181e+06,2.635e+06,2.8822e+06,2.9853e+06,3.0854e+06,3.2383e+06,3.2347e+06,3.3024e+06
643,900,2200,3900,5300,7900,10500,13800,17500,22000,27000,46900,38600,45200,52000,59400,67500,76100,94000,95100,105400,116200,127700,139600,152200,165300,186000,194900,209600,239400,239800,271100,273100,299800,315400,326600,353000,365400,392800,413900,435100,450000,479600,502500,526200,550200,573800,600800,631200,633800,684600,713300,735300,772900,786600,822500,859100,883600,920800,947000,985900,1.0184e+06,1.0507e+06,1.0797e+06,1.1207e+06,1.156e+06,1.1926e+06,1.2279e+06,1.2719e+06,1.3022e+06,1.4072e+06,1.388e+06,1.4232e+06,1.4618e+06,1.4984e+06,1.5492e+06,1.5824e+06,1.6312e+06,1.7025e+06,1.7249e+06,1.771e+06,1.8121e+06,1.8601e+06,1.9017e+06,1.96e+06,2.0034e+06,2.0341e+06,2.0779e+06,2.1303e+06,2.1733e+06,2.2646e+06,2.2818e+06,2.3276e+06,2.4011e+06,2.4362e+06,2.4863e+06,2.5492e+06,2.6047e+06,2.9253e+06,2.7085e+06,3.1744e+06
644,700,1800,3200,5100,7300,10200,13600,17500,21900,27100,32600,50000,45100,51900,59400,67400,76000,85200,104900,105300,116200,127500,147000,154000,221100,257100,241200,259800,344900,298800,333500,340800,374300,385000,408400,443700,457100,503500,489000,535900,606500,473900,512000,535500,559600,578300,601000,626000,658800,703100,708000,736600,763800,792900,838500,852600,890100,914900,953400,979200,1.0122e+06,1.0527e+06,1.0859e+06,1.1206e+06,1.1572e+06,1.192e+06,1.2471e+06,1.2658e+06,1.3025e+06,1.3473e+06,1.379e+06,1.418e+06,1.4638e+06,1.5017e+06,1.5492e+06,1.5866e+06,1.6221e+06,1.671e+06,1.7136e+06,1.757e+06,1.8024e+06,2.1618e+06,1.8906e+06,1.9374e+06,1.983e+06,2.0296e+06,2.0778e+06,2.1321e+06,2.1895e+06,2.2355e+06,2.2764e+06,2.3324e+06,2.3835e+06,2.4638e+06,2.7399e+06,2.6263e+06,2.6926e+06,2.9359e+06,2.7006e+06,2.7524e+06
645,600,1700,3500,5400,7700,10900,14200,18300,22600,27500,33200,39200,45500,52500,60400,77800,77000,86100,95800,106100,129600,128500,142100,163300,165300,193900,194700,223500,224800,239600,256000,272300,299000,315700,326600,352700,365500,392900,413500,435300,447100,480800,502700,526500,550700,576100,600600,625900,653000,679500,706600,735700,774700,799000,822600,863700,878400,931400,948900,990400,1.0204e+06,1.0525e+06,1.0865e+06,1.1205e+06,1.1558e+06,1.1923e+06,1.2464e+06,1.2654e+06,1.3031e+06,1.3466e+06,1.384e+06,1.4182e+06,1.4647e+06,1.4975e+06,1.545e+06,1.5971e+06,1.6243e+06,1.6724e+06,1.9108e+06,1.7701e+06,1.8131e+06,2.0102e+06,1.9037e+06,2.0331e+06,1.9886e+06,2.0303e+06,2.0768e+06,2.3872e+06,2.4654e+06,2.4983e+06,2.6109e+06,2.5925e+06,2.7515e+06,2.6995e+06,2.6383e+06,2.7273e+06,3.0347e+06,3.1602e+06,3.1796e+06,3.4398e+06
646,1000,2200,4000,5200,7900,10500,13800,17600,22000,27000,32600,38600,45100,52000,59400,76700,76100,85300,94900,105400,123700,127700,139700,154500,176300,178900,193100,216100,231000,239800,255400,281800,290300,308200,334700,345800,374100,393500,406700,436000,457900,480700,503600,527000,551500,576200,639300,633400,660300,689100,710100,741700,763900,792400,828500,852900,889900,914600,952500,984800,931100,1.0635e+06,1.0897e+06,1.1231e+06,1.158e+06,1.1986e+06,1.23e+06,1.2673e+06,1.6061e+06,1.7036e+06,1.4245e+06,1.6621e+06,1.7345e+06,2.0244e+06,2.0387e+06,2.1713e+06,2.1341e+06,2.209e+06,2.3655e+06,2.3293e+06,2.3404e+06,2.3944e+06,2.4479e+06,2.4872e+06,2.4935e+06,2.5601e+06,2.6705e+06,2.6861e+06,2.6239e+06,2.5956e+06,2.6381e+06,2.7346e+06,2.3867e+06,3.0681e+06,3.1402e+06,3.2296e+06,3.1131e+06,3.2909e+06,3.2823e+06,3.4781e+06
647,900,2700,4300,6900,9800,13700,17900,22700,28100,34400,41400,48800,57000,65700,75100,85500,96100,107800,131400,132900,146300,162000,156600,153800,167000,195000,193800,217000,223200,241300,269300,273900,300500,308900,335900,354400,366300,394700,417500,428900,450900,481100,646100,698200,655400,722600,753600,1.0519e+06,826000,855600,887300,920800,964500,1.0652e+06,835300,862500,913400,929300,1.0102e+06,987500,1.0128e+06,1.0517e+06,1.0866e+06,1.121e+06,1.1559e+06,1.233e+06,1.2295e+06,1.2654e+06,1.3031e+06,1.4183e+06,1.6698e+06,1.7375e+06,1.7841e+06,1.8295e+06,1.6913e+06,1.6975e+06,1.636e+06,1.6732e+06,1.7256e+06,1.8924e+06,2.0354e+06,2.0923e+06,2.1057e+06,2.1835e+06,2.1995e+06,2.0385e+06,2.1297e+06,2.5532e+06,2.6754e+06,2.8615e+06,2.8643e+06,2.9687e+06,2.99e+06,3.0883e+06,3.1186e+06,3.239e+06,3.2702e+06,3.313e+06,3.3713e+06,3.3e+06
648,900,2200,5300,6100,9600,10900,14300,18100,21800,27000,32400,38700,45000,51800,74000,67400,76100,85200,95000,105300,116300,127600,139600,159300,165300,178900,203500,207900,223200,239200,255900,281500,304200,314600,326500,345900,372400,386000,413700,435400,457200,479600,495900,526300,550600,564400,601600,626800,653000,680000,710300,736400,769600,792700,829500,852200,883400,915000,961200,979000,1.0185e+06,1.0517e+06,1.0862e+06,1.1489e+06,1.3668e+06,1.3059e+06,1.4118e+06,1.3718e+06,1.3059e+06,1.3409e+06,1.3956e+06,1.4016e+06,1.4626e+06,1.5041e+06,1.5384e+06,1.6181e+06,1.6297e+06,1.671e+06,1.9008e+06,2.1983e+06,2.1801e+06,2.1725e+06,2.1074e+06,1.9559e+06,2.0123e+06,2.0284e+06,2.4501e+06,2.6608e+06,2.7409e+06,2.8017e+06,2.8757e+06,2.9639e+06,2.993e+06,2.9525e+06,3.0804e+06,3.1897e+06,3.2571e+06,3.3173e+06,3.3951e+06,3.4732e+06
649,800,1900,3200,5100,7300,10300,8300,17700,23000,27900,32800,38900,45200,52000,62300,67900,76600,99200,96000,106300,117200,138400,140600,153000,166300,186500,194300,216100,224300,239900,264500,272700,297700,309000,327600,353900,366400,394200,414300,437200,461800,480400,503400,527300,550700,576000,601400,630100,653200,680000,714000,735700,764100,801200,823400,877000,892200,922000,947400,986300,1.0199e+06,1.0471e+06,1.0872e+06,1.1213e+06,1.1571e+06,1.1934e+06,1.2589e+06,1.2769e+06,1.3198e+06,1.3525e+06,1.3894e+06,1.4257e+06,1.4583e+06,1.5039e+06,1.5445e+06,1.5699e+06,1.6286e+06,1.671e+06,1.7146e+06,1.7579e+06,1.8031e+06,1.8687e+06,1.876e+06,1.9375e+06,1.9886e+06,2.0289e+06,2.0839e+06,2.1432e+06,2.1796e+06,2.2248e+06,2.2718e+06,2.3296e+06,2.3883e+06,2.7251e+06,2.8228e+06,2.5511e+06,2.5999e+06,2.6704e+06,2.7084e+06,2.768e+06
650,600,1800,3000,4900,7200,10100,13600,17500,21900,26900,46800,55400,46000,52300,74700,84400,95200,119800,118900,131900,145400,159600,195100,190400,206500,249700,241300,271700,279100,298700,330500,285300,335200,412800,327600,358700,376400,385800,413700,435000,457100,472700,495800,526600,549700,575500,600500,626000,658700,679800,707100,736300,965700,1.0062e+06,987900,1.0126e+06,1.0739e+06,1.0932e+06,961400,986900,1.0697e+06,1.3524e+06,1.1336e+06,1.2143e+06,1.2267e+06,1.2644e+06,1.2295e+06,1.3001e+06,1.5352e+06,1.4039e+06,1.4727e+06,1.4636e+06,1.4593e+06,1.5041e+06,1.5452e+06,1.5672e+06,1.6283e+06,1.6895e+06,1.7137e+06,1.7566e+06,1.8023e+06,1.8466e+06,1.8931e+06,1.937e+06,1.9928e+06,2.0293e+06,2.0768e+06,2.1251e+06,2.1798e+06,2.3436e+06,2.2819e+06,2.8147e+06,2.8494e+06,2.912e+06,2.9921e+06,3.0979e+06,3.058e+06,3.1831e+06,4.7272e+06,3.4509e+06
651,800,2000,3500,5900,9600,12500,16700,21900,27400,33500,40100,49800,57400,65900,74500,86500,77700,85900,95600,105500,116200,127700,139600,152100,165200,178800,193200,208000,223100,239000,255500,272600,290000,321500,326800,356800,376200,394900,415000,444100,446300,480700,502800,526300,550300,575100,600300,626400,652500,679500,707200,734900,763700,799700,830200,853600,874500,933400,995900,1.0412e+06,1.0875e+06,1.0542e+06,1.0806e+06,1.1046e+06,1.1972e+06,1.2094e+06,1.2339e+06,1.2684e+06,1.3024e+06,1.3404e+06,1.3845e+06,1.4177e+06,1.4579e+06,1.5064e+06,1.5448e+06,1.4759e+06,1.6293e+06,1.6702e+06,1.7137e+06,1.7579e+06,1.8333e+06,1.8467e+06,1.8914e+06,1.9518e+06,1.9838e+06,2.0303e+06,2.085e+06,2.1568e+06,2.1913e+06,2.2426e+06,2.2903e+06,2.3406e+06,2.4139e+06,2.4333e+06,2.4841e+06,2.5303e+06,2.5948e+06,2.6579e+06,2.7007e+06,2.7511e+06
652,600,1400,3600,4600,6900,20400,13400,17400,21900,26900,32400,38200,44800,51800,59300,76300,76100,85300,95100,105300,118100,128300,153900,152100,165300,190500,193300,208000,230900,239100,262800,272600,297100,308300,333700,353100,365600,393000,414000,428000,458400,479800,503100,526500,559000,575600,600800,626800,652900,679600,744500,735800,764000,799400,822700,843200,883600,921100,957100,974600,1.0068e+06,1.0396e+06,1.0739e+06,1.1656e+06,1.1595e+06,1.1941e+06,1.2434e+06,1.268e+06,1.6825e+06,1.4907e+06,1.4265e+06,1.4186e+06,1.4579e+06,1.5039e+06,1.5387e+06,1.5722e+06,1.6637e+06,1.6804e+06,1.7148e+06,1.7583e+06,1.8016e+06,1.8468e+06,1.8911e+06,2.0954e+06,2.223e+06,2.081e+06,2.0854e+06,2.1271e+06,2.2741e+06,2.6995e+06,2.7571e+06,2.7842e+06,2.8685e+06,3.0725e+06,3.1178e+06,3.149e+06,3.2596e+06,3.316e+06,3.3913e+06,3.4266e+06
653,800,2300,4100,5100,7300,10300,13800,17600,22100,27200,33700,39200,78800,64900,74200,84100,95100,106500,87700,119800,116100,127700,139800,161400,165200,179000,194800,209700,238700,240800,272100,273000,299900,308000,326500,352700,365700,392700,413700,435100,449900,487600,505600,526400,550400,575200,600500,586000,749000,682500,707900,741000,763200,792600,828200,852500,898500,930100,955100,981200,982200,1.0546e+06,1.2077e+06,1.4026e+06,1.4178e+06,1.478e+06,1.2352e+06,1.266e+06,1.3032e+06,1.3205e+06,1.3454e+06,1.4246e+06,1.4578e+06,1.5042e+06,1.5728e+06,1.7993e+06,1.625e+06,1.8013e+06,2.0735e+06,2.1827e+06,2.1688e+06,2.2314e+06,2.3307e+06,2.4214e+06,2.3432e+06,2.4627e+06,2.3867e+06,2.2755e+06,2.3373e+06,2.3206e+06,2.2751e+06,2.325e+06,2.919e+06,2.796e+06,2.8904e+06,2.8282e+06,3.0146e+06,3.0511e+06,3.175e+06,3.0972e+06
654,900,1700,3500,5000,7300,10200,13600,17400,21800,26900,32600,38500,44700,66100,59600,67500,76000,79900,96800,106100,116400,121800,139800,150500,165200,179100,200600,208000,223200,246300,255500,279500,290000,315100,333700,346000,372900,393200,406600,435300,457100,480300,503100,519300,552200,606400,602700,626600,652800,679600,706800,735100,766300,799300,823000,858500,883500,921000,946900,986800,1.0193e+06,1.0461e+06,1.0802e+06,1.1214e+06,1.1562e+06,1.1918e+06,1.2293e+06,1.2647e+06,1.3085e+06,1.3604e+06,1.3821e+06,1.4244e+06,1.4573e+06,1.504e+06,1.5385e+06,1.586e+06,1.6279e+06,1.6979e+06,1.6486e+06,1.7582e+06,1.8026e+06,1.9856e+06,1.8932e+06,1.9388e+06,2.0187e+06,2.6041e+06,2.4844e+06,2.7239e+06,2.7274e+06,2.8198e+06,2.8605e+06,2.9394e+06,2.8857e+06,2.7129e+06,2.7863e+06,2.9849e+06,3.1314e+06,3.3021e+06,3.3811e+06,3.3814e+06
655,800,1600,3400,5800,8700,12400,17800,18300,22800,27600,32700,52200,44900,52000,59400,67500,76100,87100,95800,105900,111300,138900,139700,152300,173400,178900,193100,215200,223200,246000,255400,279400,289800,318700,340700,354200,365600,385800,414100,434800,450100,472400,502900,526900,553800,575200,600300,626300,652900,685900,706700,786500,765200,800400,823400,859700,884000,1.2136e+06,969300,986800,1.0133e+06,1.053e+06,1.2066e+06,1.3788e+06,1.4133e+06,1.4822e+06,1.3116e+06,1.333e+06,1.3797e+06,1.4066e+06,1.3806e+06,1.4361e+06,1.459e+06,1.5054e+06,1.5399e+06,1.7204e+06,1.6306e+06,1.6728e+06,1.7154e+06,1.769e+06,1.8077e+06,1.8485e+06,1.8933e+06,1.9424e+06,1.9922e+06,2.0366e+06,2.096e+06,2.139e+06,2.1914e+06,2.2257e+06,2.2917e+06,2.3397e+06,2.3917e+06,2.4415e+06,2.4921e+06,2.5683e+06,2.5925e+06,2.6482e+06,2.6966e+06,2.6971e+06
656,900,2200,3700,6100,9100,12800,16900,21700,27300,33500,40200,60900,56000,64600,74100,84200,94900,106400,117300,142800,155800,176800,174700,190100,234900,223400,193300,219700,223100,247400,255600,280000,290000,315100,326700,353100,372600,385900,413700,435000,457600,472600,503100,526200,550300,585500,580400,629200,653300,679600,708500,735000,769800,792700,822400,859100,883400,920800,952900,979900,1.0204e+06,1.0523e+06,1.0858e+06,1.1216e+06,1.1499e+06,1.1919e+06,1.2281e+06,1.2647e+06,1.3022e+06,1.3513e+06,1.4044e+06,1.4293e+06,1.4601e+06,1.5e+06,1.5411e+06,1.9121e+06,1.9176e+06,2.0468e+06,2.1139e+06,2.2339e+06,2.3056e+06,2.3089e+06,2.4019e+06,2.4363e+06,2.5572e+06,2.5527e+06,2.7211e+06,2.7342e+06,2.7324e+06,2.842e+06,2.8636e+06,2.9891e+06,3.0276e+06,3.0651e+06,3.1478e+06,3.1503e+06,3.0318e+06,3.1084e+06,2.9036e+06,3.3708e+06
657,900,2200,4100,5000,7300,10200,13800,17600,21900,26900,32500,38600,45000,66300,59300,67300,77800,85300,95100,105400,116400,127800,139700,160300,167000,180100,223700,218600,223200,248100,255500,272500,290100,315900,326700,354300,365600,386200,414500,436000,450300,514000,510000,600300,545900,551600,595000,622500,653300,686500,708100,735500,762200,796900,822700,855600,915200,937300,1.0226e+06,1.0792e+06,1.0739e+06,1.0467e+06,1.0862e+06,1.121e+06,1.1566e+06,1.2062e+06,1.2197e+06,1.2758e+06,1.3085e+06,1.3473e+06,1.3786e+06,1.4184e+06,1.4565e+06,1.4979e+06,1.5384e+06,1.5699e+06,3.3585e+06,1.6816e+06,2.1342e+06,2.1194e+06,2.1835e+06,2.326e+06,2.2947e+06,2.3378e+06,2.3829e+06,2.5039e+06,2.5614e+06,2.6813e+06,2.7578e+06,2.8486e+06,2.9309e+06,2.9282e+06,2.9781e+06,3.0412e+06,3.1325e+06,3.172e+06,3.2603e+06,3.3165e+06,3.8231e+06,3.4661e+06
658,900,2100,4400,6700,9600,10300,17300,17600,21800,40700,32600,38700,45000,51800,59400,67500,76200,95600,95100,102200,95900,139100,139700,152200,173400,178900,193000,215100,223100,239000,255500,272600,289900,316100,326700,352700,375700,385800,414100,435100,450200,480000,502700,526800,554700,566900,600900,626300,652600,685500,711700,737400,765000,858100,825300,861000,884700,922000,957900,988400,1.02e+06,1.0553e+06,1.1789e+06,1.3627e+06,1.4533e+06,1.4478e+06,1.4996e+06,1.5365e+06,1.5815e+06,1.5997e+06,1.5345e+06,1.5867e+06,1.6812e+06,1.5018e+06,1.5469e+06,1.5874e+06,1.6234e+06,1.6723e+06,1.7147e+06,1.999e+06,2.0873e+06,2.2216e+06,2.2753e+06,2.3165e+06,2.4817e+06,2.5019e+06,2.6682e+06,2.6457e+06,2.774e+06,2.7544e+06,2.8103e+06,2.8177e+06,2.8953e+06,2.8884e+06,2.9815e+06,2.9845e+06,3.1541e+06,3.3643e+06,3.375e+06,3.4403e+06
659,800,2200,4500,7700,9700,13500,18000,18100,22000,26800,32400,38600,44800,51800,59300,67400,85100,85200,95000,105300,110900,137200,139700,152100,165200,178800,193100,215600,229500,239100,263700,272500,297300,315100,326600,352700,365500,392800,413500,435000,450100,479600,502600,526200,550500,574900,614200,630800,660300,680200,707900,735800,770800,793300,823100,859600,885700,921800,954000,980000,1.0711e+06,1.0544e+06,1.0976e+06,1.1322e+06,1.1663e+06,1.1933e+06,1.2286e+06,1.2651e+06,1.3018e+06,1.3436e+06,1.379e+06,1.4272e+06,1.4655e+06,1.4976e+06,1.5455e+06,1.5954e+06,1.6215e+06,1.6821e+06,1.7134e+06,1.7581e+06,1.8028e+06,1.8462e+06,1.8912e+06,1.9436e+06,1.9973e+06,2.0299e+06,2.0837e+06,2.131e+06,2.1732e+06,2.2287e+06,2.2781e+06,2.3294e+06,2.4234e+06,2.4394e+06,2.4858e+06,2.5553e+06,2.5969e+06,2.8014e+06,2.6995e+06,2.758e+06
660,500,2200,3600,5400,7900,10700,14200,18500,22600,29300,40700,65100,56200,64800,74200,84200,95000,106400,120900,132500,167000,129600,135600,146100,181200,180400,209300,209400,223900,253600,255300,265700,293900,304400,326700,347800,360400,387800,408600,430100,444200,474000,543100,464400,545000,568700,600900,626500,651500,825200,718600,736700,764800,800900,823500,860400,886200,923800,1.0732e+06,1.2282e+06,1.2677e+06,1.2405e+06,1.2735e+06,1.3141e+06,1.2901e+06,1.194e+06,1.2304e+06,1.2679e+06,1.3045e+06,1.3538e+06,1.396e+06,1.429e+06,1.468e+06,1.5044e+06,1.5559e+06,1.5987e+06,1.6048e+06,1.7163e+06,1.7149e+06,2.1e+06,2.1721e+06,2.2254e+06,2.2902e+06,2.0698e+06,2.4836e+06,2.5406e+06,2.6076e+06,2.6595e+06,2.7615e+06,2.8451e+06,2.8503e+06,2.8209e+06,2.8992e+06,3.0258e+06,2.9768e+06,3.0204e+06,3.2283e+06,3.3034e+06,3.2659e+06,3.4336e+06
661,900,2000,3600,6500,9600,10600,14700,18300,22300,27000,32500,38600,44800,51800,59300,76900,76100,85300,95000,105400,130400,127600,139700,152100,172300,179000,193300,216800,223100,246900,255500,275400,302900,318200,334000,345800,373000,392800,406800,435300,457000,479500,502800,519300,543200,575100,600300,630100,654000,681400,694100,736500,770400,792700,822700,859100,883600,920900,952900,996500,1.022e+06,1.0538e+06,1.0996e+06,1.1304e+06,1.1572e+06,1.1921e+06,1.2288e+06,1.272e+06,1.3033e+06,1.3412e+06,1.3792e+06,1.4247e+06,1.4574e+06,1.5343e+06,1.5387e+06,1.5861e+06,1.6279e+06,1.67e+06,1.719e+06,1.7579e+06,1.8014e+06,1.8476e+06,1.8914e+06,1.9367e+06,1.9804e+06,2.0373e+06,2.0795e+06,2.4319e+06,2.6188e+06,2.7912e+06,2.9252e+06,2.9263e+06,3.0363e+06,3.0026e+06,3.0265e+06,3.0981e+06,3.2914e+06,3.2829e+06,3.4376e+06,3.4711e+06
662,900,1700,3300,5000,7300,10200,13600,17600,22000,27100,47000,38400,44900,51900,59400,67500,76100,94200,95100,110900,116700,143500,142100,152500,174600,179500,204500,208200,231800,239500,263600,272900,298500,308400,335300,346200,374200,394100,407000,428400,458300,480600,504000,527400,552000,576200,601500,628700,654500,679700,707200,741200,763700,792600,828700,852800,889700,914900,954100,985300,1.0135e+06,1.0526e+06,1.0869e+06,1.1207e+06,1.156e+06,1.1919e+06,1.228e+06,1.2648e+06,1.3022e+06,1.3472e+06,1.2104e+06,1.6204e+06,1.5936e+06,1.499e+06,1.5458e+06,1.5921e+06,1.6236e+06,1.6656e+06,1.6961e+06,1.7387e+06,1.797e+06,1.8576e+06,1.9013e+06,1.9474e+06,1.9949e+06,2.0422e+06,2.0896e+06,2.1329e+06,2.1798e+06,2.2304e+06,2.4788e+06,2.6454e+06,2.6832e+06,2.62e+06,2.8968e+06,2.9309e+06,2.9462e+06,3.0739e+06,3.1422e+06,3.2024e+06
663,700,1800,3500,5000,7400,10200,13700,17600,23500,28300,33700,48800,45500,52100,73800,67500,76000,85200,94900,105300,125400,127600,139600,159600,165100,170300,205700,209500,224900,254600,256100,283300,289800,315500,336900,345800,373100,393000,406600,428100,461800,480100,502600,526200,550500,575800,600200,629000,655700,679600,706800,734900,763700,792800,828500,855500,890300,917200,947100,985500,1.0187e+06,1.0487e+06,1.0868e+06,1.1205e+06,1.156e+06,1.1916e+06,1.3322e+06,1.4155e+06,1.4269e+06,1.3576e+06,1.385e+06,1.426e+06,1.4579e+06,1.5189e+06,1.5384e+06,1.5802e+06,1.6278e+06,1.6703e+06,1.7148e+06,1.7315e+06,1.8025e+06,1.8751e+06,1.9446e+06,1.9358e+06,1.9829e+06,2.0371e+06,2.0792e+06,2.157e+06,2.1745e+06,2.2284e+06,2.2779e+06,2.329e+06,2.3879e+06,2.5734e+06,2.4853e+06,2.5351e+06,2.5921e+06,2.6352e+06,2.7315e+06,2.7613e+06
664,800,1800,3000,4900,7300,10300,13700,17500,22000,27000,32600,38500,45100,51900,59300,67600,76200,86800,98000,106200,94600,105000,102800,150100,151800,192200,193300,215500,223200,239100,262500,272500,297000,308200,326600,353000,365600,392700,413900,435100,450100,479300,502600,521400,518900,569400,600200,625700,652600,679400,706900,734900,763400,799100,822400,858600,883100,944100,923700,1.0044e+06,1.0153e+06,1.0527e+06,1.0861e+06,1.1204e+06,1.1559e+06,1.1913e+06,1.228e+06,1.2653e+06,1.3197e+06,1.3202e+06,1.3796e+06,1.4258e+06,1.4587e+06,1.5049e+06,1.5405e+06,1.5875e+06,1.6503e+06,1.678e+06,1.7266e+06,1.7682e+06,1.8116e+06,1.857e+06,1.9056e+06,2.2744e+06,2.2544e+06,2.455e+06,2.5658e+06,2.5632e+06,2.7509e+06,2.8711e+06,2.8637e+06,2.9382e+06,2.9509e+06,3.0535e+06,3.1202e+06,3.184e+06,3.2779e+06,3.3311e+06,3.2673e+06,3.0421e+06
665,700,1800,3100,5300,7800,10900,14100,17600,21900,26900,32400,38700,44800,67200,59400,67500,76000,85000,94900,115500,116100,127500,139500,159600,165200,178900,200000,207800,223100,239100,255500,279400,290000,315200,336500,345700,379700,386300,416200,435900,457200,472500,505400,526600,544300,580400,614800,626400,652200,679700,713300,738700,765400,798900,822300,854500,883800,920800,947600,985400,1.0183e+06,1.0459e+06,1.087e+06,1.1219e+06,1.1594e+06,1.1924e+06,1.2284e+06,1.2649e+06,1.3093e+06,1.3404e+06,1.3862e+06,1.4246e+06,1.4579e+06,1.4946e+06,1.5617e+06,1.5968e+06,1.6315e+06,1.6735e+06,1.716e+06,2.2248e+06,2.393e+06,2.4068e+06,2.3691e+06,2.425e+06,2.482e+06,2.5481e+06,2.7161e+06,2.7396e+06,2.8708e+06,2.7809e+06,2.8428e+06,2.9374e+06,2.9767e+06,3.1048e+06,3.0096e+06,3.0024e+06,3.0057e+06,3.0644e+06,3.3915e+06,3.5058e+06
666,800,2200,3300,5400,7600,10200,13800,17700,22100,27100,32700,53100,45000,51900,59400,67500,76100,85200,105200,105500,116400,127800,147600,152300,165400,187100,193300,208000,230700,239100,262500,272700,297200,308000,334000,346100,365900,392900,413700,428000,457100,479800,504500,526900,551000,575500,602300,633200,655100,680600,707100,735300,763600,794200,828700,852800,902600,915400,953200,985900,1.0123e+06,1.0458e+06,1.0872e+06,1.1209e+06,1.1561e+06,1.192e+06,1.2321e+06,1.2682e+06,1.3029e+06,1.3466e+06,1.3791e+06,1.4195e+06,1.4586e+06,1.5001e+06,1.5451e+06,1.5891e+06,1.6868e+06,1.9089e+06,2.0183e+06,1.9287e+06,2.2527e+06,2.2286e+06,2.4002e+06,2.4365e+06,2.5428e+06,2.5519e+06,2.6169e+06,2.6801e+06,2.7387e+06,2.8367e+06,2.8097e+06,2.8715e+06,3.0241e+06,3.1247e+06,3.0598e+06,3.1152e+06,3.2094e+06,3.3029e+06,3.3298e+06,3.338e+06
667,1200,2200,4000,5300,7700,10800,14100,17600,22000,26900,32700,38600,44800,51800,59300,67400,94300,87000,105300,132300,145300,175100,174400,190200,219000,223700,241600,273200,279000,311800,319600,352300,362300,396100,355700,354700,379200,385700,415400,436900,458700,481600,495700,528200,552200,574100,624200,654300,680100,739400,710300,735500,763500,792600,821500,852100,889400,914500,952600,979000,1.0223e+06,1.0524e+06,1.0801e+06,1.1147e+06,1.1562e+06,1.1923e+06,1.2279e+06,1.2651e+06,1.3026e+06,1.3577e+06,1.3703e+06,1.4203e+06,1.457e+06,1.504e+06,1.5381e+06,1.5799e+06,1.6284e+06,1.7683e+06,1.3765e+06,1.7511e+06,1.7946e+06,1.8454e+06,1.892e+06,1.9371e+06,1.9969e+06,2.1404e+06,2.0915e+06,2.1275e+06,2.1818e+06,2.2308e+06,2.293e+06,2.828e+06,2.9789e+06,3.0412e+06,3.1051e+06,3.1831e+06,3.2975e+06,3.3241e+06,3.3234e+06,3.2628e+06
668,700,1800,3300,5500,7400,10300,14500,18400,22900,27800,33200,38700,45300,52000,73200,67500,76200,85300,95100,105300,104800,128700,122900,152700,161700,179000,193300,215800,223300,246300,255400,279600,290200,315800,326800,375300,380300,387200,418500,437500,459000,481300,496300,528200,552200,592600,602100,655300,654200,681200,708600,737200,771700,863000,1.0189e+06,1.0184e+06,1.1156e+06,1.1017e+06,1.1926e+06,1.2261e+06,1.228e+06,1.2712e+06,1.397e+06,1.3747e+06,1.3419e+06,1.3913e+06,1.4989e+06,1.5458e+06,1.6294e+06,1.5675e+06,1.689e+06,1.7193e+06,1.8316e+06,2.1714e+06,1.9266e+06,1.931e+06,2.1521e+06,2.0197e+06,2.1437e+06,2.1988e+06,2.2548e+06,2.0391e+06,1.9787e+06,2.1721e+06,2.2657e+06,2.4511e+06,2.6222e+06,2.6724e+06,2.7341e+06,2.6883e+06,2.8994e+06,2.87e+06,2.6807e+06,2.7209e+06,2.79e+06,2.8218e+06,2.9143e+06,2.9116e+06,3.0577e+06,3.0788e+06
669,900,1800,3400,3200,10600,10300,13700,17700,22100,40500,32700,38600,45000,52000,59500,67500,76100,95600,95100,105400,116400,135800,139800,152400,165300,187900,211100,208000,230800,239200,270800,435900,309800,308500,335400,354200,366000,386700,406600,435500,458700,479300,495700,519100,551300,575200,600000,626200,652400,679800,716400,830800,766600,780000,822100,853200,882400,920900,946900,985800,1.0185e+06,1.0461e+06,1.0885e+06,1.1212e+06,1.1557e+06,1.192e+06,1.2282e+06,1.2644e+06,1.309e+06,1.3406e+06,1.388e+06,1.4272e+06,1.4575e+06,1.5038e+06,1.5402e+06,1.5885e+06,1.6281e+06,1.6701e+06,1.7081e+06,1.7706e+06,1.8017e+06,1.8516e+06,1.8956e+06,1.9369e+06,1.9931e+06,2.0352e+06,2.0808e+06,2.1303e+06,2.1732e+06,2.2103e+06,2.2791e+06,2.328e+06,2.3957e+06,2.4397e+06,2.8581e+06,2.9476e+06,3.1834e+06,3.1312e+06,3.353e+06,3.3087e+06
670,1200,3000,5500,8700,11500,15600,20400,23600,29000,35500,42200,64400,57700,66900,76300,86200,96800,123100,120600,133300,119000,143900,141400,153900,181100,179500,192300,203600,233900,234400,259400,263200,289900,303600,328000,340200,365600,388100,409300,423800,451300,475000,500900,535300,548800,570500,595000,634700,726000,696400,707600,735300,763400,799400,822500,858900,883300,900100,946600,987200,1.0192e+06,1.052e+06,1.0806e+06,1.1146e+06,1.1554e+06,1.1917e+06,1.2275e+06,1.2647e+06,1.3237e+06,1.4471e+06,1.3807e+06,1.424e+06,1.4583e+06,1.5039e+06,1.5379e+06,1.5856e+06,1.6319e+06,1.6639e+06,1.7068e+06,1.7562e+06,1.8032e+06,1.8451e+06,1.8897e+06,1.9576e+06,2.0227e+06,2.0371e+06,2.0788e+06,2.1346e+06,2.1816e+06,2.2241e+06,2.2815e+06,2.3345e+06,2.3817e+06,2.4322e+06,2.4858e+06,2.5613e+06,3.3296e+06,3.3061e+06,3.3717e+06,3.4599e+06
671,800,1700,3500,5800,8900,12500,16800,21600,27200,33400,40200,47700,56000,64500,73900,84200,95000,106500,130300,131700,145100,159200,186400,190100,167000,180500,194900,209300,224800,253600,256000,284300,301800,308000,336700,336900,365400,393200,414000,428000,457200,479600,502900,526100,583800,578500,601500,630800,653500,689100,731400,736800,765200,793700,823200,853300,890900,1.0072e+06,1.1039e+06,1.1706e+06,1.2744e+06,1.3055e+06,1.1226e+06,1.2288e+06,1.2823e+06,1.4094e+06,1.5409e+06,1.5851e+06,1.6426e+06,1.3465e+06,1.5795e+06,1.5893e+06,1.7031e+06,1.8801e+06,1.8627e+06,1.9197e+06,1.9622e+06,2.0849e+06,2.2102e+06,2.2123e+06,2.2665e+06,2.3726e+06,2.483e+06,2.483e+06,2.4934e+06,2.5739e+06,2.56e+06,2.5544e+06,2.7409e+06,2.6904e+06,2.8501e+06,2.9262e+06,2.9212e+06,2.8494e+06,2.8993e+06,2.9835e+06,3.0217e+06,3.1158e+06,3.1397e+06,3.084e+06
672,700,1700,3300,5100,7400,10300,13800,17600,22000,27100,32600,38400,44800,51900,59500,67500,76100,85300,104800,105400,116300,127600,147400,152200,165200,186000,193100,207800,230100,365500,267000,272600,301300,308200,334200,353000,365600,392800,414400,428000,457300,479700,502700,526500,550300,575100,600500,626400,643400,684200,708000,735500,769700,792400,822500,866400,884000,920900,952500,979500,1.019e+06,1.0519e+06,1.0862e+06,1.1004e+06,1.1564e+06,1.1921e+06,1.2282e+06,1.2656e+06,1.3024e+06,1.3401e+06,1.3851e+06,1.4388e+06,1.4639e+06,1.5016e+06,1.5466e+06,1.5803e+06,1.6282e+06,1.6714e+06,1.7172e+06,1.9697e+06,2.0406e+06,1.8461e+06,1.8928e+06,2.0742e+06,2.2117e+06,2.2832e+06,2.1359e+06,2.1667e+06,2.1834e+06,2.2312e+06,2.2811e+06,2.3346e+06,2.3812e+06,2.4555e+06,2.4937e+06,2.5675e+06,2.599e+06,2.662e+06,2.7084e+06,2.7712e+06
673,600,1800,3400,5000,7400,10400,13800,17700,22000,27100,32600,52600,44900,51800,59300,67600,76100,86500,106100,105400,116400,127700,147200,152200,165200,179000,193200,207900,238900,239100,263700,272500,298200,307900,334900,346000,365500,394700,414300,428100,457800,480700,503200,529100,551200,575300,600500,626100,662400,689500,812400,737700,764000,809300,846300,854000,910900,914600,953000,985500,1.0147e+06,1.0528e+06,1.0863e+06,1.1206e+06,1.1565e+06,1.1923e+06,1.2278e+06,1.265e+06,1.2858e+06,1.4969e+06,1.3914e+06,1.4189e+06,1.4585e+06,1.498e+06,1.546e+06,1.5814e+06,1.6294e+06,1.6709e+06,1.716e+06,1.7575e+06,1.8026e+06,1.8457e+06,1.8908e+06,1.9363e+06,2.0778e+06,2.0337e+06,2.0763e+06,2.1346e+06,2.1732e+06,2.2289e+06,2.2776e+06,2.5254e+06,2.3833e+06,2.4303e+06,2.4817e+06,2.5403e+06,2.617e+06,2.649e+06,2.696e+06,2.7581e+06
674,500,1400,2700,4400,6900,10900,13400,17700,22200,27300,32600,38800,46300,52600,59900,69400,81900,86300,107500,105900,116300,127700,150200,153700,165800,179500,193400,207800,234800,239000,264700,272400,298700,307900,335400,345900,365700,388100,419200,439200,461800,485400,511900,535000,559500,584900,603600,626700,652400,685300,707000,734800,769700,799100,822900,861200,883300,921200,947400,985600,1.0187e+06,1.0523e+06,1.0803e+06,1.1318e+06,1.1568e+06,1.1993e+06,1.2282e+06,1.2676e+06,1.3026e+06,1.3404e+06,1.379e+06,1.4178e+06,1.4576e+06,1.5041e+06,1.5446e+06,1.5794e+06,1.6321e+06,1.6703e+06,1.7137e+06,1.7569e+06,1.8201e+06,1.846e+06,1.8908e+06,1.9374e+06,1.9903e+06,2.0293e+06,2.0771e+06,2.4009e+06,2.2946e+06,2.2752e+06,2.7426e+06,2.8047e+06,3.0278e+06,3.0943e+06,3.0523e+06,3.2359e+06,3.3444e+06,3.5714e+06,3.3468e+06,3.4742e+06
675,900,2200,4000,5400,8000,10700,13700,17500,22000,27100,47200,38600,45000,51900,59400,67500,76000,94100,95200,107100,116400,127800,150700,152100,165100,178900,193300,199700,230700,239100,262700,272600,296900,308100,333700,345900,373000,392900,406700,428100,457400,479600,512800,522600,520600,576000,600200,637100,652800,679300,707000,741400,763500,795800,828900,853200,889700,915200,958500,985400,1.0122e+06,1.0465e+06,1.0864e+06,1.1207e+06,1.1568e+06,1.1917e+06,1.2277e+06,1.265e+06,1.3038e+06,1.3587e+06,1.3941e+06,1.4247e+06,1.4571e+06,1.5037e+06,1.5396e+06,1.5861e+06,1.6278e+06,1.6708e+06,1.711e+06,1.7575e+06,1.8007e+06,1.8517e+06,1.8913e+06,1.9362e+06,1.9846e+06,2.0496e+06,2.0779e+06,2.1314e+06,2.1799e+06,2.2221e+06,2.2776e+06,2.334e+06,2.373e+06,2.4297e+06,2.4811e+06,2.5335e+06,2.6073e+06,2.6411e+06,2.7009e+06,2.7494e+06
676,600,1400,2700,4600,7000,9900,13300,17200,21700,26600,32100,38200,44800,55200,60400,79400,79500,86200,99500,106600,126900,128400,140700,161400,165100,178900,200900,207900,223100,250900,255500,279500,289900,314800,326700,345800,372100,385700,413600,434500,455900,474500,496300,519500,543400,568200,593900,619100,660000,691000,708200,738300,769900,792500,822300,858900,883900,922000,953300,978800,1.0096e+06,1.0616e+06,1.0859e+06,1.1206e+06,1.1498e+06,1.1853e+06,1.228e+06,1.266e+06,1.3028e+06,1.3404e+06,1.3852e+06,1.4198e+06,1.4579e+06,1.4974e+06,1.5459e+06,1.5809e+06,1.628e+06,1.6706e+06,1.7148e+06,1.7605e+06,1.801e+06,1.8542e+06,1.8903e+06,1.9472e+06,1.9841e+06,2.0313e+06,2.0768e+06,2.1318e+06,2.1728e+06,2.2411e+06,2.2778e+06,2.3301e+06,2.3861e+06,2.4333e+06,2.4821e+06,2.5484e+06,3.1388e+06,3.1043e+06,3.4441e+06,3.3445e+06
677,900,1800,3200,5000,7400,10400,13600,13200,23200,27600,32900,52400,45200,52100,59500,67600,76200,98800,95200,105400,116200,127700,147800,152400,165300,186400,193200,207800,233000,239200,262800,272400,297200,308200,333800,352700,365700,393200,414400,414800,458300,479700,503100,526500,560100,575500,600400,626500,652400,679100,706900,734900,763800,792700,829000,857900,790600,911700,947400,985800,1.0192e+06,1.0473e+06,1.0797e+06,1.1207e+06,1.1561e+06,1.1912e+06,1.2285e+06,1.2673e+06,1.303e+06,1.3481e+06,1.3816e+06,1.4241e+06,1.4576e+06,1.5048e+06,1.54e+06,1.6051e+06,1.7038e+06,1.6815e+06,1.7159e+06,1.7589e+06,2.0179e+06,2.2775e+06,2.5216e+06,2.5589e+06,2.5786e+06,2.5974e+06,2.5994e+06,2.6963e+06,2.7303e+06,2.8093e+06,2.9108e+06,2.936e+06,2.9892e+06,3.0529e+06,3.0824e+06,3.17e+06,3.2046e+06,3.3571e+06,3.4346e+06,3.4286e+06
678,900,2200,4200,5000,7400,10800,14600,18300,22100,27200,32600,39700,46500,53800,60100,82200,76200,85300,95200,105400,125000,127700,139700,152200,172700,179000,193100,221900,224500,240100,256500,282300,290900,317600,335700,346800,374600,394700,407800,437000,460000,486200,525300,528100,552300,576800,602300,627900,654500,817600,715700,739500,769700,800900,918100,1.1236e+06,1.1197e+06,1.2324e+06,1.2244e+06,1.2781e+06,1.0168e+06,1.0634e+06,1.1156e+06,1.1527e+06,1.1592e+06,1.1922e+06,1.2283e+06,1.2518e+06,1.3023e+06,1.3473e+06,1.3796e+06,1.4173e+06,1.4655e+06,1.4982e+06,1.545e+06,1.5861e+06,1.6444e+06,1.6699e+06,1.7136e+06,1.7572e+06,1.8014e+06,1.8512e+06,1.8915e+06,1.8739e+06,2.1587e+06,2.3903e+06,2.0995e+06,2.1274e+06,2.9353e+06,2.2421e+06,2.283e+06,2.3308e+06,2.382e+06,2.4356e+06,2.9067e+06,3.1259e+06,3.0682e+06,2.6521e+06,2.7685e+06,2.768e+06
679,700,1800,3200,5200,7400,10300,27700,17600,22000,27000,32700,38400,44900,51800,59500,67600,76100,87000,95700,105800,116300,127500,152300,152300,165300,179000,193200,207900,231400,239100,263400,272500,298000,308200,334800,345800,365500,393900,415000,428200,458900,480800,514700,530600,550700,575500,601000,626200,653200,679400,707000,741100,763500,792900,828600,852800,889300,919300,939300,991300,1.0126e+06,1.0458e+06,1.0856e+06,1.1212e+06,1.156e+06,1.192e+06,1.228e+06,1.269e+06,1.3022e+06,1.3292e+06,1.3798e+06,1.4236e+06,1.4576e+06,1.5045e+06,1.539e+06,1.6242e+06,1.6309e+06,1.6714e+06,1.7079e+06,1.7556e+06,1.8022e+06,1.8466e+06,1.8971e+06,1.9391e+06,1.9774e+06,2.0422e+06,2.0894e+06,2.1287e+06,2.1818e+06,2.6914e+06,2.6629e+06,2.4005e+06,2.5488e+06,2.8667e+06,2.8044e+06,2.8893e+06,2.9431e+06,2.9646e+06,2.9072e+06,3.2217e+06
680,900,2200,4200,6600,7500,10200,13800,17500,21900,27100,32700,38400,45000,51900,74300,67500,76100,85200,95100,105300,116400,192900,141300,152300,175500,179200,193500,208300,223400,248700,255900,305300,290300,317600,334900,346000,373900,394100,406700,436100,458000,480900,503600,527700,545400,589700,677800,701800,728300,767400,725100,750900,773400,795600,829300,852800,889900,914800,955800,995200,1.0123e+06,1.0523e+06,1.0864e+06,1.1211e+06,1.1577e+06,1.1914e+06,1.228e+06,1.2649e+06,1.3023e+06,1.3417e+06,1.3846e+06,1.4179e+06,1.4572e+06,1.4973e+06,1.5384e+06,1.5859e+06,1.6274e+06,1.6695e+06,1.7294e+06,1.7576e+06,1.8099e+06,1.8457e+06,1.8972e+06,1.9372e+06,1.9838e+06,2.0262e+06,2.0783e+06,2.1316e+06,2.1728e+06,2.2286e+06,2.2783e+06,2.3392e+06,2.4372e+06,2.8691e+06,2.9715e+06,3.0289e+06,3.2054e+06,3.189e+06,3.3791e+06,3.357e+06
681,1200,1700,3500,5700,11600,15000,19200,23700,29200,34700,61500,39800,46000,52800,59900,67600,76000,85200,95300,105500,116400,136600,139700,152300,165400,179000,193200,215000,213400,240800,275300,274100,290800,319800,326700,345800,372700,385900,406700,435000,457200,479800,495800,519200,550500,575000,581700,815100,821300,855100,886100,920800,964200,941700,1.0302e+06,1.0235e+06,1.1065e+06,1.1444e+06,1.1259e+06,1.1947e+06,1.22e+06,1.3172e+06,1.3452e+06,1.3685e+06,1.4235e+06,1.449e+06,1.496e+06,1.5412e+06,1.6777e+06,1.6709e+06,1.7259e+06,1.7217e+06,1.7726e+06,1.8812e+06,1.8581e+06,1.7323e+06,1.7352e+06,1.9528e+06,1.9504e+06,1.8355e+06,2.1456e+06,2.7756e+06,2.8432e+06,2.5924e+06,2.7773e+06,3.5436e+06,2.844e+06,2.6653e+06,2.7047e+06,2.854e+06,2.8523e+06,3.0374e+06,3.0928e+06,3.0903e+06,3.1588e+06,3.1836e+06,3.2126e+06,3.3867e+06,3.6562e+06,3.4594e+06
682,900,2400,4100,5100,7300,10200,13600,17400,23000,32900,33800,40200,46500,52100,59500,71100,76000,85300,104000,105400,116300,127600,147500,152300,165300,186000,193200,208000,230300,239200,262800,272600,296900,308000,333700,345800,365600,392800,413400,427900,458100,480200,506200,526300,550200,575100,600200,626400,654600,679200,707100,747900,763800,792900,828700,852600,908300,926200,955400,981300,1.0199e+06,1.0535e+06,1.0886e+06,1.1225e+06,1.1575e+06,1.3355e+06,1.5346e+06,1.2821e+06,1.3159e+06,1.3426e+06,1.3795e+06,1.4242e+06,1.4572e+06,1.5039e+06,1.5487e+06,1.5626e+06,1.6284e+06,1.6713e+06,1.7242e+06,1.758e+06,1.8017e+06,1.8455e+06,1.9048e+06,1.9421e+06,1.9903e+06,2.0304e+06,2.0794e+06,2.1326e+06,2.2056e+06,2.124e+06,2.2807e+06,2.3302e+06,2.381e+06,2.4469e+06,2.4947e+06,2.5473e+06,2.5998e+06,2.6641e+06,2.7147e+06,3.2226e+06
683,700,1700,3200,5000,7300,10200,13600,17300,23700,26900,32500,38500,44800,66100,59400,67300,76000,85100,95000,114600,116200,127600,139600,159900,157000,178900,147500,208000,223100,246600,255500,279700,289900,315100,326500,352800,373600,385800,413900,435800,457100,479700,495500,526400,550300,575200,600500,626000,659400,682000,707700,735800,769600,793200,822800,860000,883100,921700,952900,979300,1.0182e+06,1.0523e+06,1.0902e+06,1.121e+06,1.1493e+06,1.1979e+06,1.2277e+06,1.2673e+06,1.3022e+06,1.3432e+06,1.3854e+06,1.4179e+06,1.4601e+06,1.4975e+06,1.5547e+06,1.5798e+06,1.63e+06,1.671e+06,1.7133e+06,1.7574e+06,1.8022e+06,1.8453e+06,2.0345e+06,1.9454e+06,1.9852e+06,2.0367e+06,2.0849e+06,2.1331e+06,2.2036e+06,2.2395e+06,2.2914e+06,2.3404e+06,2.3658e+06,3.8468e+06,2.4579e+06,2.5102e+06,2.5503e+06,3.3169e+06,3.3799e+06,3.4402e+06
684,700,2600,4300,8200,10400,15100,21400,25400,31300,35300,42500,53300,62300,66900,74400,86100,96700,108300,120400,182800,147000,161200,176400,192100,208700,225400,243300,261800,292600,338500,333200,342400,304700,309700,342600,361400,366200,395800,413800,434800,450000,480200,502600,526100,550400,575100,610500,635700,676100,703800,709000,736900,772300,794300,824400,860500,885100,922800,955300,1.065e+06,1.0838e+06,1.0681e+06,1.1247e+06,1.153e+06,1.2267e+06,1.1939e+06,1.2288e+06,1.2655e+06,1.3094e+06,1.3465e+06,1.3766e+06,1.4175e+06,1.4654e+06,1.4977e+06,1.5449e+06,1.586e+06,1.6182e+06,1.6704e+06,1.7145e+06,1.7655e+06,1.8017e+06,1.8459e+06,1.8902e+06,1.9436e+06,2.2299e+06,2.286e+06,2.316e+06,2.3865e+06,2.4458e+06,2.6844e+06,2.7357e+06,2.8949e+06,2.9769e+06,3.0892e+06,3.0823e+06,3.1842e+06,3.3902e+06,2.9287e+06,3.024e+06,3.2802e+06
685,800,1800,2900,4900,7300,10300,13700,17500,21800,26900,32500,38600,44800,51700,59300,67300,85200,85200,94900,105300,116200,136200,139700,108500,176600,180500,193100,207800,231700,239100,262300,272200,303200,307900,333500,352400,365500,392900,413800,428000,457300,479700,502500,525700,549900,574700,608000,631000,656800,679900,713500,738800,765000,801400,823700,856000,884400,923000,1.1235e+06,980700,1.0199e+06,1.0536e+06,1.0863e+06,1.1247e+06,1.1583e+06,1.193e+06,1.2297e+06,1.267e+06,1.3046e+06,1.3423e+06,1.3899e+06,1.4352e+06,1.4948e+06,1.5062e+06,1.5411e+06,1.5879e+06,1.6294e+06,1.6661e+06,1.7092e+06,1.7695e+06,1.8059e+06,1.8683e+06,1.9057e+06,1.9398e+06,1.9853e+06,2.0977e+06,2.0793e+06,2.1329e+06,2.1778e+06,2.2306e+06,2.2809e+06,2.3631e+06,2.3842e+06,2.4329e+06,2.4858e+06,2.5372e+06,2.6207e+06,2.6535e+06,2.714e+06,2.7678e+06
686,700,1800,2900,5000,7300,10200,14000,17500,22900,27900,47200,38900,45300,52100,59500,67500,76100,103400,96900,106000,116700,127600,149500,152200,165100,187600,193200,207900,231300,238900,263300,272400,298700,307800,334000,353100,365600,393000,415700,428100,457000,479600,502400,526200,550100,575500,600500,626300,652500,679600,708000,734600,763500,792700,829000,836400,891500,915100,946700,985500,1.0122e+06,1.0485e+06,1.0859e+06,1.121e+06,1.1561e+06,1.1937e+06,1.2285e+06,1.265e+06,1.3028e+06,1.3404e+06,1.379e+06,1.4182e+06,1.4666e+06,1.5067e+06,1.5385e+06,1.5865e+06,1.6106e+06,1.665e+06,1.7167e+06,1.7564e+06,1.805e+06,1.846e+06,1.8912e+06,1.938e+06,1.9838e+06,2.0362e+06,2.0761e+06,2.1461e+06,2.4487e+06,2.4436e+06,2.5242e+06,2.6504e+06,2.6574e+06,2.742e+06,2.8275e+06,2.8279e+06,2.9084e+06,2.9684e+06,2.9941e+06,3.2078e+06
687,700,1900,3000,4900,7300,10200,27900,17600,22000,27000,32600,38400,44800,51900,59400,67400,76100,85300,95000,105400,116300,127600,139700,152200,172500,179000,193200,216400,223200,246100,255500,286000,292100,319100,336200,346600,374800,394600,407600,436900,459000,481200,504200,528200,551800,576800,602600,643900,673300,702900,757300,737200,764700,799100,823300,854400,889700,915000,946700,985200,1.0184e+06,1.0461e+06,1.1391e+06,1.1218e+06,1.1557e+06,1.1921e+06,1.2279e+06,1.2705e+06,1.3019e+06,1.3403e+06,1.3786e+06,1.4245e+06,1.4891e+06,1.4994e+06,1.5469e+06,1.5912e+06,1.7436e+06,2.0056e+06,2.019e+06,2.3194e+06,2.2515e+06,2.3102e+06,2.3748e+06,2.4248e+06,2.6047e+06,2.5631e+06,2.6031e+06,2.6681e+06,2.7902e+06,2.8255e+06,3.1793e+06,2.9166e+06,2.9789e+06,3.0582e+06,3.1764e+06,3.1738e+06,3.2375e+06,3.3538e+06,3.3078e+06,3.3237e+06
688,900,1700,3200,5100,7500,10200,17200,22100,27600,33900,40500,48500,56500,65000,74300,88700,96100,107200,119100,131800,159600,159600,174600,190100,218200,223800,241600,259900,224700,253400,256000,285300,290000,317800,326700,354900,374500,474600,524300,535700,562600,601700,630000,659800,690300,772700,753200,784700,818300,852200,885900,867000,957900,1.2531e+06,1.0428e+06,1.0681e+06,974100,1.1587e+06,1.1555e+06,1.1788e+06,1.2624e+06,1.2985e+06,1.3603e+06,1.3528e+06,1.4035e+06,1.3711e+06,1.4119e+06,1.4814e+06,1.4139e+06,1.3983e+06,1.6491e+06,1.5922e+06,1.6227e+06,1.5383e+06,1.6322e+06,1.5815e+06,1.6361e+06,1.6705e+06,1.7135e+06,1.7569e+06,1.8041e+06,1.8463e+06,1.8909e+06,1.9373e+06,2.1966e+06,2.317e+06,2.1752e+06,2.3022e+06,2.2303e+06,2.2312e+06,2.3858e+06,2.3283e+06,2.3794e+06,2.4385e+06,2.4863e+06,2.5275e+06,2.5888e+06,2.649e+06,2.6946e+06,2.7542e+06
689,500,1300,2700,4600,7000,9900,13400,17400,21900,26900,32600,49900,44700,51700,59300,67400,75900,85200,109000,107300,117500,128900,140800,153000,176400,179700,193800,217600,224000,248400,256400,282100,290800,318100,327400,354900,374500,386800,415700,438900,457800,483400,495700,526700,550000,575200,600600,626400,659100,679800,706800,735000,769400,792900,831800,858900,887400,922000,953600,979600,1.0184e+06,1.0522e+06,1.0856e+06,1.1154e+06,1.1494e+06,1.1949e+06,1.2407e+06,1.2939e+06,1.31e+06,1.3411e+06,1.3788e+06,1.4243e+06,1.4579e+06,1.5044e+06,1.5694e+06,1.5862e+06,1.6295e+06,1.6652e+06,1.7069e+06,1.757e+06,1.8015e+06,1.8595e+06,1.893e+06,1.9372e+06,1.9825e+06,2.0367e+06,2.0774e+06,2.1316e+06,2.184e+06,2.2222e+06,2.2582e+06,2.3343e+06,2.7357e+06,2.8735e+06,3.0194e+06,3.0684e+06,3.2258e+06,3.1406e+06,3.2722e+06,3.318e+06
690,900,2200,3200,5300,7600,10200,13700,17500,22000,27100,30500,48500,38300,47100,54100,67700,69600,80200,91700,106000,117000,128100,139800,152400,165300,179000,201000,208000,230400,240600,255600,285600,290300,318300,333900,345900,372800,392900,406700,449700,457300,479600,502400,519100,543300,575200,600200,626400,653300,675900,713000,738200,781000,938200,1.0402e+06,1.0222e+06,1.1069e+06,1.1139e+06,1.1896e+06,1.1971e+06,1.2454e+06,1.1353e+06,1.3261e+06,1.3705e+06,1.2565e+06,1.31e+06,1.3237e+06,1.2756e+06,1.3033e+06,1.3423e+06,1.3803e+06,1.424e+06,1.4596e+06,1.5042e+06,1.5478e+06,1.5863e+06,1.6291e+06,1.6711e+06,1.7166e+06,1.7511e+06,2.0571e+06,1.8375e+06,1.8914e+06,1.9376e+06,1.9826e+06,2.0392e+06,2.0618e+06,2.1319e+06,2.181e+06,2.2219e+06,2.278e+06,2.3372e+06,2.4183e+06,2.4328e+06,2.4857e+06,2.5446e+06,2.5905e+06,2.7349e+06,2.8107e+06,2.7589e+06
691,600,2100,3400,5400,7800,11400,14200,18200,22600,37800,33000,39100,45500,52500,60200,68200,85900,85900,96800,106000,134700,129200,155500,153900,166400,200800,193600,219500,223100,239100,263100,272300,297100,315100,326500,352800,365400,392900,413600,435000,450000,506200,475900,532000,556800,575600,600100,641400,652700,679900,713000,735100,763400,792300,822400,852900,887000,921900,876000,1.1195e+06,1.0307e+06,1.054e+06,1.0867e+06,1.1208e+06,1.1596e+06,1.1915e+06,1.2307e+06,1.2671e+06,1.3071e+06,1.3401e+06,1.3787e+06,1.4178e+06,1.4577e+06,1.4982e+06,1.5388e+06,1.5874e+06,1.6276e+06,1.6681e+06,1.7142e+06,1.7576e+06,1.8018e+06,1.8452e+06,2.0864e+06,1.9381e+06,1.9849e+06,2.0472e+06,2.079e+06,2.1333e+06,2.2071e+06,2.5056e+06,2.6832e+06,2.3267e+06,3.0305e+06,2.9526e+06,3.0078e+06,3.2242e+06,3.2601e+06,3.2349e+06,3.323e+06,3.2387e+06
692,800,1800,3100,5100,7400,10200,13500,17500,21800,26900,32600,38400,44800,51900,59300,78400,76000,85200,95000,105300,103100,137600,139600,152400,173500,179000,193300,215200,223900,250500,255900,281500,290400,316700,327200,346300,374200,394700,407500,437000,459000,481100,504100,521300,543500,568400,600600,626200,655900,680500,707800,735000,769800,798700,828700,853200,890100,914700,956300,997200,1.1269e+06,1.189e+06,1.2192e+06,1.2042e+06,1.2504e+06,1.1925e+06,1.2291e+06,1.2653e+06,1.2983e+06,1.5931e+06,1.4336e+06,1.4772e+06,1.4654e+06,1.4985e+06,1.5455e+06,1.5858e+06,1.6186e+06,1.6785e+06,1.7181e+06,1.7591e+06,1.8012e+06,1.8483e+06,1.8912e+06,1.9685e+06,1.9831e+06,2.03e+06,2.0835e+06,2.1241e+06,2.174e+06,2.2291e+06,2.2849e+06,2.3289e+06,2.3793e+06,2.431e+06,2.482e+06,2.7971e+06,2.8921e+06,3.0544e+06,3.0388e+06,3.1511e+06
693,900,15800,3200,5300,7600,10200,13700,17500,21900,26900,32600,38400,44900,73000,62000,68000,76600,99300,95600,105600,118000,144000,141300,153800,179900,179300,194600,218300,223300,239300,255500,280200,290000,315400,333900,345900,372900,392900,406700,435100,457000,479500,502700,535600,553000,575700,600800,626100,652100,679500,707000,735100,763700,793000,828800,852900,890400,924600,956200,985400,1.0564e+06,1.0492e+06,1.1634e+06,1.3675e+06,1.4155e+06,1.448e+06,1.4157e+06,1.4172e+06,1.4161e+06,1.3907e+06,1.4598e+06,1.5185e+06,1.4651e+06,1.507e+06,1.5487e+06,1.9172e+06,1.9627e+06,1.7975e+06,1.9287e+06,1.8396e+06,1.9713e+06,2.077e+06,2.0661e+06,2.2435e+06,2.2388e+06,2.3554e+06,2.4065e+06,2.6621e+06,2.6508e+06,2.6359e+06,2.6841e+06,2.4386e+06,2.3814e+06,2.8712e+06,2.5664e+06,2.5937e+06,2.5899e+06,2.6495e+06,2.6974e+06,3.2481e+06
694,900,1700,3300,5100,7400,10300,13800,17700,22100,27100,32800,38600,45100,51900,59500,67600,85100,98300,96800,107200,118000,142300,140100,152200,165300,178900,193300,215000,223200,239100,255600,272400,297300,315100,326500,352800,365300,392700,413800,435200,449900,479900,503000,532000,555800,575500,600200,626200,652700,679600,706800,734700,769700,792800,822400,868900,883500,910900,953800,979200,1.0185e+06,1.0523e+06,1.0877e+06,1.121e+06,1.1559e+06,1.1919e+06,1.228e+06,1.2651e+06,1.353e+06,1.3422e+06,1.3855e+06,1.4189e+06,1.4645e+06,1.4976e+06,1.546e+06,1.5799e+06,1.7134e+06,1.6163e+06,1.7154e+06,1.7583e+06,1.8044e+06,1.847e+06,1.8922e+06,1.9563e+06,1.995e+06,2.0489e+06,2.0895e+06,2.1372e+06,2.1933e+06,2.5219e+06,2.5748e+06,2.5994e+06,2.7354e+06,2.4607e+06,2.4872e+06,2.5419e+06,2.676e+06,2.6482e+06,2.7005e+06,2.756e+06
695,600,1400,3300,5200,7800,10800,14600,17900,22000,27000,32600,38400,58400,51800,59400,67500,76100,85300,104900,105400,116300,127600,150000,154000,167000,180700,193800,217400,223100,238900,262800,272500,297300,315900,319700,352900,365600,380900,414500,435100,449900,496000,505200,527100,587500,576500,601500,627200,653400,687000,708200,735700,765000,793200,823300,859500,884900,923100,996500,980800,1.0205e+06,1.0542e+06,1.0884e+06,1.1164e+06,1.1514e+06,1.1751e+06,1.2296e+06,1.2757e+06,1.3134e+06,1.3506e+06,1.3868e+06,1.4182e+06,1.4573e+06,1.4977e+06,1.5443e+06,1.5797e+06,1.6458e+06,1.6698e+06,1.713e+06,1.7565e+06,1.8003e+06,1.8397e+06,1.8932e+06,1.9436e+06,1.9894e+06,2.031e+06,2.0833e+06,2.1263e+06,2.1802e+06,2.2378e+06,2.2722e+06,2.3283e+06,2.379e+06,2.4374e+06,2.4879e+06,2.5374e+06,3.1467e+06,3.1655e+06,3.1803e+06,3.3024e+06
696,900,2200,3700,6100,9200,13600,18100,39700,27500,33700,40600,48100,56100,64800,74300,84400,95200,106700,118900,131800,157100,159700,174700,190200,226400,188900,203900,231000,262400,292000,300500,312200,322000,351700,362900,386000,422800,441700,451700,459600,458800,481900,504300,516100,555800,585500,611400,636600,663300,682800,713900,735000,763800,807300,834100,858300,895900,937800,951900,979400,1.0184e+06,1.0519e+06,1.0863e+06,1.1144e+06,1.1495e+06,1.1915e+06,1.2391e+06,1.265e+06,1.3025e+06,1.3407e+06,1.3792e+06,1.4177e+06,1.4573e+06,1.5038e+06,1.5455e+06,1.5956e+06,1.6282e+06,1.6671e+06,1.715e+06,1.757e+06,1.8011e+06,1.8462e+06,1.8943e+06,2.2103e+06,1.9889e+06,2.0307e+06,2.0765e+06,2.1236e+06,2.1805e+06,2.2246e+06,2.2714e+06,2.3247e+06,2.3795e+06,2.4294e+06,2.4901e+06,2.5355e+06,2.5868e+06,2.8011e+06,2.7031e+06,2.7647e+06
697,700,1800,3000,4900,7300,10200,13600,17500,36200,27000,32400,38300,46400,52500,59800,67500,76200,85200,82000,105400,128100,127600,139600,152200,173400,178900,193100,215000,223100,246300,255400,279700,289900,315300,326700,353100,372800,385700,413700,435000,457100,472500,495700,526400,553100,575900,600300,626100,652600,679600,719900,735400,763400,792600,822200,867700,888600,924000,961400,993100,1.0219e+06,1.0538e+06,1.1243e+06,1.1145e+06,1.2326e+06,1.2906e+06,1.3374e+06,1.3387e+06,1.3098e+06,1.3417e+06,1.388e+06,1.418e+06,1.4573e+06,1.5041e+06,1.5388e+06,1.5803e+06,1.6284e+06,1.6602e+06,1.7278e+06,2.0431e+06,2.0318e+06,2.0863e+06,2.1124e+06,2.1236e+06,2.1466e+06,2.3972e+06,2.4431e+06,2.4905e+06,2.2544e+06,2.5373e+06,2.4408e+06,2.8044e+06,2.9333e+06,3.029e+06,2.9156e+06,2.7059e+06,2.7553e+06,2.8246e+06,2.8849e+06,3.5097e+06
698,1100,2800,4700,6900,10200,13300,17600,22600,28500,34600,41500,49100,57100,77700,75100,85300,93000,87100,95700,108600,116300,159600,176400,191100,207000,238300,241400,273000,279000,299000,330600,340600,373600,385000,410600,449500,473600,403400,408200,429800,465900,486800,503400,526100,550300,575000,600200,626000,652600,679400,728300,742400,763500,793000,826900,855500,884000,922100,946500,979100,1.0185e+06,1.0517e+06,1.0917e+06,1.1146e+06,1.1491e+06,1.1913e+06,1.2349e+06,1.2729e+06,1.3039e+06,1.3537e+06,1.3813e+06,1.5185e+06,1.4682e+06,1.6645e+06,1.5539e+06,1.7003e+06,1.6332e+06,1.6704e+06,1.714e+06,1.7581e+06,1.8009e+06,1.8471e+06,1.9702e+06,2.2132e+06,2.2571e+06,2.1893e+06,3.0275e+06,2.2391e+06,2.2969e+06,2.3691e+06,2.6197e+06,2.6425e+06,2.6931e+06,2.8637e+06,3.1256e+06,3.2896e+06,3.2237e+06,3.229e+06,3.2386e+06,3.3998e+06
699,600,1600,3400,6700,7900,10700,14400,18500,22500,27000,32600,38800,45100,51900,59300,67500,94600,85300,95000,105500,116100,137800,139700,152200,174200,178900,193100,219500,223000,246500,255700,280900,289900,315300,326500,352800,372400,385700,413600,435400,457100,472500,519500,526900,550200,575400,627300,630300,658400,686000,707000,735100,763600,798900,822600,859400,883200,920900,947000,985100,1.023e+06,1.0634e+06,1.0801e+06,1.2492e+06,1.1605e+06,1.1944e+06,1.2298e+06,1.2664e+06,1.3042e+06,1.35e+06,1.5284e+06,1.4295e+06,1.5483e+06,1.5618e+06,1.6078e+06,1.5873e+06,1.6221e+06,1.6645e+06,1.7157e+06,1.758e+06,1.8067e+06,1.8452e+06,1.8924e+06,1.945e+06,1.9903e+06,2.0306e+06,2.0837e+06,2.125e+06,2.1738e+06,2.2293e+06,2.2937e+06,2.3488e+06,2.3811e+06,2.4329e+06,2.4915e+06,2.5374e+06,2.6175e+06,2.4752e+06,3.3825e+06,3.4409e+06
700,600,2900,5000,6500,23400,11000,14200,17500,22000,28400,32800,38600,46300,52900,59800,67600,76000,85200,94900,105300,116200,127700,148700,152200,165200,186400,193100,207900,230200,239100,262600,272400,296800,308000,335400,353100,365700,393300,414100,428100,457200,479800,512600,521000,642600,578900,601100,625900,652700,679500,708100,734900,763600,792800,829000,852500,886800,915100,952700,979100,1.0185e+06,1.0521e+06,1.0859e+06,1.1335e+06,1.1585e+06,1.1927e+06,1.228e+06,1.266e+06,1.3028e+06,1.3402e+06,1.3788e+06,1.4183e+06,1.5763e+06,1.5148e+06,1.5458e+06,1.5889e+06,1.6363e+06,1.6734e+06,2.031e+06,2.1734e+06,2.048e+06,2.1665e+06,2.4575e+06,2.4962e+06,2.5369e+06,2.3281e+06,2.3552e+06,2.1781e+06,2.2768e+06,2.7895e+06,2.9436e+06,3.0311e+06,2.989e+06,3.0523e+06,3.1279e+06,3.1856e+06,3.2493e+06,3.3164e+06,3.3973e+06,3.4227e+06
701,800,2300,4000,5100,9400,10300,8000,18500,22500,27200,46500,38800,45100,52000,59300,67400,75900,95100,94900,105200,116200,127500,139600,152200,165200,187800,193000,215700,223100,298800,330500,340400,373500,384800,408300,533100,641500,512100,525700,548300,574500,602600,620500,649800,691000,721900,753400,785800,844600,621200,717500,744300,820300,794400,829200,852700,889300,914400,979100,1.0154e+06,1.0341e+06,1.1084e+06,1.1209e+06,1.1233e+06,1.1501e+06,1.1912e+06,1.2278e+06,1.5742e+06,1.5911e+06,1.6314e+06,1.6885e+06,1.7381e+06,1.7644e+06,1.8249e+06,1.7157e+06,1.7685e+06,1.7337e+06,1.8747e+06,1.8828e+06,1.9847e+06,2.1766e+06,2.2804e+06,2.2772e+06,2.344e+06,2.3919e+06,2.5615e+06,2.5785e+06,2.6175e+06,2.7218e+06,2.733e+06,2.7144e+06,2.7434e+06,3.0164e+06,3.0426e+06,3.0109e+06,3.0871e+06,3.1067e+06,3.2828e+06,3.4198e+06,3.4595e+06
702,1100,2200,4200,5300,7600,10300,13700,17400,21900,26900,32400,38700,44900,51800,59300,78900,76100,85300,95100,105400,123800,127700,139700,152300,172500,179100,193200,207900,223200,235000,255500,274100,305300,325500,328400,360500,365700,394600,413600,434900,449800,479500,502400,526000,550200,578100,603200,626300,653000,669900,714300,735800,769100,799100,822600,852900,893000,921100,946900,985700,1.0192e+06,1.0458e+06,1.0863e+06,1.1246e+06,1.165e+06,1.1917e+06,1.2286e+06,1.2652e+06,1.3088e+06,1.3406e+06,1.3791e+06,1.4243e+06,1.4577e+06,1.493e+06,1.5506e+06,1.5808e+06,1.6277e+06,1.671e+06,1.714e+06,1.7586e+06,1.8028e+06,1.848e+06,1.892e+06,1.9367e+06,1.983e+06,2.0534e+06,2.0879e+06,2.1394e+06,2.6768e+06,2.624e+06,2.7309e+06,2.7898e+06,2.6743e+06,2.155e+06,2.7776e+06,2.8417e+06,2.8916e+06,2.808e+06,2.8825e+06,2.9405e+06
703,800,1700,3300,5100,7300,10200,13600,17400,21900,26800,32500,38700,44800,51900,59300,67400,76000,85200,95000,105300,123600,127600,139600,152200,165200,178900,200000,213200,234100,238900,263300,272600,297300,308200,322200,345800,373800,393400,406500,428300,457800,479800,502900,526500,550400,575200,600200,644000,652800,679500,706800,741500,748400,794800,830700,852700,889600,914700,953100,987100,1.0147e+06,1.0522e+06,1.086e+06,1.1205e+06,1.1555e+06,1.1937e+06,1.2752e+06,1.2667e+06,1.3026e+06,1.3474e+06,1.3787e+06,1.7342e+06,1.7691e+06,1.8218e+06,1.9273e+06,1.9116e+06,1.9658e+06,2.0453e+06,2.081e+06,2.1166e+06,2.1985e+06,2.2772e+06,2.315e+06,2.1684e+06,2.4932e+06,2.5908e+06,2.7505e+06,2.6701e+06,3.1508e+06,2.7892e+06,2.897e+06,2.9069e+06,2.9907e+06,3.1029e+06,4.2277e+06,3.1852e+06,3.2371e+06,3.3548e+06,3.392e+06,3.5239e+06
704,1000,2200,4000,6500,10300,12800,17300,22800,28600,35200,42000,48000,56500,65200,74500,84700,95600,108200,119600,143900,145800,160100,175100,202100,206900,224400,299100,278900,279800,315100,319200,352500,362400,396400,408200,443500,468000,482400,519400,545800,573500,601600,619400,652800,680900,710900,753300,785300,818200,851800,844300,921400,911200,993300,1.0511e+06,1.041e+06,964900,919700,955700,1.0619e+06,1.0939e+06,1.1874e+06,1.0869e+06,1.1153e+06,1.1346e+06,1.2038e+06,1.3451e+06,1.3821e+06,1.4983e+06,1.4432e+06,1.5647e+06,1.5181e+06,1.5517e+06,1.5087e+06,1.5392e+06,1.5857e+06,1.6282e+06,1.6699e+06,1.7075e+06,1.768e+06,1.9879e+06,2.2313e+06,2.1935e+06,2.1732e+06,2.1955e+06,2.044e+06,2.361e+06,2.6192e+06,2.7278e+06,2.7818e+06,2.8644e+06,2.9728e+06,2.9886e+06,3.0244e+06,3.1182e+06,3.2292e+06,3.2846e+06,3.2741e+06,3.1082e+06,3.278e+06
705,800,1700,2900,5100,7500,10300,13600,17500,22000,27100,32600,38400,44900,51900,68600,67400,86600,87000,96700,107100,140200,143500,139600,152300,174000,181200,194500,221400,224200,273000,256300,283800,290900,316900,327500,355100,374200,386700,415600,436600,459200,483300,499600,536000,553700,575900,605300,627900,653400,679500,713900,735300,763500,792700,822100,852500,890300,929800,980700,1.0799e+06,1.1772e+06,1.1392e+06,1.0898e+06,1.1213e+06,1.156e+06,1.1918e+06,1.2279e+06,1.3487e+06,1.3044e+06,1.3402e+06,1.3785e+06,1.425e+06,1.4576e+06,1.5042e+06,1.5384e+06,1.5868e+06,1.6391e+06,1.6647e+06,1.7137e+06,1.7597e+06,1.8009e+06,1.8485e+06,1.8981e+06,1.8899e+06,1.983e+06,2.038e+06,2.076e+06,2.131e+06,2.1741e+06,2.2403e+06,2.2787e+06,2.3287e+06,2.3781e+06,2.4307e+06,2.4848e+06,2.5396e+06,2.5918e+06,2.9444e+06,3.0927e+06,3.168e+06
706,600,1700,3200,5300,8900,13600,14200,17700,22000,33800,40600,48300,56200,64800,74300,99200,95100,106400,118800,131700,158200,159600,174400,201600,206500,223600,252400,259800,278900,311700,319200,352500,368800,399000,419600,432300,467900,493200,508100,546300,573500,601600,602100,691000,690200,720900,708400,772000,774900,852000,833900,874200,900300,934300,976700,921300,891200,916700,954600,996800,1.0139e+06,1.0537e+06,1.4742e+06,1.1409e+06,1.1595e+06,1.2035e+06,1.2401e+06,1.2771e+06,1.3124e+06,1.4225e+06,1.556e+06,1.6062e+06,1.7194e+06,1.7019e+06,1.7805e+06,1.7864e+06,1.7938e+06,1.8454e+06,1.87e+06,1.9515e+06,2.0854e+06,2.0697e+06,2.1631e+06,2.225e+06,2.0437e+06,2.1067e+06,2.1724e+06,2.1792e+06,2.2353e+06,2.2386e+06,2.2787e+06,2.3281e+06,2.3804e+06,2.4227e+06,2.4847e+06,2.5139e+06,2.5932e+06,2.6423e+06,2.7006e+06,2.74e+06
707,500,1300,2700,4600,7000,9900,13300,17300,21800,26800,32300,38100,44700,51800,59300,67400,83000,85300,95100,105300,116200,127700,139600,152300,172200,178900,193100,214900,223200,246000,255400,279400,290000,315400,326700,353100,373900,385900,415000,435600,456900,472400,503100,526600,550300,575500,607100,626300,653300,679700,707200,735100,769700,795300,849700,855000,904300,925400,950100,989100,1.0212e+06,1.055e+06,1.0828e+06,1.1234e+06,1.1595e+06,1.2302e+06,1.2327e+06,1.2687e+06,1.3059e+06,1.3441e+06,1.3881e+06,1.4213e+06,1.4612e+06,1.5077e+06,1.5916e+06,1.6659e+06,1.6254e+06,1.6735e+06,1.7173e+06,1.7597e+06,1.8043e+06,1.9712e+06,2.0806e+06,1.9493e+06,1.9945e+06,2.0473e+06,2.0708e+06,2.167e+06,2.1854e+06,2.2396e+06,2.2795e+06,2.4973e+06,2.3876e+06,2.4324e+06,2.484e+06,2.5422e+06,2.5899e+06,2.6529e+06,2.7153e+06,2.7617e+06
708,700,1800,3000,4900,7400,12700,17100,22000,21900,27000,32300,38400,56200,66900,60300,67900,76400,76500,95100,106900,118000,129500,140400,152600,165400,189200,193300,215400,223300,239200,263000,274200,378500,385600,421500,444000,456900,493600,514300,513800,562700,601600,630500,659900,690100,679200,776500,785600,770300,851600,886100,866700,773400,809700,905100,922700,991700,923600,947300,985200,1.0186e+06,1.0526e+06,1.0798e+06,1.1393e+06,1.1583e+06,1.1918e+06,1.2346e+06,1.2825e+06,1.3025e+06,1.3484e+06,1.379e+06,1.4183e+06,1.4593e+06,1.5042e+06,1.5453e+06,1.5796e+06,1.6309e+06,1.6706e+06,1.7133e+06,1.7574e+06,1.8027e+06,1.8473e+06,1.8921e+06,1.9456e+06,1.9887e+06,2.0305e+06,2.0768e+06,2.126e+06,2.1802e+06,2.2369e+06,2.2728e+06,2.3292e+06,2.3787e+06,2.4304e+06,2.4867e+06,2.535e+06,2.5866e+06,2.6473e+06,2.6948e+06,2.7705e+06
709,500,1400,2800,4700,7100,10000,13500,17300,21900,26700,32300,38300,44900,51900,59400,67400,76100,85100,102100,105400,116200,127600,146500,152200,165300,186100,193100,208000,230200,239200,283000,268900,300600,307900,326600,352600,365500,392600,413900,435200,449800,479700,508700,530500,554700,577400,602500,627700,660800,698900,772800,756300,775000,792700,822600,859400,883600,921200,947400,979500,1.0188e+06,1.0523e+06,1.0682e+06,1.0818e+06,1.175e+06,1.1962e+06,1.2284e+06,1.2654e+06,1.3021e+06,1.3463e+06,1.3789e+06,1.4175e+06,1.465e+06,1.4991e+06,1.5466e+06,1.5866e+06,1.6227e+06,1.6705e+06,1.7133e+06,1.7568e+06,1.8127e+06,2.0273e+06,1.8915e+06,1.9424e+06,1.9834e+06,2.0483e+06,2.3317e+06,2.0925e+06,2.1867e+06,2.2212e+06,2.2717e+06,2.3378e+06,2.3789e+06,2.4304e+06,2.4824e+06,2.5421e+06,2.5887e+06,2.6497e+06,2.6968e+06,2.8436e+06
710,500,1400,2700,4600,6900,9800,13200,27200,21800,26800,32300,38400,44900,51800,59400,67400,83300,85300,99800,106800,117800,129300,153400,152600,165300,190400,193200,207800,231000,239100,256100,284400,290000,315800,333800,345800,372800,385800,406800,435000,456900,493200,505700,526400,550500,575100,600300,626200,652500,689000,702600,735900,763600,799200,822600,858400,893700,921000,947100,985300,1.0186e+06,1.0526e+06,1.08e+06,1.1207e+06,1.1564e+06,1.1999e+06,1.2282e+06,1.262e+06,1.302e+06,1.3405e+06,1.3786e+06,1.4244e+06,1.4655e+06,1.5653e+06,1.6963e+06,1.6463e+06,1.6402e+06,1.6722e+06,1.7083e+06,1.7565e+06,1.8008e+06,1.845e+06,1.5706e+06,1.9286e+06,1.9827e+06,2.0298e+06,2.0782e+06,2.1418e+06,2.2149e+06,2.306e+06,2.6843e+06,2.7429e+06,2.8025e+06,3.2103e+06,3.118e+06,3.1835e+06,3.3196e+06,3.3072e+06,3.3833e+06,3.3782e+06
711,700,1600,3400,5700,8800,12400,18100,21700,22900,28000,33700,39200,45400,52200,59400,67500,76000,85200,95000,105300,116400,127700,139700,152200,165100,178900,193200,207900,223100,239200,255400,272500,302800,309000,326800,345900,365500,397700,416400,428000,457500,479700,503000,526200,550200,575100,601200,626400,652500,679400,706100,741500,763800,792700,828800,852300,889900,914500,953300,985400,1.0125e+06,1.0524e+06,1.0862e+06,1.1273e+06,1.1664e+06,1.1929e+06,1.2282e+06,1.2651e+06,1.3085e+06,1.3404e+06,1.3785e+06,1.4242e+06,1.458e+06,1.5039e+06,1.5431e+06,1.5866e+06,1.6278e+06,1.6652e+06,1.715e+06,1.7571e+06,1.8191e+06,1.8466e+06,1.8989e+06,1.9369e+06,1.9826e+06,2.0356e+06,2.0998e+06,2.1396e+06,2.5297e+06,2.6824e+06,2.7314e+06,2.9111e+06,3.1926e+06,3.1608e+06,3.1593e+06,3.2003e+06,3.2496e+06,3.3043e+06,3.5684e+06,3.358e+06
712,800,2300,3300,5000,7400,10100,13700,17600,29200,28100,33100,38700,45300,52200,59600,67400,76100,94800,95100,105400,116300,127600,139600,152200,165200,187100,193200,215900,219500,239000,263900,272500,298900,396700,408400,443900,499900,484500,509000,550600,574600,601900,630300,649200,679100,709800,752900,785400,817800,851300,729800,807500,877400,885800,852500,1.0924e+06,1.2369e+06,1.2084e+06,1.0458e+06,982100,1.0205e+06,1.053e+06,1.0867e+06,1.2344e+06,1.5209e+06,1.6044e+06,1.6248e+06,1.4279e+06,1.5249e+06,1.8389e+06,1.7961e+06,1.9873e+06,1.5707e+06,1.6693e+06,1.5846e+06,1.5963e+06,1.6286e+06,1.6736e+06,1.7145e+06,1.751e+06,1.8041e+06,1.846e+06,1.8912e+06,1.9372e+06,1.9899e+06,2.0304e+06,2.0778e+06,2.1313e+06,2.1797e+06,2.222e+06,2.2848e+06,2.3238e+06,2.3801e+06,2.4303e+06,2.4814e+06,2.5354e+06,2.5872e+06,2.6418e+06,2.6949e+06,2.7551e+06
713,500,1400,2700,4600,7000,10000,13400,17300,21800,26800,32300,39700,46000,65500,74400,84400,89500,143400,109200,105100,116200,127500,149000,152100,165200,186100,193100,207800,230600,238900,263800,272400,297000,307900,333500,352700,365700,392800,423100,428000,457200,479500,502500,526000,547500,582600,600900,626300,652500,679300,713300,735100,763600,799100,825100,853400,889600,914700,946700,978000,1.0193e+06,1.0464e+06,1.0865e+06,1.1209e+06,1.1558e+06,1.2059e+06,1.2295e+06,1.2647e+06,1.3089e+06,1.3468e+06,1.3795e+06,1.4244e+06,1.4588e+06,1.5045e+06,1.5528e+06,1.587e+06,1.6329e+06,1.671e+06,1.6936e+06,1.7512e+06,1.8017e+06,1.8455e+06,1.8901e+06,1.9371e+06,1.9826e+06,2.0382e+06,2.0775e+06,2.1316e+06,2.1888e+06,2.6963e+06,2.7352e+06,2.8605e+06,2.8675e+06,2.6535e+06,2.9849e+06,3.0494e+06,3.1521e+06,3.3156e+06,3.3923e+06,3.3227e+06
714,900,2700,4200,6600,7600,10300,13800,17400,22100,27000,32600,38600,45100,66300,59500,67600,76200,85300,95200,114400,116400,127700,139700,166600,166600,180700,202500,207900,240600,240800,271100,287200,290600,308700,334500,346300,373700,393700,406900,436200,458200,480600,503600,527500,551000,575700,601200,658300,653900,695200,787400,920500,956700,993300,1.0272e+06,1.0683e+06,1.0726e+06,1.1423e+06,1.1587e+06,1.3092e+06,1.3214e+06,1.2966e+06,1.3304e+06,1.4041e+06,1.447e+06,1.4919e+06,1.5371e+06,1.5932e+06,1.6302e+06,1.368e+06,1.5588e+06,1.7137e+06,1.6672e+06,1.6553e+06,1.7891e+06,1.7187e+06,1.9792e+06,1.8386e+06,1.8224e+06,1.9076e+06,1.8286e+06,1.9425e+06,1.8916e+06,1.9388e+06,1.9832e+06,2.0364e+06,2.079e+06,2.1312e+06,2.1751e+06,2.2224e+06,2.2781e+06,2.3283e+06,2.3796e+06,2.6061e+06,3.2058e+06,3.1714e+06,3.1452e+06,3.1917e+06,3.2067e+06,3.4297e+06
715,900,2400,4200,6300,9200,12700,16900,21700,27400,33700,40400,48000,56000,81300,74300,83000,77800,86600,96000,106200,130400,128600,140400,161900,166100,179700,202000,208600,223900,248200,256800,281300,317100,385800,423700,432100,457000,493300,519500,534900,573800,601800,630400,660100,690300,721400,765700,710200,674000,730500,776200,809500,769100,792400,831700,853100,889900,914700,962800,988200,1.0144e+06,1.046e+06,1.0864e+06,1.1208e+06,1.1566e+06,1.208e+06,1.2292e+06,1.2664e+06,1.3293e+06,1.3404e+06,1.3788e+06,1.4236e+06,1.4576e+06,1.5043e+06,1.5397e+06,1.5861e+06,1.6283e+06,1.6784e+06,1.7062e+06,1.7566e+06,1.8025e+06,1.8459e+06,1.8993e+06,1.938e+06,1.9922e+06,2.0364e+06,2.0783e+06,2.1305e+06,2.1735e+06,2.2311e+06,2.3043e+06,2.3344e+06,2.3856e+06,2.4308e+06,2.4885e+06,2.5374e+06,2.5925e+06,2.6476e+06,2.6987e+06,2.7537e+06
716,600,1400,2700,4500,6900,9900,13200,17200,21700,26800,32500,39800,46500,51800,59300,67400,76000,85100,95000,105300,116200,127600,139600,152200,172400,179000,193000,215100,223200,246300,255500,273100,300200,308900,336400,346800,375300,395200,407600,429100,462900,472000,521700,544700,550100,575500,600200,626600,652400,679500,706900,740800,763400,792700,835800,853700,890500,915900,959600,979500,1.0185e+06,1.052e+06,1.0861e+06,1.1206e+06,1.156e+06,1.1979e+06,1.2286e+06,1.2669e+06,1.3031e+06,1.3402e+06,1.3849e+06,1.4189e+06,1.4641e+06,1.498e+06,1.5451e+06,1.5804e+06,1.8249e+06,1.6694e+06,1.7139e+06,1.7585e+06,1.8016e+06,1.8586e+06,1.8978e+06,1.9351e+06,1.9838e+06,2.0367e+06,2.0788e+06,2.1324e+06,2.1782e+06,2.2347e+06,2.2815e+06,2.3298e+06,2.3791e+06,2.4311e+06,2.4927e+06,2.5342e+06,2.5931e+06,2.6405e+06,2.7018e+06,2.757e+06
717,500,1500,2800,4600,6900,9800,13500,17400,21800,26800,32500,38700,45100,59500,59300,67500,50000,87000,96900,107100,117600,128200,140200,173800,176400,178800,193200,215100,223200,249600,255500,281400,289900,315200,326700,353200,372700,385800,413900,426800,457200,472500,504500,541600,550100,574700,600400,625900,652300,698700,707500,735000,764000,798700,822600,858500,883500,921000,957600,1.0257e+06,1.0813e+06,1.0589e+06,1.0897e+06,1.1237e+06,1.1582e+06,1.1945e+06,1.2301e+06,1.2676e+06,1.3176e+06,1.3572e+06,1.2503e+06,1.4146e+06,1.5857e+06,1.6648e+06,1.6816e+06,1.575e+06,1.6231e+06,1.6723e+06,1.7137e+06,1.758e+06,1.8015e+06,1.8462e+06,1.8906e+06,1.939e+06,2.0307e+06,2.0382e+06,2.3531e+06,2.5096e+06,2.5593e+06,2.8791e+06,2.854e+06,2.9161e+06,2.9778e+06,3.0418e+06,3.2669e+06,3.1748e+06,3.2391e+06,3.3172e+06,3.3872e+06,3.4413e+06
718,1100,1700,3500,5700,9400,26100,16800,21700,27300,33500,40400,47800,55800,67100,80900,86400,113500,107100,119200,131900,145300,173400,175300,190100,218200,223600,241400,271000,279100,309900,319500,351400,362500,398500,408200,444100,531000,503200,540500,547200,471200,646300,674500,672600,690700,721500,610400,635300,663000,769100,710400,735400,763600,792200,822900,852800,894200,916800,954300,987200,1.0259e+06,1.0538e+06,1.1623e+06,1.3548e+06,1.4134e+06,1.4386e+06,1.4473e+06,1.4903e+06,1.4946e+06,1.6842e+06,1.7163e+06,1.7405e+06,1.8317e+06,1.8003e+06,1.7001e+06,1.7094e+06,1.875e+06,1.9141e+06,1.9278e+06,2.0332e+06,2.084e+06,2.244e+06,2.2917e+06,2.3652e+06,2.4276e+06,2.2961e+06,2.356e+06,2.2477e+06,2.2145e+06,2.2324e+06,2.2805e+06,2.3322e+06,2.3823e+06,2.4945e+06,2.4843e+06,2.5367e+06,2.5984e+06,2.6437e+06,2.7208e+06,2.7618e+06
719,700,1800,3400,5100,7400,10300,13700,17600,22000,29900,32400,23600,45300,51700,70900,67500,76100,85200,95000,114800,178900,127700,139800,152300,165200,178800,193300,207900,231500,239000,263500,272500,297900,308000,334500,345700,365500,393500,414400,428200,458100,480700,511600,526700,533300,577500,603100,628800,655300,682000,709300,743800,765500,796700,830700,854900,896700,928600,956400,987500,1.0143e+06,1.0552e+06,1.0885e+06,1.1225e+06,1.1584e+06,1.1937e+06,1.2329e+06,1.2747e+06,1.3187e+06,1.3444e+06,1.3813e+06,1.4265e+06,1.4601e+06,1.506e+06,1.5403e+06,1.5872e+06,1.6409e+06,1.6931e+06,1.718e+06,1.7583e+06,1.8028e+06,1.8468e+06,1.8926e+06,1.9587e+06,1.9948e+06,2.0409e+06,2.0954e+06,2.1397e+06,2.1867e+06,2.2401e+06,2.2896e+06,2.3791e+06,2.391e+06,2.4418e+06,2.4929e+06,2.5518e+06,2.5975e+06,2.6594e+06,2.7075e+06,2.7909e+06
720,800,2000,3700,6200,9300,12700,17100,21900,34100,33800,40300,49700,57200,83800,74700,84300,95100,106600,118800,145900,145400,159600,174500,201900,206400,180400,194800,209600,224900,261500,256200,284100,290100,316900,335200,420100,468200,464800,478500,514100,539800,568100,594100,621400,649600,678800,708400,620000,669200,690000,717400,841700,772700,793400,835100,854100,883400,914600,953000,983200,1.019e+06,1.052e+06,1.0861e+06,1.1211e+06,1.1904e+06,1.1933e+06,1.2287e+06,1.266e+06,1.3032e+06,1.3477e+06,1.3756e+06,1.4358e+06,1.4608e+06,1.4898e+06,1.5509e+06,1.5925e+06,1.6383e+06,1.6815e+06,1.719e+06,1.7574e+06,1.8041e+06,1.8467e+06,1.8907e+06,1.9361e+06,1.9901e+06,2.0298e+06,2.0832e+06,2.4861e+06,2.2189e+06,2.2326e+06,2.2807e+06,2.338e+06,2.4409e+06,2.4339e+06,2.4965e+06,2.5376e+06,2.591e+06,2.6494e+06,3.2121e+06,3.3156e+06
721,900,2700,4400,6800,9700,13400,17700,22700,28300,34300,41200,48700,69900,65500,61000,86600,110700,86900,121600,151000,147000,160500,175600,205100,207600,224500,253800,260800,298900,300700,335400,341600,374900,386100,507700,329400,383000,403400,462100,443700,460500,480100,502800,526400,550500,574800,600400,632600,645300,685100,713700,734800,763600,792800,822400,852700,889900,914900,946600,985500,1.05e+06,1.0462e+06,1.0869e+06,1.1208e+06,1.1557e+06,1.1915e+06,1.2356e+06,1.2652e+06,1.3082e+06,1.3406e+06,1.3846e+06,1.4244e+06,1.4673e+06,1.5042e+06,1.5384e+06,1.5801e+06,1.6292e+06,1.7465e+06,1.7322e+06,1.7772e+06,1.8066e+06,1.8471e+06,1.8906e+06,1.9377e+06,1.9811e+06,2.0297e+06,2.0809e+06,2.127e+06,2.18e+06,2.2281e+06,2.3089e+06,2.3226e+06,2.3736e+06,2.4327e+06,2.4815e+06,2.5342e+06,2.5874e+06,2.6531e+06,2.6862e+06,2.7554e+06
722,600,1300,2700,4500,7000,10000,13300,17400,21800,26700,39900,38300,44800,51800,59500,67500,76000,92800,95200,105400,116200,127700,146500,152200,165200,186300,193200,207900,230200,239100,262400,272500,298600,311000,334100,354500,365500,393000,417700,428200,450100,482600,502600,526000,550200,575200,600200,626000,652400,679500,713500,731800,763700,792500,822600,858800,889600,950100,971200,987400,1.0134e+06,1.047e+06,1.0886e+06,1.1224e+06,1.1548e+06,1.1925e+06,1.3322e+06,1.6642e+06,1.5862e+06,1.6433e+06,1.684e+06,1.7188e+06,1.719e+06,1.8545e+06,1.8662e+06,1.7804e+06,1.9263e+06,1.972e+06,2.0228e+06,1.954e+06,1.8293e+06,1.8729e+06,1.891e+06,1.9378e+06,1.986e+06,2.037e+06,2.0876e+06,2.1445e+06,2.1794e+06,2.2224e+06,2.2792e+06,2.3291e+06,2.3854e+06,2.4415e+06,2.4926e+06,2.5516e+06,2.6007e+06,2.6749e+06,2.7079e+06,2.7674e+06
723,600,1200,3400,4300,7400,10200,13700,11700,22100,40900,32400,38400,44800,51900,59400,67400,76100,94600,95100,105400,116300,134800,139800,152200,165400,186100,193200,215200,223300,239100,262800,272400,297100,308300,328500,353700,365800,393400,420100,435300,450200,479800,503000,526400,550400,574900,600400,629100,652300,679400,935600,740600,772200,792900,826700,876400,978300,994700,1.0457e+06,1.0464e+06,1.0476e+06,1.1393e+06,1.0904e+06,1.1212e+06,1.1391e+06,1.1916e+06,1.2283e+06,1.2644e+06,1.3085e+06,1.3403e+06,1.3787e+06,1.4246e+06,1.4575e+06,1.5043e+06,1.5432e+06,1.5868e+06,1.6293e+06,1.6643e+06,1.7076e+06,1.7614e+06,1.8014e+06,1.8526e+06,1.8907e+06,1.9371e+06,1.9821e+06,2.0359e+06,2.2338e+06,2.3546e+06,2.3621e+06,2.4622e+06,2.6447e+06,2.479e+06,2.6131e+06,2.611e+06,2.7421e+06,3.0257e+06,3.0891e+06,3.3362e+06,3.3948e+06,3.3982e+06
724,700,2000,3900,5500,8200,10100,13700,17600,22000,16700,32500,38500,58200,52100,61100,67700,76000,85100,107000,105400,116300,127400,147500,152100,165300,178800,193100,207900,230500,239000,262600,272400,273500,307900,334200,345800,365800,392800,413500,427900,456800,479300,502600,526400,550100,575000,599900,626100,652900,679100,707000,744200,764200,813200,836600,855500,892400,916700,954800,981300,1.0123e+06,1.0548e+06,1.0891e+06,1.1371e+06,1.1605e+06,1.1981e+06,1.314e+06,1.5837e+06,1.6266e+06,1.6453e+06,1.7258e+06,1.7376e+06,1.8233e+06,1.8746e+06,1.9346e+06,1.978e+06,1.9892e+06,1.9667e+06,2.0271e+06,1.9404e+06,1.8428e+06,1.8584e+06,1.8949e+06,1.9396e+06,1.9869e+06,2.0882e+06,2.0892e+06,2.1426e+06,2.186e+06,2.2394e+06,2.2903e+06,2.3408e+06,2.3904e+06,2.4288e+06,2.4695e+06,2.5471e+06,2.6052e+06,3.2931e+06,3.2287e+06,3.4402e+06
725,700,1500,12900,4900,7300,10400,14800,18100,20200,27700,32600,38800,45000,52000,72300,67300,75900,85300,94900,105300,111900,127600,139500,238800,165300,174500,196400,203300,217800,236400,247500,273400,283400,310000,334700,340700,368100,376500,402600,421800,457300,475300,498300,520800,580000,569700,608800,631800,654100,680600,716100,736000,764600,799800,844600,922300,893000,916100,968200,1.1931e+06,1.245e+06,1.2724e+06,1.3529e+06,1.3212e+06,1.3666e+06,1.4047e+06,1.366e+06,1.2667e+06,1.3107e+06,1.3474e+06,1.3809e+06,1.4261e+06,1.4945e+06,1.5033e+06,1.5474e+06,1.5879e+06,1.6238e+06,1.6784e+06,1.7156e+06,1.7583e+06,1.8125e+06,1.8474e+06,1.8946e+06,1.9385e+06,1.9854e+06,2.0473e+06,2.0944e+06,2.1383e+06,2.1907e+06,2.1687e+06,2.2807e+06,2.6693e+06,2.3903e+06,2.4438e+06,2.5818e+06,2.6487e+06,2.6975e+06,2.6597e+06,2.7098e+06,2.7662e+06
726,700,1700,3300,5300,7700,28300,14300,18400,22500,27000,32500,38600,44800,52000,74200,67300,76000,85200,95000,105300,125000,127500,139600,159400,165100,178800,200000,207800,223100,245900,255400,279000,289800,314600,326500,345800,372100,382900,408200,438000,457500,480300,502800,519300,543400,575200,600300,626000,652700,679200,707300,735300,770700,792400,835700,864800,884300,922500,947000,985500,1.0188e+06,1.0522e+06,1.08e+06,1.1214e+06,1.1564e+06,1.2177e+06,1.2345e+06,1.2728e+06,1.3037e+06,1.3404e+06,1.379e+06,1.4323e+06,1.4576e+06,1.5048e+06,1.5464e+06,1.5953e+06,1.6238e+06,1.6704e+06,1.7141e+06,1.7713e+06,1.8015e+06,1.8559e+06,1.8915e+06,1.9465e+06,1.9845e+06,2.0295e+06,2.0865e+06,2.1246e+06,2.1977e+06,2.2649e+06,2.2978e+06,2.3291e+06,2.3791e+06,2.4324e+06,2.491e+06,2.5306e+06,2.5873e+06,2.6458e+06,2.6964e+06,2.7562e+06
727,500,1400,2800,4600,7000,9900,13300,10800,21700,27800,19500,38600,45300,51800,59400,67600,76100,85300,102400,105400,116300,127700,146900,152300,165200,186100,193200,208000,230800,239200,262600,272600,297100,308200,333800,345900,372800,392700,522200,439000,450000,480400,502800,526300,550500,582500,605000,630300,654600,681500,708900,736900,765300,794400,829800,862600,883400,921500,946900,1.0003e+06,1.0187e+06,1.0461e+06,1.0798e+06,1.1204e+06,1.1557e+06,1.1915e+06,1.3683e+06,1.267e+06,1.3032e+06,1.3555e+06,1.7396e+06,1.7298e+06,1.7649e+06,1.8493e+06,1.8534e+06,1.9083e+06,1.9976e+06,2.0551e+06,2.0672e+06,2.1295e+06,2.1737e+06,2.2742e+06,2.3877e+06,2.4379e+06,2.4831e+06,2.55e+06,2.6194e+06,2.7471e+06,2.7396e+06,2.7773e+06,2.966e+06,2.871e+06,2.884e+06,2.8867e+06,2.9873e+06,3.0968e+06,3.1424e+06,3.2048e+06,3.3654e+06,3.4458e+06
728,800,1900,3500,5700,9000,12600,29500,24000,28500,35200,40300,48100,55900,65600,75300,96800,96100,136800,119700,132600,160700,112900,156100,153800,167100,200600,193600,207700,232300,239100,263000,272500,297700,308200,334000,352700,365600,392900,416200,428000,457100,479600,508100,528600,550700,575800,600200,626000,656700,679400,706700,735100,763800,792500,855400,868500,886800,938800,958400,979800,1.0185e+06,1.0523e+06,1.0867e+06,1.115e+06,1.15e+06,1.1854e+06,1.2352e+06,1.2662e+06,1.3162e+06,1.3426e+06,1.3861e+06,1.4987e+06,1.8288e+06,1.8284e+06,1.962e+06,1.9876e+06,2.0306e+06,2.083e+06,2.1273e+06,2.1199e+06,2.2454e+06,2.3116e+06,2.3764e+06,2.4233e+06,2.4833e+06,2.4078e+06,2.2928e+06,2.3942e+06,2.4825e+06,2.4905e+06,2.5399e+06,2.6121e+06,2.6821e+06,2.4382e+06,2.48e+06,2.5504e+06,3.2361e+06,3.3854e+06,3.3841e+06,3.4616e+06
729,900,2400,3300,5400,7700,10600,13800,17500,21900,26800,32500,52500,45000,52000,59400,67500,76200,85400,112800,105300,116300,127800,147900,152200,165500,170100,278900,278000,293600,329000,332600,340400,373600,385100,419400,432300,468200,493300,520100,535100,556100,588200,605800,649800,692900,716100,731800,722500,722600,695900,798900,797100,766500,792800,822800,859500,918500,931300,981200,989700,1.0217e+06,1.0525e+06,1.0864e+06,1.1208e+06,1.1562e+06,1.1917e+06,1.0314e+06,1.3334e+06,1.3089e+06,1.3476e+06,1.3848e+06,1.4232e+06,1.4654e+06,1.4992e+06,1.5378e+06,1.7203e+06,1.7039e+06,1.6669e+06,1.9113e+06,2.1166e+06,2.2261e+06,2.3033e+06,2.4584e+06,2.473e+06,2.5448e+06,2.5493e+06,2.6822e+06,2.6173e+06,2.6654e+06,2.7442e+06,2.6356e+06,2.7174e+06,2.6467e+06,2.6863e+06,3.0194e+06,3.3858e+06,3.2408e+06,3.1998e+06,3.6568e+06,3.3938e+06
730,800,1700,3300,5100,7300,12900,13700,18400,22600,27200,32800,38600,45100,52000,59500,67700,86500,85400,95200,105500,116400,135500,139900,152400,172400,179000,193000,215200,223400,246100,255700,279600,290000,315100,326800,353000,365800,386200,413800,435800,450000,472900,511200,526400,569200,585900,603300,626800,653100,680000,707400,735000,763500,793100,805200,870000,884500,921900,964000,971800,1.0194e+06,1.0521e+06,1.0857e+06,1.1148e+06,1.1497e+06,1.1917e+06,1.2227e+06,1.2652e+06,1.3026e+06,1.3504e+06,1.4199e+06,1.5632e+06,1.4656e+06,1.4998e+06,1.546e+06,1.8609e+06,1.8531e+06,1.9643e+06,2.0178e+06,2.0691e+06,1.8847e+06,1.8471e+06,1.9026e+06,1.9965e+06,1.9872e+06,2.0328e+06,2.0797e+06,2.1335e+06,2.1781e+06,2.2685e+06,2.2892e+06,2.341e+06,2.3954e+06,2.4345e+06,2.4871e+06,2.598e+06,2.5914e+06,2.6489e+06,2.7631e+06,3.5053e+06
731,700,1800,3600,5900,8700,12300,16800,21600,27200,33400,40500,47900,55700,64600,73900,84200,94900,106300,118600,150600,145200,178100,174700,191100,206400,223700,241400,271300,279000,298700,319200,340600,373700,396000,408300,443300,456800,493600,562000,463500,495500,487800,511300,535000,553500,575800,600100,625800,652500,679700,730700,737100,764400,799800,823300,852800,884000,922100,1.0937e+06,1.2235e+06,1.2417e+06,1.2574e+06,1.0935e+06,1.1166e+06,1.1624e+06,1.4948e+06,1.5066e+06,1.5922e+06,1.6297e+06,1.6748e+06,1.6868e+06,1.7438e+06,1.8101e+06,1.8685e+06,1.8521e+06,1.9112e+06,1.8422e+06,1.8588e+06,1.8238e+06,1.7595e+06,1.804e+06,1.8476e+06,1.895e+06,1.9486e+06,1.9965e+06,2.0322e+06,2.08e+06,2.1337e+06,2.1819e+06,2.2458e+06,2.2741e+06,2.3311e+06,2.3363e+06,2.4348e+06,2.4924e+06,3.261e+06,3.2417e+06,3.0171e+06,3.3759e+06,3.3947e+06
732,900,2200,4000,6700,9900,10700,13800,17500,22000,27000,43600,38700,45300,51800,59300,67400,75900,94300,94900,105300,116200,127500,147300,152200,165300,187700,193200,207900,231400,239000,262500,272400,296900,308100,333600,352800,365600,347600,415300,435300,450100,479700,503400,567900,553900,577000,601200,627300,653800,683400,707700,743000,764600,794100,831500,864000,883600,921300,946600,986300,1.0188e+06,1.0527e+06,1.0801e+06,1.1206e+06,1.1565e+06,1.1893e+06,1.2715e+06,1.2644e+06,1.3029e+06,1.3401e+06,1.3856e+06,1.424e+06,1.4571e+06,1.5042e+06,1.5393e+06,1.5798e+06,1.628e+06,1.6703e+06,1.7127e+06,1.7571e+06,1.8017e+06,1.8462e+06,1.8999e+06,1.937e+06,1.9853e+06,2.0288e+06,2.0767e+06,2.131e+06,2.1794e+06,2.2301e+06,2.2787e+06,2.3272e+06,2.379e+06,2.4292e+06,2.4891e+06,2.6728e+06,2.5895e+06,2.64e+06,2.7005e+06,2.7582e+06
733,500,1400,2800,4700,7800,8900,13400,17400,21700,26900,43100,38300,44800,51900,59300,67400,76100,94100,95000,105400,116200,127600,146600,152300,165300,185900,193000,207800,230100,239100,262500,272400,317800,308200,334200,353200,365700,393000,416000,429100,451100,480700,502700,529700,550200,574900,600500,625900,655800,679400,721200,734800,763400,792600,824100,854100,890500,915800,947600,986700,1.0191e+06,1.0464e+06,1.1067e+06,1.1215e+06,1.1558e+06,1.1975e+06,1.19e+06,1.2659e+06,1.3083e+06,1.3405e+06,1.3782e+06,1.434e+06,1.4576e+06,1.5096e+06,1.5398e+06,1.5851e+06,1.698e+06,1.672e+06,1.7171e+06,1.7615e+06,1.9585e+06,2.057e+06,2.2528e+06,2.5701e+06,2.5334e+06,2.4635e+06,2.5468e+06,2.6057e+06,2.759e+06,2.8827e+06,2.8793e+06,3.0608e+06,2.989e+06,3.1027e+06,3.1174e+06,3.2273e+06,3.2487e+06,3.3139e+06,3.3721e+06,3.4471e+06
734,1100,3200,4800,7000,10200,13500,18400,23000,28600,34600,41700,49000,56900,65700,75500,85200,96100,107600,133500,132400,146100,160600,187700,191300,207800,249400,247200,224200,223800,314300,319200,355700,362200,317100,326600,354900,374500,385700,415400,436700,458800,481200,495600,528300,552000,571100,624000,628900,654500,680600,708000,742500,764600,793700,829600,853500,891000,916000,1.1626e+06,1.0346e+06,1.0533e+06,1.217e+06,1.301e+06,1.2007e+06,1.2914e+06,1.2941e+06,1.2443e+06,1.2694e+06,1.3081e+06,1.3409e+06,1.3786e+06,1.4181e+06,1.4579e+06,1.4977e+06,1.5382e+06,1.5841e+06,1.6327e+06,1.6708e+06,1.7141e+06,1.7576e+06,1.8017e+06,1.8455e+06,1.8934e+06,1.9459e+06,1.9843e+06,2.0292e+06,2.0838e+06,2.1251e+06,2.1874e+06,2.2083e+06,2.3447e+06,2.3964e+06,2.3801e+06,2.4305e+06,2.5057e+06,2.8508e+06,3.009e+06,3.016e+06,3.0542e+06,3.1581e+06
735,800,2300,3300,5500,7600,10800,14500,18500,17300,27300,32900,38800,45000,52000,59400,67400,76200,96500,96600,106000,129700,127800,139800,164200,165500,179000,201100,208000,223400,246300,255600,279600,290900,308000,334300,345900,372700,392900,406900,435300,456900,479700,503000,526100,550200,575000,600500,626100,653300,679600,708100,738000,763300,792500,828900,852500,890300,924800,953100,979300,1.0187e+06,1.0526e+06,1.0867e+06,1.1219e+06,1.4356e+06,1.1941e+06,1.2298e+06,1.2657e+06,1.3201e+06,1.3418e+06,1.3801e+06,1.4269e+06,1.4593e+06,1.5416e+06,1.54e+06,1.5871e+06,1.6785e+06,1.6723e+06,1.715e+06,1.7579e+06,1.8025e+06,1.8469e+06,1.8926e+06,1.9562e+06,2.0001e+06,2.1605e+06,2.0864e+06,2.1272e+06,2.1818e+06,2.2402e+06,2.2911e+06,2.3412e+06,2.3924e+06,2.3897e+06,2.4944e+06,2.5642e+06,2.5986e+06,2.6208e+06,2.7081e+06,2.773e+06
736,700,1800,3300,5100,7300,10300,13700,13900,22800,24900,33700,39300,45300,52300,59500,67500,76200,99000,95200,105400,131400,127700,139600,160700,165300,178800,200200,207800,223200,246400,255500,279600,289900,315200,326700,345800,372600,386000,406800,435600,457100,480900,495700,519200,550500,575100,600200,626300,654300,681700,708400,736700,771600,794600,829800,941300,894600,922100,955000,987600,1.0145e+06,1.0474e+06,1.089e+06,1.1241e+06,1.1585e+06,1.1939e+06,1.2315e+06,1.2497e+06,1.3107e+06,1.3424e+06,1.3837e+06,1.4273e+06,1.4595e+06,1.5065e+06,1.5682e+06,1.5916e+06,1.6236e+06,1.6805e+06,1.7245e+06,1.7677e+06,1.8121e+06,1.8666e+06,1.8926e+06,1.9123e+06,1.9846e+06,2.0316e+06,2.0823e+06,2.1304e+06,2.1809e+06,2.2317e+06,2.28e+06,2.3223e+06,2.3726e+06,2.4364e+06,2.4827e+06,2.6442e+06,2.6044e+06,2.6427e+06,2.7154e+06,2.7492e+06
737,500,2100,3700,5500,8000,10900,14400,15600,22900,27800,33500,39800,45700,52400,72700,67500,76100,85300,95100,105400,127300,127800,167600,163200,165400,179300,201400,208000,223200,247000,255600,280400,290000,316100,334500,346000,373400,399200,508300,439300,458400,535500,548200,526100,551500,575200,600400,626600,652800,679700,710200,734700,763300,792500,815600,869800,884100,920700,1.1554e+06,2.4434e+06,1.282e+06,1.2809e+06,1.3029e+06,1.404e+06,1.4199e+06,1.5185e+06,1.5055e+06,1.5513e+06,1.534e+06,1.6295e+06,1.6723e+06,1.7204e+06,1.7982e+06,1.8186e+06,1.9192e+06,1.925e+06,1.9575e+06,2.0496e+06,2.1442e+06,2.2713e+06,2.2551e+06,2.3093e+06,2.1498e+06,1.9458e+06,1.9875e+06,2.049e+06,2.41e+06,2.5486e+06,2.6051e+06,2.7978e+06,2.8653e+06,2.926e+06,3.0035e+06,3.0531e+06,2.95e+06,3.0693e+06,3.2972e+06,3.0708e+06,3.0842e+06,3.3149e+06
738,800,1900,3500,5700,8800,12300,16600,21800,27100,33300,40300,47600,55900,64700,74100,84300,95000,106600,118700,90900,132300,129200,154800,152800,165700,189800,196200,207900,231100,239100,263300,272300,296800,308200,333700,345900,365600,392900,413800,428100,456800,479200,510300,541500,543800,568600,593700,619000,784900,806300,834700,921000,964900,950100,1.0298e+06,1.1046e+06,1.1071e+06,1.145e+06,1.1626e+06,1.227e+06,1.2697e+06,1.3028e+06,1.6995e+06,1.3974e+06,1.4172e+06,1.4696e+06,1.4973e+06,1.544e+06,1.6019e+06,1.6271e+06,1.6728e+06,1.741e+06,1.7694e+06,1.8445e+06,1.812e+06,1.8722e+06,1.9187e+06,1.8837e+06,1.7577e+06,1.9432e+06,2.0214e+06,2.2411e+06,2.3421e+06,2.2302e+06,2.3062e+06,2.3822e+06,2.58e+06,2.5605e+06,2.5463e+06,2.6199e+06,2.6007e+06,2.6622e+06,2.7158e+06,2.6669e+06,2.9066e+06,3.1146e+06,3.2104e+06,3.1642e+06,3.1995e+06,3.1125e+06
739,800,1700,3200,5200,7600,10300,13700,31500,22000,27000,22000,38700,46300,53500,61100,68900,90300,85800,95300,105400,116400,137600,139700,152200,172900,179000,193200,216300,223200,246200,255400,272400,289900,317800,326700,352800,365500,392800,420800,444000,451400,477000,500100,520800,545900,568400,596900,619000,648500,675900,707700,730200,763900,796100,819800,878600,888300,932000,1.0157e+06,981900,1.1338e+06,1.1514e+06,1.088e+06,1.121e+06,1.1654e+06,1.1921e+06,1.2327e+06,1.2652e+06,1.3032e+06,1.34e+06,1.3847e+06,1.4178e+06,1.464e+06,1.5142e+06,1.5463e+06,1.5981e+06,1.6422e+06,1.6659e+06,1.7127e+06,1.7565e+06,1.8023e+06,1.8464e+06,1.8972e+06,2.1824e+06,2.3141e+06,2.3884e+06,2.2656e+06,2.3062e+06,2.3813e+06,2.5398e+06,2.5605e+06,2.7415e+06,2.6148e+06,2.7236e+06,2.9112e+06,2.9882e+06,3.1233e+06,3.3278e+06,3.4009e+06,3.3964e+06
740,900,1800,3300,5100,7300,10200,14600,14300,22400,27100,32600,32300,44800,51800,59300,79600,76000,85200,95000,105400,130500,127500,139600,152200,172500,201500,207800,209200,252200,250200,255800,282000,289900,316500,326600,354200,373700,386000,463700,437100,462400,484500,510700,518300,550200,575200,600400,635300,652700,679900,713300,734900,763300,798700,822700,852800,883700,920800,946300,897300,1.0213e+06,1.0523e+06,1.0797e+06,1.1207e+06,1.1559e+06,1.1925e+06,1.2279e+06,1.2648e+06,1.3024e+06,1.3471e+06,1.3785e+06,1.4238e+06,1.4571e+06,1.5039e+06,1.5387e+06,1.5777e+06,1.6287e+06,1.6828e+06,1.7148e+06,1.7518e+06,1.8033e+06,1.8484e+06,1.8934e+06,1.9459e+06,2.0367e+06,2.0334e+06,2.0807e+06,2.128e+06,2.1823e+06,2.2332e+06,2.3015e+06,2.326e+06,2.3824e+06,2.4334e+06,2.496e+06,2.7252e+06,2.9386e+06,2.6584e+06,2.7074e+06,3.3421e+06
741,800,1900,3500,5500,8900,12400,16700,21800,27300,33500,53800,48200,56300,64800,74100,84300,94900,118400,118500,131600,145400,217300,174500,190300,224000,162700,194400,222900,224800,254900,256000,281600,289900,315200,326700,352700,372600,385700,413800,435100,456700,472700,502700,526500,551300,587400,591200,626100,652500,685700,706900,735300,763700,799000,822300,859300,887200,923100,990400,985100,1.0198e+06,1.052e+06,1.0861e+06,1.1214e+06,1.1564e+06,1.1913e+06,1.229e+06,1.2733e+06,1.3104e+06,1.3557e+06,1.384e+06,1.418e+06,1.4575e+06,1.4979e+06,1.5378e+06,1.5981e+06,1.8395e+06,1.6719e+06,1.8596e+06,2.1275e+06,2.1739e+06,2.2477e+06,2.379e+06,2.4952e+06,2.5024e+06,2.5995e+06,2.5114e+06,2.4828e+06,2.4444e+06,2.4471e+06,2.641e+06,2.4897e+06,2.7512e+06,2.9097e+06,2.85e+06,2.9268e+06,2.9196e+06,2.988e+06,3.0221e+06,2.8593e+06
742,600,1700,3200,5100,7500,10400,13700,17600,22000,27100,32800,38700,44800,51800,59400,67500,76100,85300,95200,105400,116400,127600,147000,152300,165300,186000,193200,208000,230200,239200,262800,272700,266100,319500,329700,345600,373100,385700,406400,435700,460200,479600,495700,519100,550800,575700,600600,632400,652600,679700,707000,733100,766000,803400,824100,859800,884000,922200,947800,986200,1.0197e+06,1.0468e+06,1.0806e+06,1.1228e+06,1.1707e+06,1.2014e+06,1.2378e+06,1.2759e+06,1.3046e+06,1.3407e+06,1.385e+06,1.4181e+06,1.4582e+06,1.5366e+06,1.6149e+06,1.5847e+06,1.6298e+06,1.6721e+06,1.7137e+06,1.7574e+06,1.8015e+06,1.8469e+06,1.8904e+06,1.936e+06,1.9888e+06,2.0315e+06,2.1553e+06,2.134e+06,2.1743e+06,2.2313e+06,2.2777e+06,2.3298e+06,2.3852e+06,2.4323e+06,2.4829e+06,2.539e+06,2.5927e+06,2.6574e+06,2.7088e+06,2.7508e+06
743,500,1300,2700,4500,6900,9900,13200,17300,21800,26700,32200,38200,44700,51900,59300,67400,83100,85200,95100,105300,116200,134700,139700,152300,173500,178900,193100,215000,223200,246100,255600,274100,298700,308100,334100,345800,373000,392800,413600,428200,457100,479300,502600,525900,550400,583700,602800,626800,652700,679800,707700,729600,767400,793100,828900,852900,889300,915200,954800,1.0167e+06,1.0129e+06,1.0521e+06,1.0864e+06,1.1208e+06,1.1486e+06,1.1917e+06,1.2282e+06,1.2648e+06,1.3086e+06,1.3458e+06,1.4174e+06,1.421e+06,1.4577e+06,1.5037e+06,1.5529e+06,1.5801e+06,1.6287e+06,1.6942e+06,1.715e+06,1.757e+06,1.802e+06,1.8482e+06,1.8908e+06,1.9366e+06,1.9906e+06,2.0404e+06,2.0835e+06,2.1241e+06,2.1753e+06,2.2299e+06,2.1106e+06,2.3317e+06,2.3787e+06,2.4302e+06,2.4852e+06,2.5437e+06,2.5887e+06,2.6403e+06,2.7043e+06,2.7504e+06
744,500,1400,2700,4600,7000,9800,13300,17200,21700,26900,33700,39800,44800,52000,59700,77300,76900,85900,95900,105800,125300,128300,140600,152800,165900,179700,202100,208600,223700,248300,256600,281400,290900,317200,335500,347000,376500,397900,434600,438600,450800,482200,506500,528600,552900,578000,602500,628600,654900,688100,709700,737700,767000,827600,817200,846100,877000,908200,940400,984100,1.0219e+06,1.0542e+06,1.0812e+06,1.1223e+06,1.4477e+06,1.2036e+06,1.3514e+06,1.391e+06,1.4249e+06,1.3524e+06,1.3907e+06,1.4653e+06,1.4688e+06,1.5041e+06,1.5387e+06,1.5995e+06,1.6303e+06,1.8514e+06,2.066e+06,1.8918e+06,1.9937e+06,2.0676e+06,2.0993e+06,2.1813e+06,2.1321e+06,2.4432e+06,2.2912e+06,2.5037e+06,2.7296e+06,2.7844e+06,2.7706e+06,2.786e+06,2.8519e+06,2.8272e+06,2.8353e+06,3.1407e+06,3.059e+06,3.2125e+06,3.1699e+06,3.541e+06
745,700,1800,3300,5000,6100,10400,13700,17600,22200,27000,32700,38800,45100,51800,59400,67600,76200,93800,95100,105400,116200,127600,139800,152300,165300,191900,193300,208000,223300,239100,262500,272600,297000,308200,334200,353200,365800,394600,419500,437500,457300,472300,502700,526400,550200,575300,600800,631700,655700,687700,708000,736100,764500,799800,825200,859900,884200,922100,948200,987200,1.0418e+06,1.0568e+06,1.0807e+06,1.1208e+06,1.1563e+06,1.1921e+06,1.2218e+06,1.2717e+06,1.3029e+06,1.3405e+06,1.3868e+06,1.555e+06,1.6172e+06,1.6587e+06,1.5691e+06,1.5941e+06,1.6282e+06,1.6669e+06,1.7136e+06,1.7564e+06,1.8007e+06,1.8561e+06,1.8924e+06,1.9392e+06,2.0023e+06,2.0304e+06,2.077e+06,2.1318e+06,2.1802e+06,2.2234e+06,2.3008e+06,2.3289e+06,2.3789e+06,2.4297e+06,2.4817e+06,2.5221e+06,2.6003e+06,2.6412e+06,2.6949e+06,2.7551e+06
746,700,1700,3300,5000,7500,24500,13800,17600,21900,26900,32500,38400,44800,51900,59400,81400,76200,85200,95100,105400,125700,127800,139800,152300,172600,179200,193200,207900,223200,246200,255600,279600,290100,314800,336400,347600,383300,403900,407300,428600,457200,479600,502900,526200,550900,574800,600000,626300,652600,679500,718400,755700,770600,799200,822200,859500,883600,921000,947200,985900,1.0198e+06,1.0537e+06,1.0853e+06,1.1213e+06,1.1739e+06,1.2466e+06,1.2322e+06,1.2645e+06,1.302e+06,1.3403e+06,1.3789e+06,1.424e+06,1.4601e+06,1.5008e+06,1.5463e+06,1.5806e+06,1.629e+06,1.6707e+06,1.7149e+06,1.7719e+06,1.8092e+06,1.9092e+06,2.072e+06,2.3546e+06,2.3969e+06,2.5603e+06,2.3976e+06,2.7857e+06,2.7486e+06,2.8441e+06,2.8988e+06,3.0765e+06,2.9898e+06,3.0541e+06,3.1321e+06,3.1715e+06,3.1833e+06,3.3084e+06,3.2758e+06,3.4164e+06
747,900,2200,4000,6900,7500,10300,13700,17700,22000,26900,32600,38600,59400,51800,59400,67500,76200,85100,107400,105400,116300,127700,148800,152200,165300,186000,193100,207800,233300,239100,262800,272400,297800,308000,334100,345800,365600,400800,413700,428100,456800,479600,506100,529200,550900,575100,600400,641900,652800,679800,707300,741200,763400,795800,828600,852700,889600,914800,953800,987300,1.0121e+06,1.0616e+06,1.0887e+06,1.122e+06,1.1575e+06,1.1923e+06,1.2286e+06,1.2711e+06,1.3041e+06,1.4366e+06,1.575e+06,1.7215e+06,1.7695e+06,1.8199e+06,1.8622e+06,1.9151e+06,1.9132e+06,2.0014e+06,2.0571e+06,2.1241e+06,2.1206e+06,2.218e+06,2.6148e+06,2.4373e+06,2.3465e+06,2.3437e+06,2.6454e+06,2.6791e+06,2.6274e+06,2.757e+06,2.8669e+06,2.9266e+06,2.9887e+06,3.0813e+06,3.0259e+06,3.12e+06,3.078e+06,3.001e+06,3.2763e+06,3.5533e+06
748,900,1900,3600,6700,9700,13600,14500,18000,22100,27000,32600,38700,45100,52000,73800,67600,76000,85300,95200,114200,116300,127700,139700,159400,166000,179000,204300,208000,238900,240800,338000,341200,377200,385100,420900,432400,468700,498300,519600,535000,573500,604400,660500,621900,649500,721700,752600,815900,746200,854200,886700,881200,956600,942800,1.0422e+06,1.0325e+06,1.0588e+06,1.1472e+06,1.151e+06,1.234e+06,1.2677e+06,1.2832e+06,1.3019e+06,1.277e+06,1.2568e+06,1.3721e+06,1.3425e+06,1.3907e+06,1.4775e+06,1.3838e+06,1.3898e+06,1.4253e+06,1.4581e+06,1.5037e+06,1.5391e+06,1.6327e+06,1.632e+06,1.6708e+06,1.7709e+06,1.7588e+06,1.8023e+06,1.8471e+06,1.8919e+06,1.9474e+06,1.9977e+06,2.0422e+06,2.0948e+06,2.1381e+06,2.1981e+06,2.2395e+06,2.2896e+06,2.3398e+06,2.3905e+06,2.4346e+06,2.5011e+06,2.5375e+06,2.604e+06,2.6537e+06,2.7061e+06,2.7646e+06
749,600,1500,2800,4700,7000,9900,13300,17300,21800,26600,32300,38300,44900,53900,61300,68600,77000,86300,106100,106300,117200,128600,149900,153100,166200,188100,194000,208700,232400,239900,279300,273500,299500,204800,337400,352100,365800,394100,414600,428400,457700,487700,631500,660300,690200,720900,752600,785100,904600,748800,895500,921300,956600,954400,1.0298e+06,1.0313e+06,1.1115e+06,1.1306e+06,1.1402e+06,1.0282e+06,1.018e+06,1.1398e+06,1.0932e+06,1.122e+06,1.1558e+06,1.1915e+06,1.2288e+06,1.2649e+06,1.3029e+06,1.3275e+06,1.3795e+06,1.4176e+06,1.464e+06,1.4985e+06,1.5455e+06,1.5902e+06,1.629e+06,1.6701e+06,1.7187e+06,1.7562e+06,1.8008e+06,1.8454e+06,1.8913e+06,1.9695e+06,1.9833e+06,2.0306e+06,2.076e+06,2.1309e+06,2.1736e+06,2.2446e+06,2.282e+06,2.332e+06,2.3796e+06,2.4381e+06,2.4827e+06,2.5435e+06,2.5939e+06,2.638e+06,2.7005e+06,2.7505e+06
750,500,1500,3400,5100,7200,12700,17100,21800,25700,31700,37900,44900,52600,64700,115400,87900,77700,85900,125700,131800,145300,159700,190200,190300,206500,235800,241600,259700,287600,253000,256900,313200,290800,319400,327600,346700,375200,386500,407500,418100,401400,451600,528200,534900,559900,670800,735000,792300,826800,801400,886200,920900,978200,796000,832900,833400,915500,997000,975200,994400,988500,1.0396e+06,1.0926e+06,1.1221e+06,1.167e+06,1.1953e+06,1.2365e+06,1.2665e+06,1.304e+06,1.3423e+06,1.5594e+06,1.548e+06,1.8209e+06,1.9208e+06,1.9778e+06,1.9109e+06,2.0005e+06,1.6827e+06,2.1651e+06,2.2108e+06,2.2362e+06,2.3359e+06,2.3957e+06,2.364e+06,2.3908e+06,2.4632e+06,2.5856e+06,2.7119e+06,2.6911e+06,2.7937e+06,2.8735e+06,2.8994e+06,2.6969e+06,2.738e+06,2.8314e+06,2.8276e+06,2.9889e+06,3.0101e+06,3.0807e+06,3.2859e+06
751,800,2100,3900,6000,7500,10300,13900,17700,22100,27200,32700,38600,45100,51900,59400,67600,76000,85200,95000,105300,116300,135600,141400,166100,165700,178900,203300,208000,230900,239100,255500,272500,297300,308300,333800,345900,373400,393000,407000,435500,457000,483700,495800,527000,550900,575600,601400,633900,659400,679800,706900,734800,763500,792900,822200,884900,883700,921900,947100,979200,1.033e+06,1.0303e+06,1.0801e+06,1.115e+06,1.156e+06,1.1918e+06,1.2347e+06,1.2644e+06,1.3021e+06,1.3401e+06,1.3812e+06,1.4177e+06,1.4576e+06,1.5036e+06,1.5382e+06,1.7555e+06,1.773e+06,1.6752e+06,1.6843e+06,1.7567e+06,1.8017e+06,1.847e+06,1.8763e+06,1.9457e+06,1.9853e+06,2.3387e+06,2.6074e+06,2.6676e+06,2.8948e+06,2.7907e+06,2.9238e+06,2.9785e+06,3.0052e+06,3.0758e+06,3.142e+06,3.2371e+06,3.2089e+06,3.2688e+06,3.4123e+06,3.4502e+06
752,1100,1900,3600,5700,8800,12300,16800,23900,41800,33400,40400,47800,56000,65400,74100,84100,97200,107700,119500,131900,160100,159600,174500,190100,219600,223700,241300,260000,278900,261000,268900,295900,305200,333500,343900,364000,427800,526100,428100,441000,458800,484800,504800,528000,552100,576800,601700,627600,654500,681200,708700,743600,765400,824300,833500,870700,893700,931400,948400,986000,1.0182e+06,1.0525e+06,1.0499e+06,1.1256e+06,1.157e+06,1.1922e+06,1.2289e+06,1.2708e+06,1.304e+06,1.3422e+06,1.38e+06,1.4396e+06,1.4175e+06,1.5087e+06,1.5502e+06,1.5987e+06,1.6292e+06,1.6644e+06,1.713e+06,1.7652e+06,1.8887e+06,1.843e+06,1.8907e+06,1.9355e+06,1.9862e+06,2.0323e+06,2.1124e+06,2.0936e+06,2.179e+06,2.2291e+06,2.2778e+06,2.3358e+06,2.3803e+06,2.5588e+06,2.5275e+06,2.6695e+06,2.7315e+06,2.6632e+06,2.6952e+06,2.7663e+06
753,700,1800,2900,4800,7200,10100,13600,17600,21900,26900,47200,38500,44900,51700,59300,67400,76000,85200,95000,105300,116200,127700,139800,152200,165300,187000,193300,208000,223300,239200,262700,272700,297400,308100,333700,352900,384000,394800,414400,435900,450300,480600,503700,527800,550300,578300,601500,627900,653600,686800,707700,735900,764100,832100,823700,1.064e+06,891000,915700,953300,970800,1.0158e+06,1.0541e+06,1.0882e+06,1.1244e+06,1.1685e+06,1.2037e+06,1.2401e+06,1.2757e+06,1.3123e+06,1.3568e+06,1.3894e+06,1.4413e+06,1.4581e+06,1.5039e+06,1.5395e+06,1.5927e+06,1.6288e+06,1.6657e+06,1.7142e+06,1.7638e+06,1.8022e+06,1.8473e+06,1.8975e+06,1.9448e+06,1.9847e+06,2.0643e+06,2.0788e+06,2.2866e+06,2.1821e+06,2.2422e+06,2.2742e+06,2.3437e+06,2.3899e+06,2.4417e+06,2.4946e+06,2.905e+06,2.843e+06,3.1661e+06,3.2533e+06,3.4606e+06
754,1100,2700,4700,7800,10800,14500,18600,23400,31300,37800,42400,50200,58300,66900,76700,85900,96600,107600,119100,132600,146100,160400,190300,190900,207300,236900,242400,686200,224700,240800,256800,273800,291600,322500,327200,354800,372700,385800,413800,435000,450000,472700,518200,527800,550100,575300,600900,626400,652800,686000,707900,734800,763500,798900,822400,859000,883800,929600,949700,949900,1.0207e+06,1.0519e+06,1.0866e+06,1.1209e+06,1.156e+06,1.2032e+06,1.2285e+06,1.2647e+06,1.3138e+06,1.3472e+06,1.3799e+06,1.4249e+06,1.4593e+06,1.8024e+06,1.812e+06,1.9094e+06,1.9792e+06,2.0989e+06,2.1445e+06,2.1906e+06,2.2556e+06,2.3537e+06,2.3675e+06,2.4586e+06,2.4942e+06,2.5884e+06,2.6119e+06,2.6942e+06,2.7398e+06,2.8019e+06,2.8633e+06,2.9215e+06,2.8638e+06,2.9069e+06,3.0009e+06,3.1855e+06,3.275e+06,3.3162e+06,3.3846e+06,3.3542e+06
755,800,1700,3400,5100,7300,10100,13600,17500,22000,27000,20900,38800,44900,44900,59400,67500,75900,95000,95000,105400,116300,127700,139700,152200,165300,187100,193200,208000,223100,239200,262500,272500,297000,308100,333500,352900,365600,392700,417400,428100,391000,482400,503200,526700,550400,577500,601000,626400,652700,679500,707000,735000,764500,799000,822300,860300,886000,921300,947000,988600,1.0191e+06,1.0526e+06,1.0808e+06,1.1213e+06,1.1564e+06,1.1917e+06,1.2281e+06,1.265e+06,1.2713e+06,1.3433e+06,1.3796e+06,1.426e+06,1.4632e+06,1.5068e+06,1.5407e+06,1.6418e+06,1.9996e+06,2.2176e+06,2.1385e+06,2.2534e+06,2.3697e+06,2.4225e+06,2.5097e+06,2.4404e+06,2.5328e+06,2.5602e+06,2.721e+06,2.672e+06,2.7322e+06,2.7961e+06,2.8719e+06,2.9409e+06,2.9896e+06,3.0544e+06,3.0566e+06,3.1292e+06,3.1859e+06,3.3359e+06,3.1595e+06,3.1596e+06
756,900,1400,4900,7400,7400,10300,18200,21900,27300,33700,40700,48000,56000,64900,74200,84400,95000,106600,118700,131600,145200,159300,174500,202100,206500,223700,252600,259800,291300,298800,319200,352800,362500,384900,419700,432400,468200,493000,508300,585400,466700,489900,595800,604100,553900,577200,601700,626500,652800,679700,707000,734700,763300,804000,828100,853500,889300,914500,953500,985300,1.0123e+06,1.0459e+06,1.0863e+06,1.121e+06,1.1635e+06,1.24e+06,1.3911e+06,1.4885e+06,1.3141e+06,1.4046e+06,1.3804e+06,1.4201e+06,1.4641e+06,2.6764e+06,1.5552e+06,1.5679e+06,1.6086e+06,1.6644e+06,1.7088e+06,1.7651e+06,1.8017e+06,1.8465e+06,1.8926e+06,1.9371e+06,1.9819e+06,2.0379e+06,2.121e+06,2.133e+06,2.1861e+06,2.2253e+06,2.2801e+06,2.3322e+06,2.7944e+06,3.0188e+06,3.1061e+06,3.1701e+06,3.2677e+06,3.1898e+06,3.2419e+06,3.357e+06
757,1000,1700,3400,5800,9800,13400,16800,21700,26800,27800,33200,38800,59400,52000,59600,67500,76100,85200,103800,105400,116400,127700,146900,152200,165300,179000,193200,207900,230300,239100,271100,273900,291600,327800,327300,355800,372800,385700,413800,435700,457200,472700,502700,526100,550200,575300,600300,651000,654600,679800,706700,735000,763500,792800,822300,859000,891000,920900,946700,985700,1.0228e+06,1.0415e+06,1.0891e+06,1.1213e+06,1.1564e+06,1.1918e+06,1.2279e+06,1.2784e+06,1.3023e+06,1.3462e+06,1.3958e+06,1.4179e+06,1.4814e+06,1.5042e+06,1.5451e+06,1.5804e+06,1.6288e+06,1.6713e+06,1.744e+06,1.7676e+06,1.8064e+06,2.1621e+06,2.2907e+06,2.3473e+06,2.0843e+06,2.0419e+06,2.2156e+06,2.3957e+06,2.5179e+06,2.4572e+06,2.6437e+06,2.6025e+06,2.7951e+06,3.5454e+06,3.0783e+06,3.1993e+06,3.3082e+06,3.3165e+06,3.3965e+06,3.3861e+06
758,900,2000,3800,5600,8200,10200,13600,17600,22000,27000,32800,38600,45000,51700,69900,67400,76000,85300,95000,105500,116200,127700,139700,159500,165300,197600,203600,208000,231700,239200,255500,272300,298300,308100,334500,346000,373700,393700,406800,428000,458400,481400,503400,526800,551300,576000,609800,627400,652900,679500,713500,741800,763600,796000,828900,852900,910200,926700,952900,1.0104e+06,1.0203e+06,1.0527e+06,1.0868e+06,1.1212e+06,1.157e+06,1.1928e+06,1.2297e+06,1.2663e+06,1.3039e+06,1.351e+06,1.3972e+06,1.4302e+06,1.4755e+06,1.5001e+06,1.5453e+06,1.5858e+06,1.6846e+06,1.9506e+06,1.968e+06,1.9487e+06,1.9223e+06,1.9005e+06,1.914e+06,2.1327e+06,2.2201e+06,2.3065e+06,2.4555e+06,2.2238e+06,2.2794e+06,2.2684e+06,2.3428e+06,2.3701e+06,2.3812e+06,2.435e+06,2.4825e+06,2.5347e+06,2.5872e+06,2.642e+06,2.7094e+06,2.7569e+06
759,400,1300,2800,4700,6900,9700,13300,17400,21700,26600,32200,38300,44700,51900,59400,67500,76000,92100,95000,105400,116200,134600,139600,152100,165200,187200,195200,209400,234300,240100,271000,289200,290800,318600,335700,346800,374700,394900,407600,436700,458800,481400,504200,527800,552200,577000,602700,695000,655000,681100,715000,890500,959900,994900,1.0387e+06,1.0688e+06,1.1151e+06,1.0792e+06,1.2169e+06,997300,1.0462e+06,1.1241e+06,1.1095e+06,1.1311e+06,1.158e+06,1.1921e+06,1.2303e+06,1.2651e+06,1.3096e+06,1.3403e+06,1.3789e+06,1.4248e+06,1.4578e+06,1.5037e+06,1.5402e+06,1.8126e+06,1.9123e+06,2.0502e+06,2.034e+06,2.0201e+06,2.0595e+06,2.229e+06,2.2973e+06,2.335e+06,2.3377e+06,2.5495e+06,2.6184e+06,2.6954e+06,2.7622e+06,2.7204e+06,2.8188e+06,2.9252e+06,3.0542e+06,3.0387e+06,3.0856e+06,2.9443e+06,3.1403e+06,3.3073e+06,3.3806e+06,3.4612e+06
760,700,1800,3300,5800,9600,12600,17000,18200,22000,26800,32400,38700,45100,53700,60100,67800,76100,85300,104400,105300,116300,127600,139600,152100,165200,178900,200400,207900,231200,172900,270800,273200,290200,318400,326800,354300,373800,386000,415000,436200,458200,472600,503900,527000,551500,576200,601300,627300,613500,682700,711900,858500,930400,993100,984100,1.0676e+06,1.0829e+06,1.1382e+06,1.2086e+06,1.235e+06,1.2097e+06,1.0551e+06,1.1803e+06,1.2065e+06,1.2587e+06,1.2022e+06,1.3186e+06,1.2695e+06,1.3082e+06,1.4863e+06,1.6705e+06,1.7742e+06,1.7762e+06,1.8056e+06,1.8666e+06,1.9205e+06,1.8697e+06,1.8582e+06,1.812e+06,1.9266e+06,1.8874e+06,1.8691e+06,1.8935e+06,1.9446e+06,1.9847e+06,2.0322e+06,2.0853e+06,2.6226e+06,2.7226e+06,2.7892e+06,2.8504e+06,2.9609e+06,3.0453e+06,3.053e+06,3.1266e+06,3.0605e+06,3.2645e+06,3.3271e+06,3.3913e+06,3.4624e+06
761,800,2200,4100,5900,9100,6000,13600,17500,21900,26800,32400,38500,44900,51800,59300,67400,76000,85100,95000,116000,116200,127500,139700,160200,165200,179100,198400,209500,239600,240800,256000,282800,289900,316500,326500,377700,374600,385900,406700,436100,458100,481100,517800,519200,551500,576400,602400,626600,653800,679700,706800,735000,789800,857800,967400,853400,890400,915500,973200,1.1788e+06,1.2799e+06,1.2956e+06,1.2798e+06,1.1483e+06,1.2556e+06,1.2448e+06,1.3061e+06,1.2821e+06,1.3182e+06,1.3511e+06,1.3793e+06,1.4181e+06,1.4638e+06,1.4976e+06,1.5451e+06,1.5864e+06,1.622e+06,1.6715e+06,1.7149e+06,1.8989e+06,1.9328e+06,1.9833e+06,2.1191e+06,2.2058e+06,2.0037e+06,2.031e+06,2.0836e+06,2.1252e+06,2.1794e+06,2.229e+06,2.2891e+06,2.3533e+06,2.3794e+06,2.4311e+06,2.4885e+06,2.5404e+06,2.5879e+06,2.6474e+06,2.6944e+06,2.7552e+06
762,500,1400,2700,4700,7100,10000,13400,17400,21900,26800,41200,38300,30600,52100,59300,67400,76100,85200,105500,105400,116200,127600,147500,152300,165300,186300,193200,207800,230400,239200,262600,272300,297000,308100,333800,345600,372900,392900,413800,428100,464900,480000,502900,530300,552700,575100,600700,626300,652800,679600,707000,734700,763700,792900,828600,852700,901100,912100,947200,979700,1.0184e+06,1.0522e+06,1.0862e+06,1.1148e+06,1.1558e+06,1.1919e+06,1.2429e+06,1.2651e+06,1.3036e+06,1.3427e+06,1.386e+06,1.4179e+06,1.4674e+06,1.4999e+06,1.5521e+06,1.5872e+06,1.6222e+06,1.6753e+06,1.713e+06,1.757e+06,1.801e+06,1.8462e+06,1.8947e+06,1.9382e+06,1.9789e+06,2.0303e+06,2.0777e+06,2.1253e+06,2.1856e+06,2.2218e+06,2.2757e+06,2.3282e+06,2.3793e+06,2.4307e+06,2.5175e+06,2.6766e+06,3.4988e+06,3.3134e+06,3.6749e+06,3.3911e+06
763,700,1700,3600,5900,9600,13600,18000,45100,22900,28000,33600,39200,45600,52000,43500,100000,72500,85300,106400,88800,118000,129500,140300,152700,165300,179000,193300,207800,223300,239100,255700,272600,289900,308200,326600,359300,365600,386000,416400,435300,450300,479700,502800,525900,550100,575000,600300,626100,652600,679700,709300,735000,764700,799300,851800,861400,884400,922100,947600,986700,1.0195e+06,1.0533e+06,1.0808e+06,1.1143e+06,1.293e+06,1.472e+06,1.4942e+06,1.5484e+06,1.5907e+06,1.6314e+06,1.734e+06,1.4594e+06,1.5892e+06,1.6763e+06,1.6697e+06,1.5878e+06,1.6295e+06,1.6659e+06,1.7089e+06,1.7593e+06,1.8172e+06,2.0581e+06,2.1635e+06,2.204e+06,2.2598e+06,2.121e+06,2.1464e+06,2.1905e+06,2.1968e+06,2.2303e+06,2.2792e+06,2.3369e+06,2.3798e+06,2.4298e+06,2.4814e+06,2.5454e+06,2.6126e+06,2.6331e+06,2.7021e+06,2.7506e+06
764,500,1200,2700,4600,7000,9800,13500,17800,22400,27500,33000,38500,45900,52900,60400,75600,77200,86300,96300,106500,117500,138400,139700,152200,165300,186700,193200,215000,223400,239100,262700,272500,297000,308200,326600,352800,365600,393200,413800,435200,450300,545700,505100,527000,551100,576000,601200,627500,860800,681000,708200,736000,770400,793100,823200,853100,901800,914800,953100,978200,1.0214e+06,1.052e+06,1.0863e+06,1.1209e+06,1.1559e+06,1.1933e+06,1.2414e+06,1.2649e+06,1.3025e+06,1.3404e+06,1.386e+06,1.4186e+06,1.4637e+06,1.4974e+06,1.5439e+06,1.581e+06,1.6462e+06,1.6672e+06,1.8932e+06,1.9881e+06,1.9991e+06,1.8528e+06,1.9002e+06,1.9392e+06,2.5488e+06,2.4697e+06,2.5579e+06,2.6206e+06,2.6772e+06,2.808e+06,2.8635e+06,2.9413e+06,2.9603e+06,3.0923e+06,2.9385e+06,2.9729e+06,2.8962e+06,3.0245e+06,3.0916e+06,3.078e+06
765,800,2000,3800,5300,7700,10400,13800,17700,22100,27000,32600,38600,45100,51900,69400,67500,76100,85300,95200,105500,123700,127700,139800,159300,165300,179000,200200,208000,223300,246200,255700,279400,290100,318700,327300,359900,373100,385800,413700,435300,457500,479900,495300,526600,550600,575500,600400,626400,659600,679900,707700,708000,781300,793100,826300,858500,883100,921300,952900,988300,1.0189e+06,1.0519e+06,1.0861e+06,1.1253e+06,1.1761e+06,1.1921e+06,1.2284e+06,1.265e+06,1.3023e+06,1.3401e+06,1.3789e+06,1.4251e+06,1.4572e+06,1.4905e+06,1.539e+06,1.5865e+06,1.6285e+06,1.6706e+06,1.7077e+06,1.7513e+06,1.8079e+06,1.8525e+06,1.8928e+06,1.9365e+06,1.9833e+06,2.0375e+06,2.0767e+06,2.1321e+06,2.1812e+06,2.2226e+06,2.2809e+06,2.3291e+06,2.3794e+06,2.4313e+06,2.532e+06,2.5358e+06,2.59e+06,2.6629e+06,2.6938e+06,3.0984e+06
766,900,1800,3300,5500,7400,10300,13600,17500,21900,27100,32600,52800,45100,52100,59500,69200,90900,85700,95300,105500,116300,129400,141000,153500,178300,179900,194000,218700,223300,235100,270400,272400,298100,308300,334100,346100,373100,393100,406800,428400,457000,479900,503000,526800,550800,575300,600800,626000,614300,682800,707900,734700,764100,793400,822200,852800,897800,914600,952700,985000,1.0121e+06,1.0456e+06,1.0761e+06,1.1213e+06,1.1577e+06,1.1954e+06,1.2279e+06,1.2677e+06,1.3026e+06,1.3404e+06,1.3798e+06,1.4241e+06,1.4626e+06,1.5047e+06,1.5387e+06,1.5926e+06,1.6284e+06,1.6648e+06,1.7144e+06,1.7573e+06,1.8088e+06,1.8465e+06,1.9136e+06,1.9387e+06,1.9831e+06,2.0356e+06,2.0772e+06,2.136e+06,2.1926e+06,2.2262e+06,2.2822e+06,2.333e+06,2.3844e+06,2.4343e+06,2.4924e+06,2.5532e+06,2.6004e+06,2.6572e+06,2.7016e+06,3.2324e+06
767,700,2900,4500,6900,9900,13500,18000,22900,28500,34700,41500,48900,57000,65800,75100,85300,117400,107600,119800,132800,160600,160400,175500,191200,219500,224600,242300,260700,280100,311100,320300,353500,363500,397600,409000,433200,469400,495800,520400,432400,451600,502500,512100,535300,552500,575400,599900,626000,652800,679700,718400,737000,764500,799700,822300,858700,883400,920800,946700,985600,1.0211e+06,1.052e+06,1.0843e+06,1.0661e+06,1.1503e+06,1.1917e+06,1.2341e+06,1.2734e+06,1.3044e+06,1.3415e+06,1.383e+06,1.4263e+06,1.467e+06,1.484e+06,1.5466e+06,1.5875e+06,1.623e+06,1.6716e+06,1.715e+06,1.8094e+06,1.8023e+06,1.8521e+06,1.893e+06,1.9379e+06,1.9862e+06,2.2143e+06,2.0884e+06,2.1344e+06,2.1857e+06,2.2349e+06,2.2843e+06,2.5815e+06,2.4816e+06,2.7502e+06,2.7739e+06,2.8813e+06,2.8878e+06,2.9916e+06,3.0328e+06,3.11e+06
768,700,1800,3400,5100,7500,10200,13700,17500,22100,41400,32700,38700,44900,51900,59400,67500,76100,94900,95100,105300,116500,137500,139800,152300,165200,179000,193100,216900,223100,239100,262700,272500,289900,324800,338800,345800,373000,392800,406500,435400,456900,479900,553200,528700,551500,576000,601100,626800,653400,680500,708200,742000,764500,794300,829700,853000,890400,915200,953800,985800,1.0126e+06,1.0523e+06,1.0865e+06,1.125e+06,1.1694e+06,1.1928e+06,1.2288e+06,1.2928e+06,1.303e+06,1.3471e+06,1.3802e+06,1.4195e+06,1.4598e+06,1.4991e+06,1.5489e+06,1.5967e+06,1.6398e+06,1.6827e+06,1.7253e+06,1.7794e+06,1.8328e+06,1.8487e+06,1.8915e+06,1.9366e+06,1.9891e+06,2.031e+06,2.0855e+06,1.6751e+06,2.5758e+06,2.2286e+06,2.2761e+06,2.3281e+06,2.386e+06,2.433e+06,2.4902e+06,2.5347e+06,2.5876e+06,2.6476e+06,2.6522e+06,2.756e+06
769,500,1400,2700,4500,7000,9900,13300,17300,21700,26700,32200,45800,44700,51700,59300,67400,76000,85300,103200,105300,116200,127600,146600,152200,158800,180900,209600,210000,232300,239100,264000,272400,297100,308100,333600,345700,365700,392900,413800,428100,457100,479400,502800,526100,550500,575000,605300,626300,652700,674800,698500,741400,763800,792700,828300,852900,889500,914800,952700,985800,1.013e+06,1.0524e+06,1.0839e+06,1.1247e+06,1.1634e+06,1.2233e+06,1.228e+06,1.2652e+06,1.3026e+06,1.3465e+06,1.3853e+06,1.418e+06,1.4473e+06,1.4974e+06,1.5444e+06,1.5796e+06,1.6275e+06,1.6802e+06,1.714e+06,1.7578e+06,1.8005e+06,1.8594e+06,1.8934e+06,1.937e+06,2.0002e+06,2.0302e+06,2.0834e+06,2.3289e+06,2.1789e+06,2.2283e+06,2.2972e+06,2.329e+06,2.3789e+06,2.4388e+06,2.4823e+06,2.534e+06,2.6044e+06,2.6403e+06,2.7071e+06,2.7502e+06
770,500,1400,2700,4600,7000,9900,13300,17400,21800,26700,32300,49800,41000,42500,124100,62400,76000,85200,81700,106900,117900,129400,140200,152700,165300,179100,193300,207900,223000,239100,255500,272600,290200,308100,326800,359600,379200,399600,418700,436600,449900,472600,502400,526500,550400,574800,600000,625700,652500,686700,707700,735500,763600,799400,828900,861100,885300,922100,948700,987500,1.0202e+06,1.0537e+06,1.0812e+06,1.1279e+06,1.156e+06,1.3214e+06,1.5566e+06,1.3828e+06,1.3837e+06,1.3421e+06,1.5353e+06,1.6122e+06,1.5458e+06,1.6626e+06,1.7271e+06,1.6953e+06,1.8417e+06,1.7558e+06,1.718e+06,1.7585e+06,1.8009e+06,1.8515e+06,1.8909e+06,1.9368e+06,1.9797e+06,2.0362e+06,2.0775e+06,2.1319e+06,2.1746e+06,2.2243e+06,2.303e+06,2.3317e+06,2.3786e+06,2.4304e+06,2.4822e+06,2.5354e+06,2.8225e+06,2.6414e+06,2.7026e+06,2.7713e+06
771,500,1300,2700,4600,6900,9900,15100,18200,22200,27100,43200,38600,45000,52400,59300,67500,76100,85300,111300,107000,118000,129100,154700,152700,165200,187600,193200,207900,230800,239100,262700,272300,297000,308000,333600,352800,365500,392800,413800,444300,450400,480700,503200,526800,550900,576200,601600,627100,653600,680100,714100,735400,764000,799500,823000,1.089e+06,1.073e+06,1.108e+06,1.4118e+06,1.2201e+06,1.2458e+06,1.2896e+06,1.3094e+06,1.4098e+06,1.4332e+06,1.4045e+06,1.5213e+06,1.5539e+06,1.5836e+06,1.6403e+06,1.7203e+06,1.768e+06,1.7718e+06,1.4995e+06,1.5473e+06,1.5825e+06,1.6257e+06,1.8035e+06,1.7212e+06,1.9467e+06,1.8639e+06,1.8483e+06,2.1546e+06,2.1746e+06,2.3792e+06,2.3165e+06,2.2658e+06,2.4532e+06,2.4714e+06,2.5025e+06,2.666e+06,2.652e+06,2.901e+06,2.9082e+06,2.7712e+06,3.0151e+06,2.9889e+06,3.141e+06,3.0345e+06,3.1039e+06
772,700,1700,3300,5200,7500,15800,20900,17500,21900,26900,32600,38500,44700,51800,59400,67500,76100,95900,95000,105400,116300,136300,139700,152100,177900,243700,214300,207900,291500,298800,321800,357800,363000,400200,420300,432300,468000,493200,508300,546400,539500,566300,593400,635500,541100,624500,610500,635500,676800,689000,707800,735100,763500,799100,822400,855600,886900,921100,946800,1.0097e+06,1.0134e+06,1.0454e+06,1.0865e+06,1.1216e+06,1.1578e+06,1.1922e+06,1.2332e+06,1.3104e+06,1.3123e+06,1.3413e+06,1.3799e+06,1.4251e+06,1.4636e+06,1.5058e+06,1.5401e+06,1.6089e+06,1.6384e+06,1.6732e+06,1.7173e+06,1.758e+06,1.8019e+06,1.8471e+06,1.8921e+06,1.9442e+06,1.9863e+06,2.0384e+06,2.0807e+06,2.1351e+06,2.1773e+06,2.2703e+06,2.2784e+06,2.3397e+06,2.3909e+06,2.4534e+06,2.4721e+06,2.5499e+06,2.5998e+06,3.0801e+06,3.0723e+06,3.2248e+06
773,900,2400,3300,5200,7700,10300,13700,17600,27700,27900,32800,38700,44900,51900,59200,67200,87300,85200,94900,105300,116200,135700,139700,152200,172400,178900,193100,214700,223000,245900,271600,273100,302600,308000,336800,345800,374400,394800,422400,477600,574400,602000,630800,620800,732200,698600,751900,635800,661300,767300,776500,819200,774500,800800,822800,858900,883600,921300,952700,986000,1.0185e+06,1.0523e+06,1.0801e+06,1.121e+06,1.1802e+06,1.1926e+06,1.2285e+06,1.265e+06,1.3064e+06,1.3427e+06,1.3789e+06,1.4241e+06,1.4578e+06,1.5042e+06,1.5424e+06,1.5824e+06,1.6288e+06,1.8493e+06,1.9171e+06,1.7595e+06,1.959e+06,2.2365e+06,2.2267e+06,2.559e+06,2.4291e+06,2.4518e+06,2.3995e+06,2.5457e+06,2.539e+06,2.5317e+06,2.5054e+06,2.655e+06,2.9192e+06,3.0445e+06,3.1063e+06,3.1723e+06,3.2487e+06,3.2544e+06,3.3793e+06,3.4404e+06
774,700,1700,3300,9300,9800,13600,18000,23200,28400,40500,32700,38500,45000,51900,59300,67400,76100,85400,95000,105400,116400,135500,139800,152300,165400,179000,193200,227700,224200,251100,255600,280100,290100,315100,326900,353600,375100,386000,413700,435200,457100,479700,495700,526400,550200,575200,600400,686200,653900,680400,708300,736000,770800,793500,823400,853300,884300,1.0499e+06,1.0159e+06,986200,1.2741e+06,1.2764e+06,1.0946e+06,1.2292e+06,1.4039e+06,1.4449e+06,1.5092e+06,1.5514e+06,1.6119e+06,1.62e+06,1.7113e+06,1.7426e+06,1.7572e+06,1.8127e+06,1.8632e+06,1.934e+06,1.9896e+06,2.092e+06,2.0968e+06,2.1394e+06,2.2387e+06,2.2164e+06,2.2275e+06,2.3612e+06,2.2456e+06,2.4393e+06,2.3282e+06,2.4883e+06,2.4546e+06,2.6139e+06,2.6084e+06,2.6894e+06,2.9892e+06,3.1909e+06,3.0255e+06,3.1378e+06,3.2404e+06,3.3429e+06,3.2156e+06,3.3221e+06
775,900,2200,4000,5200,7300,10200,13900,17700,21900,33700,40600,47900,71800,64800,74200,84300,95000,106400,131400,131700,145300,159600,186000,209500,221300,237000,257700,259900,291000,298800,333500,340400,374200,385100,419600,432400,468200,494100,519300,535200,573500,651500,639500,665200,656400,689800,665700,636400,708000,688200,707800,736000,793900,805500,832500,861500,908500,916900,952700,985200,1.012e+06,1.0521e+06,1.0866e+06,1.1206e+06,1.1559e+06,1.2039e+06,1.2337e+06,1.2659e+06,1.3027e+06,1.3409e+06,1.3846e+06,1.4258e+06,1.4594e+06,1.5057e+06,1.5638e+06,1.5905e+06,1.6296e+06,1.6732e+06,1.7291e+06,1.7592e+06,1.8028e+06,1.847e+06,1.895e+06,1.9383e+06,1.9918e+06,2.0335e+06,2.0858e+06,2.1269e+06,2.221e+06,2.2417e+06,2.2853e+06,2.3352e+06,2.3877e+06,2.6686e+06,2.8526e+06,2.7686e+06,2.9276e+06,2.7513e+06,2.8046e+06,2.8822e+06
776,700,1700,3800,3900,7600,10400,13800,10500,22000,39000,32800,38700,45000,51900,59500,67600,76100,95000,95100,105400,116300,135100,139800,152300,165300,187500,193300,215200,224800,240800,256100,272800,302300,307900,334000,327800,375600,398900,406600,436000,457200,479900,503100,536100,544100,577100,600300,639600,652800,679500,706900,735300,770200,793000,825400,852400,883600,921400,952300,979200,1.2103e+06,1.0567e+06,1.0877e+06,1.1217e+06,1.1503e+06,1.1924e+06,1.2308e+06,1.2569e+06,1.3085e+06,1.3413e+06,1.1971e+06,1.427e+06,1.4573e+06,1.5035e+06,1.5391e+06,1.5863e+06,1.6289e+06,1.6659e+06,1.7014e+06,1.7574e+06,1.8012e+06,1.8466e+06,1.8963e+06,1.9375e+06,1.9837e+06,2.0574e+06,2.0799e+06,2.1328e+06,2.1824e+06,2.2725e+06,2.281e+06,2.3614e+06,2.3821e+06,2.5953e+06,2.4851e+06,2.5392e+06,2.5915e+06,2.6475e+06,2.6955e+06,2.7555e+06
777,600,1400,2700,4600,6900,9800,13200,18200,22700,38700,33100,39100,45500,52700,60100,68300,76800,86000,95800,106000,117000,136900,140500,153100,174100,179700,193900,216700,224000,247700,257000,282100,291400,317100,327900,355700,375000,396100,540100,438300,459200,481500,504700,528400,552500,577000,602400,628700,654700,681800,708900,742900,766000,781600,852900,872100,878200,947600,954600,997200,1.0124e+06,1.0457e+06,1.0861e+06,1.1259e+06,1.1571e+06,1.1915e+06,1.2278e+06,1.2661e+06,1.3023e+06,1.3408e+06,1.379e+06,1.4179e+06,1.4631e+06,1.8311e+06,1.8614e+06,1.8958e+06,1.9741e+06,1.9679e+06,1.9601e+06,2.0108e+06,1.9577e+06,2.2442e+06,2.2902e+06,2.3412e+06,2.3434e+06,2.4421e+06,2.2412e+06,2.2279e+06,2.296e+06,2.3497e+06,2.3275e+06,2.3289e+06,2.3841e+06,2.4341e+06,2.4839e+06,2.5421e+06,3.0593e+06,3.3095e+06,3.3718e+06,3.4389e+06
778,700,2200,4000,6000,9100,12800,17100,22000,23800,27600,32600,49800,45200,39500,60400,69200,77600,85900,109100,105400,116200,127700,149400,152100,165200,179000,193200,207800,230200,238900,259300,264700,292000,302300,329300,353600,360700,389000,414800,442200,457800,472600,502800,526500,550400,575100,600400,626300,731000,688400,711200,740100,776400,793900,823300,861100,873500,924800,946800,985900,1.0193e+06,1.0462e+06,1.0869e+06,1.1209e+06,1.1556e+06,1.1922e+06,1.2283e+06,1.2716e+06,1.3098e+06,1.3406e+06,1.3895e+06,1.4246e+06,1.4577e+06,1.5037e+06,1.5395e+06,1.5862e+06,1.6303e+06,1.6639e+06,1.7137e+06,1.7583e+06,1.8013e+06,1.8463e+06,1.984e+06,1.9388e+06,1.9845e+06,2.0569e+06,2.0865e+06,2.1275e+06,2.1822e+06,2.2313e+06,2.2806e+06,2.3425e+06,2.4031e+06,2.4415e+06,2.4932e+06,2.5619e+06,2.5996e+06,2.6576e+06,2.7074e+06,2.7705e+06
779,700,1600,2900,4600,7100,11000,13400,17400,21900,27000,42200,38700,44900,51800,59400,67400,76100,94000,95200,105300,116400,136700,139700,152200,165300,178900,193100,190300,224800,256500,257100,287200,290200,309700,328300,362200,367300,386500,416100,434700,449700,472400,502400,526000,551100,503900,600200,628800,652700,679600,710200,734900,763300,792300,828200,852500,889200,915000,973400,1.1063e+06,1.0152e+06,1.0534e+06,1.0864e+06,1.1216e+06,1.1562e+06,1.1925e+06,1.2286e+06,1.2701e+06,1.3535e+06,1.3421e+06,1.3826e+06,1.4252e+06,1.4598e+06,1.5055e+06,1.5401e+06,1.5875e+06,1.6524e+06,1.6826e+06,1.717e+06,1.761e+06,1.8117e+06,1.8561e+06,1.9122e+06,1.9479e+06,1.9986e+06,2.035e+06,2.0843e+06,2.1257e+06,2.2487e+06,2.2364e+06,2.5666e+06,2.8925e+06,2.9773e+06,3.1339e+06,3.1214e+06,3.2628e+06,3.2491e+06,3.3328e+06,3.1195e+06,3.2662e+06
780,900,2200,3300,5100,7400,10200,13600,17500,21900,27000,32500,38600,45100,66100,59400,67500,76100,85300,96500,105500,116800,139500,139800,152400,165300,186900,193200,215200,223300,239200,262800,274400,290000,320100,326800,354400,365800,386000,414900,436000,458200,472700,504200,527500,580800,579000,601500,627600,654000,681200,710400,742900,865700,888300,830600,854300,891400,916500,954800,1.1126e+06,1.1934e+06,1.2332e+06,1.0966e+06,1.1309e+06,1.1658e+06,1.2026e+06,1.2383e+06,1.2665e+06,1.3024e+06,1.3414e+06,1.3881e+06,1.4183e+06,1.4644e+06,1.4979e+06,1.5451e+06,1.5808e+06,1.6285e+06,1.6787e+06,1.8248e+06,2.0096e+06,2.0571e+06,2.0819e+06,2.1352e+06,1.9563e+06,1.9842e+06,2.0369e+06,2.0779e+06,2.132e+06,2.1733e+06,2.231e+06,2.2789e+06,2.3288e+06,2.379e+06,2.4328e+06,2.4823e+06,2.5563e+06,2.5938e+06,2.6428e+06,2.7021e+06,2.7519e+06
781,500,1400,3600,4600,7600,13700,14300,10800,22800,28000,33600,39300,45300,52100,59400,67400,76000,85200,103900,105500,116300,127800,147200,152200,165400,186300,193100,207900,230700,239000,266000,272600,299400,301300,336300,352900,365800,394100,410400,435300,450200,486400,506600,531100,553000,577300,602300,627900,654200,681300,714900,737800,765500,815300,855900,855900,890500,1.1291e+06,1.1866e+06,1.1961e+06,1.2171e+06,1.3065e+06,1.1698e+06,1.1185e+06,1.1989e+06,1.2017e+06,1.2388e+06,1.2729e+06,1.3042e+06,1.3403e+06,1.3794e+06,1.4216e+06,1.4591e+06,1.5057e+06,1.5391e+06,1.5863e+06,1.6273e+06,1.6917e+06,1.7172e+06,1.7596e+06,1.7792e+06,1.8463e+06,1.8912e+06,2.0506e+06,1.9906e+06,2.2098e+06,2.5384e+06,2.6671e+06,2.7198e+06,2.8243e+06,2.8611e+06,2.9071e+06,2.9772e+06,3.0595e+06,3.1186e+06,3.2077e+06,3.3846e+06,3.017e+06,3.1733e+06,3.2594e+06
782,800,2200,3300,5100,7400,10300,13800,17700,36100,27100,32500,38500,44800,51900,59400,67600,76100,85300,95100,105400,116400,135200,139700,152300,166000,196600,193200,207900,231500,239200,275100,277000,297700,311900,341500,357500,406200,393100,413800,428100,456900,479600,502600,526100,563100,575500,600400,599600,666900,685300,707300,735400,769800,792500,822200,858700,883100,920800,953400,979600,1.0187e+06,1.0537e+06,1.0932e+06,1.1223e+06,1.1572e+06,1.1931e+06,1.2292e+06,1.2659e+06,1.303e+06,1.4817e+06,1.6725e+06,1.662e+06,1.6916e+06,1.6382e+06,1.6576e+06,1.6651e+06,1.7893e+06,1.7125e+06,1.7377e+06,1.7507e+06,1.8013e+06,1.8453e+06,1.8908e+06,1.9359e+06,2.0058e+06,2.0448e+06,2.0927e+06,2.1284e+06,2.1825e+06,2.6456e+06,2.7908e+06,2.8097e+06,2.9451e+06,2.747e+06,3.1577e+06,3.1752e+06,3.2393e+06,3.3142e+06,2.9667e+06,3.182e+06
783,900,1700,3300,5300,7500,10100,13700,17600,21900,27200,33900,39400,45500,65200,92400,84400,95200,106700,126100,150200,145400,160400,175700,201900,206800,223800,252600,259900,292200,298800,319400,351600,362600,403900,328300,347400,381200,394900,407000,440800,460300,482700,503900,519300,543400,575500,600500,626300,652700,680000,713900,992000,764900,794000,833800,854000,893200,915900,1.0529e+06,1.2089e+06,1.219e+06,1.3187e+06,1.3513e+06,1.3631e+06,1.4248e+06,1.4007e+06,1.254e+06,1.267e+06,1.3105e+06,1.3672e+06,1.8147e+06,1.7388e+06,1.7774e+06,1.7487e+06,1.8962e+06,1.9121e+06,1.9194e+06,1.8689e+06,2.1006e+06,2.1981e+06,2.2813e+06,2.3105e+06,2.4043e+06,2.3815e+06,2.4809e+06,2.4971e+06,2.5875e+06,2.5729e+06,2.5819e+06,2.7705e+06,2.9035e+06,2.9256e+06,2.9886e+06,3.0533e+06,3.1343e+06,3.183e+06,3.2054e+06,3.3402e+06,3.2209e+06,3.3139e+06
784,900,2200,4200,5100,7400,10200,13700,17400,21900,27000,32700,52300,45000,52000,59400,67500,76100,85200,104900,105500,116100,127700,147400,152100,165200,186100,193200,207900,230300,239000,287800,286900,291600,303600,328400,361200,382500,457600,433300,437100,457300,472600,495600,526200,550200,574900,600300,617800,646500,672700,699900,741700,774800,799500,822400,852400,889900,914900,946900,985600,1.0286e+06,1.0459e+06,1.0876e+06,1.1241e+06,1.2755e+06,1.2689e+06,1.3244e+06,1.2665e+06,1.3028e+06,1.3407e+06,1.473e+06,1.4184e+06,1.4687e+06,1.5054e+06,1.5394e+06,1.5868e+06,1.6282e+06,1.8143e+06,1.7736e+06,1.7323e+06,2.1556e+06,2.2218e+06,2.2975e+06,2.3817e+06,2.3879e+06,2.4492e+06,2.5752e+06,2.6674e+06,2.5997e+06,2.4662e+06,2.4993e+06,2.5347e+06,2.7782e+06,3.0668e+06,3.1479e+06,3.1798e+06,3.1294e+06,3.1411e+06,3.5341e+06,3.5457e+06
785,900,2200,4000,6800,7600,10400,13800,17500,22800,16000,32500,38700,45100,51900,59200,67500,85800,85300,95100,105300,116300,136900,139600,152100,172800,178900,193000,215100,223200,239200,255400,272500,290000,315000,326600,352600,365400,392500,413600,439400,459300,472600,495800,549800,570700,569200,603100,627300,653100,689500,713900,735000,763900,798900,798200,853600,889000,921200,947000,985300,1.0184e+06,1.0465e+06,1.0864e+06,1.1207e+06,1.1559e+06,1.1918e+06,1.2295e+06,1.2731e+06,1.3043e+06,1.348e+06,1.3799e+06,1.4184e+06,1.4647e+06,1.7769e+06,1.9369e+06,1.7361e+06,1.9032e+06,1.8934e+06,1.9244e+06,1.9564e+06,2.0415e+06,2.0207e+06,1.9154e+06,1.9852e+06,1.9945e+06,2.0509e+06,2.0801e+06,2.1321e+06,2.1745e+06,2.2391e+06,2.2799e+06,2.3294e+06,2.3801e+06,2.4293e+06,2.4823e+06,2.5397e+06,2.4765e+06,2.6519e+06,2.6951e+06,2.7629e+06
786,500,1400,2700,4500,7100,10000,13400,17400,21800,26900,32200,38300,53800,51800,59400,49900,75900,85200,95800,105400,126600,127500,139600,152000,173100,178700,192900,207800,223000,245800,255300,279600,289900,315000,326600,352600,408000,399700,408200,479000,460100,481400,521300,528500,555700,575400,600300,626200,652700,679300,706800,734900,773000,792800,822200,853100,889600,915300,959700,979700,1.0183e+06,1.053e+06,1.0871e+06,1.1215e+06,1.1563e+06,1.1925e+06,1.2283e+06,1.2649e+06,1.3023e+06,1.3421e+06,1.3858e+06,1.4186e+06,1.4646e+06,1.5181e+06,1.5466e+06,1.5801e+06,1.6277e+06,1.6721e+06,1.7134e+06,1.7581e+06,1.8142e+06,2.4746e+06,2.8238e+06,2.7002e+06,2.7862e+06,2.6981e+06,2.1072e+06,2.1427e+06,2.1848e+06,2.2407e+06,2.326e+06,3.1615e+06,2.982e+06,3.0404e+06,3.1064e+06,3.2559e+06,3.2493e+06,3.3243e+06,3.3563e+06,3.4599e+06
787,800,1800,3300,5100,7300,24400,14300,17800,22000,20300,32600,38800,46600,52900,60100,68200,76200,96800,95000,105300,116300,127700,139600,152400,165500,186300,193200,207900,223300,239200,262600,272500,297400,308000,333700,353000,365600,396100,416900,430700,460900,481100,504000,527400,551800,576700,602100,627400,654400,680800,708500,736000,765000,794000,829400,855800,891000,915000,946700,985400,1.0182e+06,1.0457e+06,1.0859e+06,1.1208e+06,1.1566e+06,1.192e+06,1.1922e+06,1.2651e+06,1.3023e+06,1.3469e+06,1.3792e+06,1.4179e+06,1.4641e+06,1.4975e+06,1.5449e+06,1.5934e+06,1.6234e+06,1.665e+06,1.7162e+06,1.7572e+06,1.8009e+06,1.8532e+06,1.9016e+06,1.941e+06,1.9828e+06,2.0368e+06,2.0779e+06,2.1323e+06,2.175e+06,2.2304e+06,2.2761e+06,2.3277e+06,2.3845e+06,2.4302e+06,2.4848e+06,2.72e+06,3.259e+06,3.3048e+06,3.3433e+06,3.2086e+06
788,900,2300,4100,5300,7500,10300,13600,17400,21900,27100,32700,38400,60000,51800,59400,69000,76800,86000,108100,105500,116300,127700,176700,152300,165200,187800,193100,208000,232000,239200,269700,355900,299300,308200,334900,354100,365800,394000,414600,427900,450200,505900,631900,660000,690200,732600,752600,785100,771400,682100,716300,754400,877400,995000,992200,1.068e+06,1.0658e+06,1.1821e+06,1.1958e+06,1.1852e+06,1.248e+06,1.3084e+06,1.1355e+06,1.1742e+06,1.2442e+06,1.2323e+06,1.3324e+06,1.2672e+06,1.3096e+06,1.3536e+06,1.3794e+06,1.4242e+06,1.4579e+06,1.5055e+06,1.5383e+06,1.6598e+06,1.6307e+06,1.6674e+06,1.7286e+06,1.7583e+06,1.8012e+06,1.8456e+06,1.8901e+06,1.9377e+06,2.0023e+06,2.0434e+06,2.0773e+06,2.1244e+06,2.2059e+06,2.2237e+06,2.2791e+06,2.3291e+06,2.3882e+06,2.4302e+06,2.4818e+06,2.5429e+06,2.9007e+06,2.6873e+06,2.9169e+06,3.0042e+06
789,800,1800,2900,4900,7400,10100,13500,17400,21800,26900,32500,51800,45000,52000,59400,67400,76300,85200,105600,105400,116400,127700,147600,152300,165200,186300,193300,208100,238100,348300,257800,287900,291700,320900,331500,357300,374800,386800,415800,436900,458900,481600,496500,519900,552600,577000,602300,628100,655200,681700,708800,811800,1.0049e+06,1.0239e+06,1.0395e+06,1.069e+06,1.0741e+06,1.146e+06,1.194e+06,1.235e+06,1.3709e+06,1.0388e+06,1.1384e+06,1.189e+06,1.261e+06,1.2025e+06,1.2302e+06,1.3251e+06,1.4443e+06,1.3931e+06,1.5215e+06,1.5446e+06,1.486e+06,1.5741e+06,1.5729e+06,1.973e+06,1.9103e+06,2.0172e+06,1.9937e+06,2.1242e+06,2.1637e+06,2.0612e+06,1.9519e+06,2.1353e+06,2.2719e+06,2.6704e+06,2.2863e+06,2.5032e+06,2.4403e+06,2.3655e+06,2.3802e+06,2.3403e+06,2.3819e+06,2.4355e+06,2.4916e+06,2.9154e+06,3.155e+06,3.3406e+06,3.374e+06,3.8909e+06
790,800,3100,4900,6800,10100,13500,17700,22700,28300,34500,41500,48800,56900,65800,75100,85400,96000,107400,119800,132500,157900,160500,175400,153800,180000,224100,257600,293000,291000,310900,319600,351700,362600,397800,408500,446100,468900,514600,520700,546100,600500,601700,630500,649200,679200,678500,752500,784300,769500,801200,894000,920800,922900,1.0032e+06,1.0079e+06,1.0689e+06,1.1137e+06,1.0977e+06,1.193e+06,1.1036e+06,1.1264e+06,1.1132e+06,1.1262e+06,1.1314e+06,1.1666e+06,1.2015e+06,1.2298e+06,1.2713e+06,1.3025e+06,1.3415e+06,1.3888e+06,1.4249e+06,1.4577e+06,1.504e+06,1.5384e+06,1.5865e+06,1.6276e+06,1.6708e+06,1.7189e+06,1.7601e+06,1.8016e+06,1.8466e+06,1.8918e+06,1.9373e+06,1.9839e+06,2.0311e+06,2.2837e+06,2.1366e+06,2.1752e+06,2.2309e+06,2.28e+06,2.3394e+06,2.394e+06,2.443e+06,2.4941e+06,2.549e+06,3.0167e+06,3.2914e+06,3.3805e+06,6.6193e+06
791,900,2300,4000,6600,9500,13700,13600,17500,21900,26900,32500,38300,44800,53300,60100,67900,76300,85300,95000,105400,127000,129700,141100,153000,177400,178900,193100,215700,223100,246200,255600,279500,289900,315100,326500,352600,372700,385700,413900,456600,463900,483900,508500,527900,552200,577500,605000,629300,652900,679400,707000,734500,763700,793000,836000,855300,889800,914900,952800,986100,1.0158e+06,1.0459e+06,1.0862e+06,1.1209e+06,1.1559e+06,1.1919e+06,1.2291e+06,1.2649e+06,1.3032e+06,1.3405e+06,1.3812e+06,1.4242e+06,1.4575e+06,1.5087e+06,1.5398e+06,1.5885e+06,1.6284e+06,1.6654e+06,1.714e+06,1.7627e+06,1.8014e+06,1.8452e+06,1.9088e+06,1.9388e+06,1.9833e+06,2.0365e+06,2.0774e+06,2.1369e+06,2.1891e+06,2.2322e+06,2.2782e+06,2.3288e+06,2.3817e+06,2.4309e+06,2.4827e+06,2.5344e+06,2.595e+06,2.6399e+06,2.7014e+06,2.7582e+06
792,500,1400,2700,4500,6900,9900,13300,17400,21800,26800,32300,38300,44700,51900,59400,75000,76200,85300,95100,105400,123300,127600,139700,152100,172200,178900,193100,215600,236500,252300,255400,286800,290000,316700,326600,345800,372700,386000,406900,435000,457500,479800,495400,519200,550700,575200,600100,626300,640500,680300,719200,744200,831400,796200,829300,852700,889800,914400,952500,979400,979100,1.0429e+06,1.0661e+06,1.1265e+06,1.1563e+06,1.1923e+06,1.2279e+06,1.2651e+06,1.3023e+06,1.3465e+06,1.379e+06,1.4157e+06,1.5563e+06,1.7001e+06,1.7792e+06,1.7984e+06,1.7901e+06,1.7961e+06,1.7634e+06,1.9614e+06,2.0112e+06,2.0749e+06,2.1836e+06,2.1817e+06,2.1886e+06,2.3881e+06,2.3448e+06,2.3748e+06,2.5732e+06,2.5417e+06,2.5535e+06,2.7151e+06,2.5506e+06,2.6336e+06,2.485e+06,2.539e+06,2.596e+06,2.659e+06,2.7132e+06,2.7618e+06
793,700,1800,3300,5100,7400,10700,13800,17800,22100,27200,32500,38400,44900,66000,59400,67600,76200,85300,95100,114500,116300,127700,139700,160800,165200,179000,201500,207800,230500,239000,255500,272500,302100,308000,333900,345900,372800,392600,408400,439900,461100,481800,521500,528500,552400,577500,594800,672300,824200,853100,848600,921100,917900,813400,830900,858700,891400,916400,954100,1.1648e+06,1.4438e+06,1.174e+06,1.0818e+06,1.1328e+06,1.1521e+06,1.1936e+06,1.2294e+06,1.2659e+06,1.3118e+06,1.3423e+06,1.387e+06,1.4201e+06,1.5046e+06,1.5091e+06,1.555e+06,1.5969e+06,1.6324e+06,1.6748e+06,1.7342e+06,1.8257e+06,1.804e+06,1.8485e+06,1.8981e+06,2.0057e+06,2.4995e+06,2.4574e+06,2.3628e+06,2.3734e+06,2.331e+06,2.6231e+06,2.3635e+06,2.8442e+06,2.9205e+06,3.2352e+06,3.1657e+06,3.1839e+06,3.2498e+06,3.3314e+06,3.3836e+06,3.4945e+06
794,900,2200,4000,5000,7400,10300,13700,17500,21900,26900,32600,38400,44900,51900,68700,67400,76100,85200,95000,105400,123500,127600,139700,159200,165200,178900,199900,207900,216500,286000,160200,273100,425300,338800,327000,354300,373700,386100,414900,436100,458000,472600,503600,527300,551500,575900,601500,627500,655000,725400,714000,741200,763800,798900,822100,855800,890000,921000,946800,985200,1.0185e+06,1.0472e+06,1.0873e+06,1.1245e+06,1.1566e+06,1.1918e+06,1.2282e+06,1.2647e+06,1.3081e+06,1.3403e+06,1.3788e+06,1.4243e+06,1.469e+06,1.5048e+06,1.5384e+06,1.5865e+06,1.6272e+06,1.6643e+06,1.7377e+06,1.7579e+06,1.8018e+06,1.8526e+06,1.8944e+06,1.9372e+06,1.9903e+06,2.0116e+06,2.5187e+06,2.3458e+06,2.6769e+06,2.6798e+06,2.964e+06,2.8092e+06,3.0218e+06,3.056e+06,3.0089e+06,3.1674e+06,3.1763e+06,3.3164e+06,3.4226e+06,3.4799e+06
795,900,2100,4000,5100,7400,10300,13600,17500,21700,27100,32600,38300,44800,65400,59300,67400,76100,85300,95200,115400,116300,127500,139600,159800,165200,178900,200200,207700,231800,222100,255600,279800,290000,315700,326700,345800,380100,388400,406800,436400,456900,479400,502900,519200,543500,575400,600400,625900,638000,679700,707400,735200,770600,792300,825500,858600,883100,921100,954800,979200,1.018e+06,1.0521e+06,1.09e+06,1.1211e+06,1.1599e+06,1.1921e+06,1.228e+06,1.265e+06,1.3027e+06,1.3404e+06,1.3861e+06,1.4183e+06,1.4616e+06,1.5443e+06,1.5486e+06,1.5807e+06,1.6282e+06,1.6706e+06,1.716e+06,1.7573e+06,1.8191e+06,1.8464e+06,1.8982e+06,1.936e+06,1.9832e+06,2.0294e+06,2.0836e+06,2.1266e+06,2.1792e+06,2.2284e+06,2.2723e+06,2.3236e+06,2.3795e+06,2.4332e+06,2.4813e+06,2.5343e+06,2.5877e+06,2.6479e+06,3.0244e+06,3.1247e+06
796,800,2000,3200,5400,7900,10700,14200,18400,34200,28400,33700,39800,46600,53800,61200,69100,87000,87100,116200,107500,131900,128800,140400,152800,179100,179600,194100,209200,224000,249000,256200,282100,290800,318200,327400,346700,375500,386800,407500,437600,459400,482400,511700,798400,563200,585400,608800,635900,661900,689900,710800,735800,779800,793300,822600,859100,883400,920900,953200,979200,1.0189e+06,1.0522e+06,1.0861e+06,1.1149e+06,1.1537e+06,1.185e+06,1.2286e+06,1.2646e+06,1.2859e+06,1.3482e+06,1.3848e+06,1.4179e+06,1.458e+06,2.1179e+06,1.8312e+06,1.951e+06,2.0883e+06,2.0356e+06,2.0671e+06,2.2696e+06,2.1496e+06,2.1295e+06,2.3457e+06,2.4067e+06,2.4638e+06,2.5298e+06,2.4607e+06,2.6078e+06,2.5332e+06,2.7922e+06,2.8731e+06,2.9087e+06,3.391e+06,2.9866e+06,3.1101e+06,3.3402e+06,3.2717e+06,3.3169e+06,3.3933e+06,3.4523e+06
797,800,2300,4200,6300,9100,10200,13600,17400,21900,27000,32600,38600,58800,51900,58800,69200,98600,85500,95000,117600,116300,127800,140300,161000,165300,179000,201400,208000,231400,239200,263500,272500,297800,308100,334700,346000,373500,394000,415100,428000,458400,480700,578900,665200,691700,678800,752200,785000,670500,680900,711200,742700,765100,794300,830800,934300,893400,916400,954300,987300,1.014e+06,1.0537e+06,1.0879e+06,1.1232e+06,1.1574e+06,1.1935e+06,1.2665e+06,1.3595e+06,1.3039e+06,1.3414e+06,1.3798e+06,1.63e+06,1.8246e+06,1.8824e+06,1.9182e+06,2.0251e+06,1.9098e+06,1.849e+06,1.925e+06,1.8734e+06,2.0726e+06,2.1607e+06,2.1024e+06,2.4195e+06,2.386e+06,2.2845e+06,2.5229e+06,2.5691e+06,2.6367e+06,2.7243e+06,2.8519e+06,2.9453e+06,2.9261e+06,3.1237e+06,2.9808e+06,3.1844e+06,3.2585e+06,3.3235e+06,3.4723e+06,3.5375e+06
798,1300,2000,3600,6100,9900,12700,17200,21700,27300,33500,40700,47900,55900,66600,95100,110500,92400,87100,96800,107100,117600,128300,155400,152500,165400,189700,193300,208100,230900,239100,262500,272600,297900,308200,333700,346100,372900,391500,423300,445000,466700,474100,510300,533900,551500,575400,600400,626400,652900,679700,706800,735300,763600,792700,824200,927600,956200,924400,955700,979800,1.0121e+06,1.0522e+06,1.0861e+06,1.1207e+06,1.1562e+06,1.2642e+06,1.2328e+06,1.2575e+06,1.3006e+06,1.3357e+06,1.3833e+06,1.4129e+06,1.456e+06,1.4963e+06,1.6942e+06,1.9422e+06,1.9731e+06,2.0289e+06,1.9047e+06,2.0006e+06,2.0495e+06,1.9316e+06,2.1201e+06,2.166e+06,2.1967e+06,2.3042e+06,2.2971e+06,2.3733e+06,2.1891e+06,2.2773e+06,2.8721e+06,2.586e+06,2.9206e+06,3.5949e+06,3.4333e+06,3.2928e+06,3.5072e+06,3.584e+06,4.046e+06,3.5173e+06
799,900,2200,3900,6600,9100,12800,18100,21900,27600,33800,40700,48000,56100,102400,61200,90900,120800,113900,138000,190100,117900,129100,140300,152500,165200,189500,192900,207700,223000,238900,262400,272400,304900,305600,344000,493800,461200,529400,587100,429100,450200,472900,495800,521000,540400,760000,754900,936600,808100,898000,1.0272e+06,723900,757100,785900,815400,845500,899500,915800,953600,986300,1.0122e+06,931500,1.0964e+06,1.2366e+06,1.1583e+06,1.1921e+06,1.2355e+06,1.285e+06,1.3368e+06,1.3439e+06,1.3812e+06,1.447e+06,1.7409e+06,1.8349e+06,1.8781e+06,1.9745e+06,2.057e+06,2.1941e+06,2.1533e+06,2.2405e+06,2.253e+06,2.3322e+06,2.369e+06,2.425e+06,2.4828e+06,2.548e+06,2.629e+06,2.6198e+06,2.7039e+06,2.571e+06,2.705e+06,2.9158e+06,2.9176e+06,3.0428e+06,3.0893e+06,3.1918e+06,3.2498e+06,3.399e+06,3.3976e+06,3.4598e+06
800,800,2800,3900,5300,10500,16100,20800,26200,44700,54200,66300,77600,90600,104900,120800,134200,151300,169400,193300,211100,235800,256100,265000,133900,137400,180500,194400,223300,223600,247700,255500,279700,290000,315300,326600,352900,372800,385800,413700,435100,457100,472400,510700,526300,550500,569400,595300,620500,647000,673500,701200,729700,757900,787200,816800,847200,876700,858700,1.3885e+06,1.7428e+06,1.8196e+06,1.8434e+06,1.9299e+06,1.9832e+06,2.1363e+06,2.1507e+06,2.1318e+06,2.2622e+06,1.992e+06,1.5624e+06,1.4825e+06,1.5969e+06,1.6287e+06,1.6681e+06,1.6458e+06,1.6025e+06,1.8552e+06,1.7122e+06,1.7187e+06,1.7748e+06,1.8088e+06,2.0142e+06,2.3804e+06,2.4884e+06,2.5536e+06,2.658e+06,2.647e+06,2.6046e+06,2.6929e+06,2.8498e+06,2.898e+06,3.1529e+06,2.9767e+06,3.0152e+06,3.119e+06,3.1914e+06,3.1818e+06,3.1844e+06,3.5202e+06,3.3859e+06
801,800,1700,3400,5000,7400,10300,13800,17600,22100,27100,32700,38600,45000,51900,61800,67500,77500,85300,95000,105400,116400,138700,139700,152200,173000,180300,195700,217700,226100,252700,255700,281700,290300,316000,327100,353900,373400,386200,414800,436100,458400,485900,516100,520100,556500,577400,617100,626600,652800,679500,713600,735200,763800,800500,822900,853300,889800,932100,946900,985000,1.0208e+06,1.0464e+06,1.0865e+06,1.1218e+06,1.156e+06,1.1919e+06,1.2284e+06,1.2654e+06,1.3097e+06,1.3408e+06,1.4522e+06,1.4065e+06,1.445e+06,1.4851e+06,1.5384e+06,1.6268e+06,1.5962e+06,1.7447e+06,1.7335e+06,1.9146e+06,2.3852e+06,1.8792e+06,1.966e+06,1.9437e+06,2.1049e+06,2.5602e+06,2.0595e+06,2.1068e+06,2.1413e+06,2.2482e+06,2.2905e+06,2.3403e+06,2.4082e+06,2.4552e+06,2.5107e+06,2.547e+06,2.5728e+06,3.0942e+06,3.3576e+06,3.4534e+06
802,700,1700,3800,6200,10400,11500,13700,17300,21900,27600,32300,44200,46500,53700,61000,68200,76500,85200,95000,105300,116300,127700,139700,151900,165200,178900,193000,207800,223100,238900,257000,276000,294200,432300,425700,433000,468200,482400,508400,545900,573300,601700,630400,649000,679200,720800,1.0003e+06,817500,823600,807100,899000,729500,758000,802600,842300,852900,889300,914800,968100,1.2396e+06,1.2355e+06,1.2129e+06,1.3189e+06,1.3582e+06,1.4137e+06,1.447e+06,1.4067e+06,1.276e+06,1.3118e+06,1.3431e+06,1.5689e+06,1.8323e+06,1.8281e+06,1.8835e+06,2.0733e+06,1.9978e+06,2.0536e+06,1.8702e+06,1.8868e+06,2.1219e+06,2.1826e+06,2.1907e+06,2.3431e+06,2.4226e+06,2.5828e+06,2.6103e+06,2.5132e+06,2.6052e+06,2.6916e+06,2.6547e+06,2.7449e+06,2.7417e+06,2.8916e+06,2.5517e+06,2.5715e+06,2.6401e+06,2.6818e+06,2.9966e+06,3.3158e+06,3.3251e+06
803,700,14100,3400,6600,9400,13200,16800,21800,28600,34700,41800,42800,60600,53400,61300,68000,76500,85300,109300,105500,116400,127700,148700,154100,180100,180300,205300,208800,224000,248300,256500,281700,290700,317100,335600,346800,390400,416500,407800,441300,457500,479800,502600,526100,550400,575300,601000,626400,652800,679800,707300,735000,763500,882100,832000,855500,891200,916300,954800,987200,1.0138e+06,1.0539e+06,1.1482e+06,1.3684e+06,1.3967e+06,1.2179e+06,1.3535e+06,1.3292e+06,1.4583e+06,1.4113e+06,1.3958e+06,986000,1.5765e+06,1.735e+06,1.7173e+06,1.7773e+06,1.8017e+06,1.7374e+06,1.9958e+06,2.0449e+06,1.9823e+06,1.9445e+06,1.9027e+06,1.962e+06,2.0057e+06,2.2426e+06,2.5037e+06,2.5658e+06,2.9458e+06,2.614e+06,2.8565e+06,2.841e+06,2.9737e+06,3.1068e+06,2.6838e+06,3.171e+06,3.306e+06,3.3166e+06,3.4095e+06,3.4947e+06
804,900,2200,3200,5300,7600,6100,13800,17500,22000,27200,32800,38500,44900,66000,59500,67500,76100,85300,95100,114800,116400,127800,139700,160100,165400,179100,201100,208000,230300,239100,255600,279700,290100,308200,333600,345900,372700,393800,408700,429000,459500,479800,502700,526200,561700,575100,600900,626500,652400,679600,707100,741500,763600,793400,828900,857800,890900,915000,953000,979400,1.0122e+06,1.0524e+06,1.0859e+06,1.1205e+06,1.1561e+06,1.1923e+06,1.2272e+06,1.2661e+06,1.3023e+06,1.3454e+06,1.3798e+06,1.4263e+06,1.4582e+06,1.5044e+06,1.5398e+06,1.5867e+06,1.6323e+06,1.6629e+06,1.7087e+06,1.7583e+06,1.8015e+06,1.8467e+06,1.8917e+06,2.0201e+06,1.9963e+06,2.0315e+06,2.083e+06,2.1248e+06,2.1802e+06,2.2284e+06,2.2734e+06,2.8665e+06,2.8843e+06,2.9234e+06,3.113e+06,2.9516e+06,3.0741e+06,3.1021e+06,3.2331e+06,3.2083e+06
805,800,1800,3400,5100,7400,10300,13800,17700,22000,27000,32600,38600,45200,51900,59300,67400,75900,106800,105900,118000,117000,127600,139600,160800,165200,179000,200900,208000,230300,238900,255700,272600,298500,308100,333400,345800,372300,403600,406700,455800,458400,480700,503700,531800,556000,573900,600800,626000,652600,679500,713200,734900,763800,799200,822600,884400,932100,917200,959200,980900,1.0197e+06,1.0525e+06,1.0868e+06,1.1213e+06,1.1566e+06,1.1958e+06,1.2393e+06,1.2765e+06,1.3035e+06,1.3475e+06,1.3801e+06,1.2273e+06,1.4612e+06,1.5039e+06,1.4667e+06,1.5871e+06,1.6282e+06,1.6754e+06,1.7117e+06,1.7513e+06,1.8016e+06,1.8458e+06,2.2255e+06,2.3621e+06,2.2949e+06,2.4384e+06,2.5467e+06,2.4923e+06,2.6055e+06,2.6251e+06,2.7509e+06,2.8275e+06,2.951e+06,3.0532e+06,3.0971e+06,3.2169e+06,3.0684e+06,3.1193e+06,3.2987e+06,3.4305e+06
806,800,2100,3800,5800,8700,12400,16900,21900,27100,33600,40500,48200,56200,65500,74100,84100,95000,106500,118800,131500,155000,159300,174300,190100,220200,227200,241300,273100,279200,311600,319600,352200,362800,396700,408900,444100,468800,474300,414000,437400,460700,480900,504000,527700,551500,576000,601500,627600,653900,680900,708300,736400,764400,796200,829100,854300,883900,914600,955500,979400,1.0186e+06,1.0525e+06,1.0862e+06,1.1209e+06,1.1562e+06,1.2149e+06,1.2295e+06,1.2657e+06,1.3022e+06,1.3483e+06,1.3838e+06,1.4262e+06,1.4572e+06,1.5038e+06,1.543e+06,1.5922e+06,1.6281e+06,1.6704e+06,1.7135e+06,1.7504e+06,1.8006e+06,1.8599e+06,1.8867e+06,1.9362e+06,1.9836e+06,2.0296e+06,2.0758e+06,2.1299e+06,2.1794e+06,2.2244e+06,2.2783e+06,2.3279e+06,2.3851e+06,2.8464e+06,2.7189e+06,3.0885e+06,3.2515e+06,3.3957e+06,3.4327e+06,3.4228e+06
807,800,1900,3000,4900,7200,13500,18000,23300,29900,35800,45700,52800,46400,53400,61100,69100,76700,85900,95200,105400,127500,127700,139700,152300,165300,179000,200300,207900,223200,246000,274900,273200,300700,308200,334700,353600,365600,393600,415200,414500,450200,480300,502600,526200,550400,578400,600500,626200,653400,688700,717500,811700,851900,796600,721100,855100,891100,915500,954100,986300,1.0231e+06,1.0535e+06,1.0861e+06,1.1207e+06,1.1556e+06,1.1919e+06,1.2067e+06,1.2652e+06,1.309e+06,1.3415e+06,1.3891e+06,1.4244e+06,1.4581e+06,1.5046e+06,1.5392e+06,1.5866e+06,1.7116e+06,1.6717e+06,1.7257e+06,1.8991e+06,1.811e+06,1.8454e+06,1.8899e+06,1.9405e+06,1.99e+06,2.0402e+06,2.0836e+06,2.142e+06,2.1818e+06,2.235e+06,2.2776e+06,2.3288e+06,2.3796e+06,2.4301e+06,2.4841e+06,2.5367e+06,2.5901e+06,2.6457e+06,2.6946e+06,2.7579e+06
808,400,1500,2700,4600,7800,10600,13700,21700,27300,33500,40400,48200,56000,64800,74100,84300,95100,106400,118800,131500,157100,159500,174500,201400,220500,223700,255000,259900,278700,300900,321400,274200,305500,309800,341500,346200,365800,402400,408400,445000,465200,482500,503700,526400,550300,602300,604900,626700,652900,679600,706800,741100,763400,792800,828600,852900,889800,915000,957600,1.0039e+06,1.0291e+06,1.0526e+06,1.0859e+06,1.1147e+06,1.1557e+06,1.1919e+06,1.2339e+06,1.2648e+06,1.3048e+06,1.3402e+06,1.3723e+06,1.4266e+06,1.4579e+06,1.5037e+06,1.5388e+06,1.5862e+06,1.6873e+06,1.6817e+06,1.7045e+06,1.7516e+06,1.7954e+06,1.8456e+06,1.8916e+06,2.0221e+06,1.9914e+06,2.0433e+06,2.0858e+06,2.1274e+06,2.1816e+06,2.2384e+06,2.2877e+06,2.2974e+06,2.3932e+06,2.4408e+06,2.8819e+06,2.8223e+06,3.0583e+06,3.2167e+06,3.3354e+06,3.3838e+06
809,800,2200,4700,7700,23700,14100,18800,23700,29100,28000,33100,48500,56300,65000,89500,84300,95100,106500,118600,172000,147000,177100,175200,190400,206500,223800,241300,271700,279000,298700,319500,340800,423800,385400,421100,444500,457600,494300,520000,546900,563200,602800,639300,664000,691400,720900,783100,755700,818100,859600,851300,921200,956900,1.0016e+06,1.0305e+06,1.0759e+06,1.1067e+06,1.1625e+06,1.1517e+06,1.2258e+06,1.2577e+06,1.2818e+06,1.3314e+06,1.2606e+06,1.3389e+06,1.326e+06,1.3986e+06,1.2782e+06,1.3041e+06,1.3421e+06,1.387e+06,1.4195e+06,1.4654e+06,1.4998e+06,1.5674e+06,1.5873e+06,1.746e+06,2.1293e+06,2.1643e+06,2.2672e+06,2.3284e+06,2.3376e+06,2.3792e+06,2.4091e+06,2.4527e+06,2.6268e+06,2.5147e+06,2.6871e+06,2.7426e+06,2.9401e+06,2.8635e+06,2.9251e+06,2.9894e+06,3.2133e+06,3.1325e+06,3.0536e+06,3.1725e+06,3.3159e+06,3.3924e+06,3.4532e+06
810,1400,2800,4700,7400,10200,14700,19200,24800,28400,34900,41600,48900,83100,67100,75000,101700,95200,106600,118900,131700,193100,129200,141200,149700,165900,179400,204500,207800,223100,247400,255500,280600,289900,315000,326600,345900,372600,385700,413600,435200,457200,489500,512900,537100,559900,581000,601300,626400,656500,679700,707000,735200,763500,799500,837900,859800,883300,920500,947000,985500,1.0188e+06,1.0454e+06,1.0806e+06,1.121e+06,1.1567e+06,1.1924e+06,1.3372e+06,1.2671e+06,1.3035e+06,1.3427e+06,1.3861e+06,1.4191e+06,1.5958e+06,1.8232e+06,1.8993e+06,1.7632e+06,1.7154e+06,1.7599e+06,1.7731e+06,1.7667e+06,1.8327e+06,1.8562e+06,1.902e+06,1.9477e+06,1.995e+06,2.0549e+06,2.0897e+06,2.1425e+06,2.1917e+06,2.4042e+06,2.6593e+06,2.6578e+06,2.7075e+06,2.8236e+06,2.8309e+06,2.8403e+06,2.9883e+06,3.1018e+06,3.0552e+06,3.1817e+06
811,900,2100,4100,5900,7500,10300,13800,17700,22000,27100,32600,38500,59800,51900,59400,67400,76100,86400,96000,105400,116100,137600,139600,152100,177600,178800,193100,215400,223100,246100,255300,279300,289700,314900,326600,352700,372300,385600,414000,434900,457600,472400,495500,526100,525600,581000,602000,626700,652800,679700,713400,735200,763800,798900,822800,855600,883300,921100,947000,990500,1.0231e+06,1.0566e+06,1.0948e+06,1.1213e+06,1.1504e+06,1.192e+06,1.2284e+06,1.2669e+06,1.3027e+06,1.3518e+06,1.3861e+06,1.4183e+06,1.473e+06,1.4974e+06,1.5445e+06,1.58e+06,1.6275e+06,1.6739e+06,1.7338e+06,1.7604e+06,1.8018e+06,1.8521e+06,1.8982e+06,1.9381e+06,2.0267e+06,2.0323e+06,2.0861e+06,2.1279e+06,2.1825e+06,2.2317e+06,2.2902e+06,2.8952e+06,2.3919e+06,2.4458e+06,2.5009e+06,2.5478e+06,2.6034e+06,2.6537e+06,2.7175e+06,2.7616e+06
812,800,1700,2300,5300,7500,10200,13500,21900,27500,33700,40300,47800,71200,64800,74300,84400,95200,106700,96900,107000,117800,143200,141300,152800,180000,179100,193200,216700,223300,246900,268400,272400,297800,308200,333500,345900,372800,393000,413800,428100,467800,482200,504600,527800,552200,578000,601600,628100,654000,674200,768100,736500,764900,799500,823300,858400,893000,930700,948300,979300,1.0182e+06,1.0523e+06,1.0764e+06,1.1149e+06,1.1501e+06,1.1848e+06,1.2388e+06,1.2649e+06,1.3029e+06,1.3404e+06,1.3858e+06,1.411e+06,1.4563e+06,1.5045e+06,1.539e+06,1.2429e+06,2.0115e+06,2.0297e+06,2.0695e+06,2.0646e+06,2.2263e+06,2.1851e+06,2.2898e+06,2.3358e+06,2.3357e+06,2.3923e+06,2.6669e+06,2.7314e+06,2.7224e+06,2.7902e+06,2.8538e+06,2.8722e+06,2.9622e+06,2.9138e+06,3.1377e+06,3.1581e+06,3.2491e+06,3.3204e+06,3.6128e+06,3.4499e+06
813,700,2000,3900,6400,9000,12500,16700,22700,25600,33100,39300,45800,53400,61100,70000,79500,89500,112400,112700,123900,136700,132400,141300,153900,179300,179300,193200,208000,223200,248400,255500,281400,290000,316700,326700,345900,375400,386300,406500,437000,463300,481200,504200,519100,543200,568100,602000,628200,654600,681600,708700,745000,774200,802200,838600,862500,899500,916000,953200,985600,1.0127e+06,1.0539e+06,1.0893e+06,1.2578e+06,1.3619e+06,1.4829e+06,1.4863e+06,1.5813e+06,1.5811e+06,1.578e+06,1.7349e+06,1.7349e+06,1.6042e+06,1.6511e+06,1.742e+06,1.6795e+06,1.83e+06,1.6789e+06,1.6991e+06,1.851e+06,2.0229e+06,2.1149e+06,2.1765e+06,2.3663e+06,2.1796e+06,2.2754e+06,2.5143e+06,2.3482e+06,2.6185e+06,2.6736e+06,2.8975e+06,2.9854e+06,3.0091e+06,3.1059e+06,3.1532e+06,3.2057e+06,3.2505e+06,3.3237e+06,3.3855e+06,3.4197e+06
814,900,1700,3200,5400,7300,10300,13800,17600,21900,27000,32700,38600,44900,51900,59400,67400,84900,85200,95100,105200,116200,135200,139700,152200,172200,179000,193200,214800,223100,249700,255700,281600,290000,320500,326600,353600,372400,385800,413900,435400,457000,472600,502700,525800,550300,574800,600300,626700,654200,689400,731900,735000,764400,792500,822400,858500,883100,921100,946700,985300,1.0181e+06,1.0592e+06,1.0895e+06,1.1216e+06,1.1559e+06,1.1921e+06,1.228e+06,1.2647e+06,1.3022e+06,1.3406e+06,1.385e+06,1.4235e+06,1.4783e+06,1.5055e+06,1.5447e+06,1.5795e+06,1.6213e+06,1.6703e+06,1.7136e+06,1.7574e+06,1.8373e+06,1.8515e+06,1.8925e+06,1.9386e+06,1.9706e+06,2.0354e+06,2.0889e+06,2.1348e+06,2.174e+06,2.2285e+06,2.2772e+06,2.3272e+06,2.3902e+06,2.4258e+06,2.4813e+06,2.5344e+06,2.6001e+06,2.6551e+06,2.7106e+06,3.4607e+06
815,1200,2700,4700,7000,9800,13500,17800,22800,28200,34700,41100,48900,56900,65600,86900,85500,96000,107800,120000,145800,146300,160600,200700,210800,167000,206500,194800,223500,223700,239400,264300,272300,297300,315000,326600,352700,365600,392700,685900,732700,462100,474300,518900,535800,559000,663700,603300,626900,658600,679800,707000,748700,757200,786100,816000,901800,885600,923000,948000,979100,1.1965e+06,1.3127e+06,1.3663e+06,1.3955e+06,1.4394e+06,1.4841e+06,1.5378e+06,1.5841e+06,1.6301e+06,1.6778e+06,1.6407e+06,1.7763e+06,1.8244e+06,1.8822e+06,1.9326e+06,1.9766e+06,2.0504e+06,2.2165e+06,2.3292e+06,2.4405e+06,2.587e+06,2.4022e+06,2.49e+06,2.4827e+06,2.4717e+06,2.2573e+06,2.2597e+06,2.0093e+06,2.0719e+06,3.0968e+06,1.885e+06,2.0451e+06,2.0332e+06,2.249e+06,2.0734e+06,2.1238e+06,3.8106e+06,2.6673e+06,2.7547e+06,2.8799e+06
816,1000,2000,4600,5500,6900,8700,14400,18100,25000,22400,33700,42900,61500,42700,47100,55000,64600,64400,114200,93800,96900,107800,115900,134800,171300,193300,162300,142100,198800,227300,257800,264100,306800,298800,307700,297600,291500,313100,332600,344100,379600,475300,419600,437400,612000,520600,573100,549700,483500,676500,697900,731600,752400,798600,822100,846900,788300,918500,684900,985900,1.0418e+06,1.0542e+06,1.0984e+06,1.1234e+06,1.1581e+06,1.194e+06,1.2301e+06,1.267e+06,1.3042e+06,1.3418e+06,1.4201e+06,1.3377e+06,1.4635e+06,1.5062e+06,1.541e+06,1.588e+06,1.6293e+06,1.6654e+06,1.7329e+06,1.757e+06,1.8024e+06,1.8465e+06,2.0734e+06,1.9385e+06,1.9915e+06,2.4994e+06,2.3484e+06,2.4934e+06,2.5278e+06,2.7162e+06,2.773e+06,2.9142e+06,3.0334e+06,3.0897e+06,3.0812e+06,3.1917e+06,3.2496e+06,3.3324e+06,3.3725e+06,3.5082e+06
817,800,2000,6000,5400,14400,10700,8400,17900,46100,27800,50400,59700,59000,55400,116100,97200,77000,85300,95000,105300,116300,127700,139700,152100,165300,178800,193200,207800,223200,239200,255500,272400,290200,308100,306200,359600,365700,396500,414400,428000,450200,479500,497100,520800,546300,568300,594000,619900,646200,672900,700600,748900,768600,794500,829900,854000,921600,917000,955000,992800,1.0146e+06,1.0477e+06,1.0881e+06,1.1233e+06,1.1581e+06,1.1934e+06,1.2302e+06,1.2767e+06,1.3148e+06,1.3505e+06,1.3899e+06,1.4283e+06,1.4603e+06,1.499e+06,1.5543e+06,1.5862e+06,1.6213e+06,1.6645e+06,1.7268e+06,1.7582e+06,1.8094e+06,1.8561e+06,1.904e+06,1.9489e+06,1.9934e+06,2.0457e+06,2.0899e+06,2.1465e+06,2.1903e+06,2.2441e+06,2.2833e+06,2.3383e+06,2.3961e+06,2.4416e+06,2.4942e+06,2.5462e+06,2.5995e+06,2.6414e+06,2.7072e+06,2.7612e+06
818,700,1600,3500,5100,7500,10300,13700,17500,22100,27000,32800,34800,45000,64300,59300,67300,76000,85300,95000,114300,116100,127600,139700,159700,165200,179000,200300,207900,223200,239000,255400,279300,290000,314800,336500,345700,372500,387400,407400,476000,560900,488800,512200,641300,561000,578900,601400,626000,652400,679300,707000,737500,775900,793300,826900,861100,883300,920800,953000,979100,1.0184e+06,1.0522e+06,1.0861e+06,1.1484e+06,1.1506e+06,1.1925e+06,1.2299e+06,1.2672e+06,1.3031e+06,1.413e+06,1.5403e+06,1.5773e+06,1.6433e+06,1.4996e+06,1.5481e+06,1.583e+06,1.6232e+06,1.6724e+06,1.7142e+06,1.7576e+06,1.8041e+06,1.8469e+06,1.9671e+06,2.3726e+06,2.3153e+06,2.2694e+06,2.5752e+06,2.7324e+06,2.7444e+06,2.746e+06,2.7624e+06,2.642e+06,2.743e+06,2.7683e+06,3e+06,2.9687e+06,3.2498e+06,3.0628e+06,3.175e+06,3.2368e+06
819,900,2200,3700,6100,9300,12700,17100,22000,27500,33600,40700,48400,56100,64800,74100,84300,95200,106500,118900,131700,145400,160400,141400,168700,166900,180500,207800,208200,232000,239000,255500,279700,290000,308000,333500,345800,372500,392800,406600,435000,456800,479500,502600,526000,571600,580600,601300,627000,652900,679500,707200,742100,763800,792900,829600,852600,889500,914700,952900,964400,1.0535e+06,1.1032e+06,1.1375e+06,1.1228e+06,1.1578e+06,1.1918e+06,1.2279e+06,1.2711e+06,1.3017e+06,1.3373e+06,1.3806e+06,1.4239e+06,1.4584e+06,1.5039e+06,1.5387e+06,1.5863e+06,1.6272e+06,1.6705e+06,1.7205e+06,1.7509e+06,1.8085e+06,1.8459e+06,1.892e+06,1.9373e+06,1.9829e+06,2.0318e+06,2.0772e+06,2.1311e+06,2.1794e+06,2.2221e+06,2.2778e+06,2.3367e+06,2.3821e+06,2.4298e+06,2.4826e+06,2.5402e+06,2.5867e+06,2.6823e+06,3.2014e+06,2.7658e+06
820,600,1900,2900,4900,7300,10200,13600,17600,43300,28100,33300,38900,45400,52000,59700,67500,76100,114800,95400,105500,116300,142000,139600,152400,165300,178900,193100,216700,223300,271400,265700,273400,299100,309000,335700,422800,469600,588000,520700,536000,574800,605500,632800,666200,692100,722400,753800,786200,819100,852600,961200,820100,774900,780800,817000,876200,877900,931300,955500,987100,1.0237e+06,1.0525e+06,1.0864e+06,1.1149e+06,1.1603e+06,1.1922e+06,1.2342e+06,1.2649e+06,1.3028e+06,1.4116e+06,1.4386e+06,1.5509e+06,1.7306e+06,1.6458e+06,1.5554e+06,1.6015e+06,1.75e+06,1.8644e+06,1.7758e+06,1.8372e+06,1.8032e+06,1.8461e+06,1.895e+06,1.9463e+06,1.9891e+06,2.0291e+06,2.0771e+06,2.1252e+06,2.202e+06,2.223e+06,2.2734e+06,2.3299e+06,2.3794e+06,2.4351e+06,2.4937e+06,2.5351e+06,2.5858e+06,2.6402e+06,2.696e+06,2.7665e+06
821,500,1400,2900,4700,7100,10000,13400,17300,21700,26800,32300,38300,44900,52000,59400,67600,76200,101300,95700,105900,130000,127600,139600,163800,165300,178900,202800,207800,237400,238900,263400,272500,297100,308100,333700,353800,365500,392500,413800,428100,457200,479400,502700,526400,550200,575000,600000,626800,653700,691500,713600,735200,764200,798700,828700,852700,883200,921400,946800,985200,1.0184e+06,961300,1.0926e+06,1.1219e+06,1.164e+06,1.192e+06,1.2282e+06,1.2651e+06,1.3023e+06,1.3405e+06,1.385e+06,1.4209e+06,1.5521e+06,1.5031e+06,1.5371e+06,1.5882e+06,1.6266e+06,1.6646e+06,1.6979e+06,1.7653e+06,1.8031e+06,1.844e+06,1.8893e+06,1.9354e+06,1.9781e+06,2.0192e+06,1.9155e+06,2.1325e+06,2.3884e+06,2.5809e+06,3.5604e+06,2.5422e+06,2.6695e+06,2.8739e+06,2.58e+06,3.1498e+06,3.1558e+06,3.3052e+06,3.399e+06,3.4205e+06
822,900,2000,4100,6700,9700,10800,14700,18000,22000,27000,32600,39800,45700,52400,59500,78600,76100,85300,95200,105300,125800,127800,139700,152200,174300,179000,193100,215500,223100,208000,266500,287400,290100,317100,326500,353100,372800,385800,413600,472000,459300,480600,504000,527200,551700,575700,601200,626800,685500,688700,710100,736400,771000,793700,829600,858200,891400,916000,948100,986400,1.0192e+06,1.295e+06,1.4553e+06,1.3968e+06,1.4473e+06,1.2382e+06,1.4135e+06,1.4823e+06,1.5057e+06,1.4118e+06,1.3804e+06,1.4105e+06,1.4641e+06,1.4978e+06,1.5443e+06,1.5886e+06,1.6219e+06,1.6709e+06,1.7113e+06,1.8169e+06,1.8027e+06,1.8486e+06,1.8979e+06,1.9383e+06,1.9851e+06,2.1852e+06,2.3113e+06,2.3892e+06,2.5367e+06,2.3969e+06,2.6572e+06,2.7033e+06,2.6447e+06,2.8171e+06,2.6413e+06,2.6716e+06,2.67e+06,2.6705e+06,2.9952e+06,2.7666e+06
823,700,1800,3400,5000,7400,10200,13700,17600,21800,26900,19800,39600,59900,52400,59700,67500,76100,85300,128000,105400,116300,127600,149800,152200,165300,187800,193300,208000,231300,239000,263500,272500,297900,308100,334600,353500,365500,511600,535000,444500,609100,592900,638200,663400,690200,721100,752700,751800,817900,851200,852400,934400,781100,802000,831100,978500,885200,921200,946800,985000,1.0208e+06,1.0519e+06,1.1728e+06,1.1156e+06,1.1573e+06,1.1927e+06,1.229e+06,1.2663e+06,1.4592e+06,1.3516e+06,1.3824e+06,1.5746e+06,1.7931e+06,1.8998e+06,1.7847e+06,1.9311e+06,1.9789e+06,2.0323e+06,1.7866e+06,1.8665e+06,2.0926e+06,2.2255e+06,2.2909e+06,2.401e+06,2.4292e+06,2.4744e+06,2.7396e+06,2.6676e+06,2.7295e+06,2.6723e+06,2.6061e+06,2.7286e+06,2.7559e+06,2.68e+06,3.1381e+06,3.2221e+06,2.9404e+06,3.1821e+06,3.0925e+06,3.2334e+06
824,900,1700,3300,5000,7400,10200,8500,18400,22500,27100,32600,38600,44900,51900,59400,67500,75900,85100,95000,105500,125400,127500,139700,152300,165200,178900,200400,207900,223100,246200,255400,279600,289900,315200,326600,352900,379900,385700,414700,435500,454700,479600,495900,519300,554900,631900,603200,627100,653400,679900,707800,735900,764500,793300,823600,860300,885100,922300,941500,988500,1.0122e+06,1.0521e+06,1.0866e+06,1.1243e+06,1.1562e+06,1.1913e+06,1.2279e+06,1.2683e+06,1.2945e+06,1.3472e+06,1.3805e+06,1.42e+06,1.4637e+06,1.4974e+06,1.5441e+06,1.5892e+06,1.6219e+06,1.7014e+06,1.7104e+06,1.7593e+06,1.8986e+06,2.2368e+06,2.3662e+06,2.5331e+06,2.5027e+06,2.5538e+06,2.6205e+06,2.6558e+06,2.6314e+06,2.6805e+06,2.8617e+06,2.8811e+06,2.838e+06,2.726e+06,3.1694e+06,3.2455e+06,3.2372e+06,3.3104e+06,3.444e+06,3.4587e+06
825,700,2000,3500,5800,8900,12300,16800,22100,27900,34000,40900,62500,57500,80100,61600,92600,102600,107200,136200,131800,145200,144200,143200,166800,208500,180700,207900,209600,238600,239900,267500,272500,297300,308200,335600,345800,379400,386700,416500,440200,458000,472600,495500,527400,551300,580800,619400,741700,666600,689300,708400,741300,780100,870300,838900,854900,890000,919200,949700,985800,1.0186e+06,1.0541e+06,1.0863e+06,1.1475e+06,1.1499e+06,1.1919e+06,1.2278e+06,1.2679e+06,1.3025e+06,1.3401e+06,1.386e+06,1.4215e+06,1.447e+06,1.5045e+06,1.5445e+06,1.5803e+06,1.6224e+06,1.7004e+06,1.7093e+06,1.8224e+06,1.8032e+06,1.8471e+06,1.8981e+06,1.937e+06,1.9883e+06,2.0357e+06,2.0853e+06,2.1313e+06,2.1742e+06,2.229e+06,2.2793e+06,2.3351e+06,2.3734e+06,2.4308e+06,2.4832e+06,2.5342e+06,2.588e+06,2.6498e+06,2.7e+06,2.75e+06
826,500,1400,2800,4600,7000,9900,13400,17300,21900,26900,32200,38300,44800,51800,59400,69500,76800,85800,106200,105800,123100,128300,113400,153400,165800,179500,204900,208500,231200,239600,256200,273000,290900,308700,334200,346600,373300,393400,407300,435700,457600,480500,503000,526800,556400,576100,601300,627400,653100,680800,707600,735700,764100,793700,829000,853600,890400,915400,981800,989000,1.0128e+06,1.0526e+06,1.0882e+06,1.1212e+06,1.1564e+06,1.1924e+06,1.2285e+06,1.2659e+06,1.3049e+06,1.3462e+06,1.3827e+06,1.4209e+06,1.4643e+06,1.4978e+06,1.5447e+06,1.5864e+06,1.6222e+06,1.8279e+06,1.6354e+06,1.7377e+06,1.7942e+06,1.8484e+06,1.8913e+06,1.9426e+06,1.9923e+06,2.0822e+06,2.2563e+06,2.2245e+06,2.183e+06,2.7748e+06,2.7838e+06,2.8971e+06,2.9695e+06,3.0409e+06,2.8794e+06,2.742e+06,2.7694e+06,2.7576e+06,2.8001e+06,2.7962e+06
827,700,1700,3200,5000,7400,10200,13600,17500,21900,26900,32500,38400,35500,53500,60000,74600,91700,85400,95400,105500,116400,127700,139700,152200,175400,179000,193300,216400,216700,267200,255500,279600,289900,315300,326700,352800,372700,385800,413800,435900,457200,480400,495600,526700,550200,575200,600400,626700,663100,683000,707100,734800,770200,792800,823000,865900,884200,921500,946700,985400,1.019e+06,1.0363e+06,1.0459e+06,1.1149e+06,1.1562e+06,1.2167e+06,1.2345e+06,1.2654e+06,1.3024e+06,1.3405e+06,1.3799e+06,1.4121e+06,1.5533e+06,1.5779e+06,1.7387e+06,1.6807e+06,1.703e+06,1.7327e+06,1.7145e+06,1.7584e+06,1.8069e+06,1.8449e+06,1.9022e+06,1.9362e+06,1.9821e+06,2.0295e+06,2.0815e+06,2.1371e+06,2.1793e+06,2.2289e+06,2.2784e+06,2.3286e+06,2.3853e+06,2.7993e+06,2.5322e+06,2.9535e+06,3.0711e+06,3.5834e+06,3.2587e+06,3.2447e+06
828,1200,1600,3400,5500,9300,13200,16600,21900,27400,33500,40500,48000,32100,44000,55100,69200,77800,87000,96800,123000,116800,128200,139900,161100,165200,179000,200600,207800,230200,239100,255600,272500,290100,308100,333800,345900,372400,397900,465100,462200,450500,490000,620200,661000,690600,720900,753000,784600,772500,851400,885800,879000,976900,935000,1.0309e+06,1.0679e+06,1.1075e+06,1.1157e+06,1.1825e+06,1.2084e+06,1.2461e+06,1.287e+06,1.0302e+06,1.1624e+06,1.2616e+06,1.3489e+06,1.3685e+06,1.3818e+06,1.4914e+06,1.4504e+06,1.6532e+06,1.5916e+06,1.4597e+06,1.5058e+06,1.5402e+06,1.6022e+06,1.8258e+06,1.9076e+06,1.6489e+06,1.7389e+06,1.7825e+06,1.8615e+06,1.8965e+06,1.9445e+06,2.4825e+06,2.4776e+06,2.412e+06,2.3706e+06,2.5405e+06,2.5643e+06,2.6683e+06,2.6498e+06,2.6949e+06,2.8447e+06,2.9132e+06,2.9476e+06,2.9958e+06,3.2125e+06,3.2806e+06,3.174e+06
829,700,1800,3300,5100,7400,10100,13700,17400,22000,26900,32700,38500,44900,51800,59300,67400,76100,85200,95100,105400,116300,127700,139700,152200,172200,179000,193100,214900,223200,246000,255500,279300,289900,315300,326600,353100,367500,385900,414400,436900,468300,472700,502600,526200,550900,575400,749600,627500,653400,680400,708200,735700,770900,793300,829200,865800,892900,921900,947600,986800,1.0218e+06,1.0477e+06,1.0882e+06,1.1231e+06,1.1573e+06,1.1494e+06,1.2568e+06,1.2665e+06,1.3043e+06,1.4595e+06,1.3832e+06,1.4258e+06,1.4593e+06,1.5057e+06,1.5431e+06,1.7182e+06,1.6324e+06,1.6817e+06,1.7239e+06,1.7671e+06,1.8114e+06,1.8573e+06,1.8926e+06,1.9384e+06,1.9842e+06,2.0398e+06,2.0793e+06,2.2065e+06,2.1934e+06,2.2341e+06,2.2814e+06,2.3309e+06,2.3813e+06,2.8756e+06,2.4956e+06,2.5474e+06,2.6195e+06,2.6541e+06,2.7129e+06,2.7665e+06
830,1000,2300,4000,5500,8200,11200,18000,23000,28500,34700,45200,39600,46200,53200,59700,67800,76100,85400,95100,105400,125000,127700,139900,152200,184400,179600,193200,207900,223100,239800,255400,272500,297900,315000,326600,353100,365500,398100,387600,442800,467400,488200,512100,529700,551300,575100,603700,627200,652800,680000,707100,741800,763800,794900,829300,852900,889700,915500,953000,989600,1.0037e+06,1.0951e+06,1.2184e+06,1.1199e+06,1.1654e+06,1.2063e+06,1.3244e+06,1.3882e+06,1.3695e+06,1.3514e+06,1.3872e+06,1.4186e+06,1.4576e+06,1.506e+06,1.5524e+06,1.5801e+06,1.6288e+06,1.6711e+06,1.7141e+06,1.7582e+06,1.8037e+06,1.9478e+06,1.8938e+06,1.9369e+06,2.271e+06,2.39e+06,2.3076e+06,2.127e+06,2.1822e+06,2.2303e+06,2.1092e+06,2.3319e+06,2.3808e+06,2.4322e+06,2.5193e+06,2.9392e+06,3.0048e+06,3.0998e+06,3.0115e+06,3.2762e+06
831,800,2400,3300,5200,7600,10400,13800,17600,22100,27100,32700,52900,44800,51800,46100,67700,76100,97600,95100,105300,116200,127500,148100,152300,165300,186400,193100,207900,230300,239200,262600,272400,297100,308000,333700,355600,365500,392800,413800,428200,457800,470400,506600,526300,550700,583000,600700,626500,652600,679500,713300,734900,763800,798900,822300,852800,893000,927900,948500,980300,1.02e+06,1.0531e+06,1.0872e+06,1.1157e+06,1.151e+06,1.3982e+06,1.501e+06,1.585e+06,1.6317e+06,1.6543e+06,1.6956e+06,1.7211e+06,1.7778e+06,1.9293e+06,1.8666e+06,2.1743e+06,1.9834e+06,2.0151e+06,2.083e+06,2.2535e+06,2.2973e+06,2.0641e+06,2.2484e+06,2.4351e+06,2.5789e+06,2.5755e+06,2.5353e+06,2.6435e+06,2.7267e+06,2.8038e+06,2.8903e+06,2.9323e+06,3.0294e+06,2.958e+06,3.1575e+06,3.1332e+06,3.2499e+06,3.3338e+06,3.3839e+06,3.5701e+06
832,800,3200,3900,5300,7700,11000,14200,17800,22300,27100,32600,38500,45000,51900,61500,67700,95000,85900,96800,107100,116900,142300,139800,152200,174200,178900,193200,215000,223200,246100,255500,339100,302500,319700,338900,345900,372800,393000,406600,430300,451400,483100,504700,528000,552400,577000,602500,630000,654600,681100,731000,742900,764400,792700,828600,858200,889700,924600,947600,985800,1.0187e+06,1.0469e+06,1.0866e+06,1.1217e+06,1.1579e+06,1.1915e+06,1.2426e+06,1.266e+06,1.3093e+06,1.3406e+06,1.3796e+06,1.4243e+06,1.4581e+06,1.5041e+06,1.5388e+06,1.613e+06,1.6276e+06,1.6644e+06,1.7137e+06,1.7573e+06,1.8008e+06,1.8639e+06,1.9031e+06,1.9386e+06,1.9909e+06,2.0386e+06,2.0806e+06,2.1359e+06,2.3121e+06,2.5547e+06,2.648e+06,2.7094e+06,2.9681e+06,3.0546e+06,3.1185e+06,3.2214e+06,3.2838e+06,3.1831e+06,3.2848e+06,3.1334e+06
833,900,1700,3500,5100,7400,10300,13700,17700,22100,27100,32700,38600,59400,52000,59500,67600,76200,85400,103700,105400,117000,127700,151600,152200,165300,189100,193300,207900,223200,239000,262900,272400,297000,308100,333700,352700,365500,392800,414100,428100,450100,479400,502400,526000,580400,725500,754200,784100,816900,801400,886000,921000,920200,993800,1.0008e+06,1.12e+06,1.1078e+06,1.0994e+06,1.1562e+06,1.2568e+06,1.237e+06,1.259e+06,1.2659e+06,1.3684e+06,1.4397e+06,1.4819e+06,1.5202e+06,1.3672e+06,1.6217e+06,1.6552e+06,1.6889e+06,1.7602e+06,1.6411e+06,1.6486e+06,1.7782e+06,1.9697e+06,1.9916e+06,2.0144e+06,1.9163e+06,1.8815e+06,2.02e+06,1.859e+06,1.9488e+06,1.9573e+06,1.9934e+06,2.031e+06,2.0899e+06,2.1263e+06,2.1786e+06,2.2348e+06,2.2726e+06,2.3289e+06,2.3822e+06,2.4303e+06,2.4877e+06,2.5354e+06,2.5881e+06,2.6466e+06,2.4834e+06,3.1574e+06
834,700,1700,3000,5000,7300,10200,13800,17700,22000,27000,32400,38500,45000,66100,59400,67500,76100,85300,95000,115800,116300,127600,139600,159800,165300,179000,200200,207900,231900,239000,263700,272500,297600,309700,335800,345900,373000,393000,413900,428100,457100,479800,502700,526500,550800,575200,600600,626200,652700,693400,711000,766300,764000,793000,830100,852700,889700,914900,952900,979300,1.0119e+06,1.0522e+06,1.1037e+06,1.1655e+06,1.1578e+06,1.1934e+06,1.2298e+06,1.2668e+06,1.3039e+06,1.3478e+06,1.382e+06,1.4208e+06,1.499e+06,1.5027e+06,1.6792e+06,1.5889e+06,1.6342e+06,1.6725e+06,1.7093e+06,1.7536e+06,1.8068e+06,1.8564e+06,1.9015e+06,1.9491e+06,2.0006e+06,2.0411e+06,2.1263e+06,2.1311e+06,2.1804e+06,2.2283e+06,2.2718e+06,2.3221e+06,4.1641e+06,2.4068e+06,2.4776e+06,2.5417e+06,2.6378e+06,2.6446e+06,2.6728e+06,2.7583e+06
835,900,1500,3300,4600,8000,10200,13200,17300,22200,27000,32900,38600,45700,52200,60200,100400,97900,90600,96300,106100,117000,128400,140500,153000,167300,192200,205900,208100,223300,247500,255400,279500,289900,315100,326600,345900,372900,385900,413800,445300,457200,479900,495500,526300,550500,575000,600500,634700,659000,687500,706900,741200,763100,792700,828600,852400,889500,914600,952800,985900,1.0125e+06,1.0648e+06,1.1594e+06,1.2356e+06,1.1684e+06,1.1827e+06,1.2279e+06,1.2652e+06,1.302e+06,1.3402e+06,1.3818e+06,1.4183e+06,1.4572e+06,1.5043e+06,1.5694e+06,1.5801e+06,1.632e+06,1.6714e+06,1.7087e+06,1.752e+06,1.7965e+06,1.868e+06,1.9024e+06,1.9477e+06,1.9999e+06,2.1132e+06,2.0897e+06,2.1422e+06,2.1911e+06,2.2423e+06,2.2884e+06,2.3386e+06,2.4039e+06,2.4326e+06,2.4851e+06,2.5369e+06,2.6069e+06,2.6573e+06,2.7078e+06,2.7653e+06
836,700,1700,2900,4900,7300,10800,8500,18500,22900,27600,44200,38900,45100,51900,59200,67400,76000,92900,95100,105300,116200,127600,146900,152200,165300,186100,193200,208000,230100,239100,262500,272600,297000,308100,333700,352800,365600,392900,408300,426600,465700,476900,522700,530100,551800,575000,600700,626600,653600,679600,707300,742300,763700,792900,831500,882000,893100,917000,948200,987200,1.02e+06,1.048e+06,1.0886e+06,1.1228e+06,1.1575e+06,1.3919e+06,1.4586e+06,1.593e+06,1.6315e+06,1.6793e+06,1.7371e+06,1.7768e+06,1.9327e+06,1.8195e+06,1.8934e+06,2.0303e+06,2.0415e+06,2.1322e+06,2.1481e+06,2.1993e+06,2.2534e+06,2.2314e+06,2.3965e+06,2.4376e+06,2.5132e+06,2.56e+06,2.6118e+06,2.6811e+06,2.6349e+06,2.8172e+06,2.8573e+06,3.0472e+06,2.9902e+06,3.0542e+06,3.3073e+06,3.1853e+06,3.2684e+06,3.326e+06,3.2364e+06,3.3195e+06
837,900,2500,4800,6800,10100,13600,17600,22700,28300,34500,41600,48800,56800,65700,74900,111200,97200,108200,120200,132800,160700,129500,141300,168200,165800,179400,209400,207900,230800,239000,262600,272400,297000,308000,333800,351000,373600,392900,406700,435400,457000,479700,505000,526500,550900,575500,600200,626100,652400,679300,706900,742000,763500,806600,833900,859400,883600,923000,953700,979600,1.0191e+06,1.0517e+06,1.0864e+06,1.1145e+06,1.1498e+06,1.1853e+06,1.2287e+06,1.2802e+06,1.3028e+06,1.3407e+06,1.3854e+06,1.4174e+06,1.4594e+06,1.4976e+06,1.5494e+06,1.6851e+06,1.6292e+06,1.671e+06,1.7137e+06,1.7566e+06,1.801e+06,1.8452e+06,1.8905e+06,1.9539e+06,1.9856e+06,2.039e+06,2.087e+06,2.1292e+06,2.1835e+06,2.2089e+06,2.6385e+06,2.7307e+06,2.5466e+06,2.6548e+06,2.6734e+06,2.7424e+06,2.7951e+06,2.7686e+06,2.8065e+06,2.7639e+06
838,700,1800,3000,4400,19500,10300,14300,17500,21900,26900,42000,38700,33300,51900,69400,67500,76100,85100,95100,105400,116300,127600,139600,159800,165200,179000,200100,207800,223300,246200,255500,279600,289900,315200,326500,345800,377200,386200,415100,436700,457100,480500,496300,526700,550900,575800,601000,626700,659600,679500,707700,735600,775400,802900,823700,854100,893600,1.0687e+06,954100,979300,1.0184e+06,1.0525e+06,1.0863e+06,1.1203e+06,1.1746e+06,1.1933e+06,1.2295e+06,1.2665e+06,1.3034e+06,1.3415e+06,1.3867e+06,1.4203e+06,1.4654e+06,1.5542e+06,1.5533e+06,1.5878e+06,1.6234e+06,1.6763e+06,1.732e+06,1.7754e+06,1.8246e+06,1.8539e+06,2.2955e+06,2.4345e+06,2.4819e+06,2.577e+06,2.5412e+06,2.5668e+06,2.7322e+06,2.8116e+06,2.8842e+06,2.9519e+06,2.9911e+06,2.8334e+06,2.7934e+06,2.7999e+06,3.1388e+06,3.3161e+06,3.4062e+06,3.4521e+06
839,900,2200,4100,6500,9200,10400,13800,17700,22000,27100,33400,38900,60100,61700,59700,67600,76000,86900,89900,100800,123400,114300,134000,154600,156800,178900,195800,202500,218100,241400,255600,274400,283000,309900,321500,340700,366500,380200,406800,432100,507500,451800,511200,529600,551300,575300,600400,626300,652800,679300,706900,735200,763600,792200,828600,853600,889900,983100,957300,987900,1.0126e+06,1.0459e+06,1.086e+06,1.1206e+06,1.1561e+06,1.1917e+06,1.2281e+06,1.265e+06,1.3034e+06,1.347e+06,1.3785e+06,1.4189e+06,1.4572e+06,1.4976e+06,1.5378e+06,1.5863e+06,1.6248e+06,1.6686e+06,1.7143e+06,1.7566e+06,1.8016e+06,1.846e+06,1.8908e+06,2.024e+06,1.9847e+06,2.0389e+06,2.085e+06,2.1339e+06,2.1758e+06,2.2672e+06,2.7856e+06,2.3402e+06,2.3904e+06,2.4577e+06,2.4959e+06,2.5475e+06,2.5986e+06,2.6665e+06,2.7166e+06,2.774e+06
840,700,1700,3000,5000,7300,10300,13600,17600,21900,27000,23200,40400,46800,53100,62200,76900,77000,85400,95100,105400,127100,127700,139800,152400,228900,179000,193200,206500,297300,242200,250000,275400,284000,311600,322300,342000,373500,380500,408500,436600,457800,480400,495700,519300,551200,576000,601400,633200,654300,692600,712900,737300,765800,829000,1.0427e+06,877600,888100,921900,947600,979000,1.0182e+06,1.0501e+06,1.0874e+06,1.1145e+06,1.1491e+06,1.196e+06,1.2279e+06,1.265e+06,1.3036e+06,1.3402e+06,1.385e+06,1.404e+06,1.4573e+06,1.5045e+06,1.5528e+06,1.5861e+06,1.6226e+06,1.6718e+06,1.728e+06,1.8547e+06,1.9228e+06,1.954e+06,2.1202e+06,2.2455e+06,2.2289e+06,2.4193e+06,2.2694e+06,2.3791e+06,2.2247e+06,2.3408e+06,2.3151e+06,2.5255e+06,2.7519e+06,2.7364e+06,2.8658e+06,2.9455e+06,2.8796e+06,2.9195e+06,3.1166e+06,3.3134e+06
841,700,1700,3100,4900,7300,10200,13600,32700,21900,26900,32500,38400,44900,51800,59400,67500,85000,85300,95200,105500,116500,128200,152000,152200,165300,187000,193100,208000,231000,239000,263600,272600,277400,283700,322100,357000,365600,386000,413900,435300,450200,472500,503900,526700,550300,575300,600600,626200,652600,679800,707300,735600,763700,801900,822700,859800,883500,921300,946900,986300,1.019e+06,1.052e+06,1.0798e+06,1.2753e+06,1.3169e+06,1.3291e+06,1.4975e+06,1.5424e+06,1.5874e+06,1.5606e+06,1.6181e+06,1.7083e+06,1.7316e+06,1.856e+06,1.8843e+06,1.9101e+06,2.106e+06,2.079e+06,1.8674e+06,1.8614e+06,2.0395e+06,2.0367e+06,2.032e+06,2.0008e+06,2.0394e+06,2.0665e+06,2.09e+06,2.1415e+06,2.1965e+06,2.3021e+06,2.696e+06,2.9317e+06,2.9775e+06,3.0586e+06,2.9077e+06,3.2049e+06,3.2917e+06,3.2281e+06,3.4087e+06,3.4678e+06
842,800,2100,3200,5100,7400,10400,13800,17700,22200,27900,34100,40400,61300,53400,60400,67700,76200,96900,95000,105300,116300,127700,147500,152300,165200,186100,220200,208000,231900,239100,262700,272400,297300,308000,334100,352900,365700,393100,413900,428200,457800,480000,513000,498100,551300,575100,613400,634900,653800,679400,706700,734900,763400,799200,822400,858400,883400,920900,947700,985400,1.1638e+06,1.3017e+06,1.3302e+06,1.376e+06,1.4194e+06,1.4524e+06,1.5043e+06,1.2904e+06,1.311e+06,1.3473e+06,1.3795e+06,1.418e+06,1.4639e+06,1.4979e+06,1.5452e+06,1.5887e+06,1.6958e+06,3.053e+06,1.7371e+06,1.7565e+06,1.8006e+06,1.8453e+06,1.8968e+06,1.9896e+06,1.9845e+06,2.3067e+06,2.5248e+06,2.57e+06,2.8011e+06,2.7945e+06,2.8636e+06,2.9213e+06,3.0214e+06,3.2571e+06,3.3081e+06,3.4816e+06,3.4677e+06,3.3253e+06,3.4942e+06,3.4436e+06
843,900,2100,3200,5000,7400,10300,13700,17700,22000,20800,33200,38800,39800,46400,53400,62500,76100,80600,89200,100300,168900,128400,140200,152200,166700,178900,193100,218900,223400,239200,255500,272500,290000,319900,326600,352900,365400,393000,417500,435900,450000,479600,503000,751600,552800,568300,600800,627200,653300,680000,707600,735600,764000,793700,850900,853000,889900,914600,952800,980800,1.0137e+06,1.0531e+06,1.0864e+06,1.121e+06,1.1563e+06,1.1581e+06,1.3135e+06,1.2654e+06,1.3021e+06,1.3406e+06,1.4435e+06,1.5717e+06,1.5883e+06,1.5614e+06,1.5798e+06,1.5821e+06,1.6283e+06,1.6736e+06,1.7129e+06,1.7568e+06,1.8008e+06,1.8538e+06,1.899e+06,1.9385e+06,2.3556e+06,2.2384e+06,2.2661e+06,2.6711e+06,2.8024e+06,2.8092e+06,3.904e+06,3.5022e+06,3.9889e+06,3.2778e+06,3.5031e+06,3.6393e+06,4.2999e+06,3.5462e+06,4.5093e+06,4.1988e+06
844,1000,2400,4300,6600,9600,13800,17000,21800,27400,33600,40700,65200,59800,69000,79200,90000,95600,127200,118900,131700,145400,160700,174500,190300,206600,259600,258600,293200,297900,318600,319400,340400,362100,396600,408300,443400,467900,482100,519500,545800,581300,600900,632400,649600,725200,757600,791200,817800,873100,853900,886100,920800,1.0188e+06,1.0142e+06,831900,955700,1.0097e+06,963400,1.1391e+06,1.1528e+06,1.068e+06,1.0555e+06,1.1745e+06,1.14e+06,1.1497e+06,1.1922e+06,1.2278e+06,1.2655e+06,1.309e+06,1.3402e+06,1.3792e+06,1.4263e+06,1.4678e+06,1.4957e+06,1.6302e+06,1.7447e+06,2.0249e+06,2.052e+06,2.1449e+06,2.2199e+06,2.4162e+06,2.3509e+06,2.3109e+06,2.3658e+06,2.512e+06,2.5402e+06,2.6045e+06,2.679e+06,2.7412e+06,2.8018e+06,2.8628e+06,2.9772e+06,2.8682e+06,2.9946e+06,3.118e+06,3.193e+06,3.2516e+06,3.455e+06,3.4497e+06,3.4075e+06
845,800,2200,4100,5400,7800,10900,14200,17500,21900,27900,33400,39900,46500,52700,73300,67500,76200,85400,95100,105500,116300,127800,139600,160000,166900,190900,204400,207900,223200,249800,255600,317500,300800,309200,326600,354800,373200,385800,414900,435200,456900,472500,502700,525900,551000,575000,600500,626200,653000,685700,706900,740200,763900,807500,830800,853100,889600,914600,953000,985400,1.0119e+06,1.0522e+06,1.0856e+06,1.1213e+06,1.174e+06,1.2624e+06,1.2336e+06,1.265e+06,1.3016e+06,1.3393e+06,1.3841e+06,1.4173e+06,1.4629e+06,1.497e+06,1.5437e+06,1.5793e+06,1.6266e+06,1.6702e+06,1.7123e+06,1.7552e+06,1.8011e+06,1.867e+06,1.8918e+06,1.9369e+06,1.9832e+06,2.029e+06,2.0834e+06,2.1218e+06,2.2457e+06,2.2269e+06,2.2772e+06,2.3258e+06,2.3785e+06,2.4207e+06,2.4833e+06,2.5327e+06,2.5883e+06,2.6402e+06,2.6994e+06,3.0628e+06
846,800,1900,3500,5900,9100,12600,17000,22100,27300,33500,40300,47800,56000,64900,74200,95700,95200,106500,118800,131700,157200,142600,140400,190900,235600,238500,188500,279400,279700,315300,319300,352800,362500,396400,408500,443700,467500,482400,519800,591500,574100,601500,619500,648900,722000,720900,753000,785200,773100,851600,886200,920500,977000,953000,1.0391e+06,1.0688e+06,1.1149e+06,1.108e+06,1.1934e+06,1.2302e+06,1.2529e+06,1.3079e+06,1.1831e+06,1.2843e+06,1.2492e+06,1.2228e+06,1.3803e+06,1.3324e+06,1.3103e+06,1.6158e+06,1.5793e+06,1.5692e+06,1.6092e+06,1.5848e+06,1.5943e+06,1.6551e+06,1.8305e+06,1.7758e+06,2.0627e+06,2.152e+06,2.1756e+06,2.2497e+06,2.407e+06,2.3737e+06,2.4494e+06,2.5428e+06,2.6068e+06,2.6267e+06,2.6884e+06,2.6806e+06,2.7713e+06,2.7522e+06,2.7471e+06,2.6975e+06,2.7866e+06,2.9907e+06,3.0765e+06,2.9709e+06,2.9597e+06,3.14e+06
847,800,1700,3100,4900,7400,10400,13700,17700,22100,27000,32500,53000,45000,52000,59500,67600,76200,85300,75000,106000,115300,128200,150800,152400,165200,187000,193100,207800,230400,239100,262500,272400,296900,308100,334000,345900,372600,392900,406800,428300,456900,479400,502900,527000,521800,576000,600500,626400,652800,679500,707200,741700,763200,793100,830500,852700,889200,915100,967500,1.0074e+06,1.0136e+06,1.0463e+06,1.0872e+06,1.1214e+06,1.1567e+06,1.1924e+06,1.2286e+06,1.2666e+06,1.3189e+06,1.3378e+06,1.3906e+06,1.4342e+06,1.4683e+06,1.5135e+06,1.5386e+06,1.5793e+06,1.628e+06,1.6643e+06,1.7148e+06,1.7575e+06,1.8013e+06,1.846e+06,1.891e+06,1.9359e+06,1.942e+06,2.0138e+06,2.0854e+06,2.5228e+06,2.6757e+06,3.5969e+06,2.8023e+06,2.918e+06,2.979e+06,2.8639e+06,2.7911e+06,2.7595e+06,2.7851e+06,3.0133e+06,2.993e+06,3.1063e+06
848,800,1700,3200,5300,7500,10200,13700,17700,22000,27000,32600,38600,45000,51900,59400,67500,76100,85300,95100,112100,133100,129400,141100,166700,165700,178800,202100,208000,223200,246300,255400,290800,290700,318400,335200,345900,373400,386000,406700,435200,460600,481100,502600,522700,551000,575000,600300,632200,652900,679600,769500,728700,757000,786400,815700,858300,923900,923900,959500,981400,1.02e+06,1.0535e+06,1.1248e+06,1.1331e+06,1.1668e+06,1.1939e+06,1.2281e+06,1.2642e+06,1.3025e+06,1.3407e+06,1.3783e+06,1.4185e+06,1.4891e+06,1.4978e+06,1.5449e+06,1.5882e+06,1.6224e+06,1.6791e+06,1.7157e+06,1.7625e+06,1.8108e+06,1.8485e+06,1.8996e+06,2.2259e+06,2.4027e+06,2.5763e+06,2.3911e+06,2.6793e+06,2.6858e+06,2.8581e+06,2.8634e+06,2.6922e+06,2.9346e+06,2.7244e+06,2.8379e+06,2.9941e+06,2.7986e+06,3.1926e+06,3.1292e+06,3.1824e+06
849,700,1700,3300,5400,7500,10300,13700,17700,22100,27000,32500,53300,45000,51900,59400,67500,76200,85200,103700,105400,116300,127800,146800,152300,165300,185800,193000,207900,230400,240600,271500,273600,291700,322800,327300,354600,373000,386000,413800,435200,450000,472800,502800,526200,550300,575100,600500,732600,654600,680200,714500,741100,764900,799100,822900,852600,890300,921100,946500,985800,1.0214e+06,1.0491e+06,1.0869e+06,1.1232e+06,1.167e+06,1.1917e+06,1.2276e+06,1.265e+06,1.3087e+06,1.3401e+06,1.3839e+06,1.424e+06,1.4588e+06,1.5079e+06,1.5403e+06,1.5867e+06,1.6282e+06,1.6656e+06,1.7129e+06,1.757e+06,1.8026e+06,1.8381e+06,1.8914e+06,1.9362e+06,1.9863e+06,2.046e+06,2.0772e+06,2.1308e+06,2.174e+06,2.2224e+06,2.2782e+06,2.3306e+06,2.3734e+06,2.432e+06,2.7699e+06,2.5373e+06,2.3167e+06,2.6479e+06,2.6955e+06,2.7607e+06
850,500,1400,2800,4600,7000,9900,13300,17400,21800,26800,39700,38200,44800,51900,59300,73700,76100,94700,95100,105200,119800,127700,139600,152100,165200,186100,193100,207700,230000,239100,262300,272500,297800,308000,337500,356300,365600,393300,413700,427900,450100,479400,576400,656800,555300,579800,603300,632600,654300,681500,714700,736600,781700,841300,825800,861600,886900,925100,1.1845e+06,1.2271e+06,1.2819e+06,1.3033e+06,1.3187e+06,1.4089e+06,1.171e+06,1.3244e+06,1.331e+06,1.4029e+06,1.4453e+06,1.3993e+06,1.39e+06,1.4451e+06,1.4666e+06,1.4982e+06,1.5446e+06,1.586e+06,1.6217e+06,1.6708e+06,1.7142e+06,1.7658e+06,1.8091e+06,1.8478e+06,2.1812e+06,2.2154e+06,2.2916e+06,2.4912e+06,2.5173e+06,2.6579e+06,2.6766e+06,2.6834e+06,2.8872e+06,2.9265e+06,2.7432e+06,2.7709e+06,2.9055e+06,3.1728e+06,3.2374e+06,3.3049e+06,3.4729e+06,3.4642e+06
851,900,2500,3500,6800,9600,12800,16900,21800,27300,33600,40600,48900,56100,64700,76500,101300,95700,106900,119000,142600,159400,159600,174800,208300,206700,223800,288600,259700,278900,298900,319400,352500,362400,384900,419400,434000,410800,497800,508500,547000,475600,605600,631500,660100,690000,721000,752500,661200,817800,853900,811200,928700,956500,961900,1.0407e+06,1.0194e+06,1.1125e+06,1.1301e+06,1.1281e+06,1.3526e+06,1.0479e+06,1.1266e+06,1.1688e+06,1.1958e+06,1.1674e+06,1.2523e+06,1.2066e+06,1.2524e+06,1.2895e+06,1.3603e+06,1.3891e+06,1.483e+06,1.5444e+06,1.5828e+06,1.6165e+06,1.6513e+06,1.6296e+06,1.663e+06,2.1303e+06,2.1442e+06,2.3456e+06,2.2232e+06,1.9691e+06,1.9387e+06,1.9871e+06,2.0392e+06,2.0864e+06,2.143e+06,2.1928e+06,2.5988e+06,2.8244e+06,2.7117e+06,2.7289e+06,2.8027e+06,2.8679e+06,2.9681e+06,3.2496e+06,3.3179e+06,3.2819e+06,3.3021e+06
852,700,2400,3200,5400,7800,10800,14200,17500,35600,26900,32500,38400,44800,51700,59300,67400,76000,86800,95700,105800,116300,127800,139600,152300,174900,179000,193200,215900,223400,247000,255500,280500,333900,342900,327700,347400,374600,393100,406700,427900,457700,479500,502800,526100,550400,574800,600300,625900,652700,679300,708500,738300,776800,798300,828600,852400,887100,914700,953000,979800,1.0193e+06,1.0523e+06,1.086e+06,1.1374e+06,1.157e+06,1.1928e+06,1.2284e+06,1.2659e+06,1.3023e+06,1.3411e+06,1.3852e+06,1.4179e+06,1.4736e+06,1.5122e+06,1.5946e+06,1.5831e+06,1.6309e+06,1.9675e+06,2.0911e+06,2.2191e+06,2.0561e+06,2.3246e+06,2.3787e+06,2.4455e+06,2.258e+06,2.2827e+06,2.404e+06,2.6279e+06,2.5037e+06,2.6831e+06,2.7663e+06,2.6962e+06,2.8105e+06,2.7635e+06,2.9013e+06,2.9168e+06,2.8973e+06,2.9614e+06,3.0216e+06,3.2976e+06
853,700,1900,3700,6300,9500,12500,14200,18400,25000,29900,35900,42800,49900,67900,62500,70900,80100,92100,100700,125700,122400,134300,147100,172600,174000,188300,213200,218800,231800,239100,255300,272300,298900,332500,337100,345800,374800,394900,415400,428000,478900,488500,513000,537800,561100,580100,601200,628400,652100,679400,716800,747800,780500,872400,904000,861300,883900,921300,952800,979300,1.0181e+06,1.0517e+06,1.0866e+06,1.1204e+06,1.1606e+06,1.1924e+06,1.2283e+06,1.2655e+06,1.3023e+06,1.3408e+06,1.3943e+06,1.423e+06,1.4398e+06,1.5478e+06,1.9775e+06,1.5671e+06,1.6372e+06,1.8351e+06,2.0103e+06,2.1318e+06,2.4089e+06,2.3288e+06,2.3674e+06,2.4236e+06,2.482e+06,2.6718e+06,2.6331e+06,2.635e+06,2.7262e+06,2.8026e+06,2.7675e+06,2.7026e+06,2.6368e+06,2.9225e+06,2.7664e+06,2.9103e+06,3.3738e+06,3.4135e+06,3.2828e+06,3.4998e+06
854,1000,2400,3800,7000,10400,10800,14400,18500,22500,41300,32700,38700,45000,52000,59400,67500,76100,97100,95100,105500,116300,135300,139700,152300,153900,179000,204100,207900,223200,255100,255500,279500,289900,309600,337300,346300,365500,394600,414800,428300,458200,480400,503600,527300,551400,576000,602800,627700,799400,851900,847900,871300,710800,868000,981800,1.0716e+06,1.0707e+06,1.1755e+06,1.0241e+06,1.1395e+06,1.1662e+06,1.0941e+06,1.1997e+06,1.1237e+06,1.1566e+06,1.1913e+06,1.228e+06,1.38e+06,1.453e+06,1.4644e+06,1.4128e+06,1.4292e+06,1.4655e+06,1.498e+06,1.5659e+06,1.5823e+06,1.6298e+06,1.6716e+06,1.7147e+06,2.1447e+06,2.2399e+06,2.5079e+06,2.3033e+06,2.3465e+06,2.4424e+06,2.5203e+06,2.5989e+06,2.6702e+06,2.7289e+06,2.6933e+06,2.9747e+06,2.9153e+06,2.9757e+06,2.7815e+06,2.5179e+06,2.5835e+06,2.6018e+06,2.6586e+06,2.7069e+06,3.1134e+06
855,700,1800,3300,5100,7300,10100,13600,17500,21800,26800,32500,38400,58200,51900,59300,67300,75900,85100,104600,105400,116300,127500,153400,152100,165200,195000,193800,208300,235000,239100,264800,272200,299300,308000,335700,358300,365500,394700,418300,437500,450000,481700,504600,528100,554200,631400,606600,628100,826600,802100,886400,923000,925100,994100,978200,1.0762e+06,1.1272e+06,922200,956800,1.0912e+06,1.1072e+06,1.0483e+06,1.0802e+06,1.1205e+06,1.1554e+06,1.1913e+06,1.2262e+06,1.2673e+06,1.3072e+06,1.3406e+06,1.379e+06,1.4245e+06,1.4575e+06,1.5128e+06,1.5384e+06,1.6139e+06,1.6328e+06,1.672e+06,1.7074e+06,1.7508e+06,1.7944e+06,1.8458e+06,1.9171e+06,1.9364e+06,1.9838e+06,2.0299e+06,2.0778e+06,2.1324e+06,2.1796e+06,2.2232e+06,2.2795e+06,2.3301e+06,2.3793e+06,2.4307e+06,2.4959e+06,2.5401e+06,2.5903e+06,2.6402e+06,2.7019e+06,2.7499e+06
856,500,1300,2700,4600,7000,10000,13300,17300,21800,26800,32400,38400,44900,52100,59400,67700,76300,73400,95200,105300,124600,127700,139600,152300,165200,178900,200400,208000,223300,253900,257600,284600,292000,317900,337600,347900,375800,396000,408700,438400,460400,482800,505700,529200,580600,578000,603600,629400,655600,682600,710000,744000,769000,803200,825900,856500,887100,925000,951300,989900,1.0231e+06,1.0495e+06,1.0839e+06,1.1442e+06,1.1685e+06,1.2027e+06,1.2396e+06,1.2758e+06,1.304e+06,1.3464e+06,1.3853e+06,1.4255e+06,1.4855e+06,1.5007e+06,1.5468e+06,1.5869e+06,1.9506e+06,2.1713e+06,2.2589e+06,1.9336e+06,2.4105e+06,2.4666e+06,2.5481e+06,2.4556e+06,2.4932e+06,2.4436e+06,2.5133e+06,2.7129e+06,2.7401e+06,2.7932e+06,2.9887e+06,2.9097e+06,2.9696e+06,3.0397e+06,3.1423e+06,3.0727e+06,3.1504e+06,3.3133e+06,3.2241e+06,3.2303e+06
857,900,2400,4100,5100,7300,10200,13700,17600,22000,26900,46700,34700,45400,52000,59300,55700,76200,88100,135400,106700,128500,128700,140400,153200,166200,179800,202400,208700,223900,248200,256300,281500,290900,317600,335900,346800,375800,394800,407700,437100,450400,472500,504100,568400,551900,575400,600200,626000,652900,686100,707100,735000,763600,799000,822700,874000,928800,924800,1.0548e+06,1.2284e+06,1.2576e+06,1.2955e+06,1.3185e+06,1.3526e+06,1.4461e+06,1.499e+06,1.5097e+06,1.3017e+06,1.51e+06,1.6529e+06,1.5261e+06,1.6029e+06,1.5465e+06,1.6186e+06,1.5959e+06,1.5822e+06,1.7094e+06,2.0933e+06,2.0267e+06,1.9652e+06,2.2015e+06,2.1056e+06,2.2843e+06,2.4369e+06,2.354e+06,2.2487e+06,2.4268e+06,2.4762e+06,2.7287e+06,2.8796e+06,2.9627e+06,2.9613e+06,2.9512e+06,3.0752e+06,3.1629e+06,3.1632e+06,3.1448e+06,3.3534e+06,3.3838e+06,3.3979e+06
858,1100,2000,5500,7100,10800,13800,17700,23000,28300,34400,41300,49200,57600,65800,75200,85300,110200,107500,119900,133700,146300,172700,175600,191200,219200,224600,243900,186100,207300,240700,257200,291200,290300,316800,326700,353000,372300,385700,413500,435000,449900,472500,502500,525900,549800,575600,592300,628600,653000,686000,707100,735300,763100,799300,822600,860800,884200,921000,947100,979300,999700,1.0527e+06,1.0866e+06,1.1215e+06,1.1496e+06,1.1859e+06,1.2278e+06,1.2646e+06,1.3026e+06,1.3402e+06,1.4169e+06,1.421e+06,1.4598e+06,1.4997e+06,1.546e+06,1.7379e+06,1.9586e+06,2.0729e+06,1.928e+06,2.1657e+06,2.2193e+06,2.2927e+06,2.2749e+06,2.478e+06,2.5153e+06,2.5529e+06,2.6185e+06,2.6827e+06,2.7564e+06,2.8159e+06,2.9138e+06,2.8424e+06,2.9282e+06,2.9132e+06,3.154e+06,3.2934e+06,3.3062e+06,3.3165e+06,3.3925e+06,3.3341e+06
859,800,1700,3200,5100,7400,10300,13700,17600,21800,26900,32600,38600,59200,51800,59400,82600,63200,85200,95100,105500,135800,195500,152400,152300,165400,187600,193200,207900,231700,239100,271000,272500,298800,308200,334500,353800,365700,394000,414400,427900,458500,480700,504100,627300,683700,721200,752900,784800,820000,852200,885600,866400,921700,930200,1.0299e+06,1.0761e+06,1.1064e+06,1.0978e+06,1.179e+06,1.2194e+06,1.2418e+06,1.2568e+06,1.202e+06,1.2402e+06,1.2863e+06,1.3317e+06,1.2561e+06,1.3234e+06,1.334e+06,1.3873e+06,1.509e+06,1.6294e+06,1.6049e+06,1.5087e+06,1.5465e+06,1.5805e+06,1.6287e+06,1.6711e+06,1.7131e+06,1.7581e+06,1.8063e+06,1.851e+06,2.3035e+06,2.3549e+06,2.4099e+06,2.4522e+06,2.0405e+06,2.7174e+06,2.7925e+06,2.7891e+06,2.8422e+06,2.9836e+06,3.034e+06,2.9631e+06,3.1217e+06,3.2e+06,3.2576e+06,3.3529e+06,3.4027e+06,3.4462e+06
860,600,1700,3300,6200,9300,14300,17800,24300,27400,33400,40300,47900,67300,64800,74200,84400,95100,106600,139300,150900,117900,129200,155400,153800,165800,193800,193200,207900,232200,239100,262700,272500,296900,308100,333700,345800,372500,397900,424500,438300,372700,464000,503400,526700,550500,575300,600200,626400,652600,679600,706900,734800,763700,826300,830300,853300,893100,916600,954500,986600,1.0131e+06,1.053e+06,1.1553e+06,1.1164e+06,1.1618e+06,1.2093e+06,1.24e+06,1.2699e+06,1.303e+06,1.3409e+06,1.3851e+06,1.418e+06,1.4806e+06,1.4978e+06,1.5453e+06,1.5808e+06,1.6234e+06,1.6804e+06,1.7137e+06,1.7569e+06,1.801e+06,1.8459e+06,1.8904e+06,1.9483e+06,1.983e+06,2.03e+06,2.0923e+06,2.1251e+06,2.18e+06,2.2294e+06,2.2838e+06,2.3271e+06,2.3893e+06,2.4297e+06,2.4827e+06,2.5402e+06,2.5872e+06,2.6905e+06,2.6955e+06,2.756e+06
861,500,1300,2600,4600,7000,9900,13300,17300,21800,34300,32100,32400,44600,51700,59200,67400,76100,93800,95000,105400,116200,134900,139700,164200,177500,181200,195300,219000,225300,280400,302700,284100,292000,318400,328700,355900,375300,388100,408800,438300,460100,483400,500700,527100,550700,577700,601300,627300,653300,687000,707500,736000,764200,799700,823300,859300,884300,925200,947200,1.069e+06,1.383e+06,1.0633e+06,1.0891e+06,1.1229e+06,1.1578e+06,1.1937e+06,1.4987e+06,1.5547e+06,1.6978e+06,1.6811e+06,1.7337e+06,1.7784e+06,1.8322e+06,1.8748e+06,2.1345e+06,2.0847e+06,2.03e+06,2.0913e+06,2.1443e+06,2.2033e+06,2.3128e+06,2.1121e+06,2.1829e+06,2.4362e+06,2.5064e+06,2.6232e+06,2.6881e+06,2.7243e+06,3.05e+06,3.719e+06,3.7622e+06,3.5382e+06,3.1524e+06,2.9691e+06,3.2179e+06,3.4045e+06,3.3486e+06,3.3688e+06,3.4598e+06,3.4701e+06
862,900,2200,3200,5100,7400,10300,13600,17500,22000,27000,32600,38500,46600,51800,46400,67500,76100,85300,107200,105400,116300,127700,139700,152100,165300,178900,193100,207800,232100,239000,262300,272400,296900,308100,333700,345900,372700,392800,415500,428100,463500,474600,491200,535100,559100,577900,601000,625900,652600,690000,706900,735000,763600,798700,822300,859200,880700,921100,947500,985300,1.0186e+06,1.0556e+06,1.4056e+06,1.3863e+06,1.3666e+06,1.409e+06,1.5165e+06,1.4756e+06,1.5885e+06,1.6566e+06,1.6715e+06,1.7369e+06,1.7791e+06,1.8418e+06,1.8843e+06,1.9291e+06,2.0099e+06,2.0432e+06,2.0435e+06,2.3831e+06,2.1834e+06,2.1723e+06,2.222e+06,2.1753e+06,2.2449e+06,2.5874e+06,2.8084e+06,2.7316e+06,2.7725e+06,2.8544e+06,2.9758e+06,2.9116e+06,2.9794e+06,3.0421e+06,3.2931e+06,3.1754e+06,3.238e+06,3.3129e+06,3.6556e+06,3.4294e+06
863,900,2200,3200,5300,7400,10300,13700,17400,35900,26900,32800,38600,45000,53500,60200,68000,76700,85200,93700,105300,116200,127600,147700,152100,165200,186100,193200,207800,230400,239000,262500,272300,296700,308000,333700,345800,372800,393100,406800,428100,456800,478100,510800,564400,544000,577300,603100,626700,652800,679500,706800,734800,770000,792500,822500,852900,944100,921400,978100,970400,1.0208e+06,1.0524e+06,1.0861e+06,1.1147e+06,1.1496e+06,1.1915e+06,1.2274e+06,1.2647e+06,1.4983e+06,1.2852e+06,1.3823e+06,1.4258e+06,1.5841e+06,1.8537e+06,1.8657e+06,1.9829e+06,1.965e+06,1.9944e+06,1.9123e+06,1.9476e+06,2.0882e+06,1.893e+06,1.9071e+06,2.0644e+06,2.2507e+06,2.3898e+06,2.1402e+06,2.435e+06,2.58e+06,2.6253e+06,2.5974e+06,2.7907e+06,2.7217e+06,2.8473e+06,2.8704e+06,2.8949e+06,2.6926e+06,3.1448e+06,3.1699e+06,2.9878e+06
864,700,1800,3300,5100,7300,10100,15000,18900,22900,27800,33300,39600,45700,52600,71300,68600,76300,85300,95100,116900,116200,127800,139900,160000,165400,179000,200400,208000,230400,239100,255500,279400,290000,308000,334100,346000,372800,394900,406800,435800,457700,490100,503000,526400,550600,575200,600500,626100,652600,679200,706800,741800,763500,788400,828900,853000,894800,914900,953400,979500,1.0125e+06,1.0518e+06,1.0859e+06,1.1206e+06,1.156e+06,1.1926e+06,1.2281e+06,1.2623e+06,1.3021e+06,1.3409e+06,1.379e+06,1.4183e+06,1.4646e+06,1.4978e+06,1.5449e+06,1.6866e+06,1.648e+06,1.666e+06,1.707e+06,1.7572e+06,1.8023e+06,1.845e+06,1.8931e+06,1.9395e+06,1.9821e+06,2.0355e+06,2.0849e+06,2.1303e+06,2.1749e+06,2.2394e+06,2.2777e+06,2.3332e+06,2.3796e+06,2.4291e+06,2.4964e+06,2.5547e+06,3.1052e+06,3.1097e+06,3.179e+06,3.3149e+06
865,1500,2300,3500,6200,9100,12700,18300,21800,28300,35800,40700,48400,56200,64700,74300,84400,95300,106500,119700,131800,145300,159600,185800,205700,206500,224000,294400,260200,292600,299500,331700,341100,374500,385900,421100,444100,457800,511700,520000,535400,574300,603900,631900,660800,703600,612200,753900,786000,818700,852800,894900,921700,957800,813300,851900,900900,897000,998200,1.0637e+06,1.2025e+06,1.221e+06,1.2152e+06,1.3723e+06,1.3879e+06,1.4054e+06,1.4397e+06,1.5374e+06,1.548e+06,1.6021e+06,1.6442e+06,1.699e+06,1.7266e+06,1.8108e+06,1.8461e+06,1.8905e+06,1.972e+06,1.9797e+06,2.1401e+06,2.1682e+06,2.2059e+06,2.3674e+06,2.3218e+06,2.3773e+06,2.4375e+06,2.535e+06,2.4444e+06,2.5528e+06,2.4446e+06,2.6062e+06,2.8262e+06,2.7368e+06,2.8383e+06,2.9379e+06,3.0111e+06,3.258e+06,3.1738e+06,3.2379e+06,3.3148e+06,3.3862e+06,3.4405e+06
866,900,2100,4100,7100,7500,10200,13600,17500,21900,26900,32600,38400,44900,51800,69400,67500,76100,85300,95200,105400,123800,127500,139500,159100,165100,178900,199900,208000,223200,248400,255600,279300,289900,314900,326700,368700,366300,396900,413900,435400,449900,479900,504400,526700,551000,578100,603300,626200,652600,679400,712900,735300,757200,482200,832300,852500,889900,915000,954500,985600,1.012e+06,1.052e+06,1.0858e+06,1.1206e+06,1.1563e+06,2.5254e+06,1.2322e+06,1.2665e+06,1.3038e+06,1.3413e+06,1.6312e+06,1.7227e+06,1.896e+06,1.5675e+06,1.5666e+06,1.5877e+06,1.6228e+06,1.68e+06,1.7151e+06,1.7741e+06,1.8014e+06,1.85e+06,1.8911e+06,1.9426e+06,1.9841e+06,2.0294e+06,2.0838e+06,2.1261e+06,2.1802e+06,2.2284e+06,2.2789e+06,2.3283e+06,2.3881e+06,2.431e+06,2.4842e+06,2.5341e+06,2.5881e+06,2.6932e+06,2.7023e+06,2.7516e+06
867,700,1800,3100,5000,7400,10100,13500,17500,22000,26900,32600,38500,44800,51700,69200,81800,76100,85700,95800,105500,167600,128100,140300,162200,165700,179300,202200,208300,223600,239500,256200,281000,290300,308600,335200,346400,373900,394000,407400,436500,459300,535700,635200,661100,690600,721400,752700,843300,903400,852400,886300,920500,908800,887400,976400,961400,1.1065e+06,1.1542e+06,1.1412e+06,975300,1.0845e+06,1.1331e+06,1.0996e+06,1.1318e+06,1.1582e+06,1.1922e+06,1.2281e+06,1.2651e+06,1.2981e+06,1.3412e+06,1.3793e+06,1.4307e+06,1.4581e+06,1.5036e+06,1.5383e+06,1.5853e+06,1.6277e+06,1.6729e+06,1.7171e+06,1.8947e+06,1.9328e+06,1.846e+06,1.8924e+06,1.9365e+06,1.9834e+06,2.0517e+06,2.0935e+06,2.1132e+06,2.1793e+06,2.2291e+06,2.2815e+06,2.3345e+06,2.3794e+06,2.4295e+06,2.4836e+06,2.5337e+06,2.6027e+06,2.6395e+06,2.6943e+06,2.7549e+06
868,600,1400,2800,4600,6900,9900,13300,17300,21700,34300,32300,38300,44800,51700,59300,67400,60100,87100,95100,105500,116200,127700,149900,152300,165400,187200,193300,207900,230200,239200,262600,272500,296900,308100,333900,352900,365600,392800,413700,428100,457000,500700,510300,531900,551500,576400,601100,627400,653400,680200,714100,735700,899700,801500,823300,859700,930100,923000,960500,981200,1.0204e+06,1.0545e+06,1.0874e+06,1.1223e+06,1.1517e+06,1.1934e+06,1.2298e+06,1.2676e+06,1.3036e+06,1.4381e+06,1.396e+06,1.4294e+06,1.4676e+06,1.5206e+06,1.6867e+06,1.5998e+06,1.6257e+06,1.6724e+06,1.7159e+06,1.7579e+06,1.802e+06,1.8609e+06,1.9073e+06,1.9661e+06,1.9874e+06,2.0385e+06,2.079e+06,2.1472e+06,2.1855e+06,2.249e+06,2.2895e+06,2.3399e+06,2.3898e+06,2.5233e+06,2.4896e+06,2.5365e+06,2.5974e+06,2.6594e+06,2.7154e+06,2.7624e+06
869,700,1700,3200,4900,7500,10300,27900,17700,22100,27100,32700,38800,45300,51900,59300,79400,75900,85200,95100,105300,124800,127700,139700,162600,165200,179000,201200,207900,223100,245900,255600,279400,277300,324100,344800,347500,380100,394900,406600,435100,456700,481000,502900,526400,553300,576300,600800,626000,658800,685500,706800,738700,769400,792500,822600,858700,883400,920900,952800,993300,1.0309e+06,1.06e+06,1.0953e+06,1.1242e+06,1.1586e+06,1.1934e+06,1.2302e+06,1.2664e+06,1.3104e+06,1.5805e+06,1.402e+06,1.5899e+06,1.7341e+06,1.8292e+06,1.8561e+06,1.7625e+06,1.6296e+06,2.0245e+06,2.147e+06,2.1993e+06,2.2247e+06,2.225e+06,2.2794e+06,2.4095e+06,2.4842e+06,2.5341e+06,2.5146e+06,2.5512e+06,2.7008e+06,2.8321e+06,2.7455e+06,2.802e+06,2.8742e+06,3.1681e+06,3.1653e+06,3.1829e+06,3.2608e+06,3.3383e+06,3.3832e+06,3.5169e+06
870,900,2100,3900,5400,7800,10600,13700,17500,21900,26900,32500,38700,58500,52000,59400,67500,76100,85200,104800,105200,116100,127800,149200,157300,165300,186700,193100,207900,230300,239100,263200,272400,296400,308000,334700,345800,365600,393100,413900,428100,456900,479800,502800,526100,550100,590200,601600,626500,652600,683500,706700,744400,764300,792900,828900,859400,890000,915100,959400,986800,1.0222e+06,1.0461e+06,1.08e+06,1.1527e+06,1.2524e+06,1.2882e+06,1.2296e+06,1.2653e+06,1.5839e+06,1.3453e+06,1.3868e+06,1.4675e+06,1.6214e+06,1.6551e+06,1.6816e+06,1.5971e+06,1.6295e+06,1.671e+06,1.7061e+06,1.7636e+06,1.802e+06,1.8478e+06,1.8924e+06,1.9435e+06,1.988e+06,2.0254e+06,2.0868e+06,2.1253e+06,2.1812e+06,2.2286e+06,2.273e+06,2.3286e+06,2.3684e+06,2.443e+06,2.5921e+06,2.5413e+06,2.5897e+06,2.6593e+06,2.6978e+06,2.769e+06
871,700,1800,3300,5000,7300,10200,13500,17400,21800,26900,32400,38300,44800,54000,60800,68600,77000,86200,95400,105300,128000,127500,139600,152100,173300,178900,193100,215300,223200,246100,255700,279400,290100,315100,326800,352700,373400,385900,413600,435400,457400,472500,502400,526100,556400,581000,600500,626000,658700,679500,706900,737900,769700,792600,822100,858300,883300,920800,980300,980400,1.0217e+06,1.055e+06,1.0865e+06,1.1219e+06,1.1495e+06,1.1915e+06,1.2279e+06,1.2657e+06,1.3021e+06,1.3439e+06,1.4172e+06,1.4291e+06,1.4579e+06,1.5036e+06,1.5382e+06,1.5869e+06,1.6289e+06,1.7699e+06,1.7333e+06,1.7533e+06,1.7969e+06,2.0718e+06,2.1912e+06,2.4365e+06,2.5188e+06,2.525e+06,2.6266e+06,2.6794e+06,2.7497e+06,2.7759e+06,2.7705e+06,2.6371e+06,2.8492e+06,2.7917e+06,2.9728e+06,2.9207e+06,2.9881e+06,3.4034e+06,3.3933e+06,3.4422e+06
872,800,2100,3300,5100,7300,10300,13800,17700,22100,27000,32700,38500,45000,51900,68700,67500,76100,85200,95100,93400,116300,116600,139700,161800,165300,179000,200500,208000,230300,239100,255700,279700,290200,308200,333700,346000,374100,393000,406800,435100,457200,479800,502700,526500,550300,576100,605100,627900,653300,679500,706800,734800,764200,793100,828800,852500,889500,914400,953400,987500,936100,1.0575e+06,1.0867e+06,1.1294e+06,1.1802e+06,1.1941e+06,1.2281e+06,1.2656e+06,1.3021e+06,1.3411e+06,1.3725e+06,1.4218e+06,1.4807e+06,1.6206e+06,1.7172e+06,1.8298e+06,1.8358e+06,1.7193e+06,1.8632e+06,1.979e+06,2.0825e+06,2.0951e+06,2.1701e+06,2.0287e+06,2.0652e+06,2.2502e+06,2.3286e+06,2.2956e+06,2.3212e+06,2.5959e+06,2.7698e+06,2.8122e+06,2.7641e+06,2.83e+06,2.8214e+06,2.8331e+06,3.235e+06,3.3156e+06,3.2907e+06,3.4483e+06
873,700,1700,3400,5800,8900,12600,17000,25500,28300,34100,40700,48300,60600,69400,74400,84400,95100,106600,133100,131700,145400,173200,193200,190800,206800,237700,241300,259900,390800,302700,351100,340400,295600,309500,350200,359500,379100,386500,415400,436300,458100,480800,495900,519200,551300,584500,595000,619600,650700,689400,717000,790500,825700,803300,831900,853200,889700,932400,953700,985700,1.0131e+06,1.0551e+06,1.0867e+06,1.1211e+06,1.1559e+06,1.1918e+06,1.228e+06,1.2655e+06,1.3077e+06,1.3465e+06,1.38e+06,1.4007e+06,1.4659e+06,1.4985e+06,1.5442e+06,1.5857e+06,1.6407e+06,1.664e+06,1.7141e+06,1.7581e+06,1.9462e+06,2.0915e+06,2.098e+06,2.2131e+06,2.2738e+06,2.3242e+06,2.3567e+06,2.2025e+06,2.6109e+06,2.6944e+06,2.7362e+06,2.7809e+06,2.8454e+06,2.9189e+06,3.1247e+06,3.1916e+06,3.2439e+06,3.3117e+06,3.412e+06,3.5215e+06
874,800,2200,3900,6600,7500,10200,13600,17400,21900,26800,32400,38400,44900,51700,59300,77300,76100,85200,96600,107000,117700,130000,141100,163000,165600,178700,202000,208000,223300,239100,255400,279700,290000,315000,333800,345900,372600,392900,406600,434700,457000,479200,485500,532500,543600,568100,625900,628900,654800,681000,707900,742700,764600,793600,829700,886400,892500,915500,954600,1.003e+06,1.013e+06,1.0522e+06,1.086e+06,1.1209e+06,1.1557e+06,1.1919e+06,1.2285e+06,1.2648e+06,1.302e+06,1.3549e+06,1.3853e+06,1.4317e+06,1.4583e+06,1.508e+06,1.5474e+06,1.5817e+06,1.6445e+06,1.6751e+06,1.7145e+06,1.7575e+06,1.8023e+06,1.8458e+06,1.8915e+06,1.9761e+06,1.9913e+06,2.0367e+06,2.0848e+06,2.2453e+06,2.1757e+06,2.2991e+06,2.2388e+06,2.3354e+06,2.3833e+06,2.4342e+06,2.4863e+06,2.5439e+06,2.5906e+06,2.6738e+06,2.7069e+06,3.2166e+06
875,900,2000,3800,6100,9600,13400,17900,23200,29000,35700,43300,51500,59900,69200,79200,90000,101400,113800,96800,106100,117900,143600,141600,154000,165900,179500,193200,209600,224600,240400,271800,272900,302300,308000,334400,345900,365500,392700,413500,428100,461200,489300,505800,529400,551000,575500,601800,627000,693400,679000,711100,731300,764200,787500,820500,845700,887100,911300,944900,983900,1.0565e+06,1.1006e+06,1.164e+06,1.2626e+06,1.2661e+06,1.1997e+06,1.2286e+06,1.265e+06,1.3021e+06,1.3467e+06,1.3718e+06,1.4312e+06,1.4636e+06,1.4975e+06,1.5462e+06,1.5864e+06,1.6217e+06,1.664e+06,1.713e+06,1.7584e+06,1.8009e+06,1.852e+06,1.891e+06,1.9379e+06,1.983e+06,2.0311e+06,2.3023e+06,2.3866e+06,2.5137e+06,2.5548e+06,2.5879e+06,2.5185e+06,2.5452e+06,2.6554e+06,2.8485e+06,2.8264e+06,2.8773e+06,3.1702e+06,3.2832e+06,3.3208e+06
876,600,1500,4000,5800,7700,10700,14200,17600,22100,41200,32600,38600,44900,51800,59600,67500,76100,102500,96400,106000,116800,137100,139700,152200,165200,189100,193200,215400,223300,238900,263200,249800,308600,318600,326700,352800,365600,393000,413900,435100,450200,479500,502800,526400,550500,574900,600400,626000,661600,679500,650800,715900,765300,794100,828800,852700,889400,914800,953000,985700,1.0122e+06,1.0692e+06,1.1292e+06,1.1454e+06,1.1575e+06,1.1924e+06,1.2295e+06,1.2671e+06,1.3032e+06,1.3472e+06,1.3806e+06,1.4235e+06,1.4792e+06,1.7435e+06,1.8729e+06,1.9377e+06,1.9662e+06,2.0222e+06,2.1712e+06,2.0691e+06,2.2525e+06,2.3102e+06,2.376e+06,2.4147e+06,2.4209e+06,2.5558e+06,2.544e+06,2.7187e+06,2.7773e+06,2.8126e+06,2.8799e+06,2.9054e+06,2.9974e+06,3.0863e+06,3.1183e+06,3.2665e+06,3.2748e+06,3.3235e+06,3.3799e+06,3.4954e+06
877,900,2100,3900,5300,7600,10200,13600,17500,21900,26900,32400,38800,44900,51800,70900,67600,76200,85200,95100,114200,116300,127600,178700,153900,165900,179400,193100,217200,223200,239100,255600,272600,297100,315400,326700,353100,365700,392900,395700,437700,458200,480000,503000,526300,591400,577300,601900,627300,653600,680500,708200,742100,764400,793200,864900,853000,889500,914600,963600,987400,1.0128e+06,1.0522e+06,1.0866e+06,1.121e+06,1.1558e+06,1.1919e+06,1.2286e+06,1.2692e+06,1.3224e+06,1.3462e+06,1.3787e+06,1.418e+06,1.4653e+06,1.4979e+06,1.5444e+06,1.5339e+06,1.6278e+06,1.6601e+06,1.7135e+06,1.7584e+06,1.8018e+06,1.8462e+06,1.8967e+06,1.9383e+06,1.9936e+06,2.2388e+06,2.2615e+06,2.4487e+06,2.4538e+06,2.3617e+06,2.7631e+06,2.8141e+06,2.864e+06,3.0309e+06,3.0974e+06,3.1185e+06,3.135e+06,3.1668e+06,3.4774e+06,3.8127e+06
878,900,1900,3600,5800,8800,12300,16800,21800,27400,33600,40300,47800,55800,64600,74200,104200,61900,87000,96700,122300,116900,128100,139700,161700,165400,178900,200700,207800,230100,239100,255600,279400,290000,308000,333500,345800,372600,392700,406700,443300,465900,482600,509900,529600,551300,575300,600400,626200,652900,679800,707200,741400,763300,787300,829700,853000,888500,915500,953500,985700,1.0124e+06,1.0516e+06,1.0864e+06,1.1207e+06,1.1562e+06,1.2073e+06,1.3266e+06,1.4648e+06,1.3067e+06,1.3493e+06,1.3802e+06,1.4191e+06,1.458e+06,1.7106e+06,1.9248e+06,1.9919e+06,1.7843e+06,1.9291e+06,1.9535e+06,1.9397e+06,2.0838e+06,2.0551e+06,1.9403e+06,2.0046e+06,2.0176e+06,2.0411e+06,2.0944e+06,2.1331e+06,2.19e+06,2.2414e+06,2.291e+06,2.3393e+06,2.3902e+06,2.4423e+06,2.5048e+06,2.5508e+06,2.5986e+06,2.6609e+06,2.7152e+06,2.767e+06
879,700,1800,3000,5000,7400,10300,13800,17600,22000,27000,47100,39700,46400,53600,60800,68400,76600,85500,95200,106200,116300,127500,139700,152300,173300,179000,193100,215100,223200,246100,255600,279600,289900,315200,326800,352800,373000,385800,413800,435800,458300,472700,503400,503400,550900,575300,600400,626000,652400,683700,708300,735400,763600,792700,828600,840900,978800,915000,955400,987000,1.0133e+06,1.0529e+06,1.0867e+06,1.1217e+06,1.1567e+06,1.1925e+06,1.2289e+06,1.5027e+06,1.6427e+06,1.6894e+06,1.7273e+06,1.7637e+06,1.8076e+06,1.8759e+06,2.0602e+06,1.9342e+06,2.0045e+06,2.1027e+06,2.1586e+06,2.5764e+06,2.2151e+06,2.3111e+06,2.368e+06,2.4287e+06,2.6215e+06,2.5136e+06,2.602e+06,2.6678e+06,2.6404e+06,2.7843e+06,2.7682e+06,2.884e+06,3.0058e+06,3.0091e+06,2.8991e+06,3.1177e+06,3.0182e+06,3.2002e+06,3.1611e+06,2.9969e+06
880,700,1000,3300,5000,7300,10400,13700,17700,22100,27100,32600,38600,44900,52000,59500,76500,76200,85400,95200,105400,123900,127800,139900,152500,172500,179100,204000,222300,223200,248000,255900,280800,290400,316700,327100,354200,381900,386700,420900,437800,457600,479900,495800,526700,550400,574900,600200,635700,658800,679800,706800,735100,769600,793600,822200,881600,887800,915700,954600,982000,1.0423e+06,1.0548e+06,1.0882e+06,1.1227e+06,1.1586e+06,1.1939e+06,1.2449e+06,1.2706e+06,1.3197e+06,1.3752e+06,1.3942e+06,1.4196e+06,1.4648e+06,1.4989e+06,1.5792e+06,1.8937e+06,2.0293e+06,2.1345e+06,2.1448e+06,2.2006e+06,2.2548e+06,2.3285e+06,2.3665e+06,2.3857e+06,2.3839e+06,2.5652e+06,2.6957e+06,3.0186e+06,3.1054e+06,2.8008e+06,2.882e+06,2.9268e+06,3.0445e+06,3.054e+06,3.1218e+06,3.2584e+06,3.2299e+06,3.3201e+06,3.4523e+06,3.4623e+06
881,800,1900,3600,6200,9100,12800,18000,23000,25000,42800,33700,39100,45400,52200,59400,67500,76100,99500,104100,162600,118100,127900,139900,152500,165700,189100,193900,216600,224200,240500,264600,272700,300900,308500,335200,354400,366200,394300,415400,428700,455600,594900,630800,621700,650200,722300,753800,636500,760400,693300,834000,738100,764100,798700,822500,858600,883400,920700,946600,997100,1.0188e+06,1.0527e+06,1.0801e+06,1.1208e+06,1.1562e+06,1.1917e+06,1.228e+06,1.2797e+06,1.3046e+06,1.3422e+06,1.3792e+06,1.4302e+06,1.4588e+06,1.5036e+06,1.5388e+06,1.5796e+06,1.6279e+06,1.671e+06,1.7136e+06,1.757e+06,1.8038e+06,1.8472e+06,1.8995e+06,1.9364e+06,1.994e+06,2.031e+06,2.0768e+06,2.1265e+06,2.1795e+06,2.2226e+06,2.2872e+06,2.3292e+06,2.3837e+06,2.4333e+06,2.4831e+06,2.5407e+06,2.5939e+06,2.6471e+06,2.6987e+06,2.7609e+06
882,600,1300,2700,4600,7000,10000,13200,17200,21700,26700,32200,38300,44800,51800,59400,67400,76000,85300,102300,105200,116300,127600,147200,152200,165200,186200,193000,207800,230100,239000,262500,272600,296700,308800,337000,354300,366600,395500,415300,438300,459200,479700,502400,526500,550300,574800,600300,626100,652600,680100,707300,735300,765200,792800,822400,878700,889700,915400,953000,985500,1.0123e+06,1.0456e+06,1.0864e+06,1.1211e+06,1.1525e+06,1.1949e+06,1.2438e+06,1.2777e+06,1.3126e+06,1.3437e+06,1.3805e+06,1.4256e+06,1.4603e+06,1.5062e+06,1.7311e+06,1.5921e+06,1.6287e+06,1.6653e+06,1.708e+06,1.7578e+06,1.8021e+06,1.8379e+06,1.8983e+06,1.9378e+06,1.983e+06,2.0365e+06,2.0758e+06,2.1319e+06,2.1796e+06,2.4653e+06,2.2813e+06,2.3323e+06,2.3826e+06,2.4385e+06,2.4856e+06,2.9299e+06,2.605e+06,2.6526e+06,2.7376e+06,2.7633e+06
883,700,2200,3900,6000,8700,11700,15100,18800,23300,28500,33900,39900,46500,53400,60900,69100,77700,87100,107100,106800,118000,129700,141400,153500,166200,196200,194100,245700,240300,240600,271800,274200,305900,308500,327100,353200,365700,392900,413700,435200,450000,479800,514600,527500,550400,575000,605900,627300,653000,679100,712800,734900,763600,798700,822300,852500,883500,939300,1.0532e+06,996600,1.0347e+06,1.1075e+06,1.09e+06,1.1215e+06,1.1559e+06,1.1917e+06,940500,1.282e+06,1.3039e+06,1.3134e+06,1.5013e+06,1.7354e+06,1.7695e+06,1.8241e+06,1.8787e+06,1.8227e+06,1.9809e+06,1.8541e+06,2.0793e+06,2.133e+06,2.1327e+06,2.0646e+06,2.1651e+06,1.9407e+06,2.1978e+06,2.1437e+06,2.5235e+06,2.5659e+06,2.6707e+06,2.7981e+06,2.9024e+06,2.9052e+06,2.9441e+06,2.9274e+06,2.9974e+06,3.0502e+06,3.3754e+06,3.3548e+06,3.3948e+06,3.4568e+06
884,700,2900,4400,6700,9000,12600,16800,21700,27500,30500,40900,51800,59900,64800,74200,84300,106900,106600,95100,105300,116300,138400,174500,192500,224200,180600,197200,209600,238100,240600,271900,272800,299700,308000,334100,352700,365400,392800,413700,427800,457300,479400,502900,526000,515200,582900,601600,627300,653700,687000,708000,735800,764600,801500,823400,859700,944700,1.1146e+06,1.2446e+06,1.2155e+06,1.2408e+06,1.27e+06,1.3106e+06,1.3841e+06,1.3461e+06,1.3263e+06,1.3667e+06,1.5132e+06,1.361e+06,1.3424e+06,1.3806e+06,1.4199e+06,1.4656e+06,1.668e+06,1.5409e+06,1.6382e+06,1.6306e+06,1.672e+06,1.7091e+06,1.7588e+06,1.8031e+06,1.8479e+06,1.9396e+06,1.8987e+06,1.9935e+06,2.0328e+06,2.1928e+06,2.1282e+06,2.185e+06,2.2424e+06,2.291e+06,2.3408e+06,2.4021e+06,2.7496e+06,2.4952e+06,2.5454e+06,2.6175e+06,2.6524e+06,2.7115e+06,2.7612e+06
885,700,1800,3200,5400,7500,10300,13700,17600,22100,27800,33500,39800,46400,52500,59900,80800,76100,85300,95100,105400,126300,127600,139600,154800,165400,191000,193500,224600,225900,241000,267200,274200,291600,318100,328200,355900,375200,396900,417000,438900,459800,474500,497400,528900,553100,577600,603400,629200,661700,682500,716900,738400,773100,796100,832000,865500,886900,924000,949900,981300,1.0218e+06,1.0554e+06,1.0883e+06,1.1172e+06,1.1519e+06,1.1983e+06,1.2306e+06,1.5524e+06,1.3047e+06,1.3426e+06,1.3856e+06,1.4259e+06,1.4593e+06,1.5241e+06,1.5501e+06,1.5967e+06,1.6409e+06,1.6822e+06,1.7239e+06,1.7849e+06,1.8114e+06,1.8663e+06,1.8932e+06,1.9374e+06,1.9892e+06,2.0547e+06,2.086e+06,2.1276e+06,2.183e+06,2.2322e+06,2.2766e+06,2.3257e+06,2.388e+06,2.4436e+06,2.4954e+06,2.5562e+06,2.6058e+06,2.6537e+06,2.7121e+06,2.8431e+06
886,1000,2100,3700,6400,9400,11400,15100,19100,23400,28300,34100,40000,47000,53500,60800,68900,77400,86700,97200,115800,117500,129100,141000,152200,166600,180300,203000,218800,237200,255300,257200,285200,291300,308100,337400,347200,375900,396200,408300,438300,460500,482600,505800,529800,553300,578300,603700,642000,667800,682800,709000,735500,764500,793700,822100,853600,890300,916000,947500,1.0379e+06,1.0365e+06,1.1013e+06,1.1623e+06,1.2159e+06,1.2576e+06,1.2774e+06,1.2692e+06,1.2829e+06,1.3061e+06,1.3566e+06,1.3848e+06,1.4207e+06,1.4654e+06,1.4997e+06,1.6332e+06,1.5863e+06,1.7664e+06,1.8035e+06,1.7407e+06,1.7896e+06,1.803e+06,1.8469e+06,1.8932e+06,2.043e+06,2.2121e+06,2.1938e+06,2.3101e+06,2.4599e+06,2.4175e+06,2.3763e+06,2.3403e+06,2.4036e+06,2.4844e+06,2.4328e+06,2.5474e+06,2.5443e+06,2.6472e+06,2.9977e+06,3.3924e+06,3.4895e+06
887,1000,2700,4600,6900,9900,13300,18000,23100,28700,34900,33600,39300,45300,52300,59400,67400,76100,95200,95000,122400,117900,129000,155300,152600,165700,188100,193100,207900,230400,249000,251900,282100,287200,316000,327700,346000,368000,392900,402500,430800,451800,475600,531400,528600,560000,578700,601500,626500,648000,686100,758000,744600,765200,794800,830600,854300,891700,916300,957800,983400,1.0198e+06,1.059e+06,1.1143e+06,1.3577e+06,1.1631e+06,1.1916e+06,1.2313e+06,1.2653e+06,1.3021e+06,1.3475e+06,1.3943e+06,1.4188e+06,1.4578e+06,1.4996e+06,1.5382e+06,1.5868e+06,1.6223e+06,1.6661e+06,1.7135e+06,1.7571e+06,1.8021e+06,1.8463e+06,1.8907e+06,1.9375e+06,1.9832e+06,2.0804e+06,2.0831e+06,2.1324e+06,2.1755e+06,2.2315e+06,2.2801e+06,2.3545e+06,2.3831e+06,2.4327e+06,2.4841e+06,2.5443e+06,2.7093e+06,2.6775e+06,2.7081e+06,2.7659e+06
888,700,1700,3400,4100,6200,10800,14300,30300,22200,27100,32500,38900,45000,51900,59600,67500,85500,85300,95200,105400,116400,135200,139600,152300,172600,179100,193100,215500,223400,246200,255500,283600,290000,315300,326700,363300,457900,557400,522200,525000,562400,602500,630600,660000,664900,713800,708900,787800,827500,860000,885800,921000,960100,1.0007e+06,969400,1.0455e+06,1.0588e+06,1.1457e+06,1.1162e+06,1.1808e+06,1.1913e+06,1.2276e+06,1.3269e+06,1.4032e+06,1.3921e+06,1.4416e+06,1.4859e+06,1.541e+06,1.6302e+06,1.639e+06,1.6952e+06,1.7164e+06,1.7765e+06,1.8247e+06,1.9021e+06,1.9088e+06,1.8053e+06,2.1628e+06,1.7165e+06,1.7583e+06,1.8028e+06,1.8565e+06,1.9031e+06,1.9477e+06,2.4197e+06,2.293e+06,2.4031e+06,2.4719e+06,2.8443e+06,2.8164e+06,2.8645e+06,3.0632e+06,3.0642e+06,3.0206e+06,3.1193e+06,3.1785e+06,3.2424e+06,3.3139e+06,3.3752e+06,3.549e+06
889,800,2400,4000,6700,7700,10200,13600,17500,22000,26900,46700,38700,45000,51900,59400,67400,91800,86100,112400,105300,116400,129300,141300,174600,165600,189500,193200,215200,223300,239100,262700,272500,296800,308000,326600,352900,365300,392800,414000,435000,450100,480100,507700,529900,556600,578200,602200,633900,653600,680600,707900,736200,770800,796000,830100,855900,890600,921200,1.0428e+06,1.226e+06,1.2366e+06,1.2981e+06,1.3237e+06,1.3667e+06,1.4475e+06,1.4689e+06,1.5461e+06,1.5845e+06,1.6306e+06,1.6525e+06,1.7104e+06,1.7778e+06,1.79e+06,1.943e+06,1.8327e+06,1.8678e+06,1.9078e+06,1.6653e+06,1.7086e+06,1.7587e+06,2.0223e+06,1.9966e+06,2.2005e+06,2.2677e+06,2.5298e+06,2.5529e+06,2.6564e+06,2.6838e+06,2.7826e+06,2.7934e+06,2.8555e+06,2.9057e+06,2.9134e+06,3.0473e+06,3.1073e+06,3.139e+06,3.3282e+06,3.3438e+06,3.4279e+06,3.4517e+06
890,800,2100,3300,5000,7300,10200,13600,17500,22100,27000,32700,38400,44800,53400,60100,68000,95100,106700,118800,131700,199100,159400,174500,204000,206400,223700,319300,207900,293200,318700,331800,340500,374400,385000,419400,359600,375700,386400,415300,435900,458000,472900,495800,527000,551400,575900,599900,627300,660400,680500,707600,765000,976500,995800,1.0308e+06,1.0677e+06,1.1064e+06,1.1451e+06,1.1961e+06,1.1515e+06,1.275e+06,1.3737e+06,1.3605e+06,1.403e+06,1.4474e+06,1.492e+06,1.537e+06,1.4845e+06,1.3879e+06,1.4376e+06,1.47e+06,1.5838e+06,1.6095e+06,1.6365e+06,1.5453e+06,1.9333e+06,2.0207e+06,2.0903e+06,2.0948e+06,2.1981e+06,2.267e+06,2.3101e+06,2.3659e+06,2.4233e+06,2.4909e+06,2.5408e+06,2.577e+06,2.6131e+06,2.6122e+06,2.9628e+06,2.8506e+06,2.8864e+06,3.2604e+06,2.913e+06,3.0244e+06,3.1909e+06,3.2837e+06,3.3338e+06,3.3838e+06,3.4116e+06
891,1100,2000,4500,5600,7400,10100,14000,17600,21900,26800,32400,38400,44800,51700,59300,67400,76000,94300,94900,105300,116300,127600,139700,152200,165200,186000,193200,208000,223100,239100,243100,274200,306000,309800,343400,355800,366400,394100,414800,428100,457500,479800,503100,526300,550900,575600,600500,634400,654400,682900,707700,741600,763900,785200,826100,852700,883600,914500,953300,987800,1.0187e+06,1.0615e+06,1.0859e+06,1.1206e+06,1.1568e+06,1.1917e+06,1.2769e+06,1.4281e+06,1.4257e+06,1.4741e+06,1.397e+06,1.4224e+06,1.4642e+06,1.4974e+06,1.556e+06,1.5855e+06,1.6226e+06,1.6651e+06,1.7243e+06,1.7573e+06,1.8015e+06,1.8453e+06,1.8898e+06,1.9372e+06,1.9834e+06,2.0352e+06,2.0776e+06,2.1379e+06,2.1742e+06,2.2301e+06,2.278e+06,2.3375e+06,2.3786e+06,2.4299e+06,2.4813e+06,2.5057e+06,2.5989e+06,2.7944e+06,2.7043e+06,2.7583e+06
892,700,2200,3400,5400,7700,10700,14300,18200,22900,27800,33200,38900,45400,51800,59400,67400,75900,85100,95000,107300,117600,139500,140600,153000,174900,179800,194000,217000,223900,248400,256400,281700,290700,317100,327500,355300,375100,397400,427500,437800,441300,485600,495600,519000,550500,574900,600400,626100,652600,679500,706900,735000,769400,792600,804200,890300,886200,923600,956900,981800,1.0218e+06,1.053e+06,1.087e+06,1.1216e+06,1.1575e+06,1.1934e+06,1.2522e+06,1.2684e+06,1.3047e+06,1.342e+06,1.3804e+06,1.4195e+06,1.4654e+06,1.4998e+06,1.5474e+06,1.3225e+06,1.6408e+06,1.6823e+06,1.7185e+06,1.7685e+06,1.823e+06,1.859e+06,1.9013e+06,1.9467e+06,1.9833e+06,2.0301e+06,2.0949e+06,2.1208e+06,2.1732e+06,2.2302e+06,2.2787e+06,2.3293e+06,2.3792e+06,2.4377e+06,2.4827e+06,2.5331e+06,2.5868e+06,2.6567e+06,2.6941e+06,2.7513e+06
893,600,1500,2800,4700,7000,10000,13400,17300,29300,26700,32300,38200,44800,51800,59400,67500,83000,85300,94900,101400,129100,128900,140500,163500,166200,179800,202400,208600,224000,248100,267900,273400,302800,321500,326800,346100,374000,386200,406600,436400,459500,480800,503900,519400,543400,576500,716700,784700,818800,914900,722900,756700,773100,898300,825400,882600,887000,917300,955900,982900,1.0246e+06,1.0654e+06,1.2645e+06,1.25e+06,1.2481e+06,1.195e+06,1.2288e+06,1.265e+06,1.3027e+06,1.3467e+06,1.3872e+06,1.4253e+06,1.4578e+06,1.5064e+06,1.5392e+06,1.5803e+06,1.6297e+06,1.6703e+06,1.6793e+06,1.7677e+06,1.8837e+06,1.8798e+06,2.2908e+06,2.3232e+06,2.381e+06,2.0765e+06,2.1628e+06,2.402e+06,2.3693e+06,1.9945e+06,2.7065e+06,2.9585e+06,2.9789e+06,3.0419e+06,3.1052e+06,3.2183e+06,3.3614e+06,3.3032e+06,3.38e+06,3.4554e+06
894,1000,2000,3800,6100,9100,12900,17900,23500,44200,34000,40700,48000,56200,64700,74200,85100,108600,106500,118800,131700,145300,159500,174500,191000,224700,226500,260200,209600,224700,253800,255800,281600,290100,315600,333800,345900,372700,392800,406700,435200,457300,479900,502800,519100,546100,572500,607300,627000,652600,679600,706600,735200,763900,799200,822400,858800,883300,920800,964500,986700,1.02e+06,1.0471e+06,1.0804e+06,1.1209e+06,1.156e+06,1.1922e+06,1.2283e+06,1.2647e+06,1.3082e+06,1.3378e+06,1.3772e+06,1.4255e+06,1.4769e+06,1.5053e+06,1.5391e+06,1.5869e+06,1.629e+06,1.6964e+06,1.7309e+06,1.7675e+06,1.8127e+06,1.8469e+06,1.8908e+06,1.9367e+06,2.1947e+06,2.1677e+06,2.1575e+06,2.3789e+06,2.305e+06,2.4123e+06,2.5494e+06,2.6034e+06,2.6456e+06,2.6453e+06,2.8504e+06,2.8708e+06,3.1046e+06,3.1403e+06,3.2056e+06,3.2402e+06
895,700,2300,3200,5200,7900,10500,13700,17400,21900,26900,32800,38900,45200,51800,61100,69200,93700,86900,95800,105900,116500,142000,139600,152200,174100,178800,193100,215000,237900,225900,255900,283500,290000,315500,326600,353000,372800,385800,413800,446300,451600,487000,505000,526400,550100,577500,603300,625900,652200,684500,711600,735000,763700,799300,828600,861000,883700,921000,946800,985300,1.0191e+06,1.0464e+06,1.0863e+06,1.1187e+06,1.1571e+06,1.1913e+06,1.242e+06,1.2671e+06,1.3034e+06,1.3405e+06,1.3802e+06,1.4254e+06,1.6469e+06,1.7716e+06,1.7426e+06,1.9422e+06,1.9613e+06,2.0627e+06,2.0712e+06,2.5049e+06,2.3081e+06,2.3063e+06,2.4327e+06,2.3944e+06,2.9735e+06,2.6249e+06,2.6773e+06,2.7223e+06,2.8289e+06,2.8201e+06,2.8634e+06,2.9258e+06,3.1705e+06,3.0441e+06,3.1149e+06,3.0847e+06,3.6698e+06,3.3041e+06,3.3804e+06,3.4406e+06
896,800,2200,4100,6800,9700,13700,17600,31800,21900,27000,32500,38700,45000,52000,59400,67500,84800,85300,95000,105400,116300,134900,139700,152200,179600,179000,193200,215100,223300,234000,260200,280500,290100,315500,326700,353300,372900,386000,413700,435100,457000,606700,504000,519500,551500,603300,601800,626400,652700,679500,711800,736900,770000,792800,822500,859800,883300,920600,1.0137e+06,994700,1.0153e+06,1.0549e+06,1.1985e+06,1.39e+06,1.4288e+06,1.4546e+06,1.3991e+06,1.5859e+06,1.6101e+06,1.6348e+06,1.5974e+06,1.6917e+06,1.7751e+06,1.8373e+06,1.8826e+06,1.9327e+06,1.8992e+06,2.0356e+06,2.1004e+06,2.1231e+06,2.1792e+06,2.0284e+06,2.1206e+06,2.2021e+06,2.2567e+06,2.3497e+06,2.3859e+06,2.2431e+06,2.5012e+06,2.4723e+06,2.6327e+06,2.6934e+06,2.703e+06,2.8337e+06,3.0085e+06,3.0435e+06,3.2728e+06,3.2845e+06,3.3256e+06,3.023e+06
897,900,1800,4500,6800,10500,9900,13300,17300,21700,26700,32300,38600,45000,51800,59300,67400,76000,85300,95000,105300,116100,136700,139600,152100,163000,232400,194900,223800,223700,239500,265100,272500,297600,308100,326800,352900,365600,392800,413700,435500,450200,479500,502600,526400,553100,571000,611700,626500,653700,679400,707200,734800,766600,799100,822200,858600,883300,920500,948600,984500,1.0413e+06,1.13e+06,1.0969e+06,1.1821e+06,1.1576e+06,1.1922e+06,1.2283e+06,1.2648e+06,1.3086e+06,1.287e+06,1.3798e+06,1.424e+06,1.4576e+06,1.5037e+06,1.5388e+06,1.5864e+06,1.6347e+06,1.6521e+06,1.6944e+06,1.75e+06,1.8035e+06,1.8459e+06,1.8907e+06,1.9365e+06,2.242e+06,2.0935e+06,2.0871e+06,2.136e+06,2.1735e+06,2.2468e+06,2.2782e+06,2.6171e+06,2.3834e+06,2.4297e+06,2.4806e+06,2.5306e+06,2.5886e+06,2.6414e+06,2.7001e+06,2.7488e+06
898,600,1400,2700,4600,7000,10000,13300,17300,21900,26700,32200,38300,44700,51800,67400,67400,76100,85300,95000,105400,118200,83000,141400,153800,181600,180600,193800,222400,223100,249700,255600,279600,289900,315000,335600,358500,366600,396200,416000,437100,451000,481700,504600,528600,558300,577200,603100,628100,654100,681000,714400,736600,766600,792800,822600,852500,889700,915300,946800,986200,1.0122e+06,1.0461e+06,1.0882e+06,1.1316e+06,1.1633e+06,1.3187e+06,1.4889e+06,1.5514e+06,1.5341e+06,1.5486e+06,1.573e+06,1.7114e+06,1.6813e+06,1.7285e+06,1.7702e+06,1.8223e+06,1.885e+06,2.0106e+06,2.0916e+06,2.4368e+06,2.2334e+06,2.2871e+06,2.3683e+06,2.4354e+06,2.1719e+06,2.2348e+06,2.462e+06,2.6985e+06,2.7442e+06,2.7908e+06,2.8539e+06,3.2934e+06,3.0911e+06,3.0869e+06,3.1057e+06,3.2922e+06,3.1855e+06,3.1905e+06,3.2372e+06,3.2976e+06
899,800,2200,5600,7700,7900,10900,14100,17600,22100,27000,32600,38700,45200,52000,59400,67600,76100,85300,104800,105500,116300,127800,147200,152200,165300,186000,193200,238900,225000,241000,193500,273900,290700,308300,326700,346000,365500,385800,406700,428100,450200,472600,495600,531000,562100,575800,600500,626400,657600,685800,703900,735100,763800,799400,822600,858800,883200,921200,947300,1.0006e+06,1.0193e+06,1.0563e+06,1.0803e+06,1.1188e+06,1.1563e+06,1.1915e+06,1.2282e+06,1.2648e+06,1.31e+06,1.5898e+06,1.3888e+06,1.8018e+06,1.5303e+06,1.4015e+06,1.5493e+06,1.7392e+06,1.9889e+06,2.0818e+06,2.1069e+06,2.6116e+06,2.2819e+06,2.3222e+06,2.3781e+06,2.4262e+06,2.5037e+06,2.5421e+06,2.6532e+06,2.6325e+06,2.7404e+06,2.7873e+06,2.7744e+06,2.8661e+06,2.8423e+06,3.1053e+06,3.1075e+06,3.2664e+06,3.2504e+06,3.341e+06,3.4223e+06,3.4595e+06
900,900,2900,4200,6600,7600,10300,13700,17600,21800,40900,32600,39700,46400,35900,60200,67600,76200,85300,107700,105400,116200,127700,147700,152200,165300,186300,193200,207900,230200,239200,262600,272400,297100,324200,326800,354600,372900,389200,414800,435100,457100,472700,503000,526400,550400,575200,600700,626600,652900,685800,707300,736800,763800,799800,823100,859000,883600,916700,954400,980700,1.0198e+06,1.053e+06,1.0876e+06,1.123e+06,1.1596e+06,1.2696e+06,1.2318e+06,1.2665e+06,1.3035e+06,1.3492e+06,1.3807e+06,1.4197e+06,1.4652e+06,1.4993e+06,1.5465e+06,1.5908e+06,1.6227e+06,1.6651e+06,1.7159e+06,1.7578e+06,1.8014e+06,1.9818e+06,1.8926e+06,1.9384e+06,1.9841e+06,2.0374e+06,2.0788e+06,2.1545e+06,2.6329e+06,2.7824e+06,2.8518e+06,2.9134e+06,2.9969e+06,2.9276e+06,3.1181e+06,3.2027e+06,3.252e+06,3.1998e+06,3.3174e+06,3.1933e+06
901,700,1900,3200,5400,7600,10200,13600,17600,22000,26900,32500,38600,44800,51800,59300,67400,84900,85300,95000,105400,116300,128400,139600,152200,176600,179000,193200,242300,279900,316200,321900,354600,362700,398900,420300,432700,468800,494000,508800,546700,604500,603100,631300,660900,690400,679200,709200,786400,819900,818200,839700,874600,900700,913200,992400,1.0688e+06,1.0634e+06,1.1698e+06,1.167e+06,1.1769e+06,1.2736e+06,1.1945e+06,1.3451e+06,1.322e+06,1.3618e+06,1.8762e+06,1.514e+06,1.4237e+06,1.5882e+06,1.6414e+06,1.6943e+06,1.7104e+06,1.6277e+06,1.6659e+06,1.711e+06,1.5884e+06,1.6237e+06,1.7086e+06,1.7151e+06,1.7578e+06,1.8049e+06,1.8473e+06,1.9002e+06,1.9397e+06,2.0085e+06,2.0388e+06,2.08e+06,2.1348e+06,2.1771e+06,2.2921e+06,2.3025e+06,2.3403e+06,2.3918e+06,2.4427e+06,2.4971e+06,2.8411e+06,2.9409e+06,2.9592e+06,3.4443e+06,3.4428e+06
902,700,2800,4400,6800,9900,13700,18100,23300,28800,34800,41500,53800,58400,84000,76200,86400,77800,86900,95700,105800,130600,127700,139700,152200,174200,179100,193200,215400,223300,240600,272200,274100,304700,320500,335400,345700,374300,393700,406900,436300,458000,480400,504000,527100,551700,576300,631400,648300,653500,844000,730300,751800,837800,870300,833000,853700,890400,914800,952700,985600,1.012e+06,1.0565e+06,1.0861e+06,1.1511e+06,1.2584e+06,1.3153e+06,1.2399e+06,1.2671e+06,1.3026e+06,1.3406e+06,1.3855e+06,1.4208e+06,1.4655e+06,1.4978e+06,1.5446e+06,1.5797e+06,1.6272e+06,1.6719e+06,1.7235e+06,1.7569e+06,1.8048e+06,1.8524e+06,1.8917e+06,1.9425e+06,1.9829e+06,2.0296e+06,2.0823e+06,2.1131e+06,2.4538e+06,2.7002e+06,2.7363e+06,2.6059e+06,2.9905e+06,3.0537e+06,3.1035e+06,3.1519e+06,3.2686e+06,3.3671e+06,3.4155e+06,3.4593e+06
903,800,2200,4100,6300,7400,10300,13800,17400,22000,27000,32600,38500,45000,66100,44500,67400,76100,85300,90700,116700,116200,127800,139700,159900,165300,178900,200200,207800,235400,239000,255400,279700,290000,308100,333500,345600,372700,393700,406800,435000,457100,479600,690400,528700,551600,576700,601300,627300,656100,680500,713300,735000,763700,799200,822100,852700,890800,860000,947200,985600,1.0231e+06,1.0461e+06,1.0799e+06,1.1202e+06,1.156e+06,1.1918e+06,1.2295e+06,1.2648e+06,1.3113e+06,1.3404e+06,1.3811e+06,1.4249e+06,1.4574e+06,1.5042e+06,1.5383e+06,1.5868e+06,1.6289e+06,1.6742e+06,1.7146e+06,1.7584e+06,1.802e+06,1.8596e+06,1.8918e+06,1.9374e+06,1.9827e+06,2.2932e+06,2.084e+06,2.4302e+06,2.5676e+06,2.6782e+06,2.8678e+06,2.9272e+06,2.9056e+06,2.938e+06,3.0242e+06,3.2567e+06,3.2852e+06,3.3113e+06,3.524e+06,3.3975e+06
904,800,1700,3500,5800,9700,12400,16700,21600,27300,45300,40600,48000,56000,64800,74400,84200,95000,106700,153200,106800,132400,160200,174600,190300,206600,223600,253400,259800,279200,310300,319200,351400,362500,396100,419600,434900,473000,387300,422900,443600,459700,481200,503200,519200,550500,575700,600300,625700,652800,687800,707000,757700,769700,793200,822100,848200,884100,920900,953500,980500,1.0183e+06,1.0524e+06,1.0859e+06,1.1238e+06,1.1559e+06,1.1924e+06,1.2281e+06,1.2658e+06,1.3024e+06,1.3409e+06,1.3853e+06,1.4244e+06,1.4635e+06,1.6288e+06,1.7401e+06,1.7801e+06,1.7568e+06,1.7127e+06,1.7328e+06,1.7659e+06,2.007e+06,1.9951e+06,2.083e+06,2.1708e+06,2.0666e+06,2.0435e+06,2.0802e+06,2.1255e+06,2.185e+06,2.222e+06,2.2836e+06,2.3293e+06,2.3796e+06,2.4295e+06,2.4751e+06,2.5365e+06,2.5996e+06,2.6472e+06,2.6944e+06,2.7593e+06
905,500,1400,2800,4700,7100,10000,13300,17400,21900,26800,32300,38300,52800,51900,59400,67500,76100,85200,103900,105400,116400,127700,139700,152200,165300,179000,193300,208000,232400,239000,262900,272400,296900,308100,334100,345800,384800,398200,417100,436000,450700,479900,503400,526200,551000,574900,600500,626600,653000,679800,713900,735500,763900,795300,827500,867200,885100,922600,948300,987500,1.02e+06,1.0538e+06,1.0815e+06,1.1159e+06,1.1633e+06,1.1944e+06,1.2635e+06,1.2676e+06,1.3045e+06,1.3428e+06,1.3871e+06,1.4202e+06,1.4598e+06,1.6233e+06,1.5502e+06,1.7258e+06,1.6341e+06,1.6678e+06,1.7114e+06,1.7596e+06,1.8044e+06,1.8451e+06,1.8626e+06,1.9406e+06,2.4118e+06,2.5282e+06,2.542e+06,2.6346e+06,2.4232e+06,2.7355e+06,2.5386e+06,2.5456e+06,2.784e+06,2.878e+06,2.9914e+06,2.8001e+06,2.8591e+06,2.8249e+06,2.9099e+06,2.9297e+06
906,700,1900,3200,5100,7300,10200,13700,17700,22100,28000,33100,38600,46100,52000,59500,67500,76100,85900,95200,106300,142700,127700,140000,152100,165200,178800,193100,207700,231300,239100,263800,272400,303100,307800,394700,406800,411900,438700,461400,475500,509600,535000,571200,586900,552200,576600,601800,627900,662900,686700,715000,736700,765200,800500,912100,869600,858500,923600,964300,997200,1.0211e+06,1.0619e+06,1.0883e+06,1.1213e+06,1.1556e+06,1.1972e+06,1.2281e+06,1.2652e+06,1.3024e+06,1.34e+06,1.3805e+06,1.5121e+06,1.6287e+06,1.6689e+06,1.5458e+06,1.5886e+06,1.6294e+06,1.7954e+06,2.0423e+06,1.9664e+06,2.061e+06,2.065e+06,2.1793e+06,2.1857e+06,2.2389e+06,2.2897e+06,2.1405e+06,2.387e+06,2.3741e+06,2.5783e+06,2.9207e+06,2.9567e+06,3.0843e+06,2.8199e+06,2.8504e+06,2.9048e+06,2.8554e+06,2.9143e+06,3.0507e+06,3.0399e+06
907,700,2200,3400,5200,7800,10500,13700,17500,21800,27000,32300,38300,44700,65300,59300,67400,76100,85200,95000,115300,116300,127600,139800,159900,165200,178700,200100,207700,230100,239000,255500,272400,297000,307900,383400,351200,366100,386100,406800,442600,529400,483000,504200,527200,551500,576100,601400,627400,653600,680600,708100,781100,770400,801200,959100,1.0306e+06,1.114e+06,1.1015e+06,1.1451e+06,1.2289e+06,1.2444e+06,1.2569e+06,1.1156e+06,1.2461e+06,1.2099e+06,1.3917e+06,1.3543e+06,1.3432e+06,1.4388e+06,1.4257e+06,1.3844e+06,1.4765e+06,1.469e+06,1.5048e+06,1.5442e+06,1.5797e+06,1.6279e+06,1.6713e+06,1.7135e+06,1.7577e+06,1.802e+06,1.8459e+06,1.8906e+06,1.9414e+06,1.9893e+06,2.02e+06,2.0851e+06,2.1257e+06,2.1798e+06,2.2287e+06,2.2725e+06,2.3291e+06,2.38e+06,2.4323e+06,2.4972e+06,2.5347e+06,2.5878e+06,2.6366e+06,2.6959e+06,2.767e+06
908,600,1400,2600,4600,7100,9900,13300,17400,21800,26800,32300,38300,44800,51800,59400,67500,76200,85400,107000,105300,129600,132100,141200,154000,176800,181500,195200,218400,225200,249100,257500,282400,291800,319200,339400,347200,375000,395000,407900,437400,459400,482000,505400,528600,552800,587200,602400,627400,652400,679600,701500,742100,763700,792400,828400,852200,889600,914600,952800,1.0003e+06,1.0202e+06,1.0455e+06,1.0801e+06,1.1206e+06,1.1559e+06,1.192e+06,1.2283e+06,1.2648e+06,1.3027e+06,1.3479e+06,1.3834e+06,1.4245e+06,1.4664e+06,1.5039e+06,1.5386e+06,1.5862e+06,1.6278e+06,1.6705e+06,1.7088e+06,1.7515e+06,1.8553e+06,1.8482e+06,1.8928e+06,2.3267e+06,2.3966e+06,2.9039e+06,2.7203e+06,2.6691e+06,2.7201e+06,2.7821e+06,2.9713e+06,2.8589e+06,2.9317e+06,2.9798e+06,2.9864e+06,3.2287e+06,3.1082e+06,3.169e+06,3.3627e+06,3.4309e+06
909,900,2200,4100,6300,7400,10200,13700,17500,21800,26800,32500,40100,45300,52300,73800,67500,76100,87100,111600,107100,117900,128300,154400,152200,165300,179700,204500,207700,230800,239100,264800,272600,297100,308100,333500,353000,365600,399400,417200,436100,450200,480300,504100,527000,552200,575200,600800,629000,652600,679600,713400,735700,763700,838300,823900,866200,915300,923400,948400,987000,1.0193e+06,1.0528e+06,1.081e+06,1.1218e+06,1.3464e+06,1.4924e+06,1.9331e+06,1.5846e+06,1.6065e+06,1.6514e+06,1.7257e+06,1.7315e+06,1.4565e+06,1.507e+06,1.8363e+06,2.028e+06,2.041e+06,2.0916e+06,2.2222e+06,2.212e+06,2.3178e+06,2.323e+06,2.4812e+06,2.4446e+06,2.5478e+06,2.561e+06,2.6116e+06,2.777e+06,2.8469e+06,2.8367e+06,2.6879e+06,2.5863e+06,2.6644e+06,2.7574e+06,2.7654e+06,2.7238e+06,3.0336e+06,3.3455e+06,3.2776e+06,3.2492e+06
910,800,2000,3300,5300,7600,10400,13800,17700,22000,27000,32700,38700,45100,51900,59400,67500,76100,85300,104000,105500,116400,127700,147000,152400,165200,189200,193200,207900,231700,239000,263800,274400,288700,305700,384300,357300,366700,395600,415700,437000,450900,481600,504500,528300,552600,577200,602500,628200,654700,687900,709500,741300,769200,998200,1.0074e+06,1.0159e+06,1.1141e+06,1.0932e+06,1.193e+06,1.1869e+06,1.2295e+06,1.2155e+06,1.1844e+06,1.2178e+06,1.2762e+06,1.3052e+06,1.2678e+06,1.4531e+06,1.5544e+06,1.61e+06,1.6738e+06,1.7416e+06,1.7743e+06,1.8225e+06,1.967e+06,1.7318e+06,1.813e+06,1.8817e+06,1.9363e+06,2.0063e+06,2.027e+06,2.005e+06,1.9829e+06,2.0523e+06,2.0511e+06,2.0361e+06,2.0797e+06,2.4287e+06,2.5598e+06,2.5933e+06,2.5751e+06,2.3401e+06,2.7804e+06,2.8859e+06,2.9406e+06,2.7438e+06,3.0728e+06,3.4825e+06,3.6885e+06,3.3072e+06
911,900,1800,2900,4800,7300,10200,13700,17400,21900,41600,32600,38300,45000,51900,59400,67500,77700,81000,107200,105400,116300,127600,148100,152200,165200,186200,193000,207900,230100,239100,262500,272400,297500,308200,334100,352900,365400,393100,414400,428100,457100,479800,503100,531400,551100,575000,600300,625900,653000,681500,707900,734600,763700,792600,828500,852900,889300,915400,957400,992600,1.0124e+06,1.0519e+06,1.0788e+06,1.1206e+06,1.1562e+06,1.1922e+06,1.2338e+06,1.2646e+06,1.3023e+06,1.342e+06,1.379e+06,1.4272e+06,1.4579e+06,1.5041e+06,1.5385e+06,1.5856e+06,1.6287e+06,1.6679e+06,1.7139e+06,1.7645e+06,1.8034e+06,1.8476e+06,1.8954e+06,1.9379e+06,2.0241e+06,2.0628e+06,2.0886e+06,2.1274e+06,2.1754e+06,2.2312e+06,2.2811e+06,2.4247e+06,2.3836e+06,2.4333e+06,2.4839e+06,2.7024e+06,2.5905e+06,3.2421e+06,2.713e+06,2.7626e+06
912,700,1300,3300,5300,7800,10700,14200,17700,22000,41500,32600,38800,45200,51900,59300,67500,76100,94200,95100,105400,116300,135100,139700,152200,165300,186100,193200,214700,223300,239000,262400,272400,296800,308100,334300,352600,377000,372100,415000,428500,457100,479500,502800,526500,550600,575300,600700,626500,652800,679700,707300,759500,769900,794400,802600,852900,883400,916600,952700,979300,1.0186e+06,1.0521e+06,1.086e+06,1.1869e+06,1.1584e+06,1.1925e+06,1.2413e+06,1.2536e+06,1.2899e+06,1.3278e+06,1.3787e+06,1.4278e+06,1.5746e+06,1.6315e+06,1.6699e+06,1.6562e+06,1.8808e+06,1.8982e+06,1.99e+06,2.0038e+06,2.2082e+06,2.1137e+06,2.1915e+06,2.4046e+06,2.4273e+06,2.5462e+06,2.5128e+06,2.4266e+06,2.7283e+06,2.7126e+06,2.6611e+06,2.3849e+06,2.683e+06,2.7216e+06,2.6676e+06,2.6716e+06,2.6485e+06,2.9021e+06,2.706e+06,2.7694e+06
913,700,1800,3200,5200,7400,10300,18000,17400,21900,27000,32500,38700,44900,51800,59400,67500,76100,85200,95100,105400,116300,127700,147000,152300,165300,186000,288100,218000,223100,247500,255500,280600,289900,315900,326500,353900,373500,385900,420200,436300,458400,472600,503400,527000,551100,576500,601500,627300,659700,680000,708800,736700,771500,794800,833200,869500,893200,924100,955600,979500,1.0312e+06,1.0536e+06,1.0936e+06,1.1217e+06,1.1785e+06,1.2036e+06,1.2383e+06,1.2665e+06,1.3026e+06,1.3463e+06,1.3792e+06,1.4186e+06,1.4729e+06,1.4979e+06,1.5443e+06,1.5869e+06,1.6214e+06,1.6777e+06,1.7131e+06,1.7568e+06,1.8143e+06,1.8466e+06,1.8908e+06,1.9431e+06,1.9849e+06,2.0304e+06,2.093e+06,2.1316e+06,2.175e+06,2.2304e+06,2.2811e+06,2.3311e+06,2.3922e+06,2.3973e+06,2.4976e+06,2.5454e+06,2.6063e+06,2.6446e+06,2.7069e+06,2.7667e+06
914,900,2200,3600,5700,8100,13500,18000,23100,23000,28100,33300,38900,45200,52100,59500,67600,76200,85200,95100,115400,116300,127700,139700,159900,165300,179000,200400,207900,223200,239000,267900,273100,300700,308100,334100,352900,365600,394100,401200,435100,450100,480400,502400,526300,550300,574900,600400,629700,652700,726500,723600,741800,763700,792800,828300,839600,890100,914700,952700,979100,1.012e+06,1.0518e+06,1.0785e+06,1.1214e+06,1.156e+06,1.192e+06,1.229e+06,1.2703e+06,1.3048e+06,1.3466e+06,1.379e+06,1.4177e+06,1.4684e+06,1.498e+06,1.545e+06,1.5868e+06,1.6757e+06,1.6806e+06,1.7074e+06,1.7929e+06,1.8279e+06,1.8483e+06,1.898e+06,1.9987e+06,2.5076e+06,2.6444e+06,2.6327e+06,2.6799e+06,2.7404e+06,2.887e+06,2.8522e+06,2.9146e+06,3.0376e+06,2.9871e+06,2.7498e+06,2.8092e+06,2.9956e+06,2.8875e+06,2.8638e+06,2.904e+06
915,600,1500,3600,4600,7000,10100,13700,18200,22500,34900,33700,39700,46500,53600,73800,67900,76300,85300,95100,105500,126100,127700,139500,159700,165300,179000,200000,208000,234500,239000,255400,272400,297200,328300,326800,375600,367500,387300,418500,437400,459300,473300,504500,528000,552200,577000,602300,628000,654400,680900,708700,736500,813300,837400,833000,884500,972900,978800,949000,986000,1.0181e+06,1.0522e+06,1.0801e+06,1.1567e+06,1.1611e+06,1.1931e+06,1.2288e+06,1.2655e+06,1.4109e+06,1.6479e+06,1.688e+06,1.7227e+06,1.7329e+06,1.7724e+06,1.8769e+06,1.9412e+06,1.9049e+06,1.9182e+06,1.9681e+06,1.8996e+06,1.964e+06,2.0536e+06,2.0398e+06,2.0312e+06,2.349e+06,2.2538e+06,2.6668e+06,2.6684e+06,2.7296e+06,2.7588e+06,2.9215e+06,2.9256e+06,3.0077e+06,3.0524e+06,3.1682e+06,3.2709e+06,3.2483e+06,3.3235e+06,3.2885e+06,3.3026e+06
916,800,1800,3100,5300,7600,10300,13800,17700,22100,28200,27700,38800,44900,51900,59300,79700,76000,85300,95000,105300,124200,127600,139600,152300,172400,178900,193200,236300,223200,246100,255500,279500,290100,315200,326800,353000,376700,385900,414100,435100,457100,472700,508800,528700,550700,575100,600100,625900,652700,679400,712900,734800,763300,792400,822200,852900,889900,911300,961100,985600,1.0125e+06,1.0545e+06,1.0863e+06,1.1209e+06,1.1556e+06,1.1915e+06,1.2279e+06,1.2645e+06,1.3081e+06,1.3402e+06,1.3789e+06,1.5039e+06,1.4602e+06,1.5052e+06,1.5459e+06,1.5973e+06,1.7156e+06,1.763e+06,1.8436e+06,2.1376e+06,2.1851e+06,2.2278e+06,2.2268e+06,2.3177e+06,2.4116e+06,2.4472e+06,2.5051e+06,2.7017e+06,2.732e+06,2.7914e+06,2.8523e+06,2.8137e+06,2.8771e+06,2.8162e+06,2.7217e+06,2.8571e+06,3.0792e+06,3.1458e+06,3.3413e+06,3.4243e+06
917,800,2500,5600,6700,7800,10700,13800,17700,22100,27100,32700,38500,59900,51900,59500,67500,76200,85300,104200,105400,116400,127800,188500,152200,165200,179100,193300,207900,230300,248000,255500,280900,290000,315000,326700,352800,373000,385800,414000,436600,456700,472700,502700,526100,550600,575000,600600,647700,646200,672600,699600,741500,765900,792400,822400,859100,883500,911300,946800,978800,1.0186e+06,1.0548e+06,1.0869e+06,1.1145e+06,1.157e+06,1.1926e+06,1.2279e+06,1.2656e+06,1.3036e+06,1.3404e+06,1.3787e+06,1.3194e+06,1.4609e+06,1.5063e+06,1.5387e+06,1.5862e+06,1.6278e+06,1.6649e+06,1.712e+06,1.7303e+06,1.8016e+06,1.846e+06,1.8908e+06,2.119e+06,2.2245e+06,2.2832e+06,2.081e+06,2.5493e+06,2.6525e+06,2.6935e+06,2.7381e+06,2.8535e+06,2.9761e+06,2.6265e+06,2.6441e+06,2.8157e+06,2.9372e+06,2.9405e+06,3.1298e+06,3.0999e+06
918,700,1700,3300,5100,7300,10300,13700,17600,22100,27100,32600,53000,44900,51900,59400,67600,76100,85300,104200,105500,116400,127700,147100,152100,165400,186200,170900,196600,224900,262500,302200,284700,362600,567500,422400,432200,456800,493300,519100,535000,573600,601900,630600,660300,690700,576100,646500,628800,653800,680800,707800,735900,764600,799900,823000,867300,884600,968700,951000,1.0867e+06,1.3372e+06,1.0789e+06,1.097e+06,1.1223e+06,1.1562e+06,1.1916e+06,1.2283e+06,1.2765e+06,1.3512e+06,1.3432e+06,1.3793e+06,1.418e+06,1.4642e+06,1.4979e+06,1.5451e+06,1.5895e+06,1.6281e+06,1.6724e+06,1.7141e+06,1.7581e+06,1.8013e+06,1.846e+06,1.8912e+06,1.964e+06,2.078e+06,2.0356e+06,2.0832e+06,2.1262e+06,2.1882e+06,2.2351e+06,2.2733e+06,2.3278e+06,2.3798e+06,2.4301e+06,2.4822e+06,2.5684e+06,2.6267e+06,2.6496e+06,2.6977e+06,2.7569e+06
919,600,1300,2700,5200,7700,10900,14100,17700,22000,27000,33800,39500,59300,52200,59600,67500,76100,85200,104300,105300,116200,127600,147400,152200,165200,179000,193100,207900,230100,239000,271900,274100,304600,308500,335500,353100,365500,392900,413600,428200,458900,480300,502500,526100,550500,575300,601000,626000,652800,730200,715200,736100,764100,799700,823400,858000,883200,921000,946000,994800,1.0184e+06,1.063e+06,1.0863e+06,1.121e+06,1.1557e+06,1.1913e+06,1.2277e+06,1.2671e+06,1.3083e+06,1.3408e+06,1.3784e+06,1.4199e+06,1.4715e+06,1.5008e+06,1.5497e+06,1.5877e+06,1.9839e+06,2.0914e+06,2.1513e+06,2.1681e+06,2.2667e+06,2.3451e+06,2.3909e+06,2.2059e+06,2.2201e+06,2.2958e+06,2.3696e+06,2.2441e+06,2.2413e+06,2.284e+06,2.3232e+06,2.4583e+06,2.3887e+06,2.4316e+06,2.4836e+06,2.5426e+06,2.6555e+06,3.043e+06,2.6728e+06,3.0888e+06
920,800,1800,3100,2800,7800,10700,13800,17500,21900,27100,32600,38600,45000,51800,59400,67400,76100,94900,95100,105400,116300,127700,139900,152200,165400,186100,193200,207900,223400,239300,262300,272400,296900,308000,333700,352700,365500,395600,413800,428000,450000,479900,502200,526000,550400,574800,600300,626100,662400,694400,716800,751600,776700,801600,823700,853100,889600,915000,946300,985300,1.0186e+06,1.0457e+06,1.0859e+06,1.1209e+06,1.163e+06,1.194e+06,1.2296e+06,1.2657e+06,1.3036e+06,1.3475e+06,1.4804e+06,1.721e+06,1.8154e+06,1.8239e+06,1.9263e+06,1.9086e+06,1.9667e+06,2.0201e+06,2.1203e+06,2.1826e+06,2.2541e+06,2.3103e+06,2.365e+06,2.3501e+06,2.2289e+06,2.047e+06,2.0894e+06,2.427e+06,2.5076e+06,2.6817e+06,2.8801e+06,2.9257e+06,2.7205e+06,2.8723e+06,2.8131e+06,2.9265e+06,2.981e+06,3.2e+06,3.1398e+06,3.291e+06
921,800,1900,3400,6000,8700,12400,16700,21600,27300,33600,40700,62900,46400,67300,59700,67900,95200,106600,119700,146200,145400,159400,174600,164700,166900,180600,207900,209700,237900,239500,255500,281200,290000,308000,333600,345700,372300,393500,389000,429500,461200,480400,503200,526400,555400,576600,601100,627100,653400,680200,707600,741900,764400,793800,829200,853500,891300,916300,955200,1.0061e+06,1.0247e+06,1.0489e+06,1.0897e+06,1.1229e+06,1.1582e+06,1.473e+06,1.3656e+06,1.2728e+06,1.3047e+06,1.6309e+06,1.7257e+06,1.8345e+06,1.8241e+06,1.8999e+06,1.9386e+06,2.0435e+06,2.0377e+06,2.0788e+06,2.0648e+06,2.1552e+06,2.2288e+06,2.3455e+06,2.4166e+06,2.4278e+06,2.5123e+06,2.5507e+06,2.5213e+06,2.6725e+06,2.74e+06,2.8473e+06,2.8636e+06,2.9268e+06,2.9892e+06,3.0537e+06,3.1328e+06,3.1202e+06,3.118e+06,3.2685e+06,4.0381e+06,3.5156e+06
922,800,1900,3400,5900,8900,12400,18800,23100,27100,33300,40500,48200,56000,64700,86500,84200,85100,86400,96400,121100,117000,128200,139800,153000,177800,179000,193300,216600,223300,246400,255700,279600,290000,315200,326800,352900,372600,386000,413800,438800,457700,473100,520000,526800,550900,575400,601400,626700,652900,679300,707600,743700,763500,792500,822500,863000,893100,922200,948000,986700,1.0286e+06,1.0531e+06,1.0808e+06,1.1214e+06,1.1699e+06,1.4878e+06,1.4995e+06,1.5441e+06,1.5866e+06,1.642e+06,1.6642e+06,1.7753e+06,1.8243e+06,1.7578e+06,1.75e+06,1.8027e+06,1.8744e+06,1.8051e+06,1.9421e+06,2.1414e+06,2.0578e+06,2.1141e+06,2.1747e+06,2.092e+06,2.2474e+06,2.0682e+06,2.1971e+06,2.3981e+06,2.6292e+06,2.3523e+06,2.6622e+06,2.524e+06,2.5059e+06,2.6131e+06,2.6638e+06,2.7849e+06,2.7089e+06,2.6686e+06,2.7122e+06,2.769e+06
923,600,1800,4600,5000,7300,10300,13500,17400,23100,41000,32600,38800,45100,51900,59400,67500,76100,85300,95400,105400,116200,136600,139600,152200,177300,178900,193300,215700,223300,247100,284400,334300,341000,372700,384300,417100,378200,402100,417200,428300,457400,479900,502700,526200,550200,574900,600100,626000,655900,679600,712800,735200,773200,797700,830900,852400,889800,915100,953400,985200,1.0119e+06,1.0458e+06,1.086e+06,1.1309e+06,1.1766e+06,1.2868e+06,1.3239e+06,1.3301e+06,1.3185e+06,1.3483e+06,1.3902e+06,1.4233e+06,1.467e+06,1.5013e+06,1.5437e+06,1.5864e+06,1.6296e+06,1.6642e+06,1.7077e+06,1.774e+06,1.8021e+06,1.8453e+06,1.8923e+06,1.9366e+06,1.9819e+06,2.0433e+06,2.1308e+06,2.1264e+06,2.3478e+06,2.2339e+06,2.2779e+06,2.3279e+06,2.3865e+06,2.4302e+06,2.4836e+06,2.5344e+06,2.6007e+06,2.653e+06,2.7112e+06,3.5001e+06
924,700,1700,3600,6100,22900,13400,18000,23400,27500,33800,40800,48000,56000,64700,74100,84400,101400,106600,118900,131700,156900,159600,174500,201300,265100,223500,245600,260600,280300,313000,320600,377100,364000,397700,493200,433700,469500,495200,509600,547800,577500,603100,655900,707500,722300,769900,753700,786700,930800,686100,748800,923500,957200,993500,1.0383e+06,1.0694e+06,1.1157e+06,1.1464e+06,1.1936e+06,1.2358e+06,1.2284e+06,1.3297e+06,1.3615e+06,1.4527e+06,1.2438e+06,1.4267e+06,1.4918e+06,1.5504e+06,1.6021e+06,1.6435e+06,1.707e+06,1.8005e+06,1.8243e+06,1.8192e+06,1.8617e+06,1.9228e+06,1.9911e+06,2.1492e+06,2.1532e+06,2.2004e+06,2.2547e+06,2.3115e+06,2.3705e+06,2.5596e+06,2.5556e+06,2.5433e+06,2.6094e+06,2.671e+06,3.6348e+06,2.7929e+06,2.7933e+06,2.9137e+06,2.9837e+06,3.0187e+06,3.1055e+06,3.1942e+06,3.2952e+06,3.2739e+06,3.4011e+06,3.2432e+06
925,900,1800,3400,5400,7700,10400,13800,17600,22100,27100,32700,38700,45100,51900,59400,67600,76100,85300,95100,114400,116400,127700,139800,159400,165400,179000,201200,209700,223800,239600,255500,272700,290200,308000,326700,346000,365600,385900,406900,443900,459300,472800,503100,545000,555700,577600,600500,626800,653600,681000,706800,734900,763700,792600,828800,852800,889900,919900,953400,985400,1.0126e+06,1.0527e+06,1.0869e+06,1.1209e+06,1.1579e+06,1.1913e+06,1.2283e+06,1.2644e+06,1.3131e+06,1.3475e+06,1.3809e+06,1.4184e+06,1.4625e+06,1.5044e+06,1.5387e+06,1.5864e+06,1.6333e+06,1.6647e+06,1.7146e+06,1.7582e+06,1.8708e+06,1.8509e+06,1.8917e+06,1.9492e+06,1.9893e+06,2.0352e+06,2.0779e+06,2.1305e+06,2.1742e+06,2.2285e+06,2.2795e+06,2.3312e+06,2.381e+06,2.7123e+06,2.8021e+06,2.8504e+06,3.0388e+06,2.9502e+06,3.1842e+06,3.3484e+06
926,900,1700,3000,5400,7500,10200,13600,17500,21900,26800,32400,38500,44900,44000,81200,68000,78100,86400,96100,106200,126600,128500,140500,153000,175200,179800,194100,208700,224000,249100,256300,281600,290700,317000,335300,346600,365700,386500,412700,444800,462300,481300,520900,532400,690200,720800,708300,784700,695700,851500,837400,929200,956800,1.0257e+06,1.0377e+06,1.0679e+06,1.0819e+06,1.1457e+06,1.1636e+06,1.3545e+06,1.2762e+06,1.2017e+06,1.3452e+06,1.3553e+06,1.4087e+06,1.4349e+06,1.5369e+06,1.5834e+06,1.587e+06,1.6375e+06,1.7737e+06,1.7293e+06,1.6219e+06,1.6734e+06,1.7113e+06,1.582e+06,1.6916e+06,1.694e+06,1.8873e+06,1.9488e+06,1.9411e+06,1.9644e+06,2.1287e+06,1.9972e+06,2.2194e+06,2.3514e+06,2.3665e+06,2.4041e+06,2.5085e+06,2.6922e+06,2.6142e+06,2.7165e+06,3.0057e+06,2.902e+06,3.0688e+06,3.1728e+06,3.0758e+06,3.1579e+06,3.1836e+06,3.3423e+06
927,800,1800,3400,5000,7300,10300,13700,14800,22900,41800,32800,38900,45100,51800,59400,67500,76200,94300,95200,105500,116400,135200,139700,152300,165400,186200,193300,210400,238500,263800,371800,342700,377100,386800,410300,445400,458600,466500,525000,548400,564400,603600,613200,648500,559200,579600,601900,642600,819500,852900,894600,959800,990500,1.0019e+06,1.0315e+06,1.0361e+06,891600,1.083e+06,1.0547e+06,1.2234e+06,1.1285e+06,1.1323e+06,1.0746e+06,1.1092e+06,1.2695e+06,1.6091e+06,1.6202e+06,1.7059e+06,1.7218e+06,1.7883e+06,1.8505e+06,1.8179e+06,1.8139e+06,1.8809e+06,1.7525e+06,1.8646e+06,2.1523e+06,2.0919e+06,2.1448e+06,2.16e+06,2.241e+06,2.3146e+06,2.3408e+06,2.4442e+06,2.5434e+06,2.6824e+06,2.6641e+06,2.6598e+06,2.7296e+06,2.8352e+06,2.9636e+06,2.8526e+06,2.8921e+06,2.9143e+06,2.9022e+06,2.8973e+06,3.1154e+06,3.1765e+06,3.1217e+06,3.3505e+06
928,900,2300,4400,5400,7500,10200,20100,18300,22200,27000,32500,38600,45100,51900,59400,80700,76200,85300,95100,105300,126200,127700,139800,152300,172800,178900,193100,207900,223200,246100,255600,279400,290000,327500,328700,347300,366800,386800,429200,433100,470300,473300,509200,530800,552800,577200,602400,628100,654600,681200,708600,778800,792400,810300,836700,858900,938200,1.1549e+06,1.1863e+06,1.2354e+06,1.2762e+06,1.2612e+06,984200,1.1574e+06,1.2287e+06,1.2509e+06,1.2738e+06,1.3191e+06,1.3049e+06,1.2501e+06,1.3856e+06,1.418e+06,1.4637e+06,1.6492e+06,1.6933e+06,1.7749e+06,1.8632e+06,1.7284e+06,1.7416e+06,1.8051e+06,1.7944e+06,1.8461e+06,1.8927e+06,1.9394e+06,1.983e+06,2.0382e+06,2.0745e+06,2.1959e+06,2.5648e+06,2.5406e+06,2.5985e+06,2.7258e+06,2.7052e+06,2.8381e+06,2.8684e+06,2.7001e+06,2.8933e+06,3.0012e+06,3.1155e+06,3.3288e+06
929,700,1800,3200,5100,7300,10300,13700,17600,22100,27100,32700,52300,45000,51900,59500,67600,76100,85400,105800,105300,116200,127700,141300,152300,181500,178900,205200,209500,223000,242600,255500,272600,290100,321000,326700,352700,365800,392800,413700,435100,450100,480300,502500,526200,550200,575600,603800,577100,663300,685800,706900,735600,763600,799000,822300,860700,883500,920900,947000,985400,1.0185e+06,1.0468e+06,1.0722e+06,1.1151e+06,1.1561e+06,1.1916e+06,1.2281e+06,1.2709e+06,1.3105e+06,1.3409e+06,1.3788e+06,1.4055e+06,1.4579e+06,1.5039e+06,1.5388e+06,1.7068e+06,1.631e+06,1.6743e+06,1.7099e+06,2.2402e+06,2.0159e+06,2.0139e+06,2.0523e+06,2.0311e+06,2.148e+06,2.0843e+06,2.1491e+06,2.1577e+06,2.1884e+06,2.2374e+06,2.2868e+06,2.3298e+06,2.3784e+06,2.4295e+06,2.4736e+06,2.5377e+06,2.5943e+06,2.641e+06,2.7019e+06,2.7321e+06
930,700,1500,2800,4600,7100,11600,22600,18500,21900,26800,24600,38600,44700,51800,59200,67400,87200,85300,95000,105200,116200,193600,143000,162900,167400,181000,204400,209800,247300,241400,257500,283400,292300,310500,336900,347800,375600,396300,408800,430500,460200,482600,506200,529100,553600,577800,644400,631900,667800,683600,716900,738600,767500,802100,825600,856300,886200,924100,949600,988700,1.0387e+06,1.0564e+06,1.0848e+06,1.1251e+06,1.1591e+06,1.1949e+06,1.2656e+06,1.2713e+06,1.3054e+06,1.3425e+06,1.4115e+06,1.4198e+06,1.4654e+06,1.5e+06,1.5471e+06,1.5693e+06,1.6238e+06,1.6654e+06,1.9202e+06,1.7522e+06,1.7962e+06,1.8469e+06,1.8954e+06,2.1192e+06,2.216e+06,2.2108e+06,2.301e+06,2.2382e+06,2.5686e+06,2.6942e+06,2.7247e+06,2.7808e+06,2.9115e+06,3.0698e+06,3.1211e+06,3.115e+06,3.1825e+06,3.955e+06,3.4146e+06,3.513e+06
931,900,2300,3900,6700,7600,10200,13700,17400,21900,26900,32500,38500,44900,51800,59400,67400,85100,85300,95100,105400,116300,134900,139700,152100,172300,179000,193200,214700,223200,247200,244200,274200,291600,309700,327200,346200,365400,385900,406700,428000,450000,472400,510200,529100,551000,575100,600400,626000,652400,677700,707100,735100,763600,792800,828700,852700,889900,915000,949500,986400,1.0188e+06,1.0481e+06,1.0822e+06,1.1226e+06,1.1563e+06,1.1924e+06,1.2287e+06,1.265e+06,1.3028e+06,1.3405e+06,1.3924e+06,1.4239e+06,1.4577e+06,1.5044e+06,1.5388e+06,1.5881e+06,1.6291e+06,1.6708e+06,1.7076e+06,1.7695e+06,1.8005e+06,1.8466e+06,1.8908e+06,1.9358e+06,1.9826e+06,2.0395e+06,2.0772e+06,2.1318e+06,2.1798e+06,2.2227e+06,2.2797e+06,2.3636e+06,2.3809e+06,2.3795e+06,2.4859e+06,2.5371e+06,2.6314e+06,2.6608e+06,2.6999e+06,2.771e+06
932,700,1800,3000,4900,7200,10200,13600,17500,22000,27000,32500,38500,44800,51800,59300,77800,76100,85200,95000,105300,126700,127700,139500,161100,165300,179300,202000,207800,223300,247900,255600,315200,290000,317800,336100,345700,374600,395000,406700,437000,458900,482000,508500,574100,558000,589400,609600,635400,657700,682400,706900,735200,763400,792600,822400,858700,884700,922200,946900,985500,1.0186e+06,1.0494e+06,1.0874e+06,1.115e+06,1.1562e+06,1.1922e+06,1.2342e+06,1.2651e+06,1.3026e+06,1.341e+06,1.3784e+06,1.4278e+06,1.4659e+06,1.4976e+06,1.545e+06,1.5854e+06,1.6223e+06,1.6711e+06,1.7138e+06,1.7679e+06,1.8074e+06,1.8462e+06,1.8916e+06,1.9369e+06,1.9846e+06,2.0322e+06,2.0896e+06,2.1289e+06,2.1806e+06,2.2315e+06,2.2809e+06,2.3746e+06,2.3916e+06,2.4442e+06,2.4945e+06,2.5678e+06,2.6164e+06,2.6533e+06,2.7117e+06,2.7781e+06
933,700,1800,3200,5300,7600,10300,13700,17700,22000,27200,32600,38500,44800,66300,59500,67500,76100,85300,95000,114300,116300,127700,139700,159600,165300,179000,200300,208000,230000,239000,255500,279700,272100,316800,326600,354600,365600,385900,413500,435100,449900,472500,502400,526000,550300,575300,600300,626200,652500,680200,707100,738300,761900,794800,830600,852500,889700,914700,953100,985500,1.0123e+06,1.0596e+06,1.0882e+06,1.0929e+06,1.158e+06,1.1924e+06,1.2293e+06,1.2656e+06,1.5957e+06,1.6319e+06,1.6618e+06,1.728e+06,1.6251e+06,1.8615e+06,1.9358e+06,1.985e+06,2.0464e+06,2.354e+06,2.1553e+06,2.2188e+06,2.2881e+06,2.2209e+06,2.1841e+06,2.1627e+06,2.2903e+06,2.2662e+06,2.4324e+06,2.1588e+06,2.6193e+06,2.8795e+06,2.9088e+06,3.0116e+06,2.9993e+06,2.9919e+06,3.119e+06,2.9812e+06,3.2581e+06,3.2743e+06,3.391e+06,3.5159e+06
934,900,2000,3600,6600,9000,12700,17100,36900,27400,33600,41300,47700,55900,64500,74200,96400,95000,106500,118700,132100,165200,161800,194700,190900,206600,180200,213700,245000,268300,319000,319300,352400,362600,395800,408700,432200,468000,482500,508400,546400,580000,601800,515900,530800,552200,576000,601200,626700,653500,680400,707600,742500,764800,992900,1.0377e+06,1.1148e+06,1.1097e+06,1.1547e+06,1.1858e+06,1.2338e+06,1.2751e+06,1.31e+06,1.3521e+06,1.4032e+06,1.5081e+06,1.4916e+06,1.5375e+06,1.5807e+06,1.6205e+06,1.6456e+06,1.67e+06,1.762e+06,1.4353e+06,1.6615e+06,1.8738e+06,1.8742e+06,1.8539e+06,1.9344e+06,1.7521e+06,1.8984e+06,2.1725e+06,2.1485e+06,2.1137e+06,2.1181e+06,2.3286e+06,2.8304e+06,2.6035e+06,2.6593e+06,2.7735e+06,2.7955e+06,2.8632e+06,2.9397e+06,3.0001e+06,3.0536e+06,3.1804e+06,3.1914e+06,3.2515e+06,3.3089e+06,3.3998e+06,3.4501e+06
935,700,1800,3300,5100,7300,10000,13500,31600,21800,26900,32600,38600,44700,51800,59300,67400,85000,85300,95000,105300,116300,134800,139600,152200,140500,178900,193100,216600,223200,246400,255500,279600,289900,315300,326700,353400,378600,385800,414100,440200,457000,472700,502900,526300,550500,575100,600300,626800,653100,686200,706800,734900,763500,812800,822200,858800,883200,928300,949400,985900,1.0184e+06,1.0566e+06,1.0798e+06,1.115e+06,1.1561e+06,1.1925e+06,1.2279e+06,1.2653e+06,1.3028e+06,1.3404e+06,1.38e+06,1.4178e+06,1.4574e+06,1.5035e+06,1.5399e+06,1.5794e+06,1.6335e+06,1.6701e+06,1.7136e+06,1.7568e+06,1.8079e+06,1.8536e+06,1.8983e+06,1.9401e+06,1.9918e+06,2.033e+06,2.0804e+06,2.1544e+06,2.1954e+06,2.2411e+06,2.2848e+06,2.3345e+06,2.6705e+06,2.6919e+06,2.7758e+06,3.0311e+06,3.214e+06,3.3165e+06,3.4328e+06,3.5811e+06
936,800,2200,3700,25800,8900,10200,13700,17600,22100,27000,32600,38700,44900,51900,59400,67500,76200,85300,97700,118000,116200,126600,139700,152300,165400,179000,193100,207800,223200,246100,255600,279500,290000,315100,326600,353000,380500,385800,418100,435400,457000,479400,512700,538000,559000,585800,688400,629200,654700,686300,707200,734800,763300,798800,822500,859100,883300,921000,949200,988800,1.0213e+06,1.0526e+06,1.0862e+06,1.1208e+06,1.1497e+06,1.1925e+06,1.2301e+06,1.2648e+06,1.304e+06,1.3406e+06,1.3853e+06,1.4181e+06,1.4575e+06,1.4976e+06,1.5599e+06,1.58e+06,1.6279e+06,1.6767e+06,1.7133e+06,1.7567e+06,1.801e+06,1.8463e+06,1.8968e+06,1.9364e+06,1.9896e+06,2.1642e+06,2.0819e+06,2.1317e+06,2.1872e+06,2.2227e+06,2.2789e+06,2.3357e+06,2.3787e+06,2.4315e+06,2.5103e+06,2.5352e+06,2.5866e+06,2.6376e+06,2.7013e+06,2.7481e+06
937,600,1400,10100,4600,7000,9900,13300,17400,21800,26900,32100,38200,44800,51900,66600,67500,76200,85300,95000,105400,123300,127700,139700,159500,165300,179000,201900,207900,223300,246400,255500,279500,289800,315500,326800,362700,367200,387400,421200,437200,457400,472600,503000,526300,559100,575200,600500,627600,652600,685500,707300,762500,813100,808500,823900,871000,894300,934100,957800,1.0192e+06,1.0579e+06,1.1312e+06,1.2355e+06,1.4594e+06,1.4131e+06,1.4691e+06,1.5384e+06,1.5827e+06,1.5953e+06,1.6781e+06,1.6321e+06,1.9901e+06,1.5295e+06,1.6896e+06,1.7237e+06,1.5775e+06,1.6585e+06,1.6671e+06,1.8384e+06,2.2002e+06,2.2545e+06,2.3015e+06,2.5728e+06,2.4965e+06,2.6635e+06,2.5604e+06,2.6126e+06,2.6713e+06,2.708e+06,2.8422e+06,2.8553e+06,2.9846e+06,3.0092e+06,3.0554e+06,3.0185e+06,3.0488e+06,3.0613e+06,3.218e+06,3.3921e+06,3.4513e+06
938,800,2100,3300,5500,7700,10200,13700,17500,22000,26900,32600,38400,44900,51800,59400,67500,76100,85300,95100,116000,116300,127800,139600,162400,165200,179100,200700,210200,235700,240300,265800,273300,299500,309000,336800,348700,375400,396000,415700,429000,459100,481500,504700,528300,552200,577300,602700,702400,657800,680200,707200,741400,763700,797100,828900,853100,889400,914900,953500,986000,1.0224e+06,1.0403e+06,1.0859e+06,1.1682e+06,1.157e+06,1.1917e+06,1.2331e+06,1.2649e+06,1.3032e+06,1.341e+06,1.4011e+06,1.5e+06,1.4667e+06,1.4982e+06,1.5462e+06,1.5863e+06,1.6222e+06,1.6716e+06,1.7168e+06,1.7579e+06,1.8016e+06,2.1755e+06,1.8948e+06,1.9424e+06,1.9914e+06,2.0689e+06,2.0922e+06,2.6054e+06,2.334e+06,2.4428e+06,2.3412e+06,2.4374e+06,2.774e+06,2.5547e+06,2.6006e+06,2.5477e+06,2.5991e+06,2.7958e+06,2.7108e+06,2.7617e+06
939,700,1800,3100,5000,7400,10300,13600,17600,21900,27000,32500,38700,46500,53500,61100,68400,89700,86000,95600,105500,116400,127700,139700,152200,174000,179000,193300,216500,223400,247200,255600,280800,290100,316400,326700,354000,373500,386000,414800,435900,474200,489400,513100,529400,550900,575000,600100,626000,652700,679600,707000,741300,763500,792800,828300,852400,894700,915900,952800,980800,1.0186e+06,1.0522e+06,1.0864e+06,1.1207e+06,1.1644e+06,1.1914e+06,1.2376e+06,1.2486e+06,1.3034e+06,1.3408e+06,1.3854e+06,1.4187e+06,1.4644e+06,1.4978e+06,1.5443e+06,1.586e+06,1.6235e+06,1.6708e+06,1.7129e+06,1.758e+06,1.8023e+06,1.8457e+06,1.8944e+06,2.3764e+06,2.4152e+06,2.457e+06,2.5148e+06,2.5967e+06,2.3453e+06,2.5502e+06,2.5977e+06,2.659e+06,2.7457e+06,2.736e+06,3.0157e+06,3.1133e+06,3.0402e+06,3.0391e+06,3.1436e+06,3.2572e+06
940,1100,2200,4400,6700,9200,10900,14400,24000,22800,27500,32600,38700,45100,52000,59200,67400,76000,85200,94900,105200,125100,127500,139600,152100,165200,178900,200000,207800,223200,245900,264800,268300,291700,323800,328400,361300,382900,386600,416700,429500,457800,479800,495600,526100,550800,575000,600200,626400,659500,676500,707900,738900,997000,794300,842600,852900,890000,914500,952700,985900,1.0124e+06,1.0521e+06,1.1852e+06,1.1038e+06,1.1555e+06,1.2195e+06,1.2293e+06,1.2659e+06,1.3098e+06,1.3409e+06,1.3791e+06,1.4613e+06,1.4894e+06,1.5069e+06,1.5559e+06,1.589e+06,1.6288e+06,1.672e+06,1.7155e+06,1.7699e+06,1.8438e+06,1.9756e+06,1.9032e+06,1.9479e+06,1.9953e+06,2.0352e+06,2.0945e+06,2.1433e+06,2.1861e+06,2.2568e+06,2.289e+06,2.3459e+06,2.393e+06,2.447e+06,2.5118e+06,2.5439e+06,2.6001e+06,2.6436e+06,2.6963e+06,2.8015e+06
941,700,1700,3400,5100,7300,10200,13600,17500,23000,27000,32500,38600,45000,52000,59300,67400,76000,85300,104200,105400,116200,127600,149100,152300,177500,179700,193600,228400,223200,248100,255400,280500,290000,316000,327000,345900,373500,385900,406900,436300,457800,480500,518300,519200,543600,585200,624600,787600,680600,679800,707600,734900,769800,793000,822700,859100,883200,921200,851600,987300,1.0106e+06,1.0526e+06,1.0862e+06,1.1212e+06,1.1557e+06,1.1922e+06,1.2289e+06,1.265e+06,1.3167e+06,1.3473e+06,1.3805e+06,1.4197e+06,1.4643e+06,1.5176e+06,1.5479e+06,1.5909e+06,1.6321e+06,1.6693e+06,1.715e+06,1.7597e+06,1.802e+06,1.8468e+06,1.8992e+06,1.9513e+06,1.9964e+06,2.0462e+06,2.0896e+06,2.1416e+06,2.2052e+06,2.2342e+06,2.2895e+06,2.3396e+06,2.3908e+06,2.4411e+06,2.789e+06,2.9067e+06,2.877e+06,2.9497e+06,3.1879e+06,3.453e+06
942,900,2200,4200,5300,7700,10500,13700,17500,21900,26900,32600,38500,44800,51900,59400,67600,87000,85300,95100,105400,116300,135500,139700,152200,172600,179000,193200,216100,201100,247300,255500,280000,290000,315300,339100,353200,373400,385800,413500,435100,456800,472600,502600,526100,550300,575100,601000,626400,654800,681700,707300,737300,780700,802300,825600,954400,985900,1.1531e+06,1.2319e+06,1.3481e+06,1.4569e+06,1.1011e+06,1.0937e+06,1.405e+06,1.4114e+06,1.4483e+06,1.4094e+06,1.3339e+06,1.3746e+06,1.4528e+06,1.37e+06,1.4296e+06,1.4738e+06,1.5093e+06,1.5547e+06,1.5981e+06,1.6277e+06,1.7657e+06,2.1113e+06,2.1251e+06,2.1841e+06,2.2525e+06,2.293e+06,2.4371e+06,2.5509e+06,2.5964e+06,2.7448e+06,2.6816e+06,2.6457e+06,2.5615e+06,2.6259e+06,2.6689e+06,2.9132e+06,2.8624e+06,2.8902e+06,3.0053e+06,3.2504e+06,3.5548e+06,3.4098e+06,3.403e+06
943,700,1900,3600,5600,8200,10200,13700,17400,22000,27000,32500,39600,46000,52600,60300,67600,87800,85200,95100,105300,116300,137500,139600,152100,173900,178800,193000,216500,223000,247100,255200,324300,290000,316700,330800,438800,468100,482500,519500,554600,694600,603600,619800,660300,690400,721200,760300,636200,671900,688000,707600,738800,771300,799100,822300,858700,883200,927200,949800,986100,1.019e+06,1.0459e+06,1.0795e+06,1.1213e+06,1.1569e+06,1.1927e+06,1.2287e+06,1.2655e+06,1.4179e+06,1.4042e+06,1.3861e+06,1.4183e+06,1.4638e+06,1.5049e+06,1.5447e+06,1.5888e+06,1.6419e+06,1.6643e+06,1.7153e+06,1.7579e+06,2.1702e+06,2.2449e+06,2.3734e+06,2.4068e+06,2.4771e+06,2.3989e+06,2.4466e+06,2.2878e+06,2.362e+06,2.5091e+06,2.5434e+06,2.5124e+06,2.8045e+06,3.1169e+06,3.109e+06,3.2036e+06,3.441e+06,3.316e+06,3.3918e+06,3.5117e+06
944,800,2300,4100,5100,7300,10100,13700,17600,22000,27000,46600,38500,44800,51800,59400,67400,76000,94300,95000,105400,116300,169100,150900,152200,165400,217000,193100,217500,223200,239100,263800,272500,298000,308000,326800,353900,365700,394300,414700,436000,450100,480500,503800,526800,542500,503400,686300,785300,818000,851600,885900,873800,964900,992800,983700,955800,937500,1.043e+06,1.0327e+06,1.0137e+06,1.1719e+06,1.0735e+06,1.097e+06,1.1281e+06,1.1577e+06,1.1924e+06,1.2287e+06,1.2674e+06,1.3088e+06,1.3402e+06,1.3788e+06,1.4239e+06,1.5108e+06,1.5058e+06,1.5495e+06,1.5939e+06,1.6294e+06,1.6708e+06,1.7135e+06,1.7516e+06,1.8011e+06,1.8462e+06,1.8923e+06,1.9447e+06,1.9833e+06,2.0362e+06,2.1006e+06,2.2117e+06,2.188e+06,2.2725e+06,2.5129e+06,2.6604e+06,2.6503e+06,2.7311e+06,2.5888e+06,2.7459e+06,2.7007e+06,2.7555e+06,2.8126e+06,3.2334e+06
945,800,1700,3300,5500,7500,10300,13900,18700,22700,27300,44300,38900,45100,52100,59400,67500,76100,85300,95100,105400,116300,127800,148000,152400,165300,186600,193100,207900,230400,239100,262500,277700,290000,317200,334300,345900,373000,393400,406600,436800,416800,480000,503000,526200,550400,571500,600600,626200,652700,679500,707200,735200,763300,792600,829000,853100,890400,915500,951600,979900,1.0124e+06,1.0598e+06,1.0876e+06,1.1222e+06,1.1575e+06,1.1927e+06,1.2285e+06,1.2664e+06,1.3038e+06,1.3555e+06,1.3826e+06,1.4202e+06,1.4658e+06,1.4995e+06,1.5457e+06,1.5874e+06,1.6454e+06,1.7001e+06,1.7152e+06,1.7585e+06,1.8026e+06,1.8472e+06,1.898e+06,1.94e+06,2.6622e+06,8.6689e+06,3.1146e+06,3.1516e+06,2.4981e+06,2.235e+06,2.3196e+06,2.1273e+06,4.302e+06,4.4106e+06,3.2917e+06,2.8669e+06,3.1916e+06,3.2718e+06,3.174e+06,3.3153e+06
946,600,1700,3400,5400,7700,10700,14200,17700,22000,27000,32500,38400,45000,64500,52300,69000,77600,85900,95500,105400,116200,127600,139600,161000,165200,178800,200400,207900,223000,246100,255400,279300,290000,315000,334900,345900,372500,385900,406700,434900,457500,474100,497300,534400,553000,575400,600600,626200,658400,679500,706800,751200,768500,796300,830900,854900,907400,924100,948900,985500,1.0258e+06,1.0953e+06,1.0894e+06,1.1161e+06,1.1558e+06,1.1917e+06,1.2278e+06,1.2648e+06,1.28e+06,1.3407e+06,1.3857e+06,1.4183e+06,1.4651e+06,1.4987e+06,1.5455e+06,1.5797e+06,1.6288e+06,1.8796e+06,1.7105e+06,1.7572e+06,1.805e+06,1.8539e+06,1.8977e+06,1.9366e+06,1.9885e+06,2.036e+06,2.0536e+06,2.1279e+06,2.2846e+06,2.6777e+06,2.8981e+06,3.0829e+06,2.9889e+06,3.0547e+06,3.0736e+06,2.9916e+06,3.1046e+06,3.117e+06,3.3596e+06,3.5032e+06
947,700,2000,3600,5900,8800,12400,16900,21900,27300,33800,40500,47800,55800,64800,74100,84300,95000,106600,119600,105400,132100,129300,141300,153900,180000,179300,193000,216600,223200,246600,255600,280200,289800,315000,326600,352600,373000,385800,414700,435000,457800,472300,495900,546100,551600,575900,600600,626500,659000,679900,707200,735100,763600,792500,822500,859100,884200,900800,953700,979400,1.0189e+06,1.0521e+06,1.0862e+06,1.1146e+06,1.1502e+06,1.1851e+06,1.2278e+06,1.2667e+06,1.4755e+06,1.643e+06,1.6907e+06,1.7165e+06,1.7733e+06,1.8227e+06,1.8918e+06,1.7731e+06,1.7729e+06,1.8405e+06,1.9078e+06,1.9721e+06,2.0657e+06,1.9621e+06,2.007e+06,2.0111e+06,1.9896e+06,2.0644e+06,2.1913e+06,2.3745e+06,2.4244e+06,2.4414e+06,2.2794e+06,2.3927e+06,2.3907e+06,2.4487e+06,2.4995e+06,2.5476e+06,2.5997e+06,2.6562e+06,2.6984e+06,2.7778e+06
948,700,1800,3300,5300,7500,10300,23800,18300,22600,27600,33200,38800,45300,51900,59300,67400,86500,85300,95000,105300,116200,135900,139600,152100,172300,179000,193100,215800,223300,239100,255600,272500,290000,314800,326700,352900,365600,393000,413300,435700,434200,483400,503000,526100,550400,575500,600400,634800,737800,774600,744500,738100,770600,792600,822300,859800,883600,921000,956300,983100,1.0193e+06,1.0543e+06,1.0865e+06,1.1208e+06,1.1501e+06,1.1926e+06,1.2191e+06,1.2655e+06,1.3035e+06,1.3414e+06,1.3852e+06,1.419e+06,1.4642e+06,1.5081e+06,1.5519e+06,1.604e+06,1.6394e+06,1.7722e+06,1.7093e+06,1.7581e+06,1.8012e+06,1.8462e+06,1.9074e+06,1.9427e+06,1.9887e+06,2.0358e+06,2.0788e+06,2.1314e+06,2.1733e+06,2.223e+06,2.5093e+06,2.3378e+06,2.3782e+06,2.4294e+06,2.4835e+06,2.5401e+06,2.8233e+06,3.1723e+06,3.2448e+06,3.3375e+06
949,800,1700,3400,6300,9200,14400,19300,24700,22500,27100,47700,38600,45000,52000,59400,67500,76100,94500,95100,105400,116300,127800,147300,152100,165300,186000,193200,208000,230400,240600,273000,272900,328500,308200,421500,432400,457100,510800,519500,535300,573600,601900,630500,660000,690800,769100,604600,619600,665400,680300,707000,735100,770400,792700,822300,859100,883400,931100,964400,988200,1.0129e+06,995400,1.0878e+06,1.121e+06,1.1557e+06,1.1911e+06,1.2283e+06,1.2651e+06,1.3383e+06,1.3408e+06,1.3789e+06,1.4278e+06,1.4578e+06,1.504e+06,1.5385e+06,1.5862e+06,1.6372e+06,1.6672e+06,1.7133e+06,1.7586e+06,1.801e+06,1.8453e+06,1.8974e+06,1.9385e+06,1.9869e+06,2.037e+06,2.0733e+06,2.1319e+06,2.1797e+06,2.2288e+06,2.2783e+06,2.3284e+06,2.3782e+06,2.4322e+06,2.4829e+06,2.5469e+06,2.594e+06,2.64e+06,2.7046e+06,2.7491e+06
950,500,1400,3200,5800,4200,5800,13500,13800,15700,22100,26700,32800,39300,46000,59400,76100,76000,85200,95000,113200,116300,127600,139700,161200,165300,181000,194800,205800,234900,239200,263600,272500,297400,308100,333700,371700,367800,396400,416700,428300,450200,480500,503600,526700,550800,576400,600800,632000,657800,680800,714600,735500,777600,799300,864600,855000,891300,916800,956100,987700,1.015e+06,1.0675e+06,1.0841e+06,1.1323e+06,1.1636e+06,1.1943e+06,1.2297e+06,1.2664e+06,1.5569e+06,1.6487e+06,1.6753e+06,1.7407e+06,1.6668e+06,1.5472e+06,1.5736e+06,1.5978e+06,1.6334e+06,1.6716e+06,1.6966e+06,1.9261e+06,1.8048e+06,1.8528e+06,1.8919e+06,1.9373e+06,1.9837e+06,2.0395e+06,2.0748e+06,2.1273e+06,2.1808e+06,2.2301e+06,2.2774e+06,2.3447e+06,2.381e+06,2.431e+06,2.4815e+06,2.5345e+06,2.5881e+06,2.6633e+06,2.695e+06,2.7561e+06
951,600,1300,2700,4500,6900,9900,13300,17300,21700,26700,32300,38300,44800,51800,59300,67400,76000,92300,98600,123800,117600,128200,139800,152200,167300,179100,204500,208400,230800,239400,255800,280200,290100,308200,333900,346100,372800,393200,406900,435400,457400,480000,512100,526700,550800,575600,601100,631500,653100,679900,706700,731400,767800,792800,829100,853000,889400,923800,961400,981700,1.0668e+06,1.0561e+06,1.0873e+06,1.1219e+06,1.1568e+06,1.1936e+06,1.2295e+06,1.3015e+06,1.3064e+06,1.3485e+06,1.3808e+06,1.4093e+06,1.4747e+06,1.5087e+06,1.5503e+06,1.5702e+06,1.6096e+06,1.6778e+06,1.6984e+06,1.7675e+06,1.8031e+06,1.9173e+06,2.1661e+06,2.1487e+06,2.2166e+06,2.3098e+06,2.3617e+06,2.4313e+06,2.4653e+06,2.4905e+06,2.5253e+06,2.4447e+06,2.3883e+06,2.4571e+06,3.1625e+06,3.1952e+06,4.6323e+06,4.5849e+06,3.6149e+06,3.4515e+06
952,800,2300,3300,5400,7600,10100,13800,17600,22000,27000,32600,51600,36700,49500,73600,67600,76300,85300,95100,105400,116300,127700,139600,159700,165400,179000,200200,207900,223200,246000,255600,279300,289900,315000,333700,346000,380900,402800,639300,423200,461900,874400,963500,1.0133e+06,555800,551500,1.1125e+06,801500,819200,853000,711100,744000,764400,793700,829300,853400,890200,915300,1.235e+06,1.2353e+06,1.2676e+06,1.1851e+06,1.0805e+06,1.2924e+06,1.6337e+06,1.581e+06,1.2131e+06,1.26e+06,1.3203e+06,1.2288e+06,1.2275e+06,1.428e+06,1.4582e+06,1.5039e+06,1.5385e+06,1.5888e+06,1.6282e+06,1.7421e+06,1.6884e+06,1.7344e+06,1.8016e+06,1.8464e+06,1.9007e+06,1.9517e+06,1.9915e+06,2.0309e+06,2.0835e+06,2.1254e+06,2.1795e+06,2.2457e+06,2.2712e+06,2.326e+06,2.5556e+06,2.4381e+06,2.4833e+06,2.5342e+06,2.5953e+06,2.7656e+06,3.1072e+06,3.1261e+06
953,1300,1700,4100,7200,15800,20600,10600,18100,22000,18600,25800,32100,37100,42300,45000,68000,76200,97100,95600,105100,127100,127600,139600,152300,174600,178800,193000,216000,223100,249000,248300,284000,278500,301400,326600,354800,374300,387400,407000,428700,458100,485700,504800,526900,535700,576100,603800,626600,678200,683500,712200,736700,763900,799200,708100,858300,890600,914800,953700,690000,1.0199e+06,1.0811e+06,1.0717e+06,1.1212e+06,1.1659e+06,1.1956e+06,1.2296e+06,1.2599e+06,1.3035e+06,1.3472e+06,1.3788e+06,1.4263e+06,1.2944e+06,1.4761e+06,1.3792e+06,1.5831e+06,1.6005e+06,1.6875e+06,1.823e+06,1.881e+06,1.8068e+06,1.6439e+06,1.9093e+06,1.9497e+06,2.3072e+06,2.0445e+06,2.0802e+06,2.1376e+06,2.1764e+06,2.235e+06,2.2856e+06,2.4397e+06,2.8072e+06,2.7706e+06,2.5009e+06,2.8756e+06,2.7886e+06,2.7067e+06,2.7327e+06,2.7785e+06
954,1000,3000,2700,3900,10200,15400,20700,18400,23000,21500,28400,31700,45900,43800,45600,54700,73900,76100,92300,117000,111800,128700,132000,152900,224100,246300,169700,203600,301500,210500,257100,274200,304800,308300,343200,366200,366100,393700,414000,435200,450000,479900,503200,526300,557500,700600,604200,626400,652300,685800,707300,735700,767400,794800,863600,859600,888400,942100,796700,998600,1.0165e+06,938400,1.0109e+06,1.1349e+06,1.177e+06,985500,1.334e+06,2.0295e+06,1.1962e+06,1.6216e+06,1.5145e+06,2.1956e+06,1.7816e+06,1.9164e+06,2.5237e+06,2.3842e+06,2.4145e+06,2.3455e+06,2.349e+06,3.0961e+06,2.9053e+06,2.5271e+06,2.9481e+06,2.688e+06,2.7192e+06,2.6523e+06,2.7043e+06,2.7976e+06,3.596e+06,2.6868e+06,2.6436e+06,3.5577e+06,2.7018e+06,4.3433e+06,2.5791e+06,3.4939e+06,3.4176e+06,3.6207e+06,3.8914e+06,3.6907e+06
955,900,2000,3700,7400,10100,17900,25900,34300,30500,37000,44800,53200,45700,52400,120900,124700,144200,157300,96000,107300,116900,118300,200200,142300,151100,190500,278700,212200,223300,183600,252900,232800,256600,255200,328600,291600,365300,390800,607900,440400,497400,405800,483600,395900,779700,576600,491300,504900,568400,564300,720800,731400,788800,775200,869400,1.1765e+06,1.1826e+06,632200,866700,861600,955800,1.0615e+06,1.0693e+06,1.066e+06,1.1758e+06,1.3436e+06,1.6601e+06,1.3001e+06,1.2747e+06,1.3327e+06,1.4091e+06,1.4057e+06,2.0438e+06,1.9681e+06,2.1347e+06,2.2298e+06,2.2481e+06,2.2998e+06,2.5419e+06,1.4335e+06,1.8046e+06,1.8385e+06,1.903e+06,2.0713e+06,3.1531e+06,2.1886e+06,2.3718e+06,2.5125e+06,1.9427e+06,2.2972e+06,2.9284e+06,2.1979e+06,3.1172e+06,2.1064e+06,2.9527e+06,3.0599e+06,3.4704e+06,3.5117e+06,5.1249e+06,5.3639e+06
956,1100,2700,5600,10300,15000,21300,28600,35100,45600,54400,66100,79400,52800,53000,59600,67700,76100,85500,95100,105400,116300,127700,139800,152300,165300,183200,193900,308200,332000,357600,381400,404500,432700,560600,602500,655800,668700,730600,732900,805900,857000,868400,914400,785900,811400,851000,881900,928500,959800,1.0031e+06,1.0602e+06,1.0893e+06,1.1248e+06,1.163e+06,1.2072e+06,1.2529e+06,1.2908e+06,1.3377e+06,1.3992e+06,1.4776e+06,1.8679e+06,1.9143e+06,1.866e+06,2.0224e+06,1.4308e+06,1.5397e+06,1.5764e+06,1.6364e+06,1.6764e+06,1.6989e+06,1.7062e+06,1.8128e+06,1.798e+06,1.8231e+06,1.928e+06,2.043e+06,2.0377e+06,2.1298e+06,2.1779e+06,2.2703e+06,2.3913e+06,2.3128e+06,2.4502e+06,2.5434e+06,2.5031e+06,2.5748e+06,2.6243e+06,2.7312e+06,2.732e+06,2.8013e+06,2.6906e+06,2.3417e+06,2.3765e+06,3.5335e+06,3.1228e+06,3.1837e+06,3.2569e+06,3.3325e+06,3.4938e+06,3.4431e+06
957,1700,2400,4200,4200,7700,10900,14400,18200,22000,27100,32600,38700,44800,51800,59400,67500,76100,85400,95000,115000,116300,127700,139500,165100,165200,179000,200900,207800,223200,239200,255500,284800,304500,310200,377400,356000,362900,385500,424900,434100,451500,474100,496200,519600,543400,579900,601300,626900,660700,685200,722600,737100,693900,811200,1.0021e+06,848200,1.1274e+06,1.3083e+06,1.3204e+06,1.4957e+06,1.5109e+06,1.5367e+06,1.9233e+06,1.9157e+06,1.4524e+06,1.4835e+06,1.2611e+06,1.2639e+06,1.2896e+06,1.3538e+06,1.6035e+06,1.8243e+06,1.876e+06,1.9705e+06,2.662e+06,2.1427e+06,2.2281e+06,2.1838e+06,2.2427e+06,2.1757e+06,2.2862e+06,2.4055e+06,2.4567e+06,2.5249e+06,2.6998e+06,2.7719e+06,2.7767e+06,2.7916e+06,2.8326e+06,2.8522e+06,3.2353e+06,3.3941e+06,2.9445e+06,3.0712e+06,3.3139e+06,3.5988e+06,3.3363e+06,3.4235e+06,3.5109e+06,3.4729e+06
958,800,2200,4200,7100,7900,10400,13700,17500,21900,27500,34200,39800,46000,52900,60300,68200,86500,86000,95900,106300,117000,138000,140500,153000,174500,179400,193900,216800,223900,248400,256400,286200,326200,397800,409300,445800,367000,416700,614300,587900,612600,602700,631000,649000,679300,720900,752800,741600,721700,918200,717300,756700,774200,802600,831400,853200,889500,914300,953000,976600,1.0072e+06,1.0672e+06,1.0811e+06,1.1146e+06,1.1558e+06,1.1917e+06,1.2281e+06,1.2732e+06,1.3143e+06,1.4003e+06,1.3865e+06,1.5498e+06,1.5846e+06,1.5342e+06,1.6182e+06,1.5822e+06,1.6695e+06,1.7085e+06,1.7196e+06,1.895e+06,2.1884e+06,2.2366e+06,2.3247e+06,2.342e+06,2.154e+06,2.5605e+06,2.6126e+06,2.6783e+06,2.7847e+06,2.7214e+06,2.7465e+06,2.8047e+06,2.9893e+06,3.0556e+06,3.0573e+06,3.1993e+06,3.2587e+06,3.3274e+06,3.395e+06,3.56e+06
959,700,2000,3800,6100,9300,12400,16700,22500,27300,33500,40500,61200,55900,64600,81700,90800,102000,121800,118900,131800,145500,159700,174600,190100,206500,235400,284200,209700,274000,319400,333200,340500,373900,384800,419800,361300,475800,482900,521000,546700,573300,590500,630500,659900,698800,724700,643500,788500,826600,687400,719100,737100,765800,800600,824500,854900,884600,940100,934700,1.0313e+06,1.1824e+06,1.0847e+06,1.1566e+06,1.2087e+06,1.2442e+06,1.1929e+06,1.2285e+06,1.2704e+06,1.3025e+06,1.3421e+06,1.3787e+06,1.418e+06,1.4638e+06,1.5279e+06,1.5547e+06,1.5835e+06,1.642e+06,1.8301e+06,1.7075e+06,1.7565e+06,1.8035e+06,1.8453e+06,1.8913e+06,1.9387e+06,1.9899e+06,2.0371e+06,2.2862e+06,2.573e+06,2.6207e+06,2.9074e+06,2.759e+06,2.4536e+06,2.5072e+06,2.4797e+06,2.4929e+06,2.5501e+06,2.589e+06,2.6433e+06,2.8591e+06,2.7824e+06
960,900,1700,3000,5000,7300,10400,13900,18300,22800,27900,33100,38900,45500,52700,60100,78800,76800,86100,95800,106000,126100,128400,140600,152700,165200,179700,202600,208400,223800,265200,256300,283400,290900,310400,338800,357600,367500,397200,417700,430200,461100,483500,506500,532300,554100,578900,604500,630300,669900,657100,698500,725800,755000,795500,900200,1.2272e+06,893300,890300,940600,949700,1.0371e+06,1.0297e+06,1.0952e+06,1.1591e+06,1.1594e+06,1.2036e+06,1.2486e+06,1.326e+06,1.8636e+06,1.5446e+06,1.1155e+06,1.4237e+06,1.4785e+06,1.5114e+06,1.5961e+06,1.8421e+06,2.0107e+06,2.0605e+06,2.1725e+06,2.2894e+06,2.0606e+06,2.487e+06,2.5039e+06,2.34e+06,2.6468e+06,3.038e+06,2.6868e+06,2.7336e+06,2.8068e+06,2.8815e+06,2.992e+06,2.9687e+06,2.9766e+06,3.0425e+06,3.3392e+06,3.2365e+06,3.3439e+06,3.6479e+06,3.5522e+06,3.5152e+06
961,900,2100,4500,7000,8000,10700,14000,17600,22000,26800,32500,38400,44800,65100,59300,67400,76100,85300,95000,125700,116400,127600,139600,162200,165200,178900,200800,208000,230200,239100,262500,272400,297100,308000,333900,345700,353700,404400,415300,499200,450300,475600,523200,529800,556300,577400,601200,627100,653600,680000,707600,736300,764300,793700,823200,845700,883700,913600,924700,994200,1.0184e+06,1.0463e+06,1.0863e+06,1.1207e+06,1.1563e+06,1.1749e+06,1.2306e+06,1.2655e+06,1.3026e+06,1.3403e+06,1.3789e+06,1.4246e+06,1.4574e+06,1.5039e+06,1.5374e+06,1.5939e+06,1.6284e+06,1.6661e+06,1.7133e+06,1.7573e+06,1.8037e+06,1.8459e+06,2.0742e+06,1.9394e+06,1.9908e+06,2.037e+06,2.0887e+06,2.1407e+06,2.3746e+06,2.5466e+06,2.5096e+06,2.6698e+06,2.4336e+06,2.6021e+06,3.1745e+06,3.476e+06,2.9787e+06,2.662e+06,2.7124e+06,2.7613e+06
962,600,1700,3200,5100,7300,10300,13800,17600,21900,22200,32600,38600,44900,51900,59200,67400,76100,85300,95100,115100,116200,127700,139700,159400,165300,179000,200200,207900,223200,238900,255600,279600,318000,315900,333900,346000,372400,392800,406800,435100,457800,449900,497200,526600,543200,568300,601200,625800,664000,679200,740500,740000,773000,794500,823800,853700,886100,916300,954600,980300,1.0196e+06,1.0542e+06,1.0883e+06,1.1329e+06,1.1685e+06,1.1941e+06,1.2284e+06,1.2613e+06,1.302e+06,1.3469e+06,1.3789e+06,1.4233e+06,1.4725e+06,1.5054e+06,1.5399e+06,1.5882e+06,1.9981e+06,2.0158e+06,2.0624e+06,2.177e+06,2.2475e+06,2.0871e+06,2.0629e+06,2.4103e+06,2.0725e+06,2.4685e+06,2.4706e+06,2.7025e+06,2.8542e+06,2.8021e+06,2.9081e+06,2.9384e+06,2.9739e+06,3.0381e+06,3.1274e+06,2.7783e+06,3.0491e+06,3.1009e+06,3.0625e+06,3.3066e+06
963,700,1900,3600,5900,9400,12300,16800,21700,27200,33500,40300,47800,55900,64700,74100,84300,95000,106600,126700,159200,145200,159400,187000,190200,206500,235100,241500,259800,290300,298700,381000,422000,375400,385000,408400,443400,456700,493200,535400,478000,562400,590400,630300,670000,689600,721100,656300,784800,772200,859700,885900,975900,766700,817300,864800,855200,891500,916600,954700,987700,1.0145e+06,1.0536e+06,1.0958e+06,1.1232e+06,1.159e+06,1.1945e+06,1.2299e+06,1.2664e+06,1.3044e+06,1.3421e+06,1.3807e+06,1.4191e+06,1.47e+06,1.5256e+06,1.5502e+06,1.6527e+06,1.655e+06,1.6729e+06,1.7158e+06,1.7669e+06,1.9576e+06,1.8671e+06,2.0773e+06,2.1217e+06,2.2991e+06,2.3221e+06,2.3425e+06,2.3825e+06,2.4651e+06,2.5576e+06,2.5842e+06,2.6389e+06,2.6879e+06,2.7801e+06,2.8528e+06,2.5471e+06,3.0986e+06,3.3319e+06,3.4086e+06,3.4243e+06
964,1000,2200,4300,6200,9200,10300,13800,31600,22100,26900,32500,38600,45000,52200,59600,67300,87400,85200,95000,105400,116300,135300,139700,152200,172400,181000,193700,220300,223200,279800,255500,283400,289800,317400,326600,354900,374600,385800,406700,436900,458900,554900,630300,648900,658900,721800,753000,784800,772300,851500,833700,866700,928600,993500,1.0242e+06,1.0166e+06,1.1268e+06,1.1118e+06,1.187e+06,1.2021e+06,1.2334e+06,1.2966e+06,1.3068e+06,1.3703e+06,1.4965e+06,1.4938e+06,1.4986e+06,1.5631e+06,1.585e+06,1.629e+06,1.672e+06,1.6703e+06,1.7433e+06,1.6517e+06,1.7214e+06,1.7608e+06,1.8433e+06,1.9371e+06,1.7641e+06,2.0014e+06,1.9871e+06,2.066e+06,2.1188e+06,2.3107e+06,2.1514e+06,2.31e+06,2.4104e+06,2.3705e+06,2.341e+06,2.4861e+06,2.6848e+06,2.5571e+06,2.5119e+06,2.4198e+06,2.4941e+06,2.5469e+06,2.6462e+06,2.6472e+06,2.7031e+06,2.9014e+06
965,600,1400,2800,4700,6900,9900,13400,17400,21700,26700,32200,38300,46500,52700,60600,67700,87600,85900,95100,105400,116300,139200,141900,152900,179200,179100,193200,208000,223100,248400,255500,281300,289800,317100,326900,345600,374100,385900,408500,455600,466800,479100,542500,539900,553800,576100,600300,626200,653000,679400,713000,735500,773400,906200,906000,971600,903100,923900,953500,979200,1.0183e+06,1.1124e+06,1.0952e+06,1.1235e+06,1.152e+06,1.1936e+06,1.2442e+06,1.2882e+06,1.3038e+06,1.5753e+06,1.6863e+06,1.7444e+06,1.8335e+06,1.8758e+06,1.953e+06,2.0098e+06,2.187e+06,2.1551e+06,2.172e+06,2.2113e+06,2.2663e+06,2.405e+06,2.3783e+06,2.553e+06,2.4821e+06,2.532e+06,2.6613e+06,2.6801e+06,2.4225e+06,2.3945e+06,2.6624e+06,2.5939e+06,3.0359e+06,2.9868e+06,3.1061e+06,3.1622e+06,3.2886e+06,2.8499e+06,2.7173e+06,2.7519e+06
966,700,1300,2900,4600,6900,10700,13200,17300,21800,26600,32100,38300,44700,53600,61200,68300,70600,101500,96900,106900,116900,142100,139700,152200,173900,178900,193300,215000,223300,246100,255400,283000,289900,322800,405500,346500,376100,394400,420600,643200,396300,504300,631500,529700,543600,579600,601900,626600,652800,680000,707100,741800,764100,792900,839400,855300,890100,915200,953500,985800,1.0124e+06,1.0529e+06,1.0864e+06,1.1207e+06,1.156e+06,1.1924e+06,1.23e+06,1.081e+06,1.2771e+06,1.3415e+06,1.379e+06,1.4988e+06,1.4984e+06,1.4991e+06,1.667e+06,1.5881e+06,1.9273e+06,2.0202e+06,2.0562e+06,2.13e+06,2.1576e+06,2.4029e+06,2.3256e+06,2.4369e+06,2.4836e+06,2.6559e+06,2.6875e+06,2.6881e+06,2.7722e+06,2.4915e+06,2.7984e+06,2.8027e+06,3.0564e+06,3.0732e+06,3.1403e+06,3.1746e+06,3.22e+06,3.3362e+06,3.4032e+06,3.4868e+06
967,900,2200,4000,6800,7500,10100,13600,17500,22000,41300,32500,38700,44800,43300,59600,61200,88100,85100,94900,105200,116200,136000,139600,152300,172300,178900,193300,215700,223300,239200,255500,272400,289900,320600,326700,353000,365700,392700,413800,435600,450200,465600,503200,527700,550400,576900,613800,626300,652600,686000,706800,734900,763500,798800,822400,887500,873800,914800,953400,1.033e+06,1.0199e+06,1.0655e+06,1.087e+06,1.1211e+06,1.1567e+06,1.1961e+06,1.2287e+06,1.2691e+06,1.3169e+06,1.4168e+06,1.3804e+06,1.4259e+06,1.4594e+06,1.5052e+06,1.5399e+06,1.5877e+06,1.63e+06,1.7591e+06,1.7152e+06,1.7577e+06,1.8019e+06,1.8476e+06,1.898e+06,2.1353e+06,2.0491e+06,2.0432e+06,2.0899e+06,2.1483e+06,2.1857e+06,2.2408e+06,2.2905e+06,2.3456e+06,2.3895e+06,2.4733e+06,2.4945e+06,2.552e+06,2.5997e+06,2.6532e+06,2.7073e+06,2.7659e+06
968,700,1700,3300,5900,8300,11000,14400,18400,22800,27700,33400,39500,45700,53600,61100,84200,64300,85700,95200,105400,128500,127600,139600,152100,165400,179100,200200,207800,223300,246000,255400,279400,290100,315000,326700,353100,372600,386000,409300,428100,450400,473100,479700,519500,555600,586200,600900,626400,653000,679500,707100,741800,763600,803800,829500,853000,890000,915300,1.0935e+06,983900,1.0163e+06,1.0755e+06,1.0727e+06,1.4647e+06,1.2733e+06,1.2001e+06,1.1781e+06,1.3131e+06,1.3681e+06,1.3974e+06,1.3887e+06,1.5147e+06,1.5389e+06,1.6516e+06,2.1105e+06,2.1187e+06,1.9414e+06,2.2457e+06,2.2817e+06,2.2467e+06,2.3432e+06,2.4531e+06,2.4203e+06,2.5852e+06,2.5132e+06,2.5422e+06,2.6426e+06,2.7325e+06,3.1252e+06,2.7427e+06,2.6606e+06,2.6688e+06,2.7835e+06,2.9292e+06,2.8298e+06,2.8837e+06,3.0542e+06,3.1094e+06,3.1789e+06,3.4668e+06
969,700,1900,3500,5500,8400,11600,15700,20400,25800,42900,38200,45200,52700,61000,70000,79300,89500,100300,95100,105400,116200,136900,141700,152900,180100,179100,193200,218800,224700,256500,256000,283900,290000,317300,326700,354900,376200,385900,415500,436800,459500,481600,495600,522400,544600,569500,610600,636000,662900,682500,707800,741900,764000,792800,805400,853400,889400,914600,953300,987500,1.0125e+06,1.0523e+06,1.0861e+06,1.1205e+06,1.156e+06,1.18e+06,1.2023e+06,1.2664e+06,1.304e+06,1.3415e+06,1.3796e+06,1.4193e+06,1.4591e+06,1.5055e+06,1.567e+06,1.5749e+06,1.6387e+06,1.6824e+06,1.7231e+06,1.7674e+06,1.9442e+06,1.868e+06,1.9017e+06,1.9475e+06,1.9942e+06,2.0473e+06,2.102e+06,2.1528e+06,2.4349e+06,2.6225e+06,2.706e+06,2.5913e+06,2.3894e+06,2.7584e+06,2.7132e+06,2.6698e+06,2.6869e+06,2.7507e+06,3.3051e+06,3.4877e+06
970,800,1800,3500,5800,8700,13200,18800,21600,27200,33600,43400,39600,46600,53600,60600,67800,76200,85400,109400,105400,116400,127700,148700,152200,165400,179100,193200,207900,230600,239000,262400,272300,296700,308000,333500,346000,372800,392600,421600,441200,450100,480700,504900,526400,550300,575600,605700,628100,652600,686000,707000,734900,763600,799700,832800,866200,884000,921100,946800,977600,1.016e+06,1.0545e+06,1.0877e+06,1.1217e+06,1.1571e+06,1.1927e+06,1.2311e+06,1.499e+06,1.5869e+06,1.5489e+06,1.5261e+06,1.6324e+06,1.7421e+06,1.6902e+06,1.5862e+06,1.8853e+06,1.9964e+06,1.9778e+06,2.0842e+06,2.102e+06,2.2173e+06,2.3033e+06,2.3953e+06,2.5037e+06,2.5294e+06,2.4161e+06,2.6354e+06,2.6267e+06,2.7675e+06,2.6792e+06,2.821e+06,2.929e+06,3.026e+06,3.0546e+06,3.1204e+06,3.3099e+06,3.2826e+06,3.3268e+06,3.4761e+06,3.4739e+06
971,900,2300,3200,5400,7500,10100,13500,17400,21900,26800,32500,39800,45500,52100,72200,68800,76000,85200,95200,116000,116300,127600,139600,159700,165300,178800,200400,207800,223100,246200,255400,280700,290100,315500,333700,345700,372600,393200,406500,436200,457400,479800,502900,534900,555500,575500,600900,626300,652700,680000,710200,735100,763400,793100,829000,869600,889800,914700,953300,979600,1.0193e+06,1.0524e+06,1.0892e+06,1.1206e+06,1.1559e+06,1.1918e+06,1.226e+06,1.2646e+06,1.3027e+06,1.3403e+06,1.3786e+06,1.4179e+06,1.4645e+06,1.4976e+06,1.5442e+06,1.5958e+06,1.6216e+06,1.6764e+06,1.7093e+06,1.7559e+06,1.8019e+06,1.8469e+06,1.8921e+06,1.943e+06,1.9839e+06,2.0347e+06,2.0928e+06,2.1249e+06,2.1733e+06,2.2383e+06,2.2777e+06,2.3287e+06,2.3812e+06,2.431e+06,2.4888e+06,2.5499e+06,2.936e+06,3.1952e+06,3.1471e+06,3.0893e+06
972,900,1700,3200,5000,7300,10200,13600,17400,22900,27000,32500,38500,45200,66300,59400,67400,76000,85100,95000,114900,116200,129000,139700,159900,165200,178900,200400,207900,230100,239000,255400,279500,289900,307900,334700,345600,372300,392800,406700,434900,463800,481400,503600,527300,627000,577000,601200,627200,653400,682000,707800,742100,764200,796900,829600,853500,899400,928100,965900,987100,1.0185e+06,1.0467e+06,1.0861e+06,1.1208e+06,1.1564e+06,1.1931e+06,1.2284e+06,1.2669e+06,1.3049e+06,1.3401e+06,1.3788e+06,1.4249e+06,1.4576e+06,1.504e+06,1.5391e+06,1.5861e+06,1.8244e+06,1.6738e+06,1.7073e+06,1.7529e+06,1.7946e+06,1.8473e+06,1.892e+06,1.9668e+06,1.9842e+06,2.0372e+06,2.0767e+06,2.1311e+06,2.1805e+06,2.2236e+06,2.0939e+06,2.3336e+06,2.3802e+06,2.4297e+06,2.4852e+06,2.5488e+06,2.5847e+06,2.6485e+06,2.6973e+06,2.7559e+06
973,500,1400,2700,4600,11000,13700,10200,18600,24700,30300,33600,39500,46300,52400,61000,68500,76900,86100,95900,106300,117200,128500,150200,153000,166100,188200,194100,208700,232600,239800,264800,329400,374700,386000,420700,581200,459200,483100,508900,429600,465600,493900,505500,526900,550100,575000,600200,629900,660100,680400,713300,734900,763600,798900,876800,887500,884800,922200,947300,986200,1.0195e+06,1.0652e+06,1.0988e+06,1.1247e+06,1.3716e+06,1.4677e+06,1.5654e+06,1.5851e+06,1.6309e+06,1.7527e+06,1.509e+06,1.7887e+06,1.8905e+06,1.8882e+06,1.6385e+06,1.9821e+06,2.0291e+06,2.0924e+06,2.195e+06,2.2367e+06,1.9836e+06,2.1223e+06,2.0451e+06,2.1992e+06,2.5406e+06,2.6109e+06,2.6788e+06,2.7009e+06,3.1387e+06,2.8817e+06,2.856e+06,2.9738e+06,3.0252e+06,3.1454e+06,3.163e+06,3.2942e+06,3.2517e+06,3.2638e+06,3.4455e+06,3.4525e+06
974,800,2200,4100,6400,7400,10400,13800,17700,22000,27200,33600,39000,45200,52000,59500,79200,76200,85400,95200,105600,123900,127800,139900,152400,172500,179000,193300,215000,223300,246200,255700,280000,290100,315200,326800,353300,373200,386000,422100,438500,457500,472600,495800,526700,550900,574900,600400,626500,658800,679600,715400,735200,769500,792800,837000,858500,883500,928900,946900,979800,1.0188e+06,1.0526e+06,1.0864e+06,1.1148e+06,1.1495e+06,1.2209e+06,1.245e+06,1.2656e+06,1.32e+06,1.3416e+06,1.3856e+06,1.4299e+06,1.4661e+06,1.4996e+06,1.5816e+06,1.5812e+06,1.6692e+06,1.6816e+06,1.7232e+06,1.7676e+06,1.8172e+06,1.8574e+06,1.8921e+06,1.9486e+06,1.9949e+06,2.047e+06,2.3035e+06,2.1314e+06,2.1921e+06,2.2323e+06,2.2751e+06,2.3224e+06,2.5957e+06,2.4385e+06,2.5391e+06,2.5376e+06,2.5999e+06,2.6583e+06,2.7143e+06,2.7618e+06
975,700,1800,3200,5100,7400,10500,14200,18000,22900,27800,33100,38800,45300,52600,60200,68500,88100,86400,96500,106400,117400,128900,140800,153300,242600,194500,194800,223600,223700,239400,255500,272700,290000,326300,317500,362200,383200,387500,421200,437300,457600,479500,495600,526700,549200,576700,600100,625900,658800,679600,712300,736900,764800,792800,823100,852300,890300,914400,946600,1.0537e+06,1.0158e+06,1.0495e+06,1.0643e+06,1.1269e+06,1.1563e+06,1.1925e+06,1.2283e+06,1.2716e+06,1.3021e+06,1.3509e+06,1.3787e+06,1.4247e+06,1.4357e+06,1.5081e+06,1.5389e+06,1.5863e+06,1.6288e+06,1.6708e+06,1.7097e+06,1.7656e+06,1.8011e+06,1.8461e+06,1.8917e+06,1.9374e+06,1.9848e+06,2.0379e+06,2.0739e+06,2.1327e+06,2.1818e+06,2.2217e+06,2.2799e+06,2.3293e+06,2.344e+06,2.4303e+06,2.4909e+06,2.5419e+06,2.5871e+06,2.6586e+06,2.7021e+06,2.7557e+06
976,600,1400,2700,4600,7000,9900,13300,17300,21800,26800,32400,38500,44900,59500,59400,67400,76100,85300,95000,112500,116300,127600,139600,159300,165200,187400,193100,209500,235300,239000,262800,272500,297600,308000,333700,353000,365700,393100,413800,428000,457200,479500,502500,526300,552500,585700,604300,644400,652100,683400,707100,741200,763600,792800,828600,853000,889400,914700,953000,1.0768e+06,991100,1.0665e+06,1.092e+06,1.1214e+06,1.1557e+06,1.1922e+06,1.2281e+06,1.2646e+06,1.3017e+06,1.425e+06,1.3813e+06,1.4327e+06,1.4767e+06,1.5051e+06,1.5518e+06,1.5824e+06,1.6313e+06,1.6837e+06,1.7246e+06,1.7566e+06,1.8055e+06,1.8462e+06,1.891e+06,1.9358e+06,2.0114e+06,2.0312e+06,2.0831e+06,2.3299e+06,2.1768e+06,2.2293e+06,2.2784e+06,2.3279e+06,2.3793e+06,2.3934e+06,2.4822e+06,2.555e+06,2.7422e+06,3.2209e+06,3.1856e+06,3.4468e+06
977,700,2500,4400,6600,9000,14400,18200,23200,30400,37300,41000,48900,57400,65900,75300,85700,96400,153500,119900,169800,147500,159600,139600,152100,165100,178800,193000,207800,223000,238900,279200,272300,289900,307900,326400,345700,365400,385700,417400,436100,449900,480700,502500,526300,548900,575500,593200,626300,652200,690000,707800,735100,763500,799400,822500,858700,883700,921600,946500,983000,1.0138e+06,1.0523e+06,1.1047e+06,1.125e+06,1.1582e+06,1.1938e+06,1.2295e+06,1.2661e+06,1.3036e+06,1.3487e+06,1.5711e+06,1.6185e+06,1.6433e+06,1.6427e+06,1.598e+06,1.5961e+06,1.6406e+06,1.6984e+06,1.8735e+06,1.8137e+06,1.9017e+06,1.8457e+06,1.8928e+06,1.9425e+06,1.9842e+06,2.0301e+06,2.0769e+06,2.1317e+06,2.1739e+06,2.229e+06,2.3507e+06,2.3291e+06,2.3823e+06,2.4317e+06,2.4837e+06,2.536e+06,2.6402e+06,2.6593e+06,2.7105e+06,2.8401e+06
978,600,1600,3600,4700,7800,13500,14400,18500,22400,27000,32700,38700,45000,52100,59400,67500,93600,86900,95800,106000,126800,127700,139700,152300,173700,179000,193100,215300,223200,246900,255600,279600,290000,315000,326700,332800,372900,385900,414400,435600,457500,472700,495800,526300,550400,575300,600400,626400,652500,680100,707500,734900,764200,801700,822300,858400,883000,921000,946700,985700,1.0187e+06,1.0457e+06,1.1349e+06,1.1254e+06,1.1574e+06,1.2286e+06,1.229e+06,1.2762e+06,1.3132e+06,1.3524e+06,1.3849e+06,1.4231e+06,1.456e+06,1.5485e+06,1.5597e+06,1.5876e+06,1.6218e+06,1.6728e+06,1.7349e+06,1.7581e+06,1.8139e+06,1.8483e+06,1.892e+06,1.9441e+06,1.9828e+06,2.2722e+06,2.0797e+06,2.4762e+06,2.5927e+06,2.7803e+06,2.8954e+06,2.7768e+06,2.6667e+06,2.8632e+06,2.8254e+06,2.9363e+06,2.8384e+06,2.859e+06,3.0541e+06,3.1282e+06
979,700,1800,3400,5300,7500,10200,14800,18700,36400,27700,33300,39400,46100,53000,60200,79600,76900,86000,95800,106100,125700,128400,140500,152900,174200,179600,194100,208600,224000,301100,320200,352800,363300,298300,384700,347700,377100,396000,407000,436900,458300,480600,503700,527200,551100,576000,601600,627300,653700,824100,886800,946200,967500,845900,825600,859500,883600,920900,953600,979100,1.0193e+06,1.0639e+06,1.0863e+06,1.1227e+06,1.1501e+06,1.185e+06,1.2287e+06,1.2652e+06,1.3016e+06,1.3403e+06,1.3858e+06,1.4005e+06,1.4649e+06,1.4982e+06,1.5459e+06,1.5804e+06,1.6292e+06,1.6712e+06,1.7318e+06,1.7471e+06,1.8015e+06,1.8462e+06,1.8906e+06,1.936e+06,1.9892e+06,2.0303e+06,2.082e+06,2.1258e+06,2.1802e+06,2.2278e+06,2.2874e+06,2.541e+06,2.4242e+06,2.4318e+06,2.4837e+06,2.5375e+06,2.5974e+06,2.6474e+06,2.7067e+06,2.768e+06
980,700,1800,2900,5400,7400,10300,13600,22000,27500,33400,40400,47900,46500,53500,60300,68100,76000,85200,95200,106900,133000,128800,141400,167900,165700,179000,202100,204600,223100,247800,255300,279500,289900,314900,333600,345900,372500,391100,411600,436900,458300,480500,503300,527400,551000,576200,601200,627300,670700,679500,707000,741300,764000,793100,828500,855600,890300,915000,953200,979000,1.0172e+06,1.0522e+06,1.0867e+06,1.1295e+06,1.1559e+06,1.1918e+06,1.2087e+06,1.2652e+06,1.3029e+06,1.3486e+06,1.3887e+06,1.418e+06,1.4642e+06,1.4977e+06,1.5451e+06,1.5852e+06,1.6225e+06,1.6718e+06,1.7269e+06,1.7847e+06,1.8062e+06,1.8659e+06,1.8916e+06,2.0434e+06,1.9852e+06,2.0382e+06,2.095e+06,2.1299e+06,2.1829e+06,2.2329e+06,2.2748e+06,2.3419e+06,2.3934e+06,2.4445e+06,2.4618e+06,3.2425e+06,3.2469e+06,3.3043e+06,3.3801e+06,3.4272e+06
981,900,2200,4100,5400,7500,10400,13800,17600,22000,27000,32400,38300,44800,48900,42700,67600,89400,86900,96500,120700,116800,128000,139600,164400,165200,178900,200800,208000,230500,239000,255300,279500,290100,307900,333400,345700,372700,393100,406600,434900,454400,483300,503800,526400,550300,575500,600500,626000,652600,679700,707100,741700,763600,792600,828700,854100,892600,914900,953400,985500,1.0122e+06,1.0522e+06,1.0862e+06,1.1309e+06,1.1553e+06,1.1919e+06,1.2417e+06,1.2651e+06,1.3044e+06,1.3483e+06,1.3785e+06,1.4182e+06,1.4637e+06,1.4978e+06,1.5452e+06,1.5866e+06,1.6226e+06,1.6715e+06,1.7137e+06,1.7587e+06,1.801e+06,1.8466e+06,1.8987e+06,1.9433e+06,1.9872e+06,2.0306e+06,2.0866e+06,2.1242e+06,2.1965e+06,2.2304e+06,2.3044e+06,2.3397e+06,2.382e+06,2.433e+06,2.511e+06,2.5467e+06,2.6018e+06,2.6537e+06,2.7054e+06,3.365e+06
982,800,1800,3000,4700,7000,9900,13300,17300,21800,26700,32300,38200,44700,51700,68000,67400,76100,85200,95000,105400,116200,127600,141500,170600,224200,223700,241400,310300,239700,263500,319300,352100,362600,396600,436100,443600,470400,482300,519800,549800,582000,602300,619800,649000,690100,720900,752700,785400,819100,801600,886000,870400,1.0076e+06,846900,883000,947800,883400,920800,953200,979900,1.0183e+06,1.0531e+06,1.0857e+06,1.1144e+06,1.1639e+06,1.1924e+06,1.2282e+06,1.2649e+06,1.3031e+06,1.3406e+06,1.3853e+06,1.4974e+06,1.665e+06,1.6262e+06,1.5967e+06,1.6598e+06,1.6336e+06,1.6736e+06,1.687e+06,2.3668e+06,2.2199e+06,2.2341e+06,2.2916e+06,2.3425e+06,2.4776e+06,2.5066e+06,2.6299e+06,2.5677e+06,2.6253e+06,2.7909e+06,2.8011e+06,2.7031e+06,2.7507e+06,2.7448e+06,3.1929e+06,3.2445e+06,3.3056e+06,3.6434e+06,3.4418e+06,3.6833e+06
983,900,2400,4500,6700,12900,14500,25600,24200,29600,37400,48100,71600,61800,72300,80400,142100,123200,130800,179300,106400,118900,278200,276800,296300,334100,374300,390700,444000,459400,508200,535800,573500,556300,646100,642800,599600,445000,403300,416500,428600,457600,479600,502400,526000,550000,575000,600500,626100,652400,692000,713400,735000,763400,792600,823800,853300,889500,914900,946100,984800,1.0219e+06,1.0652e+06,1.0982e+06,1.147e+06,1.2083e+06,1.2062e+06,1.2433e+06,1.2769e+06,1.3123e+06,1.3402e+06,1.3794e+06,1.4209e+06,1.464e+06,1.4328e+06,1.6893e+06,1.5817e+06,1.6302e+06,1.6741e+06,1.7134e+06,1.758e+06,1.8087e+06,1.8439e+06,1.8904e+06,1.9372e+06,2.1498e+06,2.5088e+06,2.5594e+06,2.4753e+06,2.1563e+06,2.7248e+06,2.5063e+06,2.3322e+06,2.6317e+06,2.6044e+06,2.6076e+06,2.701e+06,2.9786e+06,2.9261e+06,2.8379e+06,2.7589e+06
984,600,1400,2700,4600,7000,10000,13500,17200,21800,26700,22000,67900,58700,53600,60700,69000,76800,99900,95100,105400,116200,136500,139700,152300,165200,186400,193200,215400,223100,239100,271200,273800,290700,323400,326800,354500,373600,386300,423600,440800,458800,479800,497300,529200,551500,576400,601400,627900,653900,680600,708000,742800,961300,1.2035e+06,901000,862200,900400,925700,957100,988300,1.0185e+06,1.0455e+06,1.0859e+06,1.2094e+06,1.1592e+06,1.1949e+06,1.2316e+06,1.275e+06,1.3069e+06,1.3434e+06,1.3821e+06,1.4209e+06,1.4578e+06,1.5089e+06,1.5557e+06,1.5986e+06,1.6335e+06,1.676e+06,1.7234e+06,1.7749e+06,1.8058e+06,1.8537e+06,1.8926e+06,1.9383e+06,1.9848e+06,2.0713e+06,2.1387e+06,2.4883e+06,2.4291e+06,2.601e+06,4.2506e+06,4.3115e+06,3.7034e+06,3.603e+06,3.6766e+06,3.7608e+06,3.158e+06,2.9924e+06,3.1835e+06,3.4993e+06
985,900,2200,3700,6100,9100,12700,17000,21900,45000,33500,40700,39700,46000,52100,59600,67400,76100,85300,113400,105400,116400,127600,149200,152200,168000,348000,347800,398900,432900,480800,490400,517200,556500,570900,342800,362500,366100,395500,413900,427900,449900,479600,519700,529800,551700,575200,600500,626100,652300,686400,706800,1.1243e+06,1.1159e+06,1.2028e+06,1.2433e+06,867700,883900,921600,946700,985900,1.0187e+06,1.0537e+06,1.0158e+06,1.1532e+06,1.1863e+06,1.1947e+06,1.2321e+06,1.265e+06,1.3023e+06,1.3465e+06,1.3791e+06,1.4227e+06,1.4582e+06,2.2387e+06,2.2018e+06,2.1083e+06,1.6575e+06,2.8527e+06,3.1288e+06,1.8825e+06,2.975e+06,2.6753e+06,2.4272e+06,2.0119e+06,2.5527e+06,3.7342e+06,2.787e+06,2.9745e+06,2.6957e+06,2.8e+06,2.844e+06,3.0061e+06,3.0604e+06,3.1129e+06,3.3057e+06,3.2652e+06,3.377e+06,3.5868e+06,4.6671e+06,3.601e+06
986,800,2100,3500,4900,7300,10200,13500,17400,21900,26800,32400,53300,44900,51900,59400,67400,76000,85200,151200,166500,197100,200500,246100,238300,273700,263400,311200,322500,357500,379900,393600,405300,455200,485500,512000,543000,551600,600700,645800,667100,676200,725900,765100,775600,842000,873700,917600,904600,994800,1.0269e+06,1.0734e+06,1.1163e+06,449000,829100,829900,858300,891300,915900,953500,987200,1.0144e+06,1.3195e+06,1.4111e+06,1.655e+06,1.7187e+06,1.773e+06,1.8222e+06,1.8253e+06,1.8697e+06,1.9452e+06,1.9775e+06,2.0376e+06,2.1405e+06,2.0984e+06,1.9669e+06,2.2913e+06,2.7281e+06,2.4829e+06,1.7441e+06,1.7677e+06,1.7862e+06,1.8588e+06,1.9305e+06,1.9495e+06,1.9959e+06,2.1418e+06,2.7519e+06,2.6415e+06,2.81e+06,3.0766e+06,2.7092e+06,3.0278e+06,3.094e+06,3.0937e+06,3.2962e+06,3.2009e+06,3.022e+06,3.4198e+06,3.5446e+06,3.5426e+06
987,800,2300,4400,7000,7800,10500,13700,10800,22100,27000,32600,38700,44800,51900,59300,77900,76000,85200,94900,105300,124100,127700,139600,152200,172600,178900,193200,215200,223400,246300,255500,279600,290000,315100,326800,352900,372600,386100,409000,441700,461000,482400,496700,520200,552100,577000,602200,634000,654100,681400,708600,736500,771700,794400,1.0101e+06,878500,885000,1.1119e+06,1.1871e+06,1.2165e+06,1.2608e+06,1.2631e+06,1.3597e+06,1.3957e+06,1.1616e+06,1.2911e+06,1.249e+06,1.3801e+06,1.4153e+06,1.5313e+06,1.4211e+06,1.5327e+06,1.4687e+06,1.5069e+06,1.5449e+06,1.588e+06,1.6227e+06,1.6711e+06,1.7143e+06,1.7615e+06,1.8012e+06,1.8498e+06,1.8918e+06,1.9445e+06,1.983e+06,2.0295e+06,2.1079e+06,2.1385e+06,2.1803e+06,2.2312e+06,2.2801e+06,2.3304e+06,2.3907e+06,2.9614e+06,2.9797e+06,3.0381e+06,3.1619e+06,3.2145e+06,3.3342e+06,3.4642e+06
988,1500,2800,3600,5700,9700,13500,17200,21800,27600,33700,40600,48200,56100,67000,60400,67800,76400,123600,118700,131500,145300,159500,174500,190000,206600,235500,241400,194300,207900,240400,269500,273000,299800,308100,326500,353100,365500,392700,398200,438800,450100,479800,502700,526200,550500,576200,602400,625600,652700,681400,713300,735300,763700,798800,822200,854800,923900,925300,948500,986400,1.0435e+06,1.0531e+06,1.0807e+06,1.282e+06,1.3858e+06,1.4425e+06,1.4253e+06,1.5442e+06,1.5876e+06,1.6526e+06,1.7357e+06,1.7752e+06,1.8246e+06,1.8746e+06,1.6659e+06,1.8421e+06,1.8719e+06,1.8639e+06,2.0501e+06,2.0769e+06,2.0485e+06,2.0611e+06,1.901e+06,2.2252e+06,2.2742e+06,2.2308e+06,2.3331e+06,2.4071e+06,2.5246e+06,2.5445e+06,2.7169e+06,2.6356e+06,2.944e+06,3.0414e+06,3.1084e+06,3.4577e+06,3.2585e+06,3.3166e+06,3.4071e+06,3.45e+06
989,800,1900,3500,5700,8700,12500,16800,21700,27400,33500,40200,47800,69700,64600,74200,84200,95100,86600,112500,534900,118000,129200,153800,152600,165200,179000,193100,207900,230700,239000,262500,272300,296600,308000,333700,345700,372500,393100,413500,428300,457900,479700,504100,526500,550500,577300,600700,626900,652600,679600,706800,741300,764000,792800,841100,861200,889500,897800,954900,985400,1.0124e+06,1.0552e+06,1.0863e+06,1.1204e+06,1.1562e+06,1.1918e+06,1.2289e+06,1.2648e+06,1.2927e+06,1.347e+06,1.3792e+06,1.4181e+06,1.4636e+06,1.4977e+06,1.5706e+06,1.588e+06,1.6236e+06,1.6666e+06,1.7201e+06,1.7592e+06,1.8027e+06,1.8556e+06,1.8992e+06,1.9397e+06,1.9915e+06,2.0422e+06,2.0794e+06,2.3122e+06,2.2004e+06,2.2259e+06,2.2744e+06,2.3408e+06,2.3862e+06,2.4472e+06,2.4925e+06,2.5372e+06,2.5924e+06,3.0982e+06,2.953e+06,3.0788e+06
990,1000,2300,3900,3100,7300,10300,15000,18800,22700,34700,39400,39400,45900,52700,70200,68100,77900,85900,95600,105300,116400,127800,153100,179400,206700,223800,241500,260000,273600,299000,330700,340700,373600,400600,408700,446100,457400,483100,542100,547200,563300,602400,631900,660800,690500,678400,753300,674500,823000,860200,856400,747700,811900,803000,872600,863500,893100,915200,964500,950400,1.0211e+06,1.0534e+06,1.0866e+06,1.1208e+06,1.1561e+06,1.1923e+06,1.2285e+06,1.2647e+06,1.3028e+06,1.3929e+06,1.3921e+06,1.4188e+06,1.4577e+06,1.4971e+06,1.5455e+06,1.5803e+06,1.6282e+06,1.672e+06,1.7162e+06,1.7568e+06,1.8008e+06,1.846e+06,1.8919e+06,1.9362e+06,2.0482e+06,2.0313e+06,2.1671e+06,2.3636e+06,2.4239e+06,2.2512e+06,2.3783e+06,2.336e+06,2.3919e+06,2.443e+06,2.5221e+06,2.5654e+06,3.241e+06,3.3047e+06,3.4259e+06,3.4854e+06
991,800,2200,4000,6600,7400,10200,13600,17400,21800,27000,32500,38500,44900,51800,59300,67400,76700,85200,95000,105200,147100,127600,139600,152000,165100,178700,201800,174100,233400,238900,255500,280700,289900,308000,333500,345900,372800,392900,406700,434700,457400,477900,502600,526100,550300,575200,600200,626100,654900,696600,711300,735100,770000,792900,822300,863300,1.1226e+06,1.158e+06,1.1844e+06,1.2203e+06,1.2315e+06,1.31e+06,1.3522e+06,1.3807e+06,1.4595e+06,2.0025e+06,2.2601e+06,2.0438e+06,1.6461e+06,1.6566e+06,1.7015e+06,1.8464e+06,2.7611e+06,2.7073e+06,1.9134e+06,1.9907e+06,2.0499e+06,2.0398e+06,2.0654e+06,2.1278e+06,2.2711e+06,2.3419e+06,2.3301e+06,2.3829e+06,2.6033e+06,2.6129e+06,2.6014e+06,2.6704e+06,2.7255e+06,2.8255e+06,2.8224e+06,2.9256e+06,3.0654e+06,3.053e+06,3.1331e+06,3.3305e+06,3.1963e+06,3.3253e+06,3.3947e+06,3.4628e+06
992,800,1700,3100,5100,7400,10300,13700,31700,22000,27000,32600,38600,45000,52100,59400,55300,86300,85100,94600,126300,116300,127700,139600,161100,165100,178800,200300,207900,230600,239100,255600,279300,290000,315600,333700,345800,372500,393000,406700,435000,483800,475900,501100,532600,553100,575100,600500,625700,652500,679500,707100,735400,763600,792700,828700,853300,889200,907900,926600,972800,1.0054e+06,1.0388e+06,1.0821e+06,1.1227e+06,1.1561e+06,1.1915e+06,1.242e+06,1.2785e+06,1.2185e+06,1.4243e+06,1.3889e+06,1.5562e+06,1.8958e+06,1.5774e+06,1.5526e+06,1.9908e+06,1.9469e+06,1.6908e+06,1.7373e+06,1.9371e+06,1.8028e+06,1.8944e+06,1.8942e+06,1.94e+06,1.9856e+06,2.033e+06,2.0868e+06,2.1265e+06,2.1914e+06,2.2409e+06,2.2931e+06,2.3407e+06,2.7344e+06,2.8752e+06,2.8947e+06,3.0611e+06,3.2505e+06,3.3167e+06,3.6794e+06,3.5251e+06
993,1300,3200,4500,6800,10000,13200,17900,22900,36700,37400,44800,53200,46400,53100,60300,67500,76300,85300,95100,105400,127100,127700,139900,152200,165400,179000,193200,208000,223100,246100,255600,279800,290100,299000,327400,356300,374100,385700,416300,435300,457200,479600,495400,526200,550200,575000,600200,626200,658900,679800,706700,736200,774000,792800,833400,861300,883600,921400,946800,985600,1.0194e+06,1.0525e+06,1.0801e+06,1.1226e+06,1.1587e+06,1.2022e+06,1.2282e+06,1.2801e+06,1.303e+06,1.34e+06,1.3791e+06,1.4248e+06,1.4581e+06,1.5042e+06,1.6795e+06,1.6575e+06,1.8402e+06,1.8932e+06,1.7548e+06,1.7859e+06,1.7856e+06,1.8471e+06,1.8909e+06,1.9364e+06,1.9888e+06,2.0293e+06,2.0869e+06,2.1678e+06,2.642e+06,2.7283e+06,2.7432e+06,2.808e+06,2.675e+06,3.1271e+06,3.1714e+06,3.3585e+06,3.2826e+06,3.3637e+06,3.2237e+06,3.5849e+06
994,900,1900,3500,5800,8900,12400,16700,22600,27200,33500,40500,48100,55900,64500,73900,84200,106900,87000,96800,107100,118000,143900,140300,152600,165300,199600,194900,209200,224900,240900,270300,272700,298700,308100,334100,353100,365400,392900,434700,438200,450300,480800,503300,527200,551000,577800,601400,626900,653500,680700,708000,740800,956700,953200,821200,862200,900400,953300,997700,987200,1.0129e+06,1.0517e+06,1.0859e+06,1.1207e+06,1.1677e+06,1.1933e+06,1.2303e+06,1.2664e+06,1.4938e+06,1.4614e+06,1.5173e+06,1.4846e+06,1.4635e+06,1.5085e+06,1.5387e+06,1.5861e+06,1.6282e+06,1.836e+06,1.7168e+06,1.7512e+06,1.7948e+06,1.8456e+06,1.8914e+06,1.9371e+06,1.9858e+06,2.0358e+06,2.1012e+06,2.1315e+06,2.1796e+06,2.2219e+06,2.2777e+06,2.5874e+06,2.4076e+06,2.4307e+06,2.4828e+06,2.5359e+06,2.5886e+06,2.6399e+06,2.6955e+06,2.7549e+06
995,500,1400,2700,4500,6900,9800,13300,17100,21800,26900,32400,38600,44700,51700,59300,67200,75900,85200,94900,112800,116100,127500,139800,162200,165200,178900,203100,207700,230200,239000,268600,273500,300400,308800,335700,346700,366400,394500,415800,428800,458700,481100,504800,527600,551900,607700,528200,632800,655800,682000,710000,737700,773000,795800,826200,863000,886900,924400,956100,1.007e+06,1.0237e+06,1.0558e+06,1.09e+06,1.1241e+06,1.1596e+06,1.1945e+06,1.2315e+06,1.2683e+06,1.3054e+06,1.4135e+06,1.697e+06,1.691e+06,1.7817e+06,1.8487e+06,1.9253e+06,1.932e+06,1.8537e+06,2.0235e+06,2.0767e+06,2.1261e+06,2.0627e+06,2.0524e+06,2.0956e+06,2.1564e+06,2.3744e+06,2.4515e+06,2.6165e+06,2.6985e+06,2.7066e+06,2.837e+06,2.8932e+06,2.9264e+06,2.9003e+06,3.0532e+06,3.1282e+06,3.1782e+06,3.2455e+06,3.2202e+06,3.3634e+06,3.2921e+06
996,700,1800,3200,5100,7300,10200,13600,17500,21900,26800,32600,38400,44900,66600,59300,67400,76000,85200,95000,115100,116300,119300,139700,161500,165200,179000,200200,207800,223100,245900,255500,279400,290100,317300,334000,345700,372700,385700,406600,435000,457100,479200,502300,516800,538600,584300,600200,626000,652400,679400,716400,743100,766800,794300,823900,861300,885000,926000,950800,1.1803e+06,1.2811e+06,1.1908e+06,1.1605e+06,1.1381e+06,1.2429e+06,1.3989e+06,1.2401e+06,1.3726e+06,1.4105e+06,1.3602e+06,1.3813e+06,1.4252e+06,1.4589e+06,1.5373e+06,1.913e+06,1.8033e+06,2.1059e+06,2.1045e+06,2.1575e+06,2.2129e+06,2.2928e+06,2.3224e+06,2.3788e+06,2.4437e+06,2.5295e+06,2.6039e+06,2.6197e+06,2.6941e+06,2.7897e+06,2.6423e+06,2.5986e+06,2.861e+06,3.6778e+06,3.0413e+06,3.1138e+06,3.2134e+06,3.2681e+06,3.3162e+06,3.4588e+06,3.4531e+06
997,800,2200,3800,5400,7600,10300,13600,17500,21800,25600,33400,39400,45500,52700,75200,85200,109400,135300,96300,107100,131000,128200,139700,152200,174400,178900,193100,207800,223200,246100,255600,279500,289900,315500,326700,352900,407800,387500,422400,428800,462800,484400,497400,527500,550200,574900,600400,626300,652900,679400,706900,788800,764700,992600,823800,860900,884900,922200,948200,986800,1.0197e+06,1.2351e+06,1.2997e+06,1.4797e+06,1.444e+06,1.4051e+06,1.4528e+06,1.4905e+06,1.4154e+06,1.3419e+06,1.3807e+06,1.4507e+06,1.4593e+06,1.5055e+06,1.5397e+06,1.5576e+06,1.6294e+06,1.6719e+06,1.9259e+06,1.7721e+06,1.8162e+06,1.8453e+06,1.9037e+06,1.9568e+06,1.9944e+06,2.047e+06,2.0834e+06,2.1449e+06,2.1955e+06,2.227e+06,2.4479e+06,2.3242e+06,2.4275e+06,2.4661e+06,2.4935e+06,2.5467e+06,2.5982e+06,2.6668e+06,2.7074e+06,2.7666e+06
998,700,1800,3100,4900,4300,14200,8900,12300,17600,27400,32800,39000,45900,52200,59600,94700,76200,85400,95100,117600,116300,127700,139600,161200,165300,179100,201500,208000,231300,239100,264000,272400,298400,308100,334900,345900,373900,394100,417600,431700,465600,464100,515900,520500,551700,575200,600100,829600,654500,680700,708000,742500,764300,828600,830600,853700,889700,915400,953100,985400,1.0124e+06,1.0522e+06,1.0863e+06,1.1204e+06,1.156e+06,1.1936e+06,1.229e+06,1.2652e+06,1.303e+06,1.3471e+06,1.3817e+06,1.4184e+06,1.4639e+06,1.4976e+06,1.561e+06,1.6386e+06,1.6316e+06,1.6704e+06,1.7141e+06,1.7571e+06,1.8027e+06,1.8519e+06,1.8964e+06,2.0321e+06,1.9914e+06,2.2868e+06,2.5085e+06,2.6513e+06,2.7467e+06,2.8026e+06,2.8636e+06,2.9272e+06,3.0598e+06,3.0408e+06,3.1569e+06,3.2273e+06,3.2923e+06,3.3684e+06,3.3427e+06,3.28e+06
999,800,2200,3400,19500,7300,10100,13700,17500,22000,27000,32500,38700,45000,52000,59400,67500,76100,85400,95100,105400,123700,127700,139700,162900,165200,178900,200500,208100,223100,246700,255400,279300,290000,315100,326600,345800,372700,385800,413500,434900,457100,479800,495600,534900,568700,580600,622700,629900,654100,681400,709000,893700,777400,810200,830000,853900,891600,997800,1.1304e+06,1.2376e+06,1.3279e+06,1.3107e+06,1.118e+06,1.2538e+06,1.2929e+06,1.2434e+06,1.2302e+06,1.273e+06,1.3029e+06,1.3397e+06,1.3791e+06,1.4242e+06,1.4569e+06,1.5036e+06,1.5385e+06,1.5869e+06,1.6264e+06,1.6974e+06,1.7212e+06,1.7578e+06,1.8015e+06,1.8456e+06,1.8914e+06,1.9388e+06,1.9924e+06,2.031e+06,2.0773e+06,2.1248e+06,2.1795e+06,2.2219e+06,2.2904e+06,2.3284e+06,2.379e+06,2.4303e+06,2.4823e+06,2.5348e+06,2.5875e+06,2.6405e+06,2.6942e+06,2.7613e+06
1000,500,1500,2900,4600,7100,10000,13400,14000,22000,27800,33200,48400,56800,65000,74600,84400,95000,106400,118700,131700,160600,159600,174500,190200,220400,223800,241500,271200,262600,291500,300700,340900,341100,303700,407800,449800,457500,482700,519900,546300,573600,590500,593500,659900,690000,723100,804200,787000,818100,850800,885900,878600,956700,950900,1.0301e+06,1.0274e+06,1.1064e+06,1.151e+06,1.1942e+06,1.2807e+06,1.3023e+06,1.2689e+06,1.3081e+06,1.3846e+06,1.4097e+06,1.3856e+06,1.2313e+06,1.5708e+06,1.5428e+06,1.6845e+06,1.6972e+06,1.7131e+06,1.7728e+06,1.6295e+06,1.6297e+06,1.8686e+06,1.6069e+06,1.6648e+06,1.7139e+06,1.7572e+06,3.2044e+06,1.9537e+06,2.3608e+06,2.4242e+06,2.49e+06,3.5543e+06,2.5994e+06,2.6702e+06,2.7205e+06,2.828e+06,2.8788e+06,2.9536e+06,3.0352e+06,3.0813e+06,3.1405e+06,3.3296e+06,3.2706e+06,3.292e+06,3.436e+06,3.4754e+06
