Evaluacion,Grado10,Grado20,Grado30,Grado40,Grado50,Grado60,Grado70,Grado80,Grado90,Grado100,Grado110,Grado120,Grado130,Grado140,Grado150,Grado160,Grado170,Grado180,Grado190,Grado200,Grado210,Grado220,Grado230,Grado240,Grado250,Grado260,Grado270,Grado280,Grado290,Grado300,Grado310,Grado320,Grado330,Grado340,Grado350,Grado360,Grado370,Grado380,Grado390,Grado400,Grado410,Grado420,Grado430,Grado440,Grado450,Grado460,Grado470,Grado480,Grado490,Grado500,Grado510,Grado520,Grado530,Grado540,Grado550,Grado560,Grado570,Grado580,Grado590,Grado600,Grado610,Grado620,Grado630,Grado640,Grado650,Grado660,Grado670,Grado680,Grado690,Grado700,Grado710,Grado720,Grado730,Grado740,Grado750,Grado760,Grado770,Grado780,Grado790,Grado800,Grado810,Grado820,Grado830,Grado840,Grado850,Grado860,Grado870,Grado880,Grado890,Grado900,Grado910,Grado920,Grado930,Grado940,Grado950,Grado960,Grado970,Grado980,Grado990,Grado1000
1,500,400,500,600,700,800,800,1000,600,800,1300,1300,2200,1900,2100,2000,3300,2600,2200,2200,3100,3000,3000,2700,2800,4100,4100,3400,3700,4100,3300,4300,4400,4700,4300,4400,4500,5200,8100,10800,4300,4500,4500,4300,7700,6900,3800,7600,8200,7900,9000,8100,7500,8100,5000,6600,10000,5900,5100,4900,5100,5100,4600,4700,4700,4700,4800,4900,5000,5800,5700,5800,5300,5400,5500,6000,6400,6200,6200,7300,5800,3500,6100,6000,8200,8100,8300,12800,11300,8700,8800,8800,4100,6700,12100,8500,5600,7200,5400,7100
2,300,300,400,400,800,1300,500,1200,1500,1200,1200,1000,1100,1100,1200,1300,1300,1400,1500,1600,2400,1700,1800,1900,1200,2000,2000,2100,2200,2200,2600,4700,2500,2600,2500,2700,2700,2800,2900,2900,3000,3000,4200,3300,2000,3400,4500,2900,3600,3700,4200,3800,3900,4000,4000,4000,4100,4200,4300,15900,4300,4500,5700,4700,4800,4700,4800,4900,5000,5000,5200,5200,5300,7200,5400,5500,5500,5700,6100,11000,14600,15300,5500,8300,6100,8300,8600,6400,6500,6500,6500,8200,6700,6800,6800,9200,6900,7100,7100,7100
3,100,300,300,400,800,600,700,800,1100,900,1300,900,900,1600,900,800,1000,5100,1500,1500,1600,1700,1700,1800,1100,1900,2600,3200,2200,2300,3000,2400,2400,3200,2600,2700,2700,2800,2900,6700,4400,7100,7500,12500,3900,4000,4000,4200,4300,4300,4400,4400,2300,4600,4600,4100,4200,6100,5300,4400,4400,4400,4600,4600,4600,3400,5600,4900,6500,5000,5100,5200,3200,5400,5500,5500,5500,6800,5800,12600,7700,6400,6600,6600,6700,6200,6300,6400,6400,6500,6600,8400,10500,6800,6800,6800,5100,7100,7100,7200
4,200,300,400,400,500,600,800,1000,1900,3000,2000,1400,1600,3200,1700,1800,2600,3300,1500,3600,2000,2500,3500,2500,2400,2700,2800,2600,2800,4800,7500,2500,2500,3300,2600,2700,2700,2800,2800,2900,3100,5400,5200,5500,5100,3400,7100,5800,5900,4300,3700,3800,3800,3900,4000,9100,5800,4200,4300,5800,6500,4500,3700,8900,18400,11000,4900,5300,5100,10200,3200,10800,8900,8000,9600,6900,12000,10900,5700,5700,13000,10600,7600,12000,10500,6200,13300,8100,14400,6500,6600,12000,15100,14000,14800,12700,14700,12500,10300,7200
5,300,300,400,500,600,600,600,700,700,800,900,1000,1000,1100,1200,1300,1600,1400,1500,1500,1600,1700,1800,1800,1900,2000,5400,2100,2200,2200,2300,2400,2500,2500,2600,2600,2800,2800,2900,3000,2900,3100,3100,3200,3300,3000,4700,3500,3500,3600,3700,3800,3800,4000,4000,4000,4100,4200,4300,4400,4400,4500,4600,4600,4700,4700,4800,4900,5100,5000,5100,3100,5400,5300,5400,5500,14200,5700,5600,5700,5800,5800,6000,6000,10400,6200,6300,6300,6400,6500,6500,6600,6700,6700,6800,6900,7000,7000,7100,7100
6,200,300,400,400,500,500,700,700,800,900,900,1000,1100,1100,1300,1300,1300,1400,1500,1500,1600,1700,1700,1700,1900,1900,2000,2000,2100,2200,2300,2500,2400,2500,2800,2600,2800,2800,2800,2900,3000,3100,3200,3200,4200,3300,3400,3500,3500,3600,3700,3800,3800,3900,4000,4000,4100,4200,4300,4400,4400,4500,2700,4600,4700,4800,4800,4900,5000,5100,5100,5200,5200,5300,5400,5500,5600,4300,5700,5800,4200,5900,6000,5700,6100,6100,3600,6400,6400,6500,6500,6600,6700,6700,6900,6900,6900,7100,7100,7200
7,200,300,300,500,500,600,600,800,800,800,1500,1000,1000,1100,1100,1200,1300,1300,1400,1500,1600,1700,1700,1800,4100,4900,4800,5000,2200,2200,2300,2300,2400,2500,2600,2700,2700,2800,2800,2900,3000,3100,3100,3200,3300,3300,3500,3400,3500,3600,4000,19400,3900,3900,9400,8900,3800,4200,4300,4300,4500,4500,5300,4700,4900,5100,4900,4900,5000,5100,5400,5400,5300,5600,5800,5500,5700,6000,5700,5800,5900,5900,6300,6300,6300,6200,6500,6400,6400,6500,6800,6600,6900,6700,8400,6900,6900,7900,8900,8900
8,300,300,300,400,600,700,700,700,800,1100,900,1000,1000,1100,1200,1300,1400,1300,1500,1500,1600,1600,1700,1800,1900,2000,2000,2100,2200,2300,2300,2400,2500,2500,2600,2600,2700,2700,2800,2200,3000,3100,4400,3200,3300,3400,3400,3500,3500,3600,3700,3800,3900,3900,4000,4000,4100,4200,4300,4300,4400,4400,4500,4600,4700,4800,4800,4900,4900,5000,5200,5100,5300,5300,5400,5500,5600,5600,5700,5800,5800,5900,6000,6000,6100,6100,6300,6300,6400,6500,6500,6500,6700,6700,6800,6900,6900,7100,7100,7200
9,200,600,400,500,600,600,24000,700,800,800,900,1000,1100,1100,1500,1300,1300,1400,1500,1500,1600,1700,1800,1800,1900,2200,2100,2100,2100,2300,2300,3100,3000,3200,3300,3300,3300,3400,3500,3500,3000,3000,3200,3200,3200,3400,3400,3400,3500,3600,3700,3700,3800,3900,4000,4000,4200,4200,4300,4400,4400,4500,4500,4700,4700,5100,4900,5000,5000,5100,6600,5200,5300,5300,5400,5500,5500,5700,5700,6100,5900,5900,5900,6100,6200,6200,6300,6300,4800,6400,6600,6600,14400,12800,12000,14700,12200,14300,12300,15200
10,400,700,500,400,500,600,12800,700,800,900,900,1000,1100,1100,1200,1200,1300,1300,1500,1600,1700,1100,1100,1900,1900,1900,2000,2100,2300,2200,2200,2400,2500,2500,2500,2700,2700,2700,2800,2900,2900,3000,3200,3200,3300,3300,4500,8200,9000,8500,8800,8200,9700,9100,5700,9200,4600,4900,4900,4400,4400,4500,4600,4600,4800,4800,4800,4900,4900,5100,5100,5200,19300,5300,5400,5500,5600,5600,5700,5700,5800,5900,6100,6100,11400,13900,6300,6300,6400,6500,6600,6600,6600,6800,6800,6900,7000,7000,7100,7200
11,200,300,400,400,400,600,600,700,800,700,900,900,1000,1000,1100,1200,1300,1400,1400,1600,1700,1600,1700,1800,1900,2000,2100,2100,2200,2200,2300,2400,2400,2900,2500,2700,2700,2700,2800,2900,6400,3400,3200,3200,3300,3300,3400,3500,3600,3700,3600,4200,4500,5700,5700,4700,4900,4700,4400,4700,4400,4500,4600,4600,4700,4800,4800,4900,5000,5100,5100,5200,5200,5300,5500,5500,3400,5600,5700,5700,5800,5900,8300,8000,7800,14300,13000,6300,6400,6500,6600,5300,6800,6800,6800,6900,7000,7100,7200,7200
12,200,300,600,400,700,600,700,700,800,800,900,1000,1100,1400,1400,1300,1300,1400,1400,1600,1200,1600,1200,1900,2400,2500,2600,2700,2200,6300,5500,5000,5300,6100,7200,3500,2700,2800,2900,2900,3000,3000,3100,3200,3200,3400,3400,3800,3600,3700,3700,3700,3800,3900,4000,4000,4200,4100,4400,4400,4300,4500,4500,13100,8300,11900,8400,11100,12500,11500,12000,11900,11200,12400,11400,13100,11000,13000,11500,12400,13000,13600,12700,13400,9400,13900,15600,14900,14600,13400,10400,14700,6800,14000,12900,14700,13600,14800,14000,15400
13,400,800,800,700,1300,1400,1600,1100,800,800,900,900,1100,1100,1200,1200,1300,1100,1200,1500,1600,1600,1700,1800,1800,2000,2000,1700,2100,2200,2300,2600,2400,2500,3500,2700,2700,2700,2800,3000,3000,3100,3100,3200,3300,3300,3400,3500,3500,3600,3700,3700,3300,4600,4100,4100,4200,3300,4500,4300,4400,4500,4600,4600,4700,4800,4900,5000,5000,5000,5200,5200,5300,5400,5500,5400,5600,5600,5700,5800,5800,5900,5500,6000,8300,14800,14500,14700,13200,13800,14100,14900,14200,13400,15300,15000,15100,15200,13800,16000
14,500,700,900,900,1200,1500,1600,1700,1800,2100,2200,2300,2500,2400,2500,800,1300,2500,3300,3600,3700,3900,4000,4300,3900,4600,2000,2100,2200,2200,2300,2400,2400,2500,2500,2600,2700,2800,2900,3000,3000,3100,3100,3200,3300,3400,3500,3500,3500,3700,3800,3800,3800,4000,4000,4000,4100,4200,4300,4400,4400,4400,4500,4600,4700,4700,4800,4900,4900,5100,5100,5200,5200,5300,5400,5500,5600,5600,5700,5800,5800,5900,6000,6100,6100,6100,6200,6300,6300,6500,6500,6600,6600,6800,9500,7500,7600,7700,7700,7800
15,200,400,500,600,700,800,800,900,1000,1100,1100,1300,1300,1400,1500,1600,1700,1800,1800,1800,1900,2300,2400,2400,2200,2600,2700,2800,2800,2900,2900,3000,3100,3100,2600,2600,2700,2800,2800,2900,1900,3100,3100,3200,3300,3400,3400,3500,3500,3600,4600,3700,3800,3900,4000,4100,4100,4100,4200,4300,4400,4500,4500,4600,4700,4700,4900,4900,4900,5100,5100,5100,5200,5400,5300,5400,5500,5600,5700,5700,5800,5900,6000,6100,6100,13800,8500,14400,8300,3800,6600,6600,4600,6800,6800,6900,6900,7000,7100,7200
16,300,200,400,400,500,600,700,700,800,900,900,1000,900,1100,1200,1300,1400,1400,1500,1600,1700,1700,1700,1800,1900,2000,2100,2100,1300,2300,2300,2400,2500,2500,2600,2600,2800,2800,2900,3000,2500,3100,3100,3200,3300,3400,3400,3500,3600,3700,3700,3700,3900,4000,4000,4100,4100,4200,4200,4400,4400,4400,4500,4600,4700,4800,4800,4900,4900,5000,5200,5200,5200,5400,5400,5500,5500,5600,5800,5800,5800,5900,6000,6000,6100,6100,6200,6400,6300,6500,6500,6600,9300,6800,6800,6900,6900,7000,7100,7200
17,200,300,400,400,500,600,600,700,700,800,900,1000,1000,1100,1200,1300,1200,1400,3500,3300,3900,2900,4200,4500,4200,3500,2900,2100,2200,2300,1600,2400,1600,2500,2600,2600,2700,2800,2900,3000,2900,3000,3200,3300,3400,3400,3400,3500,3500,3600,3700,3700,3900,3900,4100,4100,4100,3200,9400,7700,10400,10800,10900,11700,9600,11200,11000,11400,11300,10700,12400,12200,13400,12400,8500,12600,13500,13200,12400,11800,14100,13000,14400,6200,6100,6100,6300,6300,6400,6500,6600,6600,6700,6800,6800,6900,7000,11500,14600,7300
18,400,500,500,600,700,700,1000,800,800,500,900,900,1100,1000,1200,1300,1300,1300,1500,1600,1600,1700,1800,2300,2500,2600,2700,2600,2800,2700,3000,3000,3100,3100,3200,3300,3300,3400,3000,3000,3000,3100,3200,3200,3300,3300,3400,3300,3600,2900,3100,3700,3900,3900,4000,4100,15800,4200,4200,4300,4500,4400,4600,4700,4700,4700,4800,4900,4900,5000,5100,5200,5200,5300,5400,5500,5500,5600,5700,5800,5800,5900,6000,6100,6100,6200,6200,6300,6400,6500,6500,6600,6700,6700,8400,6900,7000,7000,7200,7200
19,100,300,600,400,500,500,600,700,800,500,900,1000,1000,1100,1100,1200,1300,1400,1500,1500,1600,1600,1700,1700,1900,1900,2000,2000,2100,2200,2300,2300,2400,2500,2600,2600,2100,2800,2900,2900,3000,3100,3100,1900,3300,3300,3400,3500,3500,3500,3600,3600,3900,3900,4000,4000,4100,4200,4200,4400,4400,4500,4600,4600,4700,4700,4800,4800,4900,5000,5100,5100,5200,5300,5400,5400,5500,5600,5700,5800,5800,5800,5900,6000,6100,6100,6200,6300,6500,6500,6600,4000,6700,6700,6800,6800,7000,7000,7600,7200
20,200,300,400,700,500,500,600,700,1000,800,900,1000,1500,1600,1800,1600,1600,1800,1800,1900,1900,2100,2400,2400,2600,2600,2700,2700,2900,3000,2900,3000,3000,3200,3200,3100,3100,3400,3400,3600,3500,3700,3800,3200,4500,3400,3400,3500,3500,3600,3700,3700,3800,3900,4000,4000,4200,4200,4300,4300,4400,4500,4500,4600,4700,4800,4700,4900,5000,5100,5100,5200,5300,5300,5400,5400,5500,5700,5700,5700,5800,5900,6000,6000,6100,6200,6300,5200,6400,6500,6500,6600,6600,16000,9400,13300,15600,13600,14000,15400
21,600,800,1000,1100,1100,1500,2700,1800,1800,2300,2300,2400,2400,2800,2500,3000,3100,3500,3500,3400,2500,4000,4400,4300,2600,2500,2800,2200,2200,2200,2300,2300,2500,2500,2500,2600,2800,2800,2900,2900,3000,3100,3200,3200,3200,3400,3400,3500,3600,3700,3700,3700,9200,8400,9900,9400,10200,21900,9900,9600,10900,10400,9900,10100,10900,10900,4900,4900,5000,5000,5200,3800,5500,5400,5400,5500,5600,5600,5700,5700,5800,6000,6000,6000,6100,6100,6200,6300,6700,6400,6500,7000,6700,6800,6800,6900,7000,7100,7200,7100
22,200,300,400,400,500,500,800,900,800,900,800,1000,1100,1100,1200,1300,1300,1300,1500,1600,1600,1700,1700,1800,1900,2000,2000,2100,2200,2200,2300,2400,2400,2500,2600,2600,2700,2800,2800,2900,3000,3000,3100,3200,3300,3400,3400,3500,3600,3700,3800,3800,3800,3900,3900,4100,4100,4200,4300,4400,4400,4500,5500,4600,4700,4800,4900,4900,4900,5100,5100,5100,5200,5400,5400,5500,5600,5600,5800,5800,5800,5900,6000,6100,6100,6200,6300,6400,6400,6400,6500,6600,6600,6800,7200,16800,9700,16100,13600,16100
23,500,600,400,500,500,700,700,800,800,800,900,900,1000,1100,1200,1200,1300,1300,1400,1500,1500,1600,1800,1800,1800,2000,2000,2100,2200,2200,2400,2300,2400,2400,2600,2000,3400,4000,4100,2900,3000,3000,3100,3300,3900,3300,3500,2700,3600,3600,3600,3700,3800,3800,4100,4100,4100,4200,4200,4300,4500,4500,4500,4600,4700,4800,4900,5000,5000,5100,5200,5200,5200,5400,5400,3200,5600,5600,5700,5800,5900,5800,6000,6000,6100,6100,6200,6400,6400,6400,6600,6600,6700,6700,6900,4700,7000,6900,7200,7100
24,200,300,300,500,500,600,600,600,700,1400,1700,2300,2600,2400,2700,3000,3200,3300,1900,3700,3900,4200,4200,4000,4200,19800,4900,4900,4600,5100,5300,5600,6800,4000,5600,4700,6600,6500,6000,6800,7100,7400,8300,7000,7600,7800,8000,8800,7700,6400,3700,3800,3900,3900,4000,4100,4100,4200,4300,4400,4400,4400,4600,4600,4600,4700,4900,5500,5600,5100,5100,5200,5300,5300,5400,5400,5600,5600,5700,5800,6400,3600,6000,6100,6100,6200,6200,6300,6400,6500,6500,6500,6700,6800,6800,6900,6900,7000,7200,7200
25,200,400,300,400,500,500,700,700,800,800,800,1000,1100,1000,1200,1200,1300,1300,1900,2300,2300,1700,1800,1800,1900,2000,2000,2100,2200,2200,2300,2400,2400,2500,2600,2700,2800,2800,2900,7100,6700,3100,3100,5300,2000,3300,3400,5900,3500,3600,3700,3900,3800,2300,5300,5500,4700,4800,9200,4900,4500,4500,9200,5000,5700,5800,9400,9500,5500,5100,5100,5200,3200,5200,5400,3900,6700,4500,7100,5900,5900,5900,6000,4400,4500,6200,6200,6300,6400,6500,6500,6600,5100,6800,6800,6900,7000,7100,7100,7200
26,200,300,400,500,600,600,600,700,700,800,900,1000,1000,1100,1200,1300,1300,1300,1900,3700,2300,2300,3800,4300,2800,4600,5200,2900,20900,3100,5200,3400,5700,3300,2300,2300,2400,1900,4400,2700,2100,3100,4200,7500,7900,8000,9000,8600,8200,8500,9600,9000,8300,8900,10300,9600,9900,9000,10300,10400,10200,5700,9000,10600,4700,4800,4400,4900,5000,5000,5200,5200,5300,5300,5400,5500,5600,6000,7600,7200,7300,7400,6000,6100,6200,6100,6300,6300,6400,6400,6500,26600,6800,6700,6800,6900,6900,7000,7100,7200
27,200,200,300,400,500,500,700,800,1300,800,900,1000,1000,1100,1100,1300,1300,1300,1400,3100,4100,3100,4000,4100,3500,4600,3600,4600,5000,5300,5400,5800,5400,4900,6300,6500,6600,6100,6800,6500,7400,3100,3100,3200,3500,3400,3400,2900,2100,3600,3600,3800,3800,3900,3900,4100,4100,4200,4300,4300,4400,4500,4600,4700,4600,4700,4800,4900,4900,5100,5100,5200,5400,5400,5400,5500,5500,5600,5600,5800,5900,5900,6000,6100,6100,9300,11800,10500,13200,13700,13600,15800,12800,13500,14600,13600,15200,13400,15900,16900
28,400,800,800,500,600,1400,900,900,2500,1300,1300,2300,2500,2600,3000,3200,3300,3000,4100,2200,3700,4200,4000,2100,4400,5600,4800,5600,5100,5500,6400,5500,5400,5900,6000,4800,7300,6300,3000,2900,5100,7300,6100,7800,8300,7400,8500,8500,5500,8000,7200,9100,8900,9100,8900,8700,9900,9800,10100,9500,10500,10700,11500,11100,10400,4700,4800,4900,5000,5000,5100,5200,5200,3700,5400,5500,5500,5600,5700,4300,5800,5900,6000,6000,6100,6200,6200,6300,22300,6500,6500,6600,6600,6700,6800,6800,7000,7100,7100,7200
29,200,200,400,400,500,500,600,700,800,800,900,1000,1000,1100,1200,1300,1300,1400,1400,1500,1500,1700,1700,1800,1900,2000,3000,5100,5100,5200,5300,5800,3500,5800,5400,3200,3400,3500,3600,3600,3800,3800,3900,3900,4000,4100,24000,4000,3600,3700,3700,3800,3900,4000,3900,4100,4200,4200,4300,4300,4400,4500,4600,4700,4700,4800,4000,5900,6200,6200,6200,6300,6700,6700,6900,6900,7000,7000,7100,6800,6900,7100,7200,7100,7300,7200,7300,6400,6400,6500,6500,6600,6600,6700,6900,6900,6900,21500,10400,7700
30,300,400,500,700,700,800,900,900,900,1300,1200,1300,1400,1700,1700,1800,1700,2300,1900,2400,2300,2400,2500,2500,2800,2900,2900,2900,3200,3100,3200,3300,3500,3500,3300,3400,3500,3400,3500,3500,3700,3800,3800,4100,2900,3700,3400,3500,3500,3600,3700,3800,3800,3900,4000,4100,4100,4200,4300,4300,4400,4500,4600,4600,4700,4900,4800,4900,5300,5000,5100,5200,5300,5300,5400,5500,5500,5600,5700,5800,5800,5900,6000,6000,6100,6200,6300,6300,6400,6500,6500,6600,6700,6800,6800,6900,7000,8200,7100,9000
31,200,300,400,400,400,600,600,700,800,800,900,1000,1100,1100,1200,1300,1400,1400,1500,1500,1600,1600,1000,1800,1900,1900,1200,2100,2100,2300,2300,2500,2500,2500,2600,2700,3400,2900,2800,3000,3000,3100,3200,3200,3300,3300,3400,3500,3600,3600,3800,3800,3900,4000,4000,4100,4200,4200,4300,4400,4400,4500,4600,4700,4700,4700,6700,3700,5000,5200,5100,5200,5300,5300,5400,5500,3400,3300,3400,3400,3400,3500,3500,3600,3600,3700,6300,6400,6400,6500,6500,6700,6700,6800,6800,7000,6900,7000,7100,7200
32,200,300,400,400,500,500,600,700,500,800,900,1400,1000,1100,1200,1200,1300,1300,1700,1600,1700,1600,1800,1800,1900,1900,2000,2100,2200,2200,2300,2300,2400,2500,2600,2700,2700,2800,2900,2900,3000,3100,3200,3300,3300,3400,3500,3500,3600,3600,3800,3800,3900,3900,4300,4000,4200,4300,4200,4300,4400,5500,5100,5400,16100,5400,5400,5500,5600,5700,5800,5800,5900,5900,6100,6100,16700,6200,6300,6300,6400,6600,6600,6600,6800,6700,6900,6800,7000,7100,7200,7100,7300,7400,7200,7500,7500,7600,7600,7700
33,200,400,800,500,700,700,800,900,900,1100,1100,1100,1200,1300,1500,1600,1700,1700,1800,1900,2000,2100,2200,2300,2300,2400,2500,2600,2800,2800,2800,3000,3100,1900,2600,2700,2800,2800,2800,2900,3000,3100,3200,3200,3200,3300,3400,3500,3600,3600,3700,3800,3800,3800,4000,4000,4100,4200,4300,4300,4400,4500,4500,4600,4700,4700,4800,4900,4900,5000,5100,5200,5300,5400,5500,5500,5500,5600,5700,5800,5900,5900,6000,6000,6100,6100,6200,6300,6400,6500,6500,6600,6700,6700,6700,6900,6900,7000,7100,7200
34,200,300,400,600,700,600,800,1000,900,1000,1200,1300,1300,1000,1500,1500,1600,1800,1500,1600,1600,1000,1700,1800,1800,1900,2000,2000,2100,2200,2200,2300,2400,2500,2500,2600,2700,2700,2800,2900,3000,3000,3200,3200,3200,3300,3400,3400,3600,3600,3700,3800,3800,3900,4000,4000,4000,4200,4200,4300,5600,4500,4600,4600,4700,4800,4900,5000,5400,6300,7500,7000,6600,6700,6800,6900,6900,7000,7100,7200,7300,7400,7400,7600,7600,7800,7800,8400,8000,8100,8200,8400,6700,6800,6800,6900,7000,7100,7100,7100
35,200,300,500,600,700,600,800,900,1000,1100,1100,1200,1300,1400,1500,1500,1600,1700,1800,1900,2000,2000,2100,2400,2500,2600,2700,2800,2700,2700,2800,2900,3000,3100,3200,3300,3400,3500,3600,3700,3700,3800,3900,4000,4200,4200,4300,4300,4400,4500,4700,4700,4800,4900,5000,5000,5100,5200,5400,5400,5600,5700,5700,5800,5800,6000,6100,6100,6200,6300,6400,6800,6600,6600,6800,6900,7000,7000,7100,7200,7300,7400,7500,8000,7600,7800,7800,7900,8100,8200,7300,7400,7400,8000,7900,7700,8800,7800,7800,7500
36,200,300,400,400,500,600,700,800,700,900,11500,1000,1100,1100,1200,1300,1400,1400,1600,1500,1600,1600,1800,1900,1800,1900,2000,2000,2200,2200,2300,2300,2400,2500,2600,2600,2700,2800,3500,2800,3000,3100,3200,3300,3300,2700,4400,4400,4500,4600,4700,4700,4900,4900,5000,5000,5100,5900,5400,4900,5000,5100,5100,5300,5400,5500,5400,5400,5500,5500,5700,5800,5800,6000,6000,6100,6200,6100,6200,6400,6500,5900,6600,6700,6800,6800,6800,6900,7000,7000,7200,7100,7200,7300,7300,7400,7600,7600,7700,7800
37,300,300,500,400,600,500,600,700,700,900,900,1000,1000,1100,1500,1300,1300,1400,1500,1500,1600,1700,1700,1800,2100,1900,2000,2100,2100,2200,2900,3000,3100,3200,3200,3300,3400,3500,20700,4300,4700,1900,3200,3200,3300,3400,3400,3500,3600,3600,3800,3800,3900,3900,4000,4100,4200,4200,4300,4400,4400,4600,4600,4600,4700,4800,4800,4900,5000,5000,5100,5200,5300,5300,5400,7500,5600,5700,5700,5800,6000,6000,17900,6100,6100,6200,6300,6300,6400,6500,6600,6700,6700,6800,6900,6900,7000,7000,7100,7200
38,200,400,400,500,600,700,600,700,800,800,900,1000,1200,1100,1100,1200,1300,1300,1500,1500,1600,1700,1800,1800,1900,2000,2000,2100,2100,2200,2300,2400,2400,2500,2600,2700,2700,2800,2900,3000,3000,3100,3200,3200,3300,3400,3500,3500,3600,4000,3700,3800,4200,4000,4000,4100,4100,4200,4400,4400,4400,4400,4600,4600,4700,4800,4800,4800,5000,5100,5100,5100,5200,5400,5500,5500,5900,6000,6000,6100,6100,6200,6300,6400,6400,6600,6600,6700,6700,6800,6800,6900,6600,6700,6900,5900,7000,7000,7100,7200
39,300,400,300,400,500,600,600,800,1000,900,900,1000,1000,1200,1100,1300,1300,1400,1400,1500,1800,1700,1800,1800,1900,1900,2000,2100,2200,2300,2300,2400,2400,2500,2700,2700,2800,2800,5000,3300,3000,3600,3200,3200,3200,3300,3400,3500,3500,3600,3700,3900,3900,3900,4000,4100,4100,4200,4300,4400,4400,4500,4600,4700,4700,4800,4900,4900,5000,5100,5100,12400,5200,5300,5400,5400,5400,5700,5700,5700,5800,5900,3800,6600,4000,6800,6200,6300,6300,6500,6600,6600,6700,6700,6800,6900,7000,6900,7100,7200
40,200,300,400,400,500,600,600,700,700,900,900,1000,1100,1100,1200,1300,1300,1300,1400,1600,1500,1700,2000,1800,1900,1900,2000,2100,2200,2200,2300,2300,2500,3200,2000,2700,2700,2800,2800,2900,3000,3100,3100,3200,3200,3300,3400,3400,3600,3700,3700,3800,3800,3900,4000,4000,4200,4200,4300,4300,4400,4400,4600,4600,4700,4800,4800,4900,5000,5000,5100,5200,5300,5400,5400,5500,5600,5600,5700,5800,5900,6000,6000,6000,6200,6200,6200,6300,6400,6400,6600,6600,6700,6800,6800,6900,10000,7000,7200,7200
41,200,300,300,400,500,500,600,700,800,800,900,900,1600,1400,1200,1800,1300,1400,1800,1900,2000,2100,2200,2300,2400,2600,2800,2700,2800,2800,2900,3000,3000,3200,3200,3200,3400,3300,3400,3400,3700,3800,3900,4000,4100,4200,2400,4400,3500,3600,3700,3800,3800,3900,4000,4100,4100,4200,3100,4400,4500,4500,4600,4700,4600,4800,4900,5000,5100,5100,5100,5300,5300,5400,5400,5600,5600,5700,5700,5800,5800,5900,6000,6100,6200,6700,8100,6800,6900,7100,7200,7000,7200,7300,7400,7500,7500,7600,7700,7700
42,300,300,300,400,500,500,600,600,700,900,900,900,1000,1100,1100,1300,1400,1400,1400,1500,1600,1700,1800,1800,1900,2000,4800,2100,2200,2300,2300,2500,2500,2500,2600,2600,2700,2700,2800,3000,3000,3100,3200,3200,3300,3300,3400,3500,3600,3700,3800,3800,3800,3900,4000,4100,4100,4300,4200,2900,4500,4500,4600,4600,4700,4700,4900,4900,5000,5100,5100,5200,5200,5300,5400,5400,5500,5700,5700,5700,5800,5900,6000,7700,6100,6200,6300,6400,6300,6400,6500,6600,6700,6700,6800,6900,6900,7100,7100,7200
43,200,200,400,500,500,500,600,700,700,900,900,1000,1100,1100,1200,1200,1300,1400,1400,1500,1600,1600,1700,1800,1800,1900,2000,2100,2200,2300,2300,2500,2400,2500,2600,2600,2700,2800,2900,2900,3100,3100,3200,11700,3300,3400,3500,3500,3600,3600,3800,3800,3900,3900,4000,4100,4200,4200,4300,12300,4400,4500,4500,4600,4700,4700,4800,4900,6100,5100,6100,5800,5900,5900,6100,6000,6200,19400,5100,5800,5800,5900,6100,6000,6100,6200,6300,6400,6400,6500,6600,6500,6700,6700,6900,6900,7000,7000,7100,7100
44,200,300,300,400,400,600,600,700,800,800,900,1000,1100,1200,1200,1300,1300,1300,900,1500,1600,1700,1700,1800,1800,2000,2000,2000,2200,2200,2200,2400,2500,2500,2500,2700,2800,2800,2900,3000,3000,3100,3200,3300,3300,3400,3500,3500,3600,3700,3800,3800,3900,4000,13800,4100,4100,4200,4200,4300,4500,4500,4600,4600,4700,4800,4800,5000,6100,5100,5100,5200,5200,5400,5400,20700,5500,5600,5700,5800,5800,5900,6000,6100,6100,6200,6300,6300,6400,6500,6500,6600,6700,6700,6800,6900,7000,7000,7100,7200
45,200,300,300,400,500,600,700,700,800,800,900,1000,1000,1100,1200,1300,1400,1500,1600,1600,1700,1700,1800,2000,1900,2000,2100,2200,2300,2400,2300,2400,2600,2500,2500,2600,2700,2700,2900,3000,3000,3100,3100,3200,3300,3400,3400,13000,3500,3600,3700,3800,3900,3600,4000,4100,4100,4200,4200,4400,4400,4500,4600,4600,4700,4800,4900,4800,5000,5000,5200,5300,5200,5300,5400,5500,5600,5600,5700,5700,5900,5900,5900,6000,6200,6200,6200,6300,6400,6600,6500,6700,6700,6800,6800,6900,7000,7000,7100,7200
46,200,400,300,400,500,500,600,700,700,900,900,1000,1000,1100,1200,1200,1400,1400,1400,1500,1600,1700,1800,1800,1900,2000,2000,2800,2700,1300,2300,2400,2900,3400,3200,3400,3300,3200,3500,3500,3700,3800,3700,3700,3900,3800,4000,4100,4300,4200,4400,4400,4400,4500,5400,4600,4700,4800,4900,4800,5000,5100,5100,5300,5200,5300,5500,5200,5600,5600,5800,5900,5900,5800,6100,6100,6000,6100,5700,5800,4000,6400,6500,6600,6600,6700,6700,7000,7100,7100,7000,9000,9100,9300,9200,9400,9400,9500,9600,9600
47,300,400,500,600,700,900,900,1200,1200,1400,900,1000,1100,1400,1600,1600,1700,1700,1800,1900,2000,2100,2200,2300,2400,2500,2600,2600,2700,2800,2800,3000,3000,3200,3200,3300,3400,3500,3600,3700,3800,3200,3200,5200,3900,3400,3400,3500,3600,3700,3700,3800,3900,3900,4000,4100,4200,4300,4300,4300,4500,4500,4600,4700,4800,4800,4800,4900,5000,5100,3600,3800,5400,5400,5400,5500,5500,5700,5700,5800,5900,5900,6000,6100,6100,3800,6300,6400,6500,6500,6600,6600,6700,6700,6800,6900,6900,7000,7100,7200
48,300,300,300,400,500,600,600,700,700,800,900,1000,1100,1100,1200,1200,1300,1500,1400,1500,1700,1800,1700,1700,1900,1900,2000,2100,2100,2200,2300,2300,2500,2500,2500,1600,2700,2800,2800,2900,2900,3100,3200,3200,3400,3300,3400,3500,3600,3600,3800,3800,3900,3900,4000,4000,4100,4200,4200,4400,4400,4400,4500,4700,4700,4800,4900,4900,5000,5100,5200,5200,5200,5300,5400,5500,5600,5800,5700,5800,4700,5900,6000,6000,6100,6100,6300,6300,6400,6400,6500,6700,6700,6800,6800,6900,7000,7000,7100,7200
49,200,200,600,400,500,500,600,800,700,800,900,900,1100,1100,1100,1200,1300,1300,1400,1500,1600,1600,1700,1800,1800,2000,1900,2100,2200,2200,2200,2400,2500,2600,2600,2600,2700,2800,2900,2900,3100,3200,3200,3100,3300,3300,3500,3400,3600,3600,3700,3800,3900,4000,3900,4100,4100,4300,4300,4300,4500,4500,4600,4700,4600,4700,4800,4900,4900,5000,5000,5200,5200,5300,5400,5400,5500,5500,5700,5800,5900,5900,6000,6000,6100,6100,6200,6300,6800,6500,6500,6600,6700,6700,6800,6900,6900,7000,7100,7200
50,200,200,300,400,500,500,700,600,800,800,900,1000,1100,1100,1100,1200,1300,1700,1500,1500,1700,1600,1700,1900,1900,1900,2000,2100,2100,2200,2300,2400,2400,2500,2600,12900,2700,2800,2900,2900,3000,3100,3200,3200,3300,3400,4700,4100,4300,4300,4400,4400,4500,4500,4700,4600,4600,4700,4800,5000,5000,5100,5100,5200,5300,5200,5500,4900,5100,5100,5100,5200,5300,5400,5500,5500,5500,5600,3700,5800,5800,5900,6000,6000,6200,6300,6300,6300,6400,6500,6600,6600,6600,6800,6900,6900,7000,7100,7100,7200
51,300,300,400,400,500,600,700,700,700,800,900,1000,1100,1100,1300,1200,1300,1300,1500,1400,1500,1700,1300,2200,1900,2200,2000,2100,2200,2600,2300,2300,2500,2500,2600,2700,2800,3700,2900,2900,3000,3100,3100,3200,3300,3400,3400,3500,3500,3700,4300,3800,3900,3900,3900,4000,4100,5400,4300,4300,4400,4500,4600,4700,4600,4800,4800,4900,5000,5100,5200,5200,5300,5300,5400,5500,5600,5700,5700,5700,5900,5900,6000,6000,6100,6200,6300,6300,6400,6400,6500,6600,6600,6800,6900,6900,7000,7000,7100,7200
52,200,300,400,500,600,700,1100,1100,1100,1300,1000,1300,1600,1700,1500,1700,1700,1700,1800,1800,2200,2400,2300,2500,2400,2600,2600,2700,2800,2800,2900,2900,3000,3100,3100,3300,3300,3500,3400,3500,3600,3700,3900,3800,4000,4000,4000,3400,4100,4500,2600,3800,3900,5500,4000,4000,4200,4300,4300,4400,4400,4500,4600,4600,4800,4800,4900,5000,5000,5100,5200,5300,5200,5400,5400,8000,5600,5700,5600,5700,5800,5900,6100,6000,6100,6200,6300,6400,6400,6500,6500,6600,6700,6800,6800,7000,6900,7100,7100,7200
53,300,300,300,400,500,600,600,700,800,800,900,1000,1100,1200,1200,1300,1300,1400,1400,1500,1600,1900,1700,1800,2900,1500,2000,2200,2100,2200,2300,3100,2400,2400,2600,2700,2700,2800,2900,2900,2900,3100,3100,3200,3300,3400,3400,3400,3600,3700,3600,3700,3900,3800,4000,4100,4200,4200,4300,4300,4500,4500,4600,4600,4700,4800,4900,4800,4900,5100,5200,5200,5200,5400,17800,5500,5600,6100,3900,5800,5800,5900,6000,6000,6100,6200,6300,6300,6400,6500,6600,6600,6700,6800,6800,6900,6900,7000,7100,7200
54,300,300,400,400,400,600,600,700,800,900,900,1000,1000,1100,1200,1200,1300,1400,1400,1600,1600,1700,1800,1200,1900,2000,1900,2100,2200,1400,2300,2400,2400,2500,2600,2700,2700,2800,2900,3000,3000,3200,3100,3200,3300,3400,3400,3500,3500,3700,3700,3800,3900,3900,4000,4100,4100,4200,4300,4300,4500,4400,4600,4600,4800,4800,4800,4900,5000,5000,5100,5200,5200,5300,5500,5500,5600,5600,5700,5700,5900,5900,6000,6000,6100,6200,6200,6300,6400,6400,6600,6600,6600,6800,6800,6900,7000,7100,7100,7100
55,300,400,400,500,600,500,700,600,800,800,1000,1000,1100,1100,1200,1200,1300,1400,900,900,900,900,1000,1000,1100,1200,1100,2100,1300,2300,1400,1400,1400,1400,1500,1500,1600,1700,2800,1800,1800,1800,2400,3200,3300,3400,3400,3500,3500,3700,3700,3800,3800,3900,3900,4100,4100,4200,4300,4400,4400,4500,4500,4600,4700,4800,4800,4900,5000,5000,5100,5100,5300,5400,5400,5400,5500,5600,6400,6500,6400,6500,7800,6000,6100,6200,6300,6300,6400,6500,6500,6600,6600,16400,6800,6900,6900,7000,7100,7200
56,200,300,300,400,700,800,700,1000,1000,1000,1100,1200,1400,1300,1400,1500,1600,1700,1700,2100,1900,2300,2400,2500,2500,2600,2700,2200,2200,2300,2300,2400,2400,2600,2500,2700,2700,2700,2900,2900,2900,3100,3100,3200,3300,3300,3400,3400,3500,3600,4900,4300,4500,4500,4000,4100,4100,4200,4300,4300,4400,4500,4700,4700,4800,4800,4800,4900,4900,5000,5200,5100,5300,5400,5400,5500,5600,5600,5700,5800,5800,5900,6000,6000,6100,6200,6300,6400,6500,6400,6600,6600,6700,6800,3900,6900,7000,5400,7100,7200
57,200,400,400,400,500,600,600,700,800,900,900,1000,1000,1100,1100,1200,1300,1300,1500,1500,1600,1700,1700,1800,1900,2000,2100,2100,2200,2300,2300,2400,2500,2500,2600,2700,2700,2800,2900,2900,3000,3100,3100,3200,3200,3400,3400,2700,3600,3700,3800,3800,3800,3900,3900,4000,4100,4200,4200,4300,4400,4700,4600,4600,4700,4700,4800,4900,5000,5000,5100,5200,5200,5300,5400,5400,5600,5700,5700,5800,5800,5800,6000,6100,6100,6200,6200,6300,6400,4700,6500,6600,6700,6800,6900,7000,7000,7000,7100,7200
58,200,300,400,300,500,600,600,700,800,800,900,1400,1100,1100,1200,1600,1300,1900,1500,1500,1600,1700,1800,1800,1900,2300,2000,2100,2200,2700,2300,2400,2500,2600,2600,2700,2700,2800,2800,2900,3000,3000,3200,3200,3300,3400,4900,3400,3600,3700,3700,3800,3800,3900,4000,4100,4100,4200,4300,4300,4400,4500,4600,4600,4700,4800,4700,4900,4900,5100,5100,5200,5300,5400,5400,5500,5500,5600,5700,5800,3500,6000,6000,6100,6100,6300,6300,19800,6400,6500,6600,6700,6700,6800,6900,6900,7000,7100,7100,7200
59,300,300,400,400,500,600,600,800,800,800,900,900,1100,1100,1200,1300,1300,1500,1500,1500,1000,1700,1800,1900,1900,2000,2000,2100,2200,2300,2300,2400,2400,2500,2500,2700,2800,2800,2900,3000,3000,3100,3200,13100,3300,3400,3500,3600,3600,3600,3700,3800,3900,3900,4000,4100,4200,4200,4300,4300,4400,4600,4600,4600,4700,5100,4800,4800,5000,5100,5100,5200,5200,5300,5400,5600,5600,5600,5700,5800,5800,5900,5900,6100,6100,6100,6300,6300,6300,6400,6500,6600,6600,6800,6800,6900,6900,7100,7100,7200
60,300,200,300,400,400,500,600,800,700,900,900,1000,1100,1100,1200,1200,1800,1700,1700,2100,2100,2200,2400,2400,2500,2700,2500,2600,2300,2800,2900,2900,3000,3100,3100,3200,3300,3500,3400,3500,3600,3600,3700,3800,3800,3900,3900,4100,4100,4300,4100,4200,4500,4700,5100,5100,5100,5200,5300,5500,5500,5600,5700,5700,5900,5900,5900,6200,6200,6400,6500,6500,6600,6700,6800,6900,7400,7100,7200,7200,19500,7400,6000,6100,6000,6200,6300,6300,6400,6400,6500,6600,6600,5900,6800,6900,6900,7100,7100,7200
61,200,300,400,500,500,600,600,700,800,800,900,1000,1000,1100,1200,1300,1400,1400,1500,1500,1600,14600,1800,1800,1900,2000,2000,2100,2200,2300,2300,2400,2500,2500,2600,2700,2700,2800,2900,2900,3000,3100,3100,3200,3300,3300,3400,3500,3600,3600,3700,3800,3900,3900,4000,4100,4600,4800,4900,4900,5000,5000,5200,5200,5300,5400,5400,5400,5700,5600,5600,5800,5800,5900,5900,6100,6200,5700,5700,5700,5800,5900,6000,6000,6100,6100,6200,6300,6400,6400,6500,6600,6700,6800,6900,6900,6900,7000,7100,7200
62,200,400,500,700,600,800,800,900,900,1000,1100,1200,1200,1300,1400,1600,1600,1600,1700,1800,2000,2300,2100,1900,1900,2000,2100,2100,2200,2300,2300,2400,2400,2500,2600,2600,2800,2800,2900,2900,3000,3100,3100,3200,3200,3300,3500,3800,3600,3700,3800,3800,3800,3900,4000,4200,4200,4200,4200,4300,4400,4500,5800,4600,4700,14100,4900,4900,5000,5000,5200,5200,5200,5300,5500,5500,5600,5600,5800,5800,5900,5900,6100,6000,6200,6200,6300,6400,6400,6400,6600,6700,6700,6800,6800,6900,7000,7100,7100,9000
63,200,300,500,500,500,700,1200,900,800,800,900,1000,1300,1300,1600,1600,1700,1600,1900,1800,2300,2300,2400,2500,2400,2600,2600,2700,2700,2800,2800,3100,3100,3100,3200,3200,3300,3300,3600,3400,3600,3800,3800,3800,3900,4000,4000,4100,2500,4200,4300,3000,3900,4000,4000,4100,4100,4300,4200,4400,4500,4500,4600,4600,4700,7700,4900,4900,5000,5100,5200,5300,5300,5300,5400,5400,5600,5600,5700,14000,5800,5900,5900,6000,6100,6200,6200,6300,6400,6400,6600,6600,4500,6800,6800,6900,6900,7100,7100,7200
64,200,300,400,400,600,600,400,600,800,500,600,800,1100,1200,1200,1200,1300,1400,1400,1500,1600,1600,1700,1800,1900,1900,2100,2100,2100,2300,2200,2400,2400,2500,2500,2700,1700,2800,2900,2900,3000,3000,3100,13600,2100,3400,3400,3600,3600,3700,3700,3800,3800,3900,3900,4100,4100,4200,4200,4400,4700,4500,4600,4700,4600,4800,4800,4900,4900,5100,5100,5200,5200,5400,5300,5700,5800,5600,11900,5800,5900,6000,5900,6000,6100,3600,6200,6400,6400,6400,6500,6500,6700,6800,6900,6900,6900,7000,7200,7200
65,200,300,400,500,500,500,700,700,800,800,900,1000,1100,1100,1200,1200,1300,1400,1500,1500,1600,1700,1800,1900,1900,1900,2000,2100,2200,2200,2300,2400,2400,2400,2600,2600,2700,2700,2900,2900,3000,3000,3200,3200,3300,3300,3400,3500,3500,3600,3700,3800,3800,3900,4000,4000,4100,4200,4300,4400,2600,4500,4500,6500,4700,2800,4900,4900,4900,5100,5100,5300,5300,5400,5500,5500,5600,5500,5700,5700,5900,6000,6000,6100,6100,6100,6300,6300,6400,6500,6500,6700,6700,6800,6800,6900,6900,7100,7100,7300
66,200,300,300,500,500,500,700,700,800,800,900,1000,1000,1100,1200,1300,1300,1400,1500,1600,1700,1700,1800,1800,1800,2000,2100,2100,2100,2200,2300,2300,2400,2600,12000,2600,2700,2800,3000,2900,3000,3100,3100,3200,2600,3300,3400,3500,3600,3600,3700,3900,3900,4000,4000,4100,4100,4200,4300,4400,4400,4400,4600,4700,4700,4800,4800,4900,4900,5100,5200,5300,5200,5400,5500,5500,5600,5600,5700,5800,5800,6000,6000,6000,6200,6200,6200,6300,6300,6500,6500,6700,6700,6800,6800,6900,7000,4200,7100,17400
67,200,300,400,300,500,500,600,700,800,800,900,900,1000,1000,1200,1300,1300,1300,1400,1600,1600,1600,1700,1800,1900,2000,2100,2100,2200,2200,2300,2400,2500,2500,3000,3200,3300,3300,3400,3500,2200,3700,3100,3700,3400,3400,2100,3500,3600,3600,3600,4600,3800,3900,4000,4000,4100,4200,4200,4300,4400,4500,4600,4700,4700,4800,4900,4900,5000,5000,5100,5200,5200,5300,5500,5500,5500,5600,5700,5800,5800,5900,5900,6100,6100,6200,6300,6300,6400,3800,6500,19200,6700,6700,6800,6800,6900,7000,7100,7100
68,200,300,300,400,500,500,600,800,700,900,900,900,1000,1100,1100,1300,1300,1400,1400,1600,1600,2000,2300,2400,2600,2000,2000,2200,2300,2200,2200,2400,2400,2500,1900,2700,2700,2800,2800,2900,2900,3100,3100,3100,3300,3400,3400,3500,3600,3600,3700,3700,3900,3900,4000,4100,4100,4200,4200,4300,4400,4500,2700,4700,4700,4800,4800,4900,5000,5000,5100,5200,5300,5300,5400,5400,5500,5600,3400,5700,5800,5900,6000,6100,6100,6200,6300,6300,6400,6400,6500,6600,6700,6700,6800,6800,7000,7000,7100,7200
69,200,300,300,400,500,500,600,700,700,800,800,1000,1000,1000,1200,1200,1300,1400,1400,2000,1700,1700,1700,1800,1900,1900,2100,2000,2300,2300,2300,2300,2400,2600,2600,2600,2800,2700,2900,2900,3100,3100,2200,4000,4000,4000,4100,4100,4200,4300,4300,4400,4400,4500,4700,4800,4800,4700,4800,5000,5100,5100,5200,5300,5200,5400,5400,5600,5000,5100,5100,5200,5300,5300,5400,5500,5600,5600,5700,5800,8100,5900,5900,6100,6200,6200,6300,6300,6400,6500,6600,6600,6700,6700,6800,6900,7000,7100,7100,7200
70,300,300,400,500,500,500,600,700,800,1200,1100,1000,1100,1100,1200,1300,1400,1400,1400,1500,1600,1700,1800,1900,2300,2000,2000,2100,2200,2300,2300,2400,2500,3100,3200,3300,3400,3400,3400,3500,3800,3800,3900,4000,3900,3900,4300,4400,4400,4900,4300,4400,4500,4600,4700,4800,4800,5000,5100,5100,5200,5300,5300,4600,4700,4700,4800,4900,5000,5100,5200,5200,5300,5400,19700,5600,5600,5700,5700,5800,5900,6000,6000,6100,6200,7100,6300,6400,6500,6500,7700,6600,6700,6800,6800,6900,7000,7000,7100,7100
71,100,200,400,400,500,500,600,700,800,800,800,900,1100,1100,1100,1200,1300,1300,1500,1500,1600,1600,1800,1800,1800,1900,2000,2100,2100,2100,2300,2400,2400,2500,2500,2600,2700,2800,2800,2900,3000,3100,3200,3200,3300,3300,3500,3400,3600,3600,3700,3800,3800,3900,4000,4000,4100,4200,4300,4300,4400,4400,4600,4600,4700,4800,4900,4900,5000,5000,5100,5100,5200,5400,5500,5500,5500,5600,5700,5800,5900,5900,3600,6100,6100,6200,6200,3700,6400,6500,6500,6600,6600,6700,15500,6900,6900,7000,7100,7100
72,200,300,300,400,500,500,600,700,700,800,900,900,1100,1100,1200,1300,1300,1300,1400,1500,1600,1600,1700,1800,1900,1900,2000,2100,2200,2200,2300,2400,2400,2500,2600,2600,2700,2800,2900,2900,3000,3100,3100,3300,3300,3300,3400,3500,3500,3600,3700,3800,3800,4000,4000,4100,4200,4100,4200,4300,4400,4400,4600,4600,4700,4800,4900,4900,4900,5000,5100,5200,5200,5300,5400,5500,5500,5600,5700,5800,5900,12300,6000,6000,6100,6100,6300,6300,6500,6400,6500,6500,6700,6700,6800,6900,6900,7000,7100,7200
73,100,300,300,400,500,600,600,700,700,800,900,1000,1000,1100,1100,1300,1300,1300,1500,1500,1700,1600,1700,1800,1900,1900,2100,2100,2100,2200,2300,2300,2400,2500,2500,2700,2700,2800,2900,2900,3000,3100,3100,3200,3200,3300,3400,3500,3500,3600,3700,3700,3800,3900,4000,4000,4100,4300,4300,4300,4400,4500,4500,4600,4700,4800,4800,5800,4900,5100,18200,3700,5300,5400,5400,5500,5600,5600,5700,5800,5800,5800,6000,6100,6100,6500,6200,6300,6400,6400,6500,6600,6600,6700,6800,6900,6900,7000,7800,7800
74,200,400,500,700,700,800,900,900,1000,1100,1200,1000,600,1100,1200,1200,1400,900,1400,1500,1500,1700,1800,1800,1900,1900,2000,2000,2200,2200,2300,2400,2400,2500,2600,2600,2700,2700,2900,2900,3100,3100,3100,3300,3300,3400,3500,2100,3600,3600,3700,3700,4900,4900,5000,5100,5100,5300,5400,5500,5500,5700,5700,5900,5900,6000,6100,6200,6300,6300,6500,6500,6600,6700,6800,6900,7000,5700,5700,5700,5800,5800,6000,6100,6100,6200,6300,6300,6300,6500,6600,6600,6700,6700,6700,6900,6900,7000,7000,7100
75,200,200,300,300,500,500,600,700,700,800,1000,1000,1000,1100,1200,1200,1300,1400,1400,1600,2500,2100,2200,2300,2300,2500,2500,2600,2700,2800,2900,2900,3100,3100,3200,3300,3300,3400,3600,3600,3700,3800,4000,4000,4100,4200,4300,4400,4800,4200,4200,4300,4400,4500,4600,4100,4100,4200,4300,4400,4300,4500,4500,4600,4700,4700,4800,4900,5000,5000,5100,5300,5300,5400,5400,5500,5600,5700,5600,5800,5900,5900,6100,6100,6100,6200,6300,6400,6400,6500,6600,6600,6700,6800,6800,6900,7000,7100,7100,7200
76,200,300,400,500,500,500,900,700,800,900,1000,1000,1100,1000,1200,1300,1300,1400,1500,1600,1600,1700,1800,1800,1900,1900,2000,2100,2100,2200,2300,2400,2500,2500,2600,2700,2700,2800,2900,3000,3000,3100,3100,3200,3300,3400,3400,3500,3500,3600,3700,3800,3900,3900,4000,4100,4100,4200,4300,4400,4500,4500,4500,4700,4700,4700,4900,4900,5000,5100,5100,5200,5300,5400,5400,5500,5600,5600,5600,5800,5800,5900,6000,6100,6100,6200,6300,6400,6400,6500,6600,6700,6700,6700,6800,6900,7000,7000,6200,7200
77,100,300,400,400,600,500,600,700,700,900,900,1000,1000,1100,1100,1200,1300,1300,1400,1600,1600,1700,1800,1900,1900,1900,2100,2100,2200,2200,2300,2400,2500,2600,2600,2600,2700,2800,2900,2900,3000,3100,3100,3300,3300,2500,3400,3600,3600,3600,3800,3800,3900,3800,4000,4000,4100,4100,4300,4300,4400,4500,4600,4600,4700,4800,4900,4900,5000,5000,5100,5200,5200,5400,14000,5500,5500,5700,5700,5700,5800,5900,6000,6000,6100,6200,6300,6400,6400,6900,6500,6600,6600,6700,6800,6900,6900,9000,8900,8900
78,300,400,500,500,600,700,700,800,900,1000,1000,1100,1100,1200,1300,1400,1500,1600,1600,1700,1800,1900,1900,2000,2500,2200,2300,2300,2200,2800,2800,2900,3000,3100,3000,3100,3300,3300,3400,3600,3500,3600,3800,3900,3800,3900,3900,4100,4100,4200,4200,4300,4400,4500,4700,4600,4200,4200,4300,4300,4400,4600,5900,4600,4700,5000,4900,3600,9800,3200,3700,8600,10700,5500,6600,6800,7600,7700,6600,13400,7800,8100,6400,6100,6200,10300,6400,8600,6500,6500,6600,6600,6700,6800,6900,19800,7000,7100,7100,7200
79,200,300,300,300,400,500,600,700,800,900,900,1000,1100,1100,1200,1300,1300,1400,1500,1600,1700,1700,1700,1900,1900,2000,2000,2200,2100,2200,2300,2400,2400,2500,2500,2600,2700,2800,2900,2900,3100,3000,3200,3200,3200,3400,3400,3500,3500,3600,3700,3900,3800,3900,4000,4100,4200,4100,4300,4300,4400,4400,4500,4600,4700,4800,4800,5000,5000,5100,5100,5100,5300,5300,5400,5500,5600,5700,5600,5800,5800,3600,6000,6100,6200,6200,4500,6300,6400,6400,6500,6600,6700,6800,6800,6800,6900,7000,7000,7200
80,200,400,400,500,500,500,700,700,800,800,900,900,1100,1100,1200,1300,1400,1400,1400,1500,1600,1700,1800,1800,1900,1900,2000,2100,2200,2300,2400,2400,2400,2500,2600,2600,2700,2800,2900,2900,3000,3100,3100,3200,3300,3300,3400,3500,3500,3600,3600,3800,3800,3900,4000,4100,4100,4200,4200,4400,4400,4500,4700,4600,4700,4800,4900,4900,5000,5100,5100,5200,6600,5300,5400,5400,5500,5600,5700,5700,5800,5900,6000,6000,6100,6200,6200,6300,6500,6500,6500,6600,6600,6800,6800,6900,7000,7000,7100,7100
81,300,500,400,400,500,600,700,1100,800,800,1000,900,1100,1000,1500,1500,2000,1600,1800,1800,1900,2300,2400,2400,2600,2500,2600,2600,2800,2700,2800,2900,3000,3100,3000,3200,3300,3300,3400,3500,3600,3700,3700,3700,3800,4000,4100,4000,4200,4300,4300,4300,4400,4500,4600,4600,4700,4800,4800,4900,5100,5500,3200,4600,4700,4800,4800,4900,5000,5000,5100,5200,5200,5300,5400,5500,5500,5700,5700,5800,5800,5900,6000,6000,6100,6200,6300,6300,6400,6500,6500,6600,6700,6700,6900,6900,7000,7000,7100,7100
82,200,300,300,400,500,500,600,700,700,700,1000,1000,1100,1200,1200,1300,1400,1500,1400,1600,1700,1600,1800,1800,1900,2000,2000,2100,2200,2300,2400,2400,2500,2500,2600,2700,2800,2800,2900,3000,3000,3100,3200,3300,3400,3400,3400,3500,3600,3600,3800,3800,3900,3900,4100,4100,4100,4200,4200,4300,4400,4400,4500,4600,4700,4800,4800,4900,5000,5000,5200,5200,5300,5400,5300,5500,5500,5600,5700,5800,5800,5900,6000,6100,6100,6200,6200,6400,6400,6500,6500,6600,6700,6700,6800,6800,7000,7000,7100,5200
83,300,300,400,500,500,500,600,600,700,800,900,900,900,1100,1200,1200,1300,1300,1700,1600,1500,1700,1700,1800,1900,2000,2000,2100,2100,2200,2300,2400,2400,2500,2600,2700,2700,2800,2800,2900,3000,3100,3200,3200,3300,3400,3400,3500,3500,3600,4800,3800,3900,3900,4000,4000,4100,4200,4300,4300,4400,4400,4500,4600,4700,4800,4800,4900,5000,5000,5100,5100,5300,5300,5400,5500,5500,5600,5700,5700,5800,5900,5900,6000,6100,6100,6300,6300,6300,6500,6500,6500,6700,6700,6800,6900,6900,7000,9600,7200
84,200,300,300,400,500,500,700,700,1000,900,900,1100,1100,1100,1100,1200,1300,1700,1500,1500,1600,1600,1700,1800,1900,2000,2100,2100,2100,2200,2300,2400,2400,2500,2600,2700,2700,2800,2900,2900,3000,3100,3200,3200,3300,3400,3500,3500,3600,3700,5000,3800,3800,3900,4000,4000,4200,4100,4300,4300,4400,4400,4500,4600,4700,4700,4800,4900,5000,5000,5100,5500,5500,5700,5600,5800,5800,5900,6000,6000,6100,6200,6300,6400,6400,6500,6600,6300,6400,6500,6600,6600,7000,6800,6800,17600,7200,7000,7200,7400
85,200,500,400,600,500,600,800,700,800,800,900,900,1000,1100,1200,1300,1300,1400,1400,1500,1900,1700,1700,1800,1900,2000,2300,2100,2100,2300,1400,1400,2500,2600,2600,2700,2700,2800,2800,3000,3000,3100,3100,3300,3300,3300,3500,3500,3600,3700,3700,3800,3800,3900,4000,4100,4200,4200,4300,4400,12900,4500,4500,4600,4600,4800,4800,4600,5000,5000,3000,5200,5300,5400,5400,5500,5600,5600,5700,5800,5900,5900,6000,6100,6200,6200,6300,6400,6500,6500,6600,6700,6800,6800,6900,6900,6900,7100,7100,7200
86,200,300,400,500,500,600,700,700,800,900,800,900,1100,1100,1200,1300,1400,1400,1500,1400,1600,1600,1800,1800,1900,2000,1900,2100,2200,2200,2300,2300,2500,2500,2600,2600,2800,2800,2800,3000,3000,3100,3200,3200,3300,3400,3500,3500,3600,3600,3700,5500,3900,3900,3900,5100,4100,4200,4500,4300,4400,4400,4500,4600,4700,4700,4800,4900,4900,5100,5000,5200,5300,5300,5400,5500,5500,5600,5700,5800,5800,5800,5900,6000,6100,6200,6200,6400,6400,6400,6500,6600,6700,6800,6800,6900,7000,7100,7100,7200
87,300,300,300,400,400,600,700,600,800,800,900,1000,1000,1100,1100,1300,1900,1400,1500,1500,1600,1700,1700,2100,1800,2200,1900,2100,2500,2300,2300,2400,2800,2600,2600,1600,2700,2800,2800,2900,3000,3100,3100,3200,3200,3400,3000,3400,3600,3600,3600,3700,3800,3900,3900,4000,4100,4200,4200,4300,4400,4500,4600,4700,4700,4800,4800,4900,5000,5000,5100,5100,5200,5300,5400,5500,5600,5600,14500,5800,5900,6000,6000,6100,6200,6300,6300,6300,6300,6400,6500,6600,6600,6700,6800,6900,6900,7100,7200,7200
88,200,300,300,500,500,500,600,700,700,800,900,1000,1000,1100,1200,1300,1300,1400,1500,1500,2000,1700,1700,1900,1900,2000,2000,2200,2100,2300,2400,2400,2500,2500,2700,2700,2800,2800,2900,3100,2900,3000,3100,3100,3300,3300,14500,3400,3500,3700,3700,3700,3800,3900,4000,4000,4100,4200,4300,4300,4400,4500,4600,4600,4800,4800,4900,4900,5000,5000,5100,5100,5300,5400,5400,5500,5600,5600,5700,5800,5800,6000,6000,6000,3700,6200,6200,6300,6400,6500,6600,6600,6600,6800,6800,6900,6900,7000,7100,7100
89,200,300,300,400,500,600,600,600,700,800,900,1000,1000,1100,1100,1200,1300,1400,1500,1500,1700,1700,1700,1800,1800,2000,2000,2200,2100,2300,1700,2400,2400,2600,2600,2700,2700,2800,3000,3000,2900,3100,3200,3200,3300,3300,3500,3400,3600,3600,3700,2200,3800,3900,3900,4000,4100,4200,4300,4300,4400,4500,4600,4600,4700,4700,4900,4900,4900,5000,5000,5200,5200,4200,5500,5500,5500,5600,5700,5700,5800,5900,5900,6100,6100,6200,6300,6300,6300,6500,6500,6600,6700,6700,6800,6800,7000,7000,7100,7200
90,200,300,400,300,500,500,500,700,800,800,900,900,1000,1100,1200,1200,1200,1500,1400,1600,1000,1700,1800,1800,1900,2000,2100,2100,2200,2300,2300,2400,2500,2500,2600,1900,2700,2800,2900,2900,3100,3100,3200,3200,3300,3300,3400,3500,3600,3600,3600,3800,3900,3900,4000,4100,4100,4200,4300,4300,6800,4500,4600,4700,4600,4700,4900,4900,5000,5000,5100,5200,5300,5400,7000,6100,6200,6200,6300,6300,6500,6500,6500,6600,6800,6900,6900,6400,6400,6500,6600,6600,6700,6700,6800,6900,7000,7000,7100,7100
91,200,300,300,400,500,500,700,800,1000,1100,1100,1200,1200,1100,1200,1300,1300,1400,1500,1500,1600,1700,1700,2100,1900,1900,2100,2100,2200,2300,2300,2400,3000,2600,2600,2700,2800,2700,2900,3000,3000,3100,3200,3200,3300,3400,3400,2100,3500,3600,4900,3800,3900,3800,4000,4100,4100,4200,4300,4300,4400,4500,4500,4700,4700,4800,4800,5000,5000,5000,5100,5200,5200,5400,5400,5600,5600,5500,5600,5700,5900,5800,6000,6100,6000,6100,6200,6300,6400,6500,6500,8700,6700,6800,6800,6800,6900,7000,7000,7100
92,200,300,300,300,400,500,600,700,700,800,900,1000,1100,1200,1200,1200,1400,1400,1400,1600,1700,1700,1700,1800,1900,1900,2000,2100,2200,2300,2300,2400,2500,2500,2600,2700,2800,2800,2800,2900,3100,3100,3200,3300,3300,3300,3500,3500,3500,3700,3700,3700,3900,3900,4000,4100,4200,4200,4200,4400,4400,4500,4600,4600,4700,4800,4800,4900,5000,5100,5200,5200,5300,5300,5500,5400,5500,5700,5700,5800,5800,5900,5900,6000,6100,6200,6200,6300,6300,6500,6600,6500,6600,6700,6800,6900,6900,7100,7100,7200
93,300,200,400,400,500,600,600,600,800,800,900,900,1000,1100,1200,1300,1300,1400,1500,1500,1600,1700,1100,1800,1900,1900,2000,2100,2100,2200,2200,2300,2400,2600,2500,2600,2700,2800,26300,2900,3800,3800,3900,4000,4200,4200,4300,4400,4500,4600,4700,4700,4800,4900,5000,5100,5100,5200,5300,4400,4400,5300,4600,4600,4700,4800,4800,4900,5000,5000,5100,5100,5300,5300,5400,5500,5500,5600,5700,5700,5900,5900,6000,6000,6100,6100,6300,6300,6400,6400,6500,3900,6600,6800,6800,6800,7000,7100,4900,7100
94,100,300,400,400,500,500,600,700,700,800,800,900,1000,1100,1200,1300,1400,1400,1500,1500,1500,1700,1700,1800,1900,1900,2000,11600,2100,2200,2300,2400,1700,2600,2600,2600,2800,2800,2900,2900,3100,3100,1800,3200,3300,3400,3400,3400,3500,3600,3700,3800,3800,4000,4000,4000,4100,4300,4400,4300,4400,4500,4500,4700,4700,4700,4800,5000,5000,5100,5200,5300,6600,6700,6800,6800,7000,7000,7100,7800,7300,7300,8000,8100,7700,7700,7900,7900,8000,8000,8300,8200,20000,8400,8500,8700,9200,8700,9000,9000
95,200,300,500,500,600,700,800,900,900,1100,1100,1200,1100,1500,1500,1600,1700,1400,1500,1500,1600,1700,1700,1800,1800,2000,2000,2200,2200,2200,2300,2300,2400,2600,2600,2700,2700,2800,3000,2900,3000,3100,3100,3200,3300,3300,3500,3500,3600,3700,3700,3800,3900,3900,4000,4600,4100,4300,4200,4300,4400,4500,4600,4600,4700,4800,4800,4900,5000,5000,5200,5200,5400,5400,5400,5500,5600,6300,6300,6400,5800,5900,5900,6000,6100,6200,6200,6400,6300,6500,6500,6600,6600,6800,6800,6900,6900,7000,7100,7200
96,100,400,300,400,500,500,600,600,700,800,900,1000,1100,1100,1200,1300,1300,1400,1400,1600,2000,1700,1800,1800,1800,1900,2000,2100,2200,2300,2400,2300,2500,2500,2600,2700,2800,2800,2900,3000,3100,3100,3200,3200,3300,3400,3400,4100,3600,3600,3600,3800,3800,4000,4000,4000,4100,4200,4300,4400,4400,4500,4600,4600,4700,4800,4800,4900,5000,5000,5100,5100,5200,5300,5400,5500,5500,5600,5600,5700,5800,5800,5900,6100,6100,13200,6300,6300,6400,6500,6500,6600,6700,6700,4000,6900,7000,15700,7100,7100
97,100,300,300,400,600,500,600,600,800,1400,900,1000,1000,1700,1200,1300,1300,1500,1400,1500,1600,1600,2200,1800,1800,2000,2100,2500,12000,2300,2300,2300,2500,2500,2600,2700,2300,2400,2300,2400,2100,3100,3200,3200,3300,4000,4300,4400,4400,4500,4700,4700,4800,4900,5000,5100,5200,5300,5400,5400,5500,5600,5600,5700,5800,5900,6000,6200,6300,17000,6000,6600,6700,6700,6900,5500,8900,5700,5700,5800,5800,5900,6000,6000,6100,6200,6200,6400,6400,6500,6500,6600,6600,6700,6900,6900,6900,7100,7100,7200
98,200,200,400,500,500,500,700,700,800,900,1300,1000,1100,1100,1700,1300,1400,1400,1500,1500,1600,1700,1700,1800,1900,1900,2000,2100,2200,2200,2300,2400,2500,2600,2600,2700,2800,2800,3000,2900,3000,3100,3100,3300,3300,3400,3500,3500,3600,3700,3600,3800,3800,4000,4000,4100,4100,4200,4300,4400,4400,4500,4500,5200,4700,4700,4800,15300,5000,5000,5200,5200,5300,5300,5400,5500,5600,5600,5700,5700,5800,5900,5900,6000,6100,6200,6300,14600,6400,6500,6500,6600,6700,6800,6900,6900,7000,7000,8100,7200
99,200,300,400,400,500,600,600,700,800,800,900,1000,1000,1100,1200,1300,1300,1400,1500,1600,1700,1700,1700,1800,16400,2000,2000,2100,2200,2300,2400,2300,2500,2600,2500,2700,2700,2800,2900,3000,3000,4800,3900,4100,3300,3500,3500,3500,3600,3600,3800,3800,3900,3900,4000,4000,4100,4200,4300,4300,4500,4600,4500,4600,4700,4800,4800,4900,5000,5000,5100,5200,5300,5300,5400,5500,5600,5600,5600,5700,5900,6000,6000,6000,6100,6200,6400,4700,6400,6500,18300,6600,6600,6800,6800,6900,6900,7000,7100,7200
100,200,300,300,400,600,600,500,600,800,800,900,1000,1000,1100,1100,1300,1300,1400,1500,1500,1600,1700,1600,1100,2000,2000,2000,2100,2200,2200,2300,2400,2400,2600,2600,2700,2700,2800,2800,2900,3000,3100,3200,3100,3300,3400,3400,3500,3500,3600,3700,3800,3800,4000,4000,4000,4100,4200,4200,4300,4400,4400,4500,4700,4600,4800,4900,5200,5000,5000,5100,5200,5200,5300,5900,6000,6100,6200,6400,6500,6500,5900,5900,6000,6100,6200,6300,6300,6400,6500,17400,6600,6600,6700,6800,6800,7000,7100,7100,7100
101,200,300,400,400,400,600,600,600,800,800,900,900,1000,1500,1500,1600,1700,1700,1800,2000,1900,2200,2400,2500,2500,2700,2700,2600,2700,2800,1700,2300,2500,2600,2600,2600,2700,2900,2800,2900,3000,3100,3200,3300,3300,3400,3400,3500,3500,3700,3700,3800,3900,3900,4000,4000,4200,4300,4300,4400,4400,4400,4600,4600,4800,4800,4900,4900,4900,5100,5100,5200,14100,6700,6900,5500,3700,5600,5700,5800,5900,5900,6100,6100,8000,6200,6300,6400,6500,6500,6600,6700,6700,6700,6800,6900,7000,7100,7100,12000
102,200,200,200,200,300,400,700,500,500,800,500,500,600,600,700,700,1200,2200,1500,1200,1700,1700,1800,1800,1900,2000,2100,2000,2100,2300,2300,2400,2500,2500,2600,2600,2700,2800,2900,3000,3000,3200,3100,12500,3200,3300,3400,3500,3600,3700,3700,3700,3800,3900,4000,4100,4100,4200,4300,4400,4400,4600,4600,4600,14800,4800,4900,4900,4900,5100,5100,5200,5300,5300,5400,5400,5500,5600,5800,5800,5800,5900,5900,6000,6100,6200,6200,6300,6400,6400,6500,6500,6600,6800,6800,6900,7000,7100,7100,7200
103,200,300,300,400,500,300,500,700,1100,900,900,1000,1000,1100,1100,1300,1300,1400,1500,1500,1600,1700,1600,1800,2000,2000,2000,2000,2200,2300,2300,2300,2400,2500,2600,2700,2800,2800,2800,2900,3000,3100,3200,3200,3300,3300,3400,3400,3500,3600,3600,3800,3800,3900,3900,4100,3200,4300,4200,4300,4400,4500,4500,4600,4600,4700,4800,4900,4900,5100,5100,16700,5300,5300,5400,5500,5600,5600,5700,5800,5900,5900,6000,6000,6100,6200,6300,6400,6400,6400,6500,6600,6700,6800,6800,8600,8700,8800,8900,8900
104,300,400,400,400,500,600,600,700,500,800,900,900,1100,1100,1200,800,2000,1600,1800,1800,2100,2200,2400,2400,2500,2600,2600,2600,2600,2900,2800,2900,3100,3100,3200,3200,3300,3300,3500,3500,3500,3600,3800,3900,4400,3900,4100,4000,2800,3700,3800,4300,4600,4500,4600,4800,4700,4800,4900,4900,5100,4900,5100,5300,5200,5400,5400,5500,5700,5600,5700,5700,5800,5900,5900,6400,6100,6200,6300,6300,6400,6500,6500,6500,7800,7900,8000,8100,7900,8200,8700,6700,7400,7400,7400,16200,7000,7000,7100,7200
105,200,300,300,400,500,600,600,700,700,800,900,1000,1000,1100,1200,1200,1300,1400,1800,1900,1600,1700,1800,1900,1800,2000,2100,2100,2200,2200,2300,2300,2500,2500,2600,2600,2800,2800,2900,3000,3100,3100,3100,3300,3300,3300,3400,3500,3600,3700,3700,3800,3800,4000,4000,4000,4100,4200,4300,4400,4400,4500,4500,4600,3900,5300,5100,5000,5000,5000,5100,5200,5200,5400,5400,5500,5500,5700,5700,5700,5900,5900,6000,6100,6100,6300,6300,6300,6400,6500,6600,6600,6700,6700,6800,6900,7100,7100,4200,7200
106,300,300,400,400,500,500,600,600,700,800,900,1000,1000,1100,1200,1200,1200,1300,1500,1500,1600,1700,2200,2300,2400,2500,2500,2600,2700,2800,2900,2900,3000,3100,3300,3400,2700,2900,2900,2900,1800,3100,3100,3200,3300,3400,3400,3400,3500,3600,3700,3800,3800,4000,4000,4100,4200,4200,4300,4400,4500,4500,4600,4700,4700,4700,4900,4900,5000,5000,5200,5200,5300,5400,5400,5400,5600,5600,5700,5800,5800,6000,14400,4700,6200,6200,6200,6400,6500,6500,6500,6700,6700,6700,6900,6900,6900,7000,7100,7100
107,200,300,400,500,500,600,600,700,700,800,900,1000,1000,1100,1200,1300,1300,1300,1400,1500,1700,1700,1500,1200,1900,1900,2000,2100,2100,2200,2300,2400,2400,2400,2600,2700,2800,2800,2800,2900,3000,3100,3100,3200,3300,3400,3400,3400,3600,3700,3700,3700,3800,3900,4000,4100,4100,4200,4200,4300,4400,4500,4500,4600,4700,4900,4900,5200,5100,5100,5100,5200,5300,5300,5400,5500,5500,5600,5700,5800,5900,6000,5900,6000,6100,6200,6300,6300,6400,6400,6600,6600,6700,6700,6900,6900,6900,7000,7200,7100
108,200,300,300,400,500,600,600,700,700,800,500,1000,1000,1100,1100,1200,1300,1400,1500,1600,1700,1700,1800,1900,1900,2000,2000,2100,2200,2300,2300,2300,2400,2500,2600,2700,2700,2800,2900,3000,3000,3100,3100,3300,3300,3400,3400,3500,3600,3600,3700,3800,3800,3900,4000,2400,4200,4200,4200,4400,4400,4500,4600,4700,4700,4800,4800,5000,5000,5100,5100,5200,5300,5300,5300,5500,5600,5600,5700,5800,5800,5900,6000,6000,6100,6100,6200,6300,6500,6500,6500,6600,6600,6800,6800,6900,7000,14400,7100,7100
109,100,300,500,400,500,600,700,700,700,800,900,1000,1000,1000,1200,1200,1300,1400,1400,1500,1600,1800,1800,1900,1900,1900,2000,2200,2200,2200,2300,2400,2500,2500,2500,2600,2800,2800,2900,3000,3000,3100,3100,3200,3200,3300,2400,3500,3500,3600,3700,3700,3900,3900,4000,4100,4100,4200,4400,4400,4500,4500,4600,4700,4700,4800,4900,5000,5000,5100,5100,5200,5300,5300,5500,5600,5500,5600,5700,5800,5800,5900,6000,6000,6200,6200,6200,6300,6300,6500,6600,4000,6700,6800,6800,6900,6900,7000,7100,7100
110,200,300,300,400,500,600,700,600,700,900,800,1000,1000,1100,1100,1200,1300,1400,1400,1500,1500,1700,1800,1800,1900,2000,2000,2100,2200,12400,2300,2300,2500,2500,1500,2600,2700,2700,2900,2900,3000,3900,3100,3300,3300,3300,3400,3500,3500,3700,3700,3800,3800,3900,4000,4100,4200,4200,4300,4300,4400,4400,4600,4700,4700,4800,4900,4900,5100,5100,5000,5200,5300,5400,5400,5500,5600,5700,3900,6400,3500,5900,5900,6000,6200,6200,6300,6300,6400,6500,6500,6600,6700,6700,6800,6900,7000,7000,22700,8000
111,300,400,500,600,600,700,800,900,1000,1000,1100,1200,1300,1400,1300,1500,1600,1600,1700,1900,2200,2000,2400,2500,2300,2000,2000,2700,2200,2300,2300,2300,2500,2500,2600,2600,2700,2700,2800,2800,3000,3100,3200,3200,3300,3400,3400,3500,3500,3600,3700,3800,3900,3900,3900,4000,5600,4200,4300,4400,4400,4500,4600,5100,5200,5300,5400,5400,5500,5500,5800,5800,5800,5900,6100,6100,6200,6200,6300,5800,5900,5900,6000,6000,6100,6200,6200,6300,6300,6500,6500,6600,6700,6800,6800,6900,7000,7700,7000,7200
112,200,300,300,400,500,600,900,800,800,800,900,900,1000,1100,1100,1200,1300,1400,1500,1600,1700,1700,1800,1800,1900,2000,2000,2100,2200,2200,2300,2300,2400,3400,2700,2700,3500,2800,2900,3700,3000,3100,3800,3200,3300,3300,3500,4400,4500,4500,4600,4700,4800,18700,5000,5100,5200,5300,5400,5300,5500,5500,6300,5800,5900,6000,6000,6200,6200,6300,6400,6500,7200,6600,3900,6900,6900,7000,9100,5800,5900,5900,7500,7500,7600,7700,7800,7900,8000,8100,8100,8300,8300,8400,8500,8600,8700,8800,8900,8900
113,300,300,400,500,600,500,600,700,700,800,900,1000,1000,1100,1200,700,1300,1400,1400,1600,1600,1700,1800,1800,1900,1900,2000,2100,1400,2200,2300,2400,2400,2500,2600,2600,2800,2800,2900,3000,2900,3000,3100,3200,3200,3300,3400,3500,3500,3600,3700,3800,3800,3900,3900,4000,4100,4200,4300,4400,4500,4500,4600,4600,4600,4900,4800,4900,5000,5000,5100,5200,5300,5400,5400,5500,5500,5700,5700,5700,5800,5900,5900,6000,6100,6200,6200,6400,6400,6500,6500,6500,6700,6800,6800,6900,6900,7000,7100,7200
114,200,300,300,400,500,500,600,700,800,900,1000,900,1000,1100,1200,1200,1300,1500,1400,1500,1600,1700,1700,1800,2000,1900,2000,2100,2200,2200,2400,2400,2400,2500,2600,2700,2700,2800,2800,3000,3000,3000,3100,3200,3300,3600,3600,4000,4300,4300,4300,4300,4500,4400,4600,4600,4800,4900,4900,4500,5000,5100,5000,5200,5300,5300,5400,5400,5500,5600,5700,5700,5800,5800,5900,6000,6100,6100,6300,6300,6500,6500,6600,6800,6800,6700,7700,6800,6900,7100,7100,7100,7300,7300,7400,7600,7600,7700,7700,7800
115,200,300,500,500,700,600,800,800,900,1100,1000,1200,1200,1500,1600,1700,1700,2100,2100,1900,2400,2700,2100,2500,2700,2800,2800,3000,3100,3000,3100,2900,3100,3100,3200,3200,3300,3300,3400,3500,3600,3800,3600,3800,3800,3900,4000,4100,4100,4200,4200,4400,3900,3900,4100,4100,4200,4200,4200,4300,4400,4400,4500,4600,4700,4700,4900,4800,4900,5000,5100,5300,6600,5400,5500,5400,5600,5500,5700,5700,5800,5900,6000,6000,6000,6100,6200,6200,6400,4500,6600,6700,6600,6700,6800,6900,7000,7000,7000,7200
116,200,300,400,400,500,500,500,700,700,800,900,900,1000,1100,1600,1200,1300,1300,1500,1500,1600,1600,1700,2300,1900,1900,2000,2200,2100,2300,2300,2400,2400,2600,2700,2600,2700,2800,2900,2900,3000,3100,3100,3200,3300,3400,3500,3500,3600,3900,3700,3800,3900,3900,4300,4200,4500,4200,4300,4300,4400,4500,4600,4700,5000,4800,5000,4900,4900,5000,5100,5200,5300,5300,5400,5500,5600,5700,5800,5700,5800,5800,6000,6300,6000,6200,6200,7900,8000,8100,8200,8200,8300,8400,8600,8600,8700,8800,10200,9000
117,300,400,400,400,500,600,600,700,800,800,800,900,1100,1200,1300,1300,1400,1400,1500,1500,1600,1600,1700,1800,1900,2000,2100,2100,2200,2200,2300,2400,2400,2500,2600,2600,2700,2800,2900,3000,3000,3100,3100,3200,3800,3300,3500,3500,3600,3600,3700,3800,3900,4000,4000,4100,4100,4200,4300,4300,4400,4500,4500,4600,4700,4800,4800,4900,4900,5000,5200,5200,5300,5400,5500,5500,5600,5600,6200,5700,5900,5900,6000,6000,15400,7900,7800,8300,8100,8800,8100,8300,8300,8500,8600,6900,7000,7300,7200,7100
118,200,300,400,400,400,900,700,1100,800,800,900,900,1000,1100,1200,1300,1300,1400,1500,900,1600,1700,1700,1800,2000,1900,2000,2100,2200,2200,2300,2400,2400,2500,2600,2700,2700,2800,2900,2900,3000,3000,3200,3200,3300,3400,3400,3500,3500,3600,3800,3800,3800,4400,4700,4700,4800,4900,4800,3600,4500,3400,4500,5200,4700,4700,4800,4900,4900,5000,5100,5200,5200,5300,5400,5400,5600,5500,5700,5700,5800,5900,5900,6000,6000,6200,6200,6300,6300,6400,6500,6500,6700,6700,6800,6900,6900,7000,7100,7200
119,200,300,300,400,500,600,600,800,700,900,800,900,600,1100,1200,1200,1300,1400,1400,1500,1600,1700,1700,1800,1800,1900,2000,2100,2100,2200,2200,2400,2400,2500,2600,2600,2700,2800,2900,2900,3000,3100,3200,3200,3300,3400,3500,3400,3600,3600,3700,3800,3800,3900,3900,4000,4100,16100,4200,4400,4400,4400,4600,4600,3400,4700,4900,4900,4900,5100,5100,5200,5300,5400,5500,5500,5500,5500,5600,5800,5900,5900,6000,6100,6100,6300,6300,6300,6400,6400,6500,6700,6600,6800,6900,7000,7000,7100,7100,7200
120,200,300,300,400,600,600,600,800,700,800,600,1000,700,1000,1100,1300,1200,1300,1500,1500,1700,1700,1800,1800,2400,2000,2000,2100,2200,2200,2300,2300,2500,2500,2500,2700,2700,2800,2800,2900,3000,3000,3100,3100,3200,3400,3400,3500,3500,3600,3700,3800,3800,3900,4000,4100,4100,4200,2800,2600,4400,4500,4600,4500,4700,4800,4900,4900,5000,5100,5100,5200,5300,5300,5300,5500,5500,5700,5700,5700,5800,6000,6000,6000,6200,6200,6300,14600,6400,6500,6500,6600,6700,6800,6800,6900,7000,7100,7100,7200
121,200,400,400,500,500,600,600,700,700,800,900,1000,1100,1100,1100,1300,1300,1400,1500,1500,1600,1700,1700,1800,1900,1900,2000,2100,2200,2300,2300,2400,2400,2500,2600,2700,2700,2800,2800,2900,3000,3100,3200,3200,3200,3300,3400,3500,3600,3600,3700,3800,2800,4000,4000,4100,4100,4200,4300,4300,4400,4500,4500,4700,4700,4800,4800,5000,5000,5200,5100,5200,5200,5300,5500,5400,5500,5600,5700,5700,5800,5800,6000,6000,6100,6200,6300,6400,6400,6400,6500,6600,6600,6700,6900,6800,7000,7100,7100,7200
122,200,200,400,400,500,500,600,700,800,800,800,900,1100,1100,1100,1200,1300,1400,1400,1500,1600,1600,1700,1700,1800,1900,2000,2100,2200,2200,2300,2400,2400,2500,2500,2700,2700,2800,2900,2900,3000,3100,3100,3200,3300,3400,3500,3500,3500,3600,3700,3800,3800,3900,4000,4000,4200,4300,4300,4400,4400,4500,4500,4600,4800,4800,4900,4900,6300,5000,5100,5200,5400,5400,5400,5500,5500,5600,5800,5700,5800,5900,6000,6100,6100,6200,6300,6400,3800,6400,6500,6600,6600,6800,6800,6900,7000,7100,7200,7200
123,200,300,300,500,500,600,700,800,800,800,10200,900,1100,1100,1200,1300,1300,1300,1500,1600,1500,1800,1700,1900,1900,1900,2000,2100,2100,2300,2300,2400,2500,2500,2600,2700,2600,2800,2800,2900,1800,3100,3200,3200,3200,3300,3500,3500,3500,3600,3700,3700,3800,3900,4000,4100,4200,4100,4300,4400,4500,4500,4500,4600,4700,4800,4900,5000,4900,5000,5200,5200,5300,5300,5400,5400,5500,5600,5700,5700,5900,5900,6000,6100,6100,6200,29700,6800,6900,7100,7200,7300,7400,7300,16800,7500,7600,7500,7700,7700
124,300,300,500,400,500,600,700,800,900,1000,1100,1100,1300,1300,1400,1600,1700,1700,1800,1800,1600,1600,1700,1800,1900,1900,2100,2100,2100,2200,2300,2300,2400,2500,3300,3300,3400,3400,3600,3700,3800,3900,4000,4100,4100,4200,4200,4300,4500,4500,4600,4700,4900,4800,5000,5100,2900,4200,4200,4300,4500,4500,4600,4600,4700,4700,2800,4900,5000,5100,5000,3000,5300,5300,5400,5400,5500,5700,5700,5700,5800,5900,6000,6000,6000,6200,6200,6300,6400,6500,6600,6700,4600,6700,6800,6900,7000,7000,7100,7200
125,200,300,400,500,400,600,600,700,800,900,900,1000,1000,1100,1200,1200,1300,1400,1500,1500,1600,1700,1700,1900,1900,2000,2000,2100,2200,2200,2300,2400,2500,2500,2600,2600,2800,3300,3400,3500,3500,3700,3800,3800,3900,3900,4000,4200,4200,4400,4300,4400,4500,4500,4500,4600,4800,4800,5000,5000,4400,4400,5600,5800,5900,5900,6000,6200,6200,6300,6400,6500,6600,6600,8400,6800,5600,7600,7700,21300,5900,5900,6000,6100,6100,6200,6200,6300,6400,6400,20900,6600,6700,6700,6800,6900,6900,7000,7200,7200
126,200,300,300,400,500,600,600,800,800,800,800,1000,1100,1100,1200,1300,1300,1300,900,1500,1600,1600,1800,1800,1900,1900,2000,2100,2200,2200,2400,2300,2500,2500,2500,2700,2800,2800,2800,3000,3000,3000,3100,3100,3300,3300,3400,3500,3600,3600,3700,3800,3800,3900,3900,4100,4100,4200,4300,4300,4400,4400,4600,4600,4700,4800,4800,4900,5100,3000,5100,5300,5300,5400,5400,5500,5600,5600,5700,5700,5800,5900,6000,6100,6100,6100,6300,6400,6400,6500,6600,6600,6700,6800,6800,6900,7000,7100,7100,7200
127,200,300,400,500,500,600,600,700,700,800,900,1300,1000,1100,800,1300,1300,1400,1500,1600,1600,1700,1700,1800,1900,1900,2000,2000,2100,2200,2300,2300,2500,13500,2600,2700,2800,2800,2800,3000,3000,3000,3200,3200,3300,3300,3400,3600,3600,3600,3800,3900,3900,3900,4000,4000,4200,4200,4300,4400,4400,4500,4600,4600,4700,4700,4800,4900,5000,5000,5100,5200,5200,5300,5400,5500,5500,5600,5600,5700,5800,5900,6000,6100,6400,6200,6300,6400,6500,6500,6500,6700,6700,6800,6800,6900,7000,7000,7100,7900
128,200,300,400,500,500,500,600,500,700,900,900,1000,1000,1100,1100,1200,1300,1400,1400,1500,1600,1700,1800,1800,1800,1900,2000,2100,2200,2200,2900,2900,3100,3100,3100,3200,3300,3300,3400,3500,3600,3600,3700,3700,3900,4000,4000,4100,4200,4200,4400,4400,4500,4600,4000,4100,4200,4200,4200,4300,4400,4500,4600,4600,4700,4800,4800,5000,4900,5000,5100,5200,5200,5300,5400,5400,5600,5600,5700,5800,5800,5800,14300,6000,6100,6100,6200,6400,6400,6400,6500,6600,6700,6700,6900,6900,6900,7000,7100,7200
129,200,300,400,400,500,600,600,700,800,800,900,1000,1100,1100,1200,1300,1300,1400,1500,1500,1500,1700,1700,1800,1900,2000,2000,2000,2200,2200,2400,2400,2400,2500,2500,2700,2800,2800,2900,3000,3200,3100,3100,3200,3300,3400,3400,3500,2600,3600,3700,3700,3800,3900,4000,4000,4100,4200,4300,4300,4400,4500,4600,4600,4700,4800,4900,6200,6200,6400,6400,6500,6600,6700,6700,6900,6900,7100,7100,7200,7300,7400,7500,7500,7600,7800,7900,8000,8000,8100,6600,6600,6700,6700,6700,6900,7000,7000,7100,7100
130,200,300,400,400,500,500,600,600,800,900,900,1000,1000,1100,1100,1200,1400,1400,1400,1600,1600,1700,1700,1800,1900,1900,2000,2200,2200,2200,2200,2400,2500,2500,2600,2700,2700,2800,2900,3000,3000,3100,3100,3200,3300,3300,3500,3500,3600,3700,3700,3800,3800,4000,4000,4100,4100,4300,4300,4400,4500,4600,4600,4700,4700,4700,4900,5000,4900,5000,5200,5700,6000,5900,6000,6000,6100,6200,6300,6300,6400,6500,6700,6800,6700,6700,6900,6900,7000,7100,7100,7200,7400,7300,7400,7500,7600,7600,7600,7800
131,300,500,500,500,600,600,800,800,700,800,800,1000,1000,1100,1200,1300,1300,1400,1500,1500,1600,1700,1700,1800,1900,1900,2000,2000,2400,2400,2500,2600,2700,2700,2900,2900,3000,3000,3200,3200,3400,3400,3500,3600,3600,3700,3400,3600,4000,4200,3700,4300,4400,4500,4600,4600,4700,4700,4800,4900,4900,5000,5200,5200,5300,5300,5400,5500,5700,5500,5700,5700,5800,5800,5900,5900,6100,5600,6200,6200,6400,6700,6600,6500,6700,3700,6600,3900,6400,6600,6500,6600,6700,6800,6800,6800,7000,7100,7100,7200
132,200,300,400,400,500,600,600,700,700,700,800,1000,1100,1100,1200,1200,1300,1400,1500,1500,1700,2100,1800,1900,2300,2500,2500,2700,2700,2800,2800,3000,3000,3100,3200,3300,3400,3400,3600,3700,3800,3900,4000,4000,4100,4200,4300,4300,4500,4600,4600,4800,4800,4900,5000,5100,5200,5200,5300,5100,5600,5500,5700,5700,5900,6000,6000,6100,6200,6200,6300,6500,6600,6600,6700,6900,6900,7000,7100,7200,7300,8900,6600,6600,6700,6800,6700,6900,7100,7200,7200,7300,6700,7400,6800,6900,7300,7100,7100,7200
133,200,300,400,400,500,600,700,600,700,800,900,900,1000,1100,1200,1200,1300,1400,1500,1500,1600,1600,1800,1800,2500,2500,2700,2700,2800,2700,3000,3000,3100,3000,3200,3100,3400,3400,3300,3600,3500,3600,3200,3300,3300,3400,3400,3500,3600,3600,3800,3800,3900,4000,4000,4100,4100,4200,4400,4500,4500,4600,4600,3600,4700,4800,4900,6900,4900,5100,5100,5200,5300,5300,3800,5400,5600,3400,3300,5400,6200,3500,3600,3600,3600,3600,3700,5300,6400,3800,6300,3900,3900,4000,4000,6800,5000,7000,4100,7200
134,100,300,400,400,500,600,600,700,800,800,900,900,1000,1100,1100,1300,1300,1400,1500,1500,1700,1700,1800,1800,1900,2000,10500,2100,2200,2200,2200,2400,2500,2500,2600,2600,2700,2800,2900,3000,3000,3000,3100,3200,3300,3300,3400,3500,3600,3600,3700,3800,3800,3900,4000,4000,4200,4200,4300,4300,4500,4500,4500,4600,4700,4800,4800,4900,5000,5100,5200,6700,5300,5300,5400,5500,5500,5600,5700,5800,5800,5900,6000,6000,6100,6200,6200,6300,6300,6400,6500,6600,6700,6700,6800,6900,6900,6900,7100,15200
135,200,300,400,400,500,500,600,600,700,900,900,1000,1000,1100,1100,1300,1400,1700,900,1500,1600,1700,1800,1800,1900,2000,2000,2100,2200,2300,2300,2400,2500,2600,2600,2700,2800,2800,2800,3000,3000,3100,3100,3200,3300,3300,3400,3500,3600,3700,3700,3700,3800,3900,4000,4100,4200,4200,4300,4400,4400,3100,4600,4700,4800,4800,4800,19000,5000,5100,5200,5200,5300,5400,5400,5500,5500,5900,5700,5800,5900,5900,5900,6000,6100,6200,6200,6300,6300,6400,6500,6600,9000,6700,6800,6900,6900,7000,7100,4200
136,200,300,500,400,600,800,800,1000,900,1100,1200,1200,1300,1400,1400,1600,1700,1700,1800,1900,2000,2200,2300,2500,2500,2500,2600,2700,2700,2800,2900,2900,3000,3000,3200,3300,3400,3300,3600,3400,3500,3600,3800,3800,3900,4100,4100,4500,4100,4400,3700,3700,3800,4000,2900,4100,4100,4100,4200,4300,4400,4400,4500,4600,4700,4800,4900,4900,5000,5100,5100,5300,5200,5300,5400,5400,5500,5700,7300,5800,5900,5900,6000,6000,6100,6200,6300,6300,6500,6400,6600,6600,6700,6700,6800,6900,6900,7000,7100,7200
137,200,300,400,400,500,600,700,700,800,900,900,900,1000,1100,1100,1200,1300,1300,1400,1500,1600,1600,1800,1800,1900,2000,2100,2000,2100,2200,2300,2400,2500,2500,2600,2600,2900,2800,2800,3100,3100,3100,3100,3200,3200,3400,3400,3500,3600,3600,3700,3700,3900,3900,4000,4100,4100,4200,4300,4400,4400,4600,4500,4600,4700,4700,4900,4900,5000,6300,6400,6500,6600,6700,6700,6900,6500,6600,7100,7200,5900,6000,5900,6100,6200,6100,6300,6400,6400,6400,6600,6600,6600,6800,6900,6900,7000,7000,7100,7200
138,200,300,300,500,600,500,600,700,800,900,900,1000,1000,1100,1000,1300,1300,1400,1500,1600,1200,1700,1700,1800,1800,1900,2000,2000,2100,2300,2300,2400,2400,2500,2500,2600,2700,2700,2900,2900,2900,3000,3200,3200,3300,3300,3300,3400,3500,3600,3700,3800,3800,3900,4000,4100,4200,4100,4300,4300,4400,4600,4600,4600,4700,4800,4900,4900,5000,3300,5100,3500,5200,5400,5400,5500,5500,5600,5700,7300,7300,7400,7400,7500,7700,7700,7800,7900,8000,8100,8200,8200,8400,8400,8500,8700,8700,8800,8800,8900
139,300,400,500,400,500,500,600,700,800,900,900,1000,1100,1200,1200,1200,1400,1400,1400,1500,1600,1700,1800,1800,1900,2000,2100,2200,2200,2300,2300,2300,2500,2500,2500,2700,2700,2800,2900,3000,3100,3100,3100,3200,3300,3400,3400,3500,3600,3600,3700,3900,3800,3900,3900,4000,4200,4200,4300,4400,4500,4400,4500,4700,4700,4800,4900,4900,4900,5000,5100,5200,3200,5400,5400,5500,5600,5600,5700,5800,5800,6000,6000,6000,6100,6200,6300,6300,6300,6500,6600,6600,6700,6700,6800,6800,6900,7000,7100,7200
140,200,300,400,400,500,500,600,700,800,800,1000,1000,1000,1100,1200,1200,1300,1400,1400,1500,1600,1600,1700,1800,1900,2200,2000,2100,2200,2300,2300,1400,2400,2500,2600,2700,2700,2700,2900,2900,3000,3000,16400,3300,3300,3300,3500,3500,3600,3700,3700,3800,3900,3900,4000,4100,4100,4200,4300,4300,4500,4500,4500,4600,4800,4800,4900,5000,5000,5500,5100,5200,5400,5300,5400,5500,5600,5600,5700,5700,5800,5900,5900,6100,6100,6200,6300,6400,6300,6400,6500,6600,6700,6700,6800,7000,18000,7100,7100,7200
141,100,300,400,400,500,600,600,600,700,800,900,900,1000,1000,1200,1200,1300,1400,1600,1600,1600,1100,1700,1800,1800,1900,2000,2100,2200,2200,2200,2300,2400,2500,2600,2700,2700,2700,2900,2900,3000,3100,3100,3200,17300,3400,3400,3500,3600,3700,3700,3800,3900,4000,4000,4000,4100,4200,4300,4400,4500,4500,4600,4600,4700,4700,4800,4900,4900,5000,5100,5100,5300,5300,5500,5400,3500,5600,5800,5900,5800,5900,5900,6000,6100,6200,6200,6300,6400,6500,6500,6600,6700,6800,6800,55400,7000,7100,7100,7200
142,200,300,400,500,500,600,600,700,800,900,900,1000,1000,1200,1200,1300,1300,1400,1500,1500,1600,1600,1800,1900,1900,2000,2100,2100,2200,2300,2300,2400,2500,2500,2700,2700,2800,2900,2900,3000,3000,2200,3100,3300,3300,3300,3400,3400,3600,3700,3700,4200,5200,5700,4000,4100,4100,4200,4300,4300,4500,4600,4600,4600,4700,4800,4800,4900,5000,5000,13800,6000,5200,5300,5400,5500,5600,5600,5600,5800,5900,6000,5900,6000,4400,6200,6200,6300,6400,6500,6600,6600,6700,6700,6800,6900,6900,7100,7100,7200
143,300,200,300,400,500,500,600,600,700,800,900,1000,1100,1100,1200,1300,1300,1500,1400,1500,1600,1700,1700,1800,1900,1900,2000,2100,2200,2200,2300,2400,2500,2500,2500,2700,2700,2900,2900,2900,3000,3000,3100,3200,3300,3400,3400,3500,3600,3600,3700,3800,3900,3900,4000,4000,4200,4200,4300,4400,4400,4500,4500,4700,4700,4800,4900,5000,5000,5100,5100,5300,5400,5300,5500,5400,6000,5600,5700,5700,5900,5900,6000,6100,6100,6200,6200,6400,6400,6500,6600,6700,6600,6800,6800,6900,7500,7000,7100,7100
144,200,200,400,400,400,500,600,700,800,800,900,1000,1100,1100,1200,1200,1300,1300,1400,1500,1600,1700,1700,1800,1900,1900,2000,2100,2200,2200,2300,2300,2400,2500,2500,2700,2700,3500,3000,2900,3000,3800,4000,4000,4100,4200,4300,3500,3500,3700,3700,3800,3800,3900,4000,4100,4000,4200,4300,4400,4400,4500,4600,4600,4700,4700,4900,4800,5000,5000,5000,5100,5400,5300,5400,5400,5600,5600,5800,5800,5800,5900,6000,6000,6100,6200,6200,10600,6900,6400,8000,6600,6600,6700,6900,6900,7000,7100,7100,7100
145,200,300,400,500,600,600,600,700,700,900,1000,1100,1000,1100,1200,1300,1400,1400,1500,1500,1600,1700,1700,1800,1900,2000,2100,2100,2300,2200,2300,2500,2500,2600,2600,2600,2800,2800,2900,2900,3000,3100,3200,3300,3200,3300,3400,3500,3500,3600,3700,3800,12700,4000,4000,4100,4100,4200,4200,4300,4500,4500,4600,4700,4700,4700,4900,4900,5000,5100,5200,5100,5200,5300,5400,5500,5500,5700,5800,5800,5800,5900,5900,6000,3700,6100,6200,6300,6400,6400,6500,6500,6700,6800,6800,6900,7000,7000,7100,7200
146,200,300,400,500,600,600,600,700,800,800,900,1000,1100,1100,1200,1300,1300,1400,1500,1500,1600,1700,1700,1800,1900,1200,2100,2100,2200,2300,2300,2300,2400,2500,2600,2600,2700,2800,2800,3000,3000,3000,3100,3200,3300,3300,3400,3500,3500,3600,3700,3800,3800,3900,4000,4000,4100,4200,4300,15700,4400,4500,4600,4600,4700,4700,4800,4900,5000,5000,5000,5200,5200,5300,5400,5500,5500,5600,5700,5700,5900,5900,6000,6000,6000,6200,6300,6300,6300,6400,6500,6600,6600,6800,6800,6900,7000,7100,7100,7200
147,100,300,500,500,500,600,700,700,800,800,900,1000,1000,1100,1400,1300,1400,1300,1500,1600,1600,1700,1800,1800,1800,2100,2000,1600,2700,3000,2800,2900,3000,3100,3200,3200,3300,2800,2900,3500,3500,3600,3700,3800,3900,2600,3500,3500,3500,3600,3700,3700,3800,3900,4000,4000,4100,4100,4200,4300,4400,4400,4500,4700,4700,4700,4900,4800,5000,5100,3600,5200,5300,5300,5400,5500,5600,5600,5700,5700,5900,5900,6000,6000,6100,6200,6200,6300,6400,6400,6500,6600,6600,6600,6900,6900,7000,16700,7200,7200
148,200,300,300,400,500,600,700,700,700,1000,1400,1200,1300,700,1300,1200,1400,1400,1500,1500,1600,1700,1700,1900,2000,2000,2000,2100,2200,2700,2300,2400,2400,2500,2600,2700,2800,2800,2900,2900,3500,3100,3200,3200,3300,3400,3400,3500,3600,3600,3700,3800,3900,3900,4000,5100,5200,5300,5300,5500,5500,5600,5800,5800,7000,4800,4800,5000,4900,5100,5200,5100,5300,5400,5400,5500,5500,5600,5700,5800,5800,5900,6000,6000,6100,6100,6200,6400,6400,6500,6500,6600,6700,6700,6800,6800,5200,7200,7100,7200
149,300,300,600,500,500,500,600,700,800,800,900,900,1000,1100,1200,1300,1300,1400,1500,1500,1600,1700,1800,1800,1900,2000,2000,2100,2200,2200,2300,2400,2500,2400,2600,2600,2700,2700,2800,2800,3000,1900,3200,3200,3300,3400,3500,3500,3500,3600,3700,3800,3900,3900,4000,4100,4200,4200,4200,4400,4400,4500,4500,4700,4700,4800,4800,5000,5000,5100,5100,5200,5300,5400,5400,12600,5500,5600,5800,5800,5800,5900,5900,6100,7200,6300,6300,6300,8700,8400,6600,6600,6700,6800,6800,7000,7000,7000,7100,7100
150,200,400,400,400,500,500,600,700,800,800,900,1000,1000,1100,1200,1300,1300,1400,1400,1500,1600,1700,1700,1200,1900,1600,2000,2100,2200,2300,2300,2400,2400,2600,2600,2600,2800,2900,2900,2900,3100,3300,3100,3200,3300,3400,3500,3500,3600,3700,3700,3700,3900,4900,5000,5100,5100,5300,5300,5500,5600,5600,5700,5800,5900,5900,6000,6100,6200,6300,6400,6500,6600,6600,6800,6800,7000,7000,7100,7100,7300,7400,7400,7500,7700,7700,7300,7900,7900,8600,8200,7700,7800,8000,8600,8700,8100,8300,8800,9000
151,200,400,500,12500,600,800,800,900,1000,1100,1200,1200,1300,1300,1500,1600,1600,1800,1800,1900,2000,2200,2200,2200,2300,2400,2600,2400,2400,2300,2400,2400,2500,2500,2600,2700,2800,2900,2900,3000,3100,3100,3200,3300,3300,3300,3400,3500,3600,3600,3700,3800,3800,3900,4000,4100,4200,4200,4200,3200,4500,4500,4600,4700,4700,4800,4800,4900,5100,5100,5200,5200,5300,5300,5400,5500,5500,5600,5700,5700,5800,5900,6000,6100,6200,6200,6200,6300,6400,6400,6500,6600,6700,6800,6800,6900,6900,7000,7100,7200
152,200,300,300,500,500,500,600,700,700,700,800,900,1000,1000,1500,1300,1300,1300,1600,1500,1500,1700,1800,1800,1800,1900,2100,2100,2200,2200,2300,2300,2400,2500,2600,2600,2800,2800,2800,2900,3000,3000,3100,3300,3200,3300,3400,3500,3600,3600,3700,3700,3900,3800,3900,4100,4100,4200,4200,4300,4400,4400,4500,4600,5900,4800,4800,7800,5000,5000,5100,5100,5300,5300,5400,5400,5600,5700,5700,5800,5800,5800,6000,6000,6100,6100,6300,6300,6400,6400,6500,6600,6700,6800,6800,6900,7100,7000,7100,7100
153,200,300,400,500,400,500,600,700,800,800,900,1300,1200,1200,1000,900,1100,900,1500,1500,1600,1700,2100,2300,2300,2400,2500,2600,2700,2800,2900,3000,3100,3200,3200,2700,2700,2700,2900,3000,2900,3100,13800,3200,3300,3300,3400,3400,3600,3700,3700,3700,3900,3900,4000,4100,4100,4200,2600,4300,4300,4500,4600,4600,4700,4800,4800,4900,5000,5000,5100,5100,5200,5400,5400,5500,5600,5600,5700,5700,5800,8200,6100,6000,6200,6300,6300,6300,6400,6400,6500,6600,6700,6800,6800,6900,6900,7000,7100,7200
154,200,300,300,400,600,600,600,700,800,800,900,900,1000,1100,1200,1200,1300,1400,1400,1600,1300,1700,1700,1800,1800,1900,2000,2100,2100,2200,2300,2300,2400,2500,2600,2700,2700,2800,2800,2900,3000,3000,3900,4000,4100,4200,4200,4300,4500,4500,4600,4700,4800,4900,4900,5100,4200,7000,4300,4400,4500,4500,4600,4600,18200,4800,4800,4900,5000,5100,5100,5200,5200,5400,5400,5500,5600,5600,5700,5700,5800,5900,6000,5900,6200,6200,6300,6300,6400,6500,6500,6500,6600,6800,5000,8000,7100,5300,9100,7100
155,300,400,400,400,500,600,500,700,700,800,900,900,1000,1100,1100,1300,1300,1400,1400,1500,1600,1100,1700,1800,1900,2000,2100,2000,2100,2200,2300,2400,2400,2500,2500,2600,2700,2800,2800,3000,3000,3100,3200,3200,3300,3300,3400,3500,3600,3700,3700,3800,3800,3900,4000,4100,4100,4200,4200,4300,4400,4400,4600,4700,4700,4800,4800,3600,5900,5100,5200,5200,5300,5400,5500,5500,5600,5700,5700,5800,5800,6000,6000,6100,6100,6200,6300,6400,6400,6500,6600,6700,6700,6800,6900,6900,7000,7000,7200,7300
156,200,300,400,400,500,500,600,700,700,900,900,900,900,1200,1100,1300,1300,1300,1500,1500,1600,1600,1700,1800,2700,2700,2600,2800,2800,2900,2900,2900,3000,3100,3300,3200,3200,3400,3500,3400,3700,3800,3700,3700,3900,3800,3900,4000,4200,4200,4300,4400,4500,4500,4600,4100,5000,4200,4300,4400,4400,4500,4500,4600,4700,4800,4800,4900,18200,5000,5200,5100,5300,5400,5400,5400,5500,5700,5700,5700,5800,5800,6000,6000,6100,6200,6200,6300,6400,6400,6600,6600,6600,6700,6800,6900,6900,7000,7100,7200
157,100,400,400,400,600,500,600,700,700,800,900,900,1000,1100,1200,1200,1300,1300,1400,1400,1500,1700,1700,1800,1800,2000,2000,2100,2100,2200,2200,2300,2400,2500,2600,2700,2700,2800,2800,2900,3000,3100,3200,3100,3200,3300,3400,2100,3700,4300,4400,3800,3900,4000,4000,4000,4200,4300,4300,4300,4400,4500,4600,4700,4700,4700,4800,5000,5100,5100,5100,5200,5300,5400,5400,5500,6900,7000,7100,7200,7300,7400,7500,7600,7700,7700,7800,8000,8000,8100,8200,8300,8400,8400,8500,8600,8700,8800,8900,8900
158,300,400,500,600,700,700,800,900,1000,1000,1100,1100,1300,1400,1500,1800,1300,1400,1500,1600,1600,1700,1700,1700,1900,2000,2000,2100,2100,2200,2300,2400,2500,2500,2500,2600,2700,2800,2800,2900,3000,3100,3100,3200,3200,3300,3400,3500,3600,3600,3700,3800,3900,3900,4000,4100,4100,8900,4300,4400,4400,4500,4500,4700,4800,4800,4900,4900,4900,4000,5200,25400,5200,5300,5400,5500,5600,5600,5700,5700,5800,6000,6000,6000,6200,6300,6300,6300,6400,6500,6500,6600,6600,6800,6800,6900,7000,7100,7000,7200
159,200,300,400,400,500,600,1000,700,800,900,900,1000,1100,700,1200,1300,1400,1400,1500,1500,1600,1600,1700,1800,1900,2000,2100,2100,2200,2200,2300,2400,2400,2500,2600,2600,2800,2800,2800,3000,3000,3100,3100,3200,3200,3300,3400,3400,3600,3600,3600,3800,3900,4000,4000,4000,4100,4600,4300,4300,4400,4500,4500,4600,4600,4700,4800,4900,5000,5100,5200,5200,5200,5300,5400,5400,5600,5700,5700,5800,5800,5900,6100,6000,6100,6300,6200,7900,8000,8100,8200,8300,8300,8400,8500,8600,8700,8800,8900,9000
160,200,400,600,500,600,700,700,900,1000,1000,1200,1300,1300,1400,1500,1600,1600,1700,1900,1900,2000,15800,2300,2300,2400,2500,2600,2700,2800,2800,2900,3000,3100,3200,3200,3300,3300,3400,3600,3600,3800,3900,4000,4100,4000,4200,4300,4400,4500,6000,4700,4700,4900,4900,5000,5100,5200,5300,5400,5500,5400,5700,5700,5700,5800,6000,6000,6200,6300,6300,6400,6600,6600,6700,6700,6900,6900,7000,5700,5800,5900,5900,6000,6100,6100,6200,6300,6300,21200,6600,6500,6600,6700,6800,6900,7000,7000,7000,7100,7200
161,200,300,400,400,600,600,700,900,1000,1100,1200,1200,1300,1500,1500,1900,1600,1700,1800,1800,1900,2200,2400,2500,2600,2500,2700,2600,2700,2900,3000,2800,3100,3100,3100,3300,3300,3400,3500,3600,3700,3700,3800,3900,3900,3800,3400,3500,3500,3800,3700,3700,3900,3900,3900,4000,4100,4200,4200,4300,4400,4500,4600,4600,5900,5900,6100,6100,6200,6400,6500,6400,6600,6700,6800,21300,6900,7000,7200,7200,7300,7400,7500,7500,3600,6300,6200,6400,6400,6400,6500,6600,6700,6700,6800,6900,6900,7100,7100,7200
162,200,400,400,500,600,500,600,600,800,900,1000,1000,1100,1200,1200,1300,1300,1400,1400,1500,1600,1700,1700,1900,1900,2000,2000,2100,2500,2300,2300,2300,2400,2500,2600,2700,2800,2800,2900,2900,3000,3100,3200,3200,3300,3400,3400,4400,4500,4500,4600,4800,4800,4900,5000,5200,5100,5300,5300,5500,5600,5600,6200,5800,6300,6000,2900,5000,5100,5100,6400,6400,6600,6700,6800,6900,6900,7000,7200,7200,7300,7300,7500,7600,7600,7700,7800,7900,8000,8100,8100,8300,8400,8400,8500,9100,8700,9800,7100,7200
163,200,300,400,400,600,500,700,700,700,900,800,1000,1100,1100,1200,1300,1300,1400,1400,1500,1600,1700,1700,1800,1900,2000,2000,2100,2200,2200,2300,2300,2400,2600,2600,2600,2800,2800,2900,2900,3000,3200,3100,3300,3300,3400,3500,3500,3600,4600,4700,4800,4900,4900,5000,5000,5200,5200,5400,5400,5600,5600,5700,5800,5900,4800,4900,4900,6400,5000,7900,7200,8400,8300,5500,5500,5600,10000,10100,8700,5800,3500,9400,14400,10700,10000,10300,3900,6900,4800,9500,12200,9300,8800,7000,6800,6900,7000,7100,7100
164,200,400,300,400,500,600,600,700,700,1300,900,900,1000,1100,1100,1200,1300,1300,1400,1500,1600,1700,1700,1800,1900,1900,2000,2100,2100,2200,2300,2400,2400,2500,2600,2700,2700,2800,2800,2900,3000,3100,4000,3300,3300,3400,3500,3500,3500,3600,3700,3800,3800,3900,4000,4000,4100,4100,4200,4300,4400,4500,4500,4600,4700,4800,4800,4900,4900,5000,5100,5200,5200,5300,5300,5400,5500,5600,5700,5800,5800,5900,6000,6000,6100,6200,6300,6300,6400,6500,6500,6600,6700,6800,6800,6900,6900,7000,7100,7600
165,300,400,500,700,700,700,800,800,1000,1100,1100,1300,1200,1300,1500,1500,1500,1600,1600,2100,2200,2300,2300,2300,2400,2500,2600,2600,2700,2700,2900,3000,2500,2600,2600,2600,2700,2700,2800,2900,3000,3100,3500,3200,3200,3300,3500,3500,2700,3700,3700,3800,3800,3800,4000,4000,4100,4200,4200,4400,4400,4500,4500,4700,4800,4700,4800,4900,4900,5100,5100,5200,5300,5300,5500,5400,5500,5600,5700,5700,5800,5900,6000,6000,6100,6200,6200,6400,6300,6600,6500,4800,6700,6800,6800,6800,6900,6900,7100,7100
166,100,200,300,400,400,500,600,600,800,800,900,900,1000,1100,1100,1200,1300,1400,1400,1500,1600,1600,1700,1800,1800,1900,2000,2100,2100,2200,2300,2400,2400,2600,2600,2600,2100,2800,2900,2900,3000,3100,3200,3300,3300,3400,3400,3500,3500,3600,3700,3800,3800,3900,4000,4100,4200,8400,4200,4400,4400,4500,4500,4700,4600,4700,4800,4900,5000,5000,5100,5100,5300,5300,5400,5500,5500,5600,4600,5800,5900,6000,6000,6000,6100,6200,6300,6300,6500,6500,6600,6600,6700,6800,6800,6900,7000,7000,6500,4900
167,100,300,300,400,400,600,600,700,800,800,900,1000,1000,1100,1200,1900,1300,1300,1400,1500,1600,1600,1700,1800,1900,1900,2000,2100,2100,2200,2300,2400,2400,2500,2600,2600,2700,2800,1700,3000,3000,3000,3100,3200,3300,3400,3500,3600,3600,3600,3700,3700,3800,3900,4000,4100,4200,4200,4200,4300,4400,4500,4500,4600,4700,4800,4900,4900,5000,5000,5100,5300,5200,5400,5400,5500,5500,5600,5700,5700,5900,5800,6000,6100,6100,6200,6300,6300,6300,6500,6600,6600,6700,6800,6800,6900,6900,7000,7100,7100
168,300,200,300,300,500,500,700,700,700,900,900,1000,1100,1100,700,1200,1300,1300,1400,1500,1600,1700,1800,1800,1900,1900,2100,2100,2100,2200,2300,2400,2400,2600,2600,2600,2700,2800,2900,2800,3000,3100,3100,3200,3300,3300,3400,3400,3600,3600,3700,3800,3800,4000,3900,4100,4200,4800,4200,4400,4400,4500,4500,4600,4700,4800,2800,5000,5000,5000,5100,5200,5300,5300,5400,5500,5500,5600,5700,5700,5800,5900,5900,6000,6100,6200,6200,6300,6300,6500,6600,6500,6700,6800,6800,16200,6900,7000,7100,7100
169,200,300,400,500,500,700,600,700,800,900,900,900,1100,1100,1200,1200,1400,1400,1500,1500,1600,1700,1800,1800,1900,1900,2000,2100,2200,2200,2300,2400,2500,2600,2600,2600,2700,2900,2900,3000,3000,3100,3100,3200,3300,3300,3500,3500,3600,3700,3700,3800,3800,3900,4000,4100,4100,4300,4300,4400,4500,4400,4500,4500,4600,4700,4900,4900,5000,5000,5200,5200,5200,5400,5400,5500,5500,7100,5700,6300,5900,5900,5900,6000,6100,6200,6300,6300,6700,6900,6600,6600,6600,6800,6900,6900,7000,7100,7100,7200
170,200,300,400,500,400,500,700,700,700,900,900,1000,1100,1100,1200,1200,1300,1300,1400,1500,1600,1700,1800,1800,1900,2000,2000,2100,2100,2200,2300,2400,2600,2500,2600,2700,2700,3500,3500,3700,3800,3900,3900,4000,4100,4200,4300,4400,4500,4600,4600,4700,4700,5000,5000,5100,5100,5200,5400,5400,5500,5600,5700,5800,5900,5900,6000,6200,6200,6300,6300,6500,6500,6700,6800,6800,7000,7100,7100,7200,7300,7400,7400,7500,7600,7700,7800,7500,7500,8000,8200,7800,6700,9900,6900,6900,6900,7000,7100,7200
171,300,300,300,400,500,600,600,700,800,800,900,1000,1000,1100,1200,1300,1300,1400,1400,1500,1700,1700,1700,1800,1900,1900,2000,2700,2200,2700,2300,2400,2500,2500,2500,2500,2700,2900,2900,3000,3000,3100,3100,3300,3300,3400,3400,3600,3600,3600,3700,3800,3900,3900,4000,4100,4100,4200,4700,4400,4500,4500,4500,4600,4700,4800,4800,4900,4900,5000,5100,5100,5300,5300,5300,5500,5500,5600,5600,4300,5900,5900,6000,6100,6000,6300,6200,6200,6300,6400,6500,6500,6600,6700,6800,7000,6900,7000,7100,7100
172,200,200,300,400,500,500,600,1000,800,800,900,1100,1000,1100,1200,1300,1700,1300,1500,1500,1600,1700,1700,1800,1900,2000,2000,2000,2300,2300,2300,2400,2400,2400,2500,2600,2800,2800,2900,3000,2900,3100,3100,3200,3300,3400,3400,3500,3600,3700,3600,4300,3900,4000,4000,4100,4100,2700,4300,4400,4400,4500,4600,4700,14200,4800,4800,5000,4900,5100,5100,5200,5300,5300,5400,5500,5500,5600,5600,5800,5800,5900,6000,6000,6100,6200,6200,6400,6400,6500,6700,6700,6700,6700,6800,6900,7000,7000,23300,7100
173,200,300,300,400,600,500,600,600,700,800,800,900,1000,1100,1200,1200,1300,1400,1400,1500,1600,1700,1700,1800,1800,1900,2000,2000,2100,2200,2400,2400,2400,2500,2600,2600,2700,2800,2900,3000,3100,3000,3200,3200,3300,3400,3500,3500,3500,3600,3700,3800,3900,3900,4000,4100,4200,4100,3000,4900,5000,5100,5100,5300,5300,5300,5300,5400,5600,5600,5700,5800,5800,6000,5900,5500,5500,5700,5700,5800,5800,5900,5900,6100,6100,6200,6300,6300,6400,6400,6500,6600,6700,6700,6800,6800,6900,7000,7100,7200
174,100,300,300,300,600,500,700,800,800,800,900,1000,1000,1100,1100,1200,1300,1300,1500,1600,1600,1600,1700,1800,1900,1900,2000,2100,2100,2300,2300,2400,2400,2500,2500,2700,2700,2800,2900,3000,3000,3000,3200,3200,3300,3300,3400,3500,3500,3700,3700,3800,3900,4000,4000,4500,2500,4200,4300,4400,4400,4500,4500,4600,8100,4800,4900,4900,5100,5100,5100,5300,5200,5400,5400,5500,5500,5600,5700,5800,5900,6000,6000,6100,6100,6200,6300,6400,6400,6500,6600,6700,6700,6800,8500,8000,7800,7000,7100,7200
175,200,400,600,500,600,600,600,800,800,800,900,1000,1000,1100,1200,1200,1300,1400,1500,1500,1600,1700,1800,1700,1900,2000,2000,2100,2100,2200,2300,2400,2400,2500,2500,2700,2700,2800,2900,3000,3100,3100,4400,3200,3300,3400,2000,3500,3500,3700,3800,3800,3900,4000,4000,4000,4100,4300,4500,4400,4400,4500,4600,4600,4700,4700,5100,4900,4900,5100,5400,5200,5400,5400,5400,5500,5600,5600,5700,5800,5900,5900,6000,6100,6100,6200,6200,6300,6400,6500,6500,6600,6600,6800,6800,6900,7000,7100,7100,7200
176,100,300,300,400,500,600,600,1000,800,1000,900,1000,1000,1100,1200,1300,1300,1400,1500,1500,1600,1600,1800,1800,2000,2000,2500,2100,2100,2200,2900,3000,3100,3600,3300,3300,3400,3500,3600,3700,3700,3900,3900,4100,4200,4600,4800,4900,4400,4600,4700,4800,5200,4900,5000,5100,5200,5200,5400,6700,5600,4500,4700,5900,4800,4900,4900,4900,5000,5100,5200,5200,5300,5400,5400,5500,5600,5700,5700,5800,5900,5900,6000,6100,6100,6200,6300,6300,6400,6500,6600,6600,6700,6700,4800,6300,7000,7100,7100,7200
177,200,300,400,400,500,600,600,600,700,800,900,900,1000,1000,1100,1200,1200,1400,1400,1500,2200,2300,2400,2500,2500,2500,2700,2800,2700,2700,2900,3000,3000,2900,3100,2600,2700,2800,2800,2900,3100,3000,3100,3200,3300,2300,3400,3400,2100,3600,3700,3700,3800,3900,3900,4100,4100,4100,4200,4300,4400,4400,4600,4700,4700,4800,4900,4900,5000,5100,5100,5300,5300,5400,5400,5500,5500,5600,5700,5800,5800,5800,8400,6000,6100,6200,6200,6400,6400,6500,6500,6600,4100,6800,6800,21800,6900,7000,7100,7200
178,100,300,400,400,500,500,600,700,700,800,900,900,1100,1100,1100,1300,1400,1300,1400,1500,1600,1700,1800,1800,1900,2000,2000,2000,2200,2200,1500,2400,2400,2500,2600,2700,2700,2800,2900,2900,3000,3100,3200,3200,3300,3300,3500,3500,3500,3600,3800,3700,3900,3900,4400,4700,4800,4800,4700,4900,5000,5100,5100,5100,5200,5300,5500,5400,5400,5600,5700,5800,5700,5900,7200,5500,5500,5600,5700,5800,5800,5900,5900,6000,6100,8100,6200,6300,6400,6400,6500,6600,6700,6800,6800,6900,6900,7000,7100,7100
179,100,400,300,400,500,600,600,700,800,800,900,1000,1000,1100,1200,1200,1200,1400,1400,1500,1600,1700,1700,1800,1900,2000,2000,2000,2200,2200,2300,2400,2400,2500,2600,2700,2700,2800,2800,2900,3100,3100,3200,1800,3300,3300,3400,3500,3600,3700,3700,3900,3800,3900,4000,4100,4100,4200,4200,4400,4400,4400,4500,4600,4700,4700,4900,4900,4900,5100,5200,5100,5200,5200,5500,5500,5500,5600,5800,5800,5800,6000,6000,6000,6100,6200,7600,6300,6400,6400,6600,6600,6700,6700,6800,7000,6900,7100,7100,7100
180,300,300,400,400,400,500,600,700,800,800,900,1000,1000,1000,1200,1200,1300,1300,1500,1600,1600,1600,1800,1800,1900,2000,2100,2100,2100,2200,2300,2400,2500,2500,2600,2600,2800,2800,2900,3000,3000,3100,3200,3300,3300,3300,3400,3500,3600,3700,3700,3800,4200,3900,3900,4000,4100,4200,4300,4300,4400,4500,4600,4600,4700,4800,4900,4800,5000,5100,5100,6500,6500,6700,6800,6800,7000,7000,5700,17300,6500,6000,6000,6100,6100,6200,6300,6300,8400,6600,6500,6600,18100,6800,6800,6900,6900,7000,7100,7100
181,100,300,300,400,500,500,600,700,800,800,900,1000,1000,1100,1100,1200,1300,2300,1900,1600,1600,1700,1800,1800,1900,16000,2200,2100,2200,2200,2300,2400,2500,2500,2600,2700,2800,2900,2800,2900,3000,3000,3100,3200,3300,3900,4100,4200,4100,4200,4200,4400,4400,4600,4700,4600,4700,4700,4800,4900,4500,4500,4500,4600,4600,4700,4800,4900,5000,5000,5100,5100,17500,5400,5400,5500,5600,5600,5700,5800,5900,5900,6000,6100,6200,6300,6300,6400,6500,6500,6600,6600,6700,6700,6900,6900,6900,7000,9300,7100
182,300,400,300,500,500,600,700,700,800,800,1000,1000,1100,1100,1100,1300,1400,1400,1500,1500,1600,1600,1800,1800,1900,2000,2000,2100,2100,2300,2300,2400,2500,2500,2700,2700,2800,2800,2900,2900,3000,3100,3200,3300,3300,3400,3500,3600,3600,3700,3600,3700,3800,4000,4000,4000,4200,4200,4200,4300,4400,4400,4600,4600,4800,4700,4800,4900,4900,5100,5100,5200,5200,5300,5300,5500,5500,5700,5600,5800,5800,5900,5900,6000,6100,6200,6200,6300,6300,6500,6500,6700,6600,6700,6900,6900,7000,7000,7100,7100
183,100,300,300,400,400,500,500,600,700,700,800,1000,900,1100,1100,1200,1300,1400,1400,1500,1600,1600,1700,1800,1900,1900,2000,2100,2200,2200,2300,2300,2400,2500,2600,2600,2800,2800,2900,3000,3000,12700,3200,3200,3200,3300,3400,3500,3500,3600,3700,3800,3800,3900,4000,4100,4100,4200,4300,4400,4400,4400,4500,4700,4700,4700,4800,4900,5000,5000,5100,5200,5200,5400,5400,5500,5600,5600,5600,5700,5800,5900,5900,6000,6100,6200,6200,6300,6400,6400,6600,6600,6700,6700,6900,6900,6900,7000,7000,7200
184,100,200,300,400,400,500,600,600,800,800,800,900,1000,1100,1200,1200,1300,1400,1400,1500,1600,1700,1700,1800,1900,1900,2000,2000,2200,2200,2300,2400,2500,2600,2600,2600,2700,2700,2900,2900,3000,3100,3100,3300,3300,3400,3400,3500,3600,3700,3600,3800,3800,3900,3900,4100,4200,4200,4300,4400,4500,4500,4500,4600,4700,4700,4800,4900,5000,5000,5200,5200,5300,5300,5400,5400,5600,6900,5700,5700,5800,5900,5900,6000,6100,6200,6300,4100,6300,6500,3900,6600,6700,6700,6800,6800,6900,6900,7100,7100
185,200,300,300,300,400,500,600,700,700,800,800,1000,1100,1100,1200,1300,1300,1300,1500,1600,1600,1700,1700,1700,1800,2000,2000,2000,2200,2300,2300,2300,2400,2500,2500,2700,2700,2800,2800,2900,3000,3000,3100,3200,3300,3300,3500,3500,3500,3700,3700,3800,3800,3800,4000,4000,4200,4200,4300,4500,4400,4500,4500,4700,4800,4800,4800,4900,4900,5100,5100,5100,5300,5400,5400,5400,5500,5600,3400,6200,8600,4100,6000,6100,6100,6200,6200,6300,6400,6500,6600,6600,6700,6800,6800,6900,6900,7000,7100,7100
186,200,300,400,400,400,500,700,700,700,800,1000,1000,1000,1100,1200,1300,1300,1400,1400,1500,1600,1000,1800,1800,1600,1900,2000,2100,2200,2200,2300,2400,2400,2500,2500,2700,2700,2800,2800,2900,3000,3000,3100,3200,3300,3300,3500,3500,7000,5300,3700,3800,4000,4500,4700,4600,4600,4800,4900,5000,5000,5100,5100,5200,5300,5400,5400,5500,5500,5600,5200,5200,5300,5400,5400,5500,5500,5600,5700,6000,5900,5900,6000,6000,6100,6200,6200,6400,6400,6400,15700,6700,6800,6800,6900,6800,6900,7100,7200,7100
187,200,300,300,500,500,500,600,700,800,800,900,900,1000,1000,1100,1200,1300,1700,1500,1600,1600,1700,1700,1800,1900,2000,2100,2100,2100,2300,2300,2300,2500,3000,3200,3100,3400,3300,3400,3500,3600,3800,3900,3800,3900,3900,4000,4000,4100,4100,4400,4400,4400,4600,4600,4500,4700,4800,4800,4900,5000,5100,4600,4700,20300,4800,4800,5000,5100,5100,5200,5300,5300,5300,5500,5500,5600,5700,5600,5800,5800,6000,6000,6000,6200,6300,6300,16100,7700,6500,6600,6700,6700,6800,6800,6900,6900,7100,7200,7200
188,200,200,400,400,500,600,600,700,800,500,900,900,900,1000,1100,1300,1300,1400,1400,1600,1600,1700,1700,1900,1900,2000,2000,2100,2200,2200,2300,2300,2400,2500,2600,2700,2700,2800,2900,3000,5100,3200,3200,3200,3200,3400,3500,3500,3600,3600,3700,3800,3800,3900,4000,4100,4200,4200,4300,4400,4400,4500,4600,4700,4700,4700,4800,4900,5000,5100,5100,5200,5300,5400,5400,5400,5600,5600,5700,5800,5800,5900,6000,13700,6100,6100,6200,6300,6300,6400,6600,6500,6700,6700,6800,6900,6900,7000,7100,7200
189,100,300,400,400,500,600,700,700,800,700,900,1000,1000,1100,900,1200,1300,1400,1500,1600,1600,1700,1800,1800,1900,2000,2100,2200,2200,2300,2300,2400,2400,2500,2600,2600,2600,4100,3400,3600,3600,3600,3900,3900,3900,3900,4100,4200,4100,4200,4500,4400,4400,4600,4700,4900,4600,4800,4300,4400,4500,4500,4600,4600,4700,4700,4800,4900,4900,5100,5100,5200,5200,15100,5400,5500,5600,5600,5700,5800,5800,5900,6000,6000,6100,6200,6200,7400,7500,7600,7700,7800,7900,8000,8000,8100,8200,8200,8400,9100
190,200,300,400,500,600,700,800,900,1000,1000,1200,1200,1300,1400,1500,1600,1700,1700,1900,2000,2000,2200,2200,2300,2400,2500,2500,2600,2700,3300,4500,3800,3100,2500,2600,2700,2700,2800,2900,2900,3000,3100,3200,3200,3300,3300,3400,3500,3600,3700,3700,3800,3900,3900,4000,4100,4100,4200,4300,4400,4400,4500,4500,4700,4600,4700,4900,3400,5100,5100,5100,5200,5200,5400,5300,5400,5600,5600,5700,5800,5900,5900,6000,6100,6200,6200,6300,6400,6400,6500,6600,6600,6700,6800,6900,6900,6900,7100,7100,7200
191,200,400,400,400,500,600,600,700,800,800,900,900,1000,1000,1200,1300,1300,1300,1500,1600,1600,1600,1800,1800,1800,1900,2000,2100,2200,2300,2300,2400,2400,2500,2600,2600,2700,2700,2900,2900,3100,3100,3100,3200,3300,12100,3500,3500,3500,3600,3700,3800,3900,3900,4000,4100,4100,4200,4200,4400,4400,4500,4500,4600,4800,4800,15300,4900,4900,5000,5100,5100,5300,5400,5400,5400,5500,5600,5700,5800,5800,5900,6000,6000,6100,6100,6300,6300,6400,6500,6500,6500,6600,6700,6800,6900,8000,7600,7700,7800
192,100,400,400,600,700,800,800,900,1000,1000,1300,1200,1400,700,1200,1200,1400,1400,1500,1500,1600,1700,1700,1800,1900,2000,2000,2000,2200,2200,2300,2300,2500,2500,2500,2600,2700,2800,2900,2900,3200,3100,3100,3200,3300,3400,3400,3500,3500,3600,3600,3800,13500,3900,4000,4200,4400,4100,4200,4300,4500,4500,4500,4700,4600,4800,4800,4800,5000,5000,5100,5200,5200,5300,5400,5400,5600,5700,6100,6400,6500,17500,6600,6600,6800,7600,6800,7000,7000,7100,7200,7200,7200,7300,7300,7500,7700,7900,7600,7900
193,300,300,500,500,500,700,700,800,1000,1000,1100,1300,1300,1400,1400,1600,1600,1700,1800,1800,2500,1700,1800,1800,1900,1900,2000,2100,2100,2200,2300,2300,2500,2500,2500,2600,2700,2700,2800,2900,3000,3100,3100,3300,3200,3300,3400,2100,3500,3600,3600,3700,3800,3900,4100,4000,4100,4200,4300,4300,4400,4500,4600,4700,4600,4900,4900,4900,5000,5000,5100,5200,5300,5300,5400,5500,5600,5500,5600,5700,5800,5800,6000,6000,6100,6200,6300,6300,6300,6500,6500,6500,6700,6700,4800,6900,7000,7000,7100,7200
194,200,300,300,700,500,600,600,700,800,900,900,900,1300,1100,1300,1400,1300,1400,1500,1600,1600,1700,1800,1800,1900,1900,2100,2100,2100,2300,2300,2400,2500,2500,2500,2700,2800,2800,2900,3000,3100,3100,3100,3200,3300,3300,3400,3500,3700,3600,3700,3800,15000,3900,4000,4000,4200,4200,4300,4300,4400,4500,4600,4700,4800,4800,4900,4900,5000,5100,5100,5200,5300,5400,5400,5400,5600,5600,5700,4200,5800,5900,6000,6000,6100,6200,6300,6400,6400,6400,6600,6700,6700,6700,6800,6900,6900,7100,7100,7300
195,200,300,400,400,500,500,600,700,500,800,800,900,1000,600,1100,1300,1400,1400,1400,1500,1600,1600,1700,1800,1900,3000,2800,1500,1800,2300,2300,2300,2400,2600,2700,2700,3000,2800,2900,2900,3000,3100,3100,3300,3200,3400,3700,3700,3800,3600,4000,4000,3900,4200,4200,4100,4200,4200,4600,4300,4400,4500,4500,4600,4600,5000,5200,5200,5000,5100,5200,5200,5300,5400,5400,8100,5600,5700,5600,5800,17200,5900,5900,6000,6100,6200,6300,6400,6300,6500,6500,6600,6700,6800,6800,6900,6900,7000,7000,7200
196,200,300,400,500,600,500,600,700,800,800,900,900,1100,1100,1100,1600,1300,2800,1500,1500,1600,1700,1800,1800,1900,2000,2000,2100,2200,2300,2200,2400,2500,2600,2600,2700,2800,2800,12600,3000,3000,3200,3100,3200,3300,3400,3500,3500,3500,3600,3700,3800,3800,3900,4100,4100,4200,4200,4400,4300,4400,4500,4600,4600,4700,4800,4900,5000,5000,5200,5200,5200,5200,6600,6800,6900,6900,7000,7200,7300,7300,7300,7500,7500,7700,7800,7800,8000,8000,8100,8200,8300,8300,8400,8600,8500,8600,8800,8900,8900
197,200,300,500,600,600,700,800,900,900,1100,1100,1100,1300,1400,1500,1600,1600,2400,1900,1900,1000,2000,2200,2300,2300,3200,2600,2600,2100,2200,2300,2400,2500,2500,2600,2600,2800,2800,2900,2900,3000,3100,3100,3200,3300,3400,3400,3500,3600,3600,3800,3800,3800,3900,4000,4100,4100,4200,4300,2900,4400,4500,4600,4600,4700,4800,4800,5000,5000,5000,5200,5200,5300,5300,5400,5400,5600,5600,5600,5800,5900,5900,5900,6000,6000,6200,6200,6400,6400,6400,6500,6700,6700,4100,6700,6900,6900,7000,7100,7100
198,200,300,300,500,300,700,600,700,800,800,1000,1000,1100,1100,1200,1200,1400,1400,1500,1500,1600,1700,1800,1900,1900,2000,2000,2100,2100,2200,2300,2400,2400,2500,2600,2600,2700,2800,2800,3000,3000,3100,3100,3200,3300,3400,3400,3500,3700,3700,3700,3800,3800,3900,4000,4100,4100,4200,4200,4400,4400,4500,4500,4700,4700,4800,4800,4900,5000,5100,5100,5100,5200,5400,5400,5500,5500,5600,5600,5700,5800,5800,6000,6000,6100,6200,6200,6300,6400,15200,6500,6600,6700,6800,6800,7000,7000,7000,7100,7200
199,200,300,300,400,400,500,500,700,700,800,800,1000,1000,1200,1100,1300,1400,1300,1500,1500,1300,1700,1700,1800,1900,1900,2000,2100,2200,2200,2200,2400,2400,2500,2600,2600,2800,2800,2800,2900,3000,3000,12000,3300,3300,3400,3500,3500,3600,3700,3700,3700,3900,3900,4000,4100,4100,4200,4300,4300,4300,4400,4600,4700,4700,4700,4900,3800,5000,5000,5100,5300,5300,5300,5500,5500,5600,5600,5700,5800,5800,6000,6100,6100,6200,6100,6300,6400,6400,6500,4700,6600,6700,6800,6800,6900,7000,7000,7100,7200
200,200,200,400,400,500,600,700,700,700,900,900,900,1100,1000,1100,1400,1300,1300,1400,1600,1600,1700,1800,1800,1900,1900,2100,2100,2200,2200,2300,2400,2400,2500,2600,2700,2700,2800,2900,2900,3000,3100,3100,3200,3300,3300,3400,3400,3600,3600,3700,3800,3900,3900,4000,4100,4100,4200,4200,4300,4400,4500,4600,4600,6600,6000,6100,6200,6300,19800,6400,6400,6500,6700,6800,5400,5600,5600,5700,5800,5800,5900,5900,6000,6100,6200,6300,6300,6400,6500,6500,6600,6700,6700,6800,6900,6900,7100,7100,7200
201,100,300,300,400,400,600,600,700,800,800,900,1000,1000,1100,1200,1300,1300,1400,1500,1600,1600,1700,1800,1800,1200,2000,2000,2200,2100,2300,2300,2400,1700,2500,1800,2700,2800,2900,2800,3000,3000,3100,3200,3200,3300,3400,3400,3500,3500,3600,3800,3800,3800,4000,4000,4100,4200,4200,4200,4300,4500,4500,4600,4600,4700,3200,2800,2900,4900,3000,3000,5100,3100,5300,5500,5500,5600,5600,5600,5800,5800,16500,6000,6000,6100,6200,6300,6300,6400,6500,6600,6700,6700,14100,6800,6900,7000,7000,7100,7200
202,200,300,300,400,500,600,500,700,700,600,500,1000,1000,600,1200,1300,1300,1800,1400,1600,1700,1700,1700,1800,1900,2000,2000,2100,2100,2300,2800,2400,2400,3100,3300,3300,3400,3500,3600,3700,3800,3800,3900,5600,4100,4200,4300,4100,4200,4200,3700,3800,3800,3900,4000,4000,4100,4100,4300,4300,4400,4500,4500,4600,4700,4700,4800,4900,4900,5100,5100,5300,5300,5300,5400,6800,6900,7000,7100,7100,7300,7400,7400,7500,7600,7700,10400,7900,8000,8200,6600,6700,6800,6800,6800,6900,6900,7000,7200,7200
203,300,300,400,400,500,500,700,800,800,900,900,1000,1000,1100,1200,1300,1300,1400,1400,1500,1600,1600,2400,2600,1900,2000,2000,2100,1800,2200,2300,2400,2500,2500,2600,2600,2800,2800,2900,3000,3000,3100,3100,3200,3300,3300,3500,3500,3600,3700,3800,3800,3900,4000,4000,4100,4200,4200,4300,4400,4400,4500,8300,3200,5800,5500,4900,4900,6600,5000,5100,5200,5200,5900,6000,6100,6200,6100,6300,6200,6500,6500,6600,6600,6600,6800,6900,6900,6900,7200,7100,7100,7300,7300,7400,7400,7500,7700,7600,8100
204,200,300,500,600,600,600,600,700,700,800,900,1000,1000,1100,1200,1200,1000,1400,1500,1500,1500,1600,1700,1800,1900,1900,2000,2100,2200,2200,2300,2300,2400,2500,2600,2600,2700,2800,2900,3000,3100,3100,3200,3200,3300,3400,3500,3500,3600,3700,3700,3800,3900,3900,4000,4100,4100,4200,4300,4400,4500,4500,4600,4700,4800,4800,3000,4900,5000,5100,5100,3900,5400,5300,5400,5400,5600,5600,5700,5700,5800,5800,6000,6000,6100,6300,6300,6400,6400,6500,6600,6600,6700,6800,6900,6900,7000,7000,7100,7100
205,200,200,400,500,600,500,600,700,700,800,900,1000,800,1700,700,1900,1300,1400,1500,2400,2500,1600,2500,2400,2400,2400,2700,2000,2000,2400,2300,2400,2500,2500,2600,2700,2800,2800,2900,2900,3000,3100,3200,3300,3300,3400,3400,3500,2300,3200,3800,3700,3800,4000,4000,4100,4200,4200,4300,4400,4400,4500,4500,4600,4700,4800,4800,5000,5000,5100,5100,5200,5300,5500,5500,5400,5500,5500,5700,5700,5800,5800,5900,6000,6000,6100,6200,6300,6300,6400,6500,6600,6600,6700,6800,5200,4200,4300,4300,4300
206,100,100,200,300,300,400,300,600,400,500,500,500,1000,600,700,700,1300,900,2400,900,1600,1000,1800,1100,1100,2900,2000,1200,2200,2200,2300,2400,2500,2600,2600,2700,2800,2800,2900,2900,3100,3100,3100,3200,2600,3400,3500,3500,3500,3600,3700,3800,3900,3900,4000,4000,4100,4200,4200,4300,4400,4500,4600,4600,4700,4700,4900,4900,5000,5100,5100,15100,5300,5400,5400,5500,5500,5600,5700,5800,5900,5900,6000,6100,6100,6200,6200,6300,6400,6500,6500,6500,6700,6800,6800,6900,7000,7100,7100,7200
207,200,300,300,400,500,600,1000,1100,1000,1100,1300,1200,1400,1500,1500,1500,1600,1800,1800,2100,2100,2300,2300,2400,2500,2600,2600,2800,2800,2900,3000,3000,2900,3000,3300,4000,4200,3900,4300,4400,4400,4500,4500,4600,4800,4800,5100,3600,3600,3700,3700,3800,3800,3900,4000,4100,4100,4200,4300,4300,4400,4500,4500,4600,4700,4700,4800,4900,4900,5000,5100,5100,5300,5400,5400,5500,5600,5600,5600,5700,5800,5900,6000,6000,6100,6200,6800,6500,6900,7100,7200,7300,7300,7300,7300,7500,7600,7800,7700,7700
208,300,400,400,500,700,700,800,1000,1000,1000,1000,1200,1300,1400,1400,1500,1600,1600,1700,1800,2000,2100,2100,2000,2500,2500,2600,2700,2700,2800,2900,2400,2700,2500,2600,2600,2700,2800,2800,3000,3000,3100,3100,3200,3300,4400,4300,3500,3600,3600,3700,3700,3900,4000,4000,4000,4200,4200,4300,4300,4400,4500,4600,4600,4700,4700,4800,5000,5000,5100,5100,5200,5300,5400,5500,5500,5600,5700,5700,5800,5900,5900,6000,6100,6100,6200,6300,6400,6400,6400,6600,6700,6700,6700,6800,6900,7000,7000,7000,7200
209,300,300,400,400,400,500,600,700,800,800,900,1000,1100,1200,1200,1300,1300,1500,1400,1500,1600,1700,1700,1900,1800,2000,2100,2100,2200,2300,2400,2400,2400,2600,2600,2600,2700,2800,3000,2900,3000,3100,3200,3200,3300,3300,2000,3500,3500,3700,3700,3800,3800,3900,4000,4100,4100,4200,4200,4300,4500,4500,4500,4600,4700,4700,4800,4900,4900,5000,5200,5100,5300,5300,5400,5500,5600,5700,5700,5700,5800,5900,6000,6100,6000,6100,6200,6300,6400,6400,6500,8200,7700,6700,6800,6900,7000,7100,7100,7100
210,100,300,400,400,500,600,600,700,800,800,900,1000,1000,1100,1100,1300,1300,1400,1400,1500,1500,1700,1800,1800,1900,1900,2000,2100,2100,2200,2300,2300,2400,2500,2600,2600,2700,2800,3500,2900,3000,3100,4000,3200,3200,2100,3400,3500,3600,3600,3700,3800,3800,3900,4000,4000,4100,4200,4200,4400,4400,4400,4500,4700,4700,4700,12700,4900,5000,5000,5100,5200,5300,5400,5500,5500,5600,5700,5700,5800,5800,5900,6300,6000,6100,6200,6200,6300,6400,6400,6500,6600,4500,6800,6900,6900,7000,7100,7100,7200
211,200,300,300,400,400,600,700,700,800,800,800,1000,1100,1200,1200,1300,1300,1400,1500,1600,1500,1700,1700,1800,1900,2100,2100,2100,2100,2200,2300,2400,2400,2500,2600,2600,2700,2900,1900,2900,1900,3100,3100,2100,3200,2000,2000,2000,2100,3700,2200,3900,2200,4000,4000,2400,2400,2500,4300,2500,2600,2700,2700,2700,4700,4800,2900,2900,5000,5100,5100,5200,5200,5300,5500,5500,5600,5700,5700,5800,5900,5900,6000,6000,6200,6200,6200,6300,6400,6500,6500,6600,6600,6700,6800,6900,6900,7000,7000,7100
212,200,300,400,400,500,600,600,700,600,900,900,1000,1000,1100,1200,1300,1300,1400,1400,1600,1600,1700,1700,1900,1900,1600,2000,2100,2200,2200,2300,2400,2400,2500,2600,2600,2700,2800,2800,3000,3000,3100,3200,3300,3200,3300,3400,3500,3500,3700,3700,3800,3800,3900,4000,4000,4100,4200,4200,4300,4400,4500,4500,4600,4700,4800,4800,4900,5000,5100,5100,3900,3100,3100,5400,3300,3200,3300,3400,3300,3400,3400,3500,3600,3500,3700,3600,3700,5400,3800,6500,3900,3900,4600,6800,6900,6900,7000,7100,7100
213,100,200,300,400,400,600,600,700,800,800,800,1000,1100,1100,1200,1300,1400,800,1400,1500,1500,1600,1800,1900,1900,1900,2000,2100,2200,2300,2300,2400,2400,2600,1600,2700,2700,2700,2900,3000,3000,3200,3200,3200,3300,3400,3500,3400,3600,3700,3700,3800,3900,4000,4000,4100,4200,4200,4800,4400,4400,4500,4500,4600,4700,4700,4800,4900,5000,5000,5100,5200,5200,5300,5400,5400,5700,5700,5700,5800,5900,5900,6000,6000,6200,6200,6300,6300,6500,6500,6600,6600,6700,6700,6900,6900,6900,7000,7000,4200
214,200,400,400,400,500,600,700,600,700,800,800,1000,1000,1100,1100,1300,1000,1400,1400,1500,1600,1600,1700,1800,1900,1900,2000,2200,2300,2200,2700,2300,2700,2600,2900,2600,3000,3100,2800,2900,3000,3400,3500,3200,3500,3600,3400,3500,3500,3700,3700,3800,3900,4100,4000,4000,4100,4200,4200,4400,4400,4500,4600,4600,4700,4800,4800,4900,5000,5100,5100,5300,5200,5400,5400,5400,5800,5600,5800,7200,7200,7300,7500,7500,7700,7700,7800,6300,6500,6500,6600,8300,8300,6700,6900,6900,6900,7100,7200,7100
215,200,300,400,500,500,500,700,700,800,900,900,1000,1000,1100,1200,1200,1300,1400,1500,1600,1600,1700,1800,1800,1900,2000,2000,2300,2200,2300,2300,2400,2500,2500,2600,2700,2700,2800,2900,3000,3000,3000,3200,3300,3300,3300,3400,3500,3500,3600,3600,3800,3800,3900,3900,4100,4100,4100,4200,4400,4400,4500,4500,4600,4700,4800,4900,4900,5000,5100,5100,5300,5300,5800,6000,6000,6000,6300,6300,17200,6400,6600,6600,6700,6700,6800,7000,7000,7100,7000,16500,7300,7200,7400,7500,7500,7600,7700,7700,7800
216,200,400,400,600,800,700,800,900,1000,1100,1100,1300,1200,1300,1400,1600,1600,1700,1500,1500,1600,1700,1700,1800,1900,1900,2000,2100,2100,2200,2300,2400,2400,2600,2600,2700,2700,2800,2800,2900,3000,3100,3200,3200,3300,3400,3400,3500,3600,3700,3700,3800,3900,3900,2700,4100,4200,4200,4400,4300,2600,4500,4600,4600,4700,4800,4800,4900,4900,7200,5100,5200,5300,5300,5400,5400,5500,5600,5700,5700,5800,5800,6000,6100,6100,6200,6200,6300,6400,6500,6500,6600,6700,6700,15300,6800,7000,7100,7100,7200
217,200,300,400,400,600,500,600,700,700,800,800,1000,1000,1100,1100,1200,1300,1400,1400,1500,1600,1700,1800,1800,1900,1900,2000,2100,2200,2200,2300,2400,2400,2600,2600,2600,2800,2800,2800,3000,3000,3100,3100,3200,3200,3300,3400,3500,3600,3700,3700,3800,3800,3900,4000,4100,4200,4200,4200,4300,4400,4400,4500,4600,4600,4700,4900,5000,5000,5000,5100,5300,5300,5400,5300,5400,5500,5600,5700,5700,5900,5900,6100,6100,6100,6200,6300,6300,6400,6400,6500,6600,6700,6800,6800,6900,6900,7000,7100,7200
218,200,300,400,300,400,600,600,700,800,700,800,900,1000,1100,1100,1300,1400,1300,1400,1400,1600,1600,1800,1800,1900,2000,2000,2100,2100,2200,2300,2400,2400,2500,2500,3000,3300,3400,3600,3600,3500,3700,3600,3900,3900,4000,4200,4800,3900,3700,3700,2600,3800,4000,4000,4000,4100,4200,4300,4400,4400,4500,4500,4600,4600,4700,4800,4900,4900,5000,5100,5200,5300,5400,5400,5400,5500,5700,5700,5700,3400,5900,6000,6000,6200,6200,6300,6400,6300,6400,6500,6600,6700,6800,6800,6900,4100,7100,7200,7200
219,200,300,300,400,500,500,600,600,800,800,900,1000,1000,1000,1100,1200,1300,1300,1400,1500,1500,1700,1700,1800,1900,2000,2100,2100,2200,2200,2300,2400,2400,2600,2600,2700,2700,2800,2800,3300,3600,3700,3800,3900,3800,3900,4000,4900,3500,3600,3700,3800,3800,3900,4000,4000,4100,4200,4300,4300,4400,4500,4500,4700,4700,4700,4800,4900,5000,5100,5200,5300,5300,5400,5400,5500,5600,5600,5700,5800,5800,5800,5900,6000,6000,6200,6200,6300,6400,6500,6500,7500,18900,6700,7000,6900,7000,7000,7100,7200
220,200,300,300,500,500,600,600,700,700,800,800,1000,1000,1000,1100,1200,1300,1400,1400,1500,1500,1700,1700,1800,1900,2000,2000,2000,2200,2200,2300,2400,2400,2500,2600,2700,2700,2800,2900,3000,3000,3000,2400,3200,3200,3300,3400,3500,3600,3700,3700,3800,3800,4000,3900,4100,4100,4200,4400,4400,4500,2700,4600,4600,4700,4800,4800,4900,5000,5100,5100,5200,5200,5300,3200,5500,5600,5700,5800,5800,5900,5900,6000,6000,6100,6200,6300,6300,6400,6400,6500,6600,6700,6800,6800,6800,7000,7000,7100,7200
221,200,200,400,400,500,600,700,700,700,800,800,1000,1000,1100,1200,1300,1400,1400,1400,1500,1500,900,1000,1100,1100,1100,1100,1200,1200,1300,1300,2400,2500,2600,2700,2700,2700,2900,2900,2900,3000,3100,3100,3300,3300,3400,3400,3600,3600,3700,3800,3900,3900,3900,4000,4100,4200,4300,4300,4400,4500,4500,4500,4600,4800,4800,4800,4900,5000,5000,5200,5800,6100,6000,6000,6000,6200,6200,6300,6400,6500,6500,6600,6700,6700,6800,6900,7000,7000,7100,7100,7200,7300,7300,7400,7400,7600,7600,7800,7800
222,300,300,500,500,600,800,800,900,1100,1100,900,900,1100,1200,1200,1300,1300,1400,1400,1600,1600,1700,1700,1800,1800,1900,2000,2000,2100,2200,2300,2400,2400,2500,2600,2600,2800,2800,2900,2900,3000,3100,3100,3200,3300,3400,3400,3500,3500,3600,3700,3800,3900,3900,4000,4100,4200,4200,4300,4400,4400,4500,4600,4600,4700,4700,4800,5000,5000,5000,5100,5200,5300,5300,5400,5500,5600,5700,5700,5800,5800,5900,6000,6000,6100,6200,6300,6300,6400,6400,6600,6600,6700,6800,6900,6900,7000,7000,7000,7200
223,200,200,400,500,400,600,600,700,700,800,800,900,1000,1100,1100,1300,1200,1500,1500,1600,1700,1700,1800,1900,1900,2000,2000,2100,2200,2300,2300,2400,2400,2500,2600,1600,2700,2800,2800,2900,3000,3000,3100,3200,3300,3300,3400,3500,3600,3600,3600,3800,3800,3900,3900,4000,4100,4100,4200,4300,4400,4500,4600,4600,4700,4700,4800,4900,4900,5000,5100,5100,5300,5300,5400,5500,5100,3200,3200,3400,5800,5900,4700,3500,6100,6200,6200,6300,6400,6500,6600,6600,6700,6700,6800,6900,7000,7100,7200,7200
224,200,200,300,400,400,500,600,700,800,800,900,900,1000,1200,1100,1200,1300,1400,1500,1500,1600,1600,1700,4600,1900,1900,1800,2700,2800,2900,2900,3100,3100,3100,3200,3200,3300,3400,3500,3500,3600,3700,3200,3200,3200,3400,3400,3500,3500,3600,3700,3700,3800,4000,4000,4600,4100,4400,4300,4400,4500,4500,5200,5200,5300,5400,5600,5500,5600,5700,5700,5900,5900,5900,5400,5500,5600,5700,5700,5700,5800,5900,5900,6100,6100,6200,6300,6200,6300,6500,7100,7200,7300,7300,7400,7500,7600,7700,7700,7800
225,300,500,500,500,600,700,900,800,1000,1100,1200,1300,1300,1400,1500,1400,1500,1700,2000,1500,1600,1700,1700,1900,1900,1900,1900,2100,2200,2300,2300,2300,2400,2500,2600,2600,2700,2800,2800,2900,3000,3100,3100,3200,3300,4000,3400,3500,3500,3700,3700,3800,3800,3900,4000,4000,4200,4200,4300,4300,4700,4400,2900,5400,4600,4800,4900,4900,5000,5000,5100,5100,5300,5400,5400,5500,5500,5600,5600,5800,5900,6000,6000,6000,6100,6200,6300,6300,6300,6500,6600,6600,6600,6700,6800,6900,7000,7100,7000,7100
226,200,300,300,400,500,500,600,600,800,900,900,1000,1100,1100,1200,1200,1300,1300,1400,1500,1700,1700,1800,1800,1800,1900,2000,2100,2200,2300,2300,2400,2400,2600,2600,2700,2700,2800,2800,2900,3000,3100,3200,3200,3300,3400,3400,3500,3600,3600,3700,3800,3800,3900,4000,4600,4200,2500,4300,4300,4400,4500,4500,4600,4700,4700,4900,4900,5000,5100,5100,5200,5300,5300,5400,5400,5600,5600,5700,5800,5900,5900,6000,6100,6100,6200,6200,6300,6400,6400,6500,6600,6600,6800,6800,6800,6900,7000,7000,7200
227,100,200,400,400,500,300,600,700,800,800,900,1000,1000,1000,1200,1200,1300,1300,1400,1500,1600,2300,2400,2600,2600,2500,2600,2400,2300,2800,3000,3000,3100,3100,3200,3300,3400,3300,3500,3700,3700,3600,3800,3800,4000,4000,4100,4200,4300,4000,4300,4400,4500,4000,3900,4000,4100,4100,14700,4300,4400,4500,4500,4600,4600,4700,4800,4900,5000,5000,5100,5200,5300,5400,5300,5500,5500,5600,5700,5800,5900,5900,6000,6100,6100,6200,6200,6300,6400,6400,6600,6700,6700,6800,6800,6900,7000,7000,5100,7100
228,200,200,400,400,400,500,600,700,700,800,900,900,1000,1100,1200,1200,1300,1400,1400,1500,1500,1600,1700,1800,1800,2000,2000,2000,2200,2200,2300,2300,2400,2500,2500,2600,2700,2800,2900,2900,3000,3100,3200,3200,3300,3400,2100,3500,3600,3700,3800,3800,3900,3900,4000,4100,4100,4200,4200,4300,4400,4500,4500,4600,4700,4800,4900,4900,7700,5000,6500,5200,5300,5300,5400,5500,5600,5600,5700,5800,5800,5900,6000,6000,6100,6200,6300,6400,6400,6500,7200,6600,6700,6800,6900,6900,6900,7000,7100,7200
229,300,300,400,400,500,600,600,700,700,800,900,1000,1000,1100,1200,1200,1300,1400,1400,1500,1600,1700,1700,1800,1900,2000,2000,2100,2200,2200,2300,2400,2500,2500,2600,3200,2700,2900,2900,3900,3500,3900,3900,4000,4100,4200,4300,4400,4400,4600,4600,4700,4800,4900,5000,5100,5200,5200,5400,5500,5500,5700,5700,5800,5900,6000,6100,6100,6200,6300,9500,5200,5300,5400,5400,6800,6900,7100,7200,7200,7300,7500,7500,7600,7700,7800,7800,7900,8100,8000,8200,8300,8300,8400,8400,8600,8800,8800,8800,8900
230,300,400,400,500,700,700,800,800,900,500,500,600,600,600,700,2200,800,800,800,1500,900,1000,1000,1100,1000,1200,1100,1200,1200,1300,1400,1300,1400,1400,2500,2900,2600,1600,1700,1700,1700,1800,3700,3900,3300,3400,4300,4400,3600,3700,3700,3800,3800,3900,3900,4100,4200,4200,4300,4400,4400,4500,4600,4600,4700,4800,4900,5000,5000,5100,5100,5200,5200,5300,5400,5500,5500,5600,5700,5700,5900,6000,6000,6100,6100,6200,6200,6400,6400,6400,4000,6600,6700,6800,6800,6900,6900,7100,7100,7200
231,300,300,400,400,500,600,600,700,700,800,900,1000,1000,1000,1200,1200,1300,1400,1500,1500,1600,1700,1800,1800,1900,2700,2000,2100,2200,2200,2200,2400,2400,2500,2700,2700,2700,2800,2900,2900,3000,3100,3200,3300,3300,3400,3500,3500,3500,3600,3700,3800,3800,3900,4000,4100,4200,4300,4300,4300,4500,4400,4600,4700,4700,4800,4900,4900,5000,5000,5200,5200,5300,5400,5400,5500,5600,5500,5700,5800,5800,5900,6000,6000,6100,6100,6300,6300,6300,6500,6500,6700,6700,6700,6700,6800,7000,7100,7100,7100
232,200,300,400,400,500,600,700,700,800,900,900,1000,1000,1100,800,700,700,800,800,900,900,1700,1000,1000,1800,1100,1900,1200,1300,1300,1300,1400,1400,1500,1500,3200,1600,2800,1700,1700,3000,3100,3200,3200,3200,3400,3400,3500,3500,3700,3700,3700,3800,3900,4000,4000,4100,4200,4200,4300,4400,3400,2600,2700,4700,4700,4800,4900,4900,5100,5200,5100,5200,5400,5400,5400,5500,5600,5700,5800,5900,5900,6000,6100,6000,6200,6200,6300,6400,6500,6500,16700,6700,6700,6800,6800,6900,7000,7100,4400
233,300,200,400,400,300,400,400,700,800,900,800,900,1000,1100,1100,1200,1300,1300,1400,1600,1600,1700,1700,1800,1800,2000,2100,2100,2200,2200,2300,2500,2500,2600,2600,2700,2800,2900,2900,2900,3000,3100,3200,3100,3300,3300,3400,3400,3600,3700,3700,3700,3900,3900,3900,4100,4100,4300,4300,4300,4300,4400,4500,4600,4700,4800,4900,5000,5100,5100,5100,5300,5300,5400,5500,5500,5600,5600,5700,5800,14900,6000,6000,6100,6100,6200,6300,6300,6400,6500,6500,6600,6700,6800,6800,8500,8200,8300,8900,9000
234,300,400,500,500,600,700,600,700,700,900,800,1000,1100,1100,1100,1200,1300,1400,1500,1600,1600,1700,1800,1800,1900,1900,2000,2100,2100,2200,2300,2400,2500,2500,2500,2600,2700,2900,3000,3000,3000,3000,3100,3200,3200,3400,3400,3500,3600,3600,3700,3800,3900,4000,4000,4100,4100,4300,4300,4300,4400,4500,4500,4600,4800,4800,4800,4900,5100,5100,5200,5200,5300,5400,5400,5500,5600,5700,5900,5800,5800,5900,6000,6100,6600,6900,6800,6400,6400,6500,6500,6600,6700,6700,6800,6900,7000,7000,7100,7200
235,100,200,300,500,500,500,600,600,700,900,900,900,1000,1100,1200,1200,1300,1300,1500,900,900,1000,1000,1100,2800,1100,1100,1200,1200,2200,1400,1400,2800,1500,1500,1600,1600,1600,1700,3000,1700,1800,1800,1900,3300,2000,2000,2100,2100,2200,2200,2200,2300,2200,2400,4100,2500,2500,2500,2500,4400,2600,2700,4800,4700,4700,3600,4900,3600,5000,5100,5200,5200,5300,5400,5400,5600,5600,5800,5700,5800,8300,6000,6000,6100,6200,6300,6300,6400,6500,6500,6500,6700,6700,6800,6900,7000,7000,7100,15800
236,100,300,400,400,500,500,600,700,700,900,900,900,1000,1100,1100,1200,1200,1300,1400,1500,1600,1600,1800,1800,1900,1900,2000,2100,2200,2300,2300,2400,2500,2600,2600,2600,2700,2800,2800,2900,3000,3100,3100,3200,3200,3400,3300,3400,3500,3600,3700,2900,4500,4000,4000,4000,5100,5300,5400,5400,5500,5600,5600,5800,5900,5900,6000,6100,6200,6300,6300,6100,6200,6300,6800,6900,6900,5700,5700,5700,5800,5900,6000,6100,6200,6200,7300,6300,6400,6400,6600,6600,6600,6700,6800,6900,6900,16900,7000,7200
237,200,300,400,400,500,500,600,700,700,800,900,900,1100,1100,1200,1200,1400,1400,1500,1500,1600,1600,1800,1800,1500,1200,1200,1300,2200,2200,2300,2400,2500,2500,2600,2600,2800,2800,2900,3000,3000,3100,3200,3200,3300,3400,3400,3600,3500,3700,3700,3800,3800,4000,4000,4000,4100,4200,4200,4300,4500,4500,4500,4600,4600,4800,4800,4900,5000,5100,3700,5200,5300,3200,5400,5500,5500,5600,5700,5800,5900,5900,5900,6100,6100,6100,6300,6300,6400,6500,6500,6600,6800,6700,6700,6900,7000,7000,7100,7200
238,200,300,300,400,500,600,600,700,800,900,800,900,1000,1100,1100,1200,1300,1400,1400,1600,1600,1600,2000,1800,1900,1900,2000,2100,2100,2200,2300,2400,2400,2500,2600,2700,2700,2800,3000,2900,3100,3100,3200,3200,3300,3400,3400,3500,3500,3700,3700,3900,3900,3900,4200,4000,4100,4200,4200,4400,4400,4400,4600,4700,4700,4700,6600,4900,5000,4000,5200,5300,5300,5300,5500,5600,5500,5600,5700,5700,5800,6000,6000,6000,6100,6200,6300,6400,6400,6500,6500,6700,6700,6800,6800,6900,7000,7100,7200,7200
239,300,300,300,400,500,500,500,700,700,900,900,1000,1000,1100,1200,1200,900,1400,1400,3000,1500,1600,1700,1800,1800,1900,1900,2000,2100,2200,2300,2400,2400,2600,2600,2700,2600,2900,2900,3000,2900,3100,3200,3200,3300,1900,3400,3400,3600,3700,3700,3800,3900,4000,4100,4000,4100,4300,4300,4400,4300,4400,4500,4600,4700,4800,4900,3000,5100,5200,5200,5200,5400,5400,15400,5500,5600,5600,5700,5800,5800,6000,6000,6100,6100,6200,6300,6300,17300,6500,6600,6600,6700,6700,6800,6900,6900,7000,7000,7200
240,200,200,300,500,500,600,600,700,800,800,800,900,1000,1100,1100,1200,1300,1300,1400,1500,1600,1700,1700,1800,1900,1900,2000,2100,2200,2200,2300,2400,2400,2400,2600,7100,2800,2800,2800,3600,3800,3900,4000,4100,4200,4200,4300,4400,4400,4600,4700,4700,4800,4900,5000,5100,5200,4900,5100,5500,5500,5600,7400,5900,5900,6000,2900,4900,4900,5000,5100,5200,5300,5300,5400,5400,5500,5600,5700,5700,5800,5900,6000,6000,6100,6100,6300,6300,6400,6500,6500,6600,6700,6800,6800,6900,7000,7000,7000,5200
241,200,300,300,400,500,500,600,700,800,600,900,1000,1100,1100,1200,1300,1300,1500,1400,1500,1600,1700,1700,1900,1900,1900,2000,2100,2100,2200,2300,2400,2500,2500,2600,2600,2700,2800,3000,3000,3000,3100,3100,3200,3200,3300,3400,3400,3600,3600,3700,3700,3800,3900,4000,4000,4100,4200,4200,4400,4500,4500,4600,4600,4700,4700,4800,4900,4900,5000,5100,5200,5300,5300,5300,5500,5600,5700,5600,5800,5800,6000,3500,6000,6100,4600,6300,6300,5400,6500,6500,6600,6700,6800,6900,6900,7000,7100,7400,7500
242,200,500,400,400,600,600,600,700,800,800,900,1000,1000,1100,1200,1300,1300,1400,1400,1600,1600,1700,1800,1900,1900,1900,2100,2000,2200,2300,1400,2300,2600,2600,2600,2700,2700,2800,2900,3200,3000,3400,3100,3200,3200,3400,3400,3700,3500,3700,3700,3700,3800,3900,4000,4100,4200,4600,4400,4300,5500,5500,5700,5800,5900,6000,6100,6100,6200,6900,6700,5100,5300,5300,5400,5500,5500,5600,5700,5700,5800,5900,5900,6000,6100,6100,6300,6300,6300,6400,6500,6600,6700,6700,6800,6900,6900,7000,7000,7100
243,200,200,300,400,500,500,600,700,700,800,900,1000,1100,1000,1200,1200,1300,1300,1500,1900,1600,1700,1800,1800,1800,2000,2000,2100,2100,2300,2400,2400,2500,2500,2500,2600,2700,2800,2800,2900,3000,3100,3200,3200,3200,3300,3400,3500,3500,3700,3700,3800,3900,3900,4000,4000,4100,4200,4300,4300,4500,4500,4500,4600,3100,4700,4800,4900,5000,5100,5100,5200,5200,5400,5300,5500,5500,5600,5600,5800,5800,5900,6000,6100,6200,6200,6300,6400,6400,6500,16300,6600,6700,6800,6800,6900,6900,7100,7100,7200
244,200,300,400,500,400,500,600,700,700,900,800,900,1000,1100,1200,1200,1300,1400,1400,1500,1700,1600,1700,1800,1900,1900,2000,2100,2100,2300,2300,2300,2500,2600,2600,2600,2800,2700,2800,3000,3100,3000,3100,3200,3300,3400,3400,3500,3600,3600,3700,3800,3900,4000,4100,4100,4100,4300,4300,4300,4400,4500,4500,4600,4600,4700,4800,4900,5000,5000,5100,5200,14300,5400,5400,5400,5500,5600,5600,5700,5800,5900,5900,6000,6100,6200,6200,6300,6400,6400,6600,6600,6600,6800,6800,6900,6900,7000,7100,7200
245,200,300,300,400,500,600,600,700,800,800,900,1000,1100,1100,1200,1200,1400,1400,1400,1500,1600,1700,1700,1700,1900,1900,2000,2100,2100,2200,2300,2400,2400,2500,2600,2700,2700,2800,2800,2900,3200,3100,3200,3200,3300,3300,3500,3500,3600,3700,3800,3700,3900,3900,4000,4100,4200,4200,4300,4300,4500,4600,4500,4700,4700,4700,4800,4900,5000,5000,5100,5200,5300,5400,5500,5500,3300,5600,5700,5800,5900,5800,6000,6100,6100,6200,6200,6300,6500,6500,6600,6700,6600,7700,6800,6900,6900,7000,7100,7200
246,200,300,400,400,500,500,700,700,800,800,900,900,1000,1100,1200,1700,1700,1700,1800,2100,1900,14200,2300,2300,2600,2600,2700,2700,2700,2900,2800,2900,3000,3100,3100,3200,3200,3000,4200,7100,3000,3000,3200,3200,3300,3400,3400,3500,3500,3600,3700,3800,3900,4000,3900,4000,4100,2500,4300,4400,4500,4600,4500,4700,4700,4800,4900,4800,5000,5000,5200,5200,5200,5300,5300,5500,5500,5700,5700,5700,5800,5900,3500,6100,6500,6200,6300,6300,6500,6500,15600,6600,6600,6700,6800,6900,6900,7000,7100,7100
247,100,300,400,200,500,600,600,700,800,900,900,1000,1000,1100,1200,1200,1300,1400,1400,1600,1600,1800,1800,1800,1500,2000,2000,2100,2100,2200,2300,2300,2400,2500,2600,2700,2700,2800,2900,2900,5300,3000,12700,3200,3200,3400,3400,3400,3500,3600,3700,3700,3900,3900,3900,4100,4000,4100,4300,4300,4400,4400,4500,4600,4700,4800,4900,4900,5000,5000,5200,5200,5300,5300,5400,5500,5500,5600,5700,5700,5900,6000,8100,6000,6100,6200,6300,6300,6400,6500,6500,6600,6700,6700,6800,6900,6900,7000,7200,7200
248,100,300,300,500,600,600,600,700,800,800,1100,1000,1300,1200,1200,1200,2000,1400,1400,1500,1600,1600,1800,1800,1900,2100,2100,2100,2200,2300,2200,2400,2400,2500,2600,2700,2700,2800,2900,2900,3100,3000,3200,3200,3300,3400,3400,3500,3600,3600,3700,3700,3800,3900,4000,12400,4100,4200,4200,4300,4400,4500,2700,4600,4700,4700,4800,4900,4900,5000,5100,5200,5200,5300,5400,5400,5600,5600,5700,5700,5800,5900,5900,6000,6000,6200,6200,6300,6400,6500,6600,6600,6700,6700,6800,6800,6900,7000,7100,7100
249,200,300,300,400,400,500,700,700,500,900,600,600,1000,1200,1200,1300,1400,1400,1500,1500,1600,1700,1800,2400,1900,2000,2000,2000,11500,2200,2300,2400,2400,2500,2600,2700,2700,2800,2900,2900,3100,3000,3200,3200,4500,3400,3400,3600,3600,3600,3700,3800,3900,4300,2800,4100,4100,2400,4300,2500,2500,2600,2700,2700,2800,2700,2800,2800,2900,3000,3000,3100,5300,5300,5300,5500,5500,5600,5700,5800,5800,5900,6000,6000,6100,6200,6300,6300,6400,6500,6600,6600,6700,6700,6900,6800,7000,7600,7800,7800
250,200,300,200,400,600,500,700,700,800,900,900,1000,1000,1100,1200,1300,1400,1400,1400,1600,1700,1700,1800,1800,1900,2100,2000,2200,2200,2300,2300,2400,2500,2500,2600,2700,2700,2800,2900,1800,3100,3100,3100,3200,3300,3400,3400,3400,3500,3600,3700,3800,3900,3900,4000,4000,4100,4200,4300,4300,4300,4400,4600,4600,4700,4700,4800,4900,4900,5000,5000,5100,5300,5400,5400,5500,7200,5800,7100,7200,7300,10100,10100,7600,7600,6200,6200,6300,6400,6400,6500,6600,6700,6700,6700,6900,7000,7000,7000,7200
251,200,300,300,400,400,600,600,700,800,800,900,1000,1000,1100,1200,1200,1300,1400,900,1500,1600,1600,1700,1800,1800,2000,1900,2100,2100,2300,2200,2300,2400,2500,2600,2600,2700,2800,2900,2900,2900,3000,3100,3100,3200,3300,3400,3500,3600,3600,3700,3800,3800,3900,3900,4100,4100,4100,4200,4300,4400,4400,4500,4600,4700,4700,4800,12300,5000,5000,5100,5200,5200,5300,5300,5400,5500,5700,5700,3400,5800,6000,6000,6000,6100,6200,6200,19700,6400,6400,6500,6600,6700,6700,6900,6900,6900,7000,7100,7100
252,100,200,300,400,500,500,600,700,700,800,900,900,1000,1100,1100,1200,1300,1300,1500,1500,1600,1600,1700,1800,1800,2000,2000,2100,1300,2200,2300,2400,2500,2500,2600,2600,2700,2800,2900,2900,3000,3000,3200,3300,3300,3300,3400,3400,3500,3600,3700,3800,3800,3900,4000,4000,4100,4200,4300,4300,4500,4400,4500,4600,4800,4800,4900,4900,5000,5000,5100,5300,5300,5300,9700,6200,6900,5600,5600,5800,5800,5900,6000,6100,6100,6200,6300,6300,6400,6500,6500,6600,6700,6800,6800,6800,7000,6900,7100,7100
253,200,300,400,600,600,600,800,800,1000,1000,1100,1200,1300,1400,1400,1600,1600,1800,1500,1500,1700,1600,1700,1900,1900,2000,2000,2100,2200,2300,3400,3300,2400,2500,2600,2700,2700,2800,2900,2900,3000,3100,3100,3100,3200,3300,3400,3400,3600,3600,3700,3800,3800,3900,4000,4000,4100,4200,4300,4300,4400,4400,4600,4600,6500,4900,6000,6200,6300,6300,6400,6500,6600,6700,6800,6800,6900,8800,7100,7200,6900,6900,7000,7500,7700,7600,7800,7900,6400,6400,6500,6600,6600,6800,6800,6800,6900,8800,32100,9600
254,200,300,500,500,700,700,800,900,900,800,900,1000,1000,1100,1200,1200,1400,1300,1400,1500,1600,1700,1800,1800,2100,2000,2000,2200,2100,2200,2300,2300,2400,2500,2600,2600,2800,2800,2800,3000,3100,3100,3200,3200,3300,3300,3400,2000,3600,3700,3800,3900,3900,3900,4000,4100,4200,4200,4300,4800,4400,4900,4500,4600,4700,4800,4800,14000,4900,5100,5100,5200,5200,5400,5400,5500,5600,5600,6200,5800,5900,7400,7500,7500,7700,7700,7800,6400,6400,8100,8200,8200,8300,8400,25600,8600,8700,8800,8900,9000
255,200,400,500,500,600,700,800,900,900,1100,1200,900,1300,2000,1500,1600,1700,1400,1500,1500,1600,1700,1800,1900,1900,1900,2000,2100,2100,2200,2300,2300,2400,2500,2600,2700,2700,2700,2900,2900,3000,3100,3700,3300,3300,3300,13300,3500,3400,3700,3100,3200,2700,4000,4000,4100,4200,5400,5300,5500,5500,5700,5700,5800,5900,5900,6100,6000,6200,6400,6300,6500,6600,6700,6800,6800,6900,7000,7200,7100,7200,7400,7400,8200,7700,7800,7900,7900,8000,8200,25100,8300,8300,8500,8500,8600,8700,8700,8800,9000
256,200,500,500,500,600,600,700,800,1000,1000,1100,1200,1200,1400,1500,1500,1800,1400,1500,1500,1600,1600,1800,1700,1900,1900,2000,2100,2200,2200,2300,2400,2400,2500,2500,2700,2700,2800,2800,2900,3000,3000,3100,3200,3300,3400,3400,3500,3500,3600,3700,3800,3800,3900,3900,4000,5000,2500,2600,4300,6100,4500,2700,4600,4700,4800,4800,4900,5000,5000,5100,5200,5200,5300,5400,5400,5500,5700,5700,5700,5900,5900,6000,6000,6100,6200,6300,6400,6400,6500,6500,6600,6700,6800,6900,7000,7000,7100,7100,7300
257,200,400,300,500,500,600,600,700,800,800,900,900,1000,1100,1200,1200,1300,1300,1500,1600,1600,1600,1700,1800,1800,2000,2100,2100,2200,2300,2300,2400,2400,2500,2700,2700,2800,2800,3600,3700,3800,3800,3900,4000,4100,4200,4200,4400,4500,4500,4700,4800,4800,4900,5000,5000,5200,5200,5400,5500,5500,5500,5700,5800,5900,4800,4900,5000,5000,5000,5200,5200,5300,5300,5500,5500,3300,5600,5700,5800,5900,6000,6000,6100,6100,6100,6300,6300,6400,6500,6500,6600,6700,6700,6800,6900,6900,7000,7100,7200
258,200,300,300,400,600,500,600,700,800,800,900,1000,1100,1100,1200,1200,1300,1400,1400,1500,1500,1000,1700,1800,2000,1900,2000,2000,2100,2200,2200,2400,2400,2400,2600,2600,2700,2800,2800,2900,3100,3000,3100,3200,3500,2000,2000,2100,2000,2100,2200,2200,3800,4000,4100,2300,2400,4200,4200,4400,3200,4400,4500,4700,4700,4800,4800,4800,5000,5100,5100,5200,5300,5300,5300,5400,5600,5600,5700,5700,5900,5900,6000,6000,6200,6200,6300,6300,6400,4700,5100,13900,6700,6700,6800,7000,7000,7100,7100,7200
259,200,400,400,400,500,900,700,800,700,700,800,900,1100,1100,1100,1200,1300,1400,1500,1500,1500,1600,1700,1700,1800,1900,2000,2000,2100,1900,2300,2300,2500,2500,2600,2600,2800,2800,2900,2900,3000,3100,3100,3200,3300,3300,3400,3500,3600,3600,3800,3800,4900,4900,5000,5000,5100,5200,5400,5500,5600,5600,5700,5800,5900,5400,5500,5600,5700,5700,5700,5800,5900,5900,6000,6000,6100,6200,6400,6300,6400,6500,6500,6700,6700,6900,6900,7100,7000,7000,7200,7100,7400,7300,21500,6800,6900,7100,7100,7200
260,200,400,300,400,500,500,600,700,700,800,900,1000,1000,1100,1200,1200,1300,1300,1400,1400,1600,1700,1800,1900,1900,2000,2000,2100,2200,2200,2300,2400,7200,2500,2600,2600,2800,2800,2900,2900,3000,3000,3100,3300,3300,4600,4300,4600,5100,4800,5100,4300,3800,3900,4000,4100,4100,4200,4300,4300,4400,4500,4500,4700,4700,4800,4900,4900,4900,5100,5200,5200,5300,5400,5400,5500,5500,5500,5700,5800,5800,5900,6000,3500,6100,6200,6300,6300,6300,6500,6600,6700,6700,6800,6900,6900,6900,7000,7200,7100
261,200,300,300,400,500,600,700,700,700,800,900,1000,1000,1100,1200,1200,1300,1400,1500,1500,1600,1700,1700,1700,2000,1900,2000,2100,2200,2100,2300,2400,2400,2500,2600,2600,2700,2800,2800,2900,3000,3100,3200,3300,3400,3300,3400,3500,3500,3600,3800,3700,3800,3900,4000,4100,4100,4200,4200,4300,4400,4500,4600,4600,4600,4800,4800,4900,5000,6500,5200,5200,5200,5300,5500,5500,5600,5600,5800,6300,6400,6500,6600,6700,6700,6700,6900,6900,7000,7000,7100,7300,7300,7500,7400,7500,7600,7700,16700,7800
262,300,400,500,500,700,700,800,800,1000,1100,1100,1200,1400,1400,1400,1500,1700,1600,1800,2100,1800,2300,1700,2600,1800,1900,2000,2100,2100,2200,2300,2400,2500,2500,2600,2700,2700,2800,2900,3000,3000,3100,3200,3200,3300,3300,3400,3400,3600,3600,3600,3700,3800,3900,4000,4100,4100,4200,4300,4500,4700,4600,4600,4900,4800,5400,5500,4900,5000,5100,5200,5200,5300,5300,5400,5500,5500,5600,5700,5700,5900,5900,6000,6100,6200,6300,6200,6300,6400,6500,6600,6600,6700,6700,6800,6900,7000,7000,7100,7100
263,100,200,400,400,500,600,700,700,700,800,800,1000,1100,1100,1100,1200,1300,1400,1500,1500,1600,1600,1800,1800,1900,1900,2000,2100,2200,2200,2300,2400,2400,2500,2600,2700,2700,2800,2900,3000,3000,3000,3100,3200,3300,3400,3400,3500,3600,3600,3800,3800,3900,3900,4000,4100,4200,4200,4300,4300,4500,4500,4600,4500,4600,4700,4700,4900,5000,5000,5100,5100,5300,5300,5400,5500,5500,5600,5600,5700,5800,5900,6000,6000,6100,6100,6300,6200,6500,6400,6500,6600,6700,6800,6900,6900,7000,4200,7100,7300
264,200,400,400,400,500,500,700,700,800,900,900,1000,1100,1000,1200,1300,1400,1400,1400,1500,1600,1600,1700,1800,1900,1900,2000,2100,2100,2300,2400,2400,3100,3100,3100,3300,3400,3400,3500,3800,3800,3900,3900,4000,4100,4100,4300,4300,4400,4500,4700,3900,4800,4900,4900,5100,5100,5200,5400,5400,5500,5600,5700,5800,5900,6000,6000,6200,6200,6300,6300,6500,5300,5400,5400,5400,5600,5600,5600,5700,5900,5900,5900,6100,6100,6200,6300,6300,6400,6500,6500,6600,6600,6800,6800,6900,7000,7000,7100,7200
265,200,300,400,400,500,500,600,700,700,800,900,1500,1400,1500,1600,1500,1700,1700,1400,2100,2500,2300,2300,2400,2500,2700,2600,2700,2800,2900,2800,3000,2900,3200,3100,3200,3200,3400,3500,3500,3600,3700,3700,3700,3800,3900,3400,3600,3600,3600,3700,3800,3800,3900,4000,4100,4100,4200,4300,4300,4400,4500,4500,4600,4700,4700,4800,3900,5000,5100,5100,3100,5300,5300,5400,5500,5600,6200,5700,5800,5800,5900,6000,6000,6100,6200,6300,6400,6400,6400,6600,6600,6600,6800,6800,6900,7000,7000,7200,7400
266,200,300,300,400,500,600,600,800,800,900,900,1000,1000,1100,1100,1200,1300,1400,1500,1600,1700,1700,1700,1800,1900,1900,2000,2500,2300,2300,2300,2400,2500,2500,2600,2700,2700,2800,2800,2900,3100,3000,3200,3200,3300,3400,3400,3500,3500,3600,3700,3800,3900,3900,4000,4000,4100,4200,4200,4400,4400,4500,14600,4600,4700,4800,4900,4900,5000,5100,5100,6900,6700,6800,5400,16300,5500,5600,5700,5700,5800,5900,6000,6000,6100,6200,6200,6300,6400,6500,6500,6700,6700,6700,6800,6900,6900,7100,7000,4300
267,100,300,400,500,500,600,600,700,700,900,900,1000,1100,1100,1100,1300,1200,1300,1400,1500,1600,1700,1700,1900,1900,1900,2000,2100,2200,2300,2300,2400,2400,2500,2500,2700,2700,2800,2900,2900,3000,3100,3200,3200,3200,3500,3400,3500,3600,3600,4300,3800,3900,3900,4000,4100,4200,4200,4200,4300,17800,4500,4500,4600,4600,4700,4800,4800,4900,5000,5100,5200,5200,5300,5300,5400,5500,5700,5600,5700,5800,5900,6000,6000,6100,6200,6300,6200,6300,6500,6600,6500,6600,6700,6900,6900,6900,10100,7200,7200
268,200,300,400,400,500,600,700,800,1000,900,900,1000,1000,1100,1200,1300,1300,1400,1400,1500,1600,1600,1700,1900,1900,2100,2000,2400,2100,2300,2300,2300,2400,2500,2900,2700,2700,2800,2900,2900,3100,3100,3100,3200,3300,3400,3400,3500,13200,2800,3800,3800,3800,4000,3900,4100,4100,4200,4200,4400,4400,4500,4600,4600,4700,4800,4800,4900,5000,5000,5100,5100,5300,5300,5400,5500,5500,5600,5700,5700,5800,5900,6000,6100,16100,6200,7800,6300,6400,6500,6600,6600,6700,6800,6800,6800,10800,7000,7100,7100
269,200,300,300,400,500,600,600,700,700,800,800,900,1000,1100,1200,1300,1600,1400,1500,1500,1600,1700,1700,1800,1800,2000,2000,2000,2200,2400,2300,2400,2500,2500,2500,2600,2700,2700,2800,2900,3000,3100,3100,3200,3300,3300,3400,3400,3500,3600,3700,3800,3800,4000,4000,4100,4100,4200,4200,4400,4400,4400,4500,4600,4700,4700,4800,4900,4900,5000,5100,5200,5300,5300,5400,5500,5600,5600,5700,5800,5800,6000,6000,6100,6200,6100,6300,6400,6400,6500,6600,6600,6700,6700,6800,6800,7000,7000,7000,7100
270,300,200,300,400,500,500,600,700,900,900,900,1000,1000,1100,1100,1300,1300,800,1400,1500,2200,1700,1700,1800,2000,2000,2100,2100,2200,2100,2200,2300,2400,2400,2500,2600,2800,2800,2800,3000,3000,3000,3200,3200,3200,3300,3500,3500,3500,3600,3800,3800,2500,4000,4000,4000,4100,4200,4300,4300,4300,4400,4500,4600,4700,4800,4800,4900,5000,5000,5100,5200,5300,5300,5400,5600,5500,5600,5700,5800,5800,6000,6000,6000,6200,6200,6300,6300,6400,6400,6500,6700,6700,6800,6900,6900,7000,7000,7100,7200
271,300,300,400,400,500,800,700,700,700,900,800,900,1000,1100,1200,1200,1300,1400,1400,1500,1600,1700,1800,1800,1900,1900,2000,2700,2700,2800,2900,2900,3000,1900,2600,2400,2300,3600,4400,2200,4600,7200,2200,2300,2700,2700,3500,2600,4200,4100,3800,4400,4500,4500,4600,4600,4800,4800,4900,5000,5100,5100,5200,5300,5300,5400,5500,5400,5500,5700,5700,5800,5800,6000,7500,6600,7300,7000,9500,7800,7800,8000,8000,7600,7700,7800,7800,6400,6400,3900,6500,6600,6700,6700,6900,6800,6900,7000,7100,7200
272,100,400,300,500,500,700,600,800,800,900,900,900,1100,700,800,800,1300,1400,1400,1500,1600,1700,1800,1800,1900,1900,2000,2100,2100,2200,1900,2400,2400,2500,2600,2600,2600,2700,2800,2900,3000,3000,3100,3300,3200,3400,3400,3500,3600,2300,4600,4700,4800,4900,5000,5100,5200,5300,5300,5400,5500,5700,5700,5900,5900,4800,4900,4900,4900,5000,5100,5200,5200,5300,5400,5500,5500,5600,5700,5700,5900,5800,6000,6000,4500,6100,6200,6300,6400,6500,6500,6600,6700,6700,6800,6900,6900,7000,7100,7200
273,200,300,400,400,500,600,600,600,700,800,800,1000,1000,1100,1200,1200,1400,1400,1400,1100,1600,1700,1700,1800,1900,1900,2000,2100,2200,2300,2300,2400,2400,2500,2500,2700,2700,2800,2900,2900,3000,3100,3100,3200,3300,10400,3400,3500,3600,3600,3600,3700,5400,4000,3900,4100,4100,4200,4300,4300,4400,4400,4500,4900,4700,4700,4800,14700,5000,5000,5100,5200,5300,5400,5400,5500,5600,5600,5700,5700,6100,6000,6000,6100,6100,6200,6200,6300,6400,6500,6600,6700,6700,6800,6800,6900,5000,6900,7200,7200
274,200,400,400,400,400,600,600,700,800,900,900,900,1000,1100,1200,1200,1300,1400,1000,1500,1500,1700,1700,1800,1800,1900,2000,2100,2100,2200,2200,2400,2400,2500,2600,2600,2700,2800,2800,2900,3000,3100,3100,3200,1900,3300,3400,3500,3600,3600,3700,3700,3800,3900,3900,4000,4100,4200,4200,4200,4400,4500,4500,4700,4700,4800,4900,4900,4900,5100,5100,5200,5300,5300,5400,5500,5500,5600,5700,5700,5800,5800,5900,6100,6100,6200,6300,6300,6500,6500,6600,6700,6700,6800,6800,18000,7000,7100,7100,7200
275,100,300,300,400,500,600,600,600,800,800,900,900,1000,1100,1100,1200,1300,1400,1400,1500,1600,1700,1700,1900,1900,1900,2000,2100,2200,2200,2200,2400,2400,2500,2600,2600,2700,2800,2800,2900,3000,3000,3200,3300,1900,3400,3300,3500,3500,3500,3700,3800,3800,3900,4000,4000,4200,4200,4300,4300,4300,4400,4600,4600,4700,4800,4900,4800,5000,5000,5100,5200,5200,5300,5400,12800,5500,5600,5700,5800,5800,5800,6000,6100,6000,6100,6300,6300,6400,4400,6500,6600,6700,6700,6800,6900,6900,7000,7100,7200
276,100,300,300,400,500,600,600,600,700,700,900,900,1000,1000,1100,1200,1300,1300,1400,1500,1600,1700,1700,1700,2000,1900,2000,2100,2200,2200,2200,2300,2400,2500,2700,2700,2700,2800,2900,3000,3000,3100,3100,3200,3200,3300,3500,3400,3500,3600,3700,3700,3800,3900,4000,4000,4100,4200,4200,4300,4400,4500,4600,4600,4700,4800,4900,4900,5100,5100,5200,5100,5300,5900,6200,6500,5600,5600,4300,5800,5800,5900,5900,6100,6100,6100,6200,6300,6400,6500,6500,6600,6700,6700,6800,6800,7000,7000,7100,7200
277,200,300,300,400,500,500,600,700,700,800,900,1000,1000,1100,1200,1300,1200,1300,1500,1500,2100,1700,1800,2300,1900,2000,2000,2100,2200,2200,2300,2400,2400,2500,2600,2600,2700,2800,2900,2900,3000,3000,3100,3200,3300,3300,3400,3500,3500,3600,3600,3800,3900,3900,4000,4100,4200,4100,4300,4400,4500,4500,5800,5800,5800,5900,6000,6200,6200,6300,6800,7000,6600,6700,20500,6900,7000,7000,7200,7300,7800,7900,7500,7500,7700,7700,7800,7900,8000,8100,8100,8200,8300,8500,8500,8600,8700,8800,8900,8500
278,100,300,400,500,700,600,800,900,1000,1000,1000,1300,1300,1300,1400,1500,1700,1700,1800,1900,2000,2100,2100,2300,2300,2400,2500,2700,2700,2800,2800,3000,3100,3100,3200,3400,3400,3500,3600,3700,3800,3800,3900,4100,4200,4200,4300,4400,5000,4600,3700,3800,3900,3900,4000,4100,4100,4100,4300,4400,4300,4500,4500,4600,4600,4700,4900,4900,5000,5900,5100,5100,5200,5300,5400,5500,5600,5600,5700,5700,5800,5900,6000,6000,6100,6200,6300,6400,6500,6600,6600,6600,6600,6800,6800,6900,6900,7000,7100,7200
279,200,300,400,400,500,600,600,700,800,800,900,1000,1100,1100,1100,1300,1300,1300,900,1600,1600,1800,2200,2200,2300,2400,2400,2500,2700,2800,2900,2900,3000,3100,3300,3400,3400,3500,3600,3700,3800,3900,3900,4000,4100,4200,3500,3500,3600,3600,3800,3700,3900,3900,4000,4100,4100,4200,4200,4300,4400,4500,4600,4600,4600,4800,4800,5000,5000,5100,5200,5200,5300,5400,5500,5500,5600,5600,17400,5800,5800,5900,6000,6100,6200,6200,6200,6700,6400,6400,6600,6500,7000,6700,6800,6900,6900,7000,7100,7200
280,200,300,400,500,500,500,600,600,700,800,900,1000,1000,1100,1100,1200,1300,1400,1400,1500,1600,1700,1700,1800,1800,2000,2000,2000,2100,2200,2200,2300,2400,2400,2500,2600,2700,3500,3600,3600,1800,3100,3200,3200,3300,3400,3400,3500,3600,3600,3700,3800,3900,3900,4000,4000,4100,4200,4300,4400,4400,4500,4500,4600,4800,4800,4800,4800,5000,5000,5200,5200,5300,5300,5400,5500,5500,5700,5700,5800,5900,4900,6000,6100,6200,6300,6300,6400,6500,6500,6500,6800,6700,7000,6800,6900,7000,7000,7100,7200
281,200,300,400,400,500,500,600,700,700,800,900,1200,1000,1100,1200,1200,1400,1400,1400,1500,1600,1700,1700,1800,1900,2000,2000,2600,2600,2800,2900,2400,2400,2600,2600,2600,2700,2800,2900,2900,2900,3100,3200,3200,3300,3400,3400,3500,3500,3600,3700,3800,3800,3900,3900,4000,4100,4200,4300,4400,4400,4500,4500,4600,4700,4800,4800,13600,5000,5100,6400,6400,6500,6700,6800,6900,6900,7000,7100,7200,7300,7400,7500,7500,7500,7700,7800,7900,8000,8100,8200,8200,8300,8400,8500,8600,8700,8800,8900,8900
282,200,400,500,600,800,700,700,700,700,800,800,900,1100,1100,1200,1200,1400,1400,1400,1600,1600,1700,1800,1800,1900,1900,2000,2100,2200,2200,2300,2300,2400,2500,2600,2700,2800,2800,2800,2900,3600,1900,3100,2600,3300,3400,3400,3500,3600,3600,3700,3700,3800,3900,4000,4500,4200,4200,4300,4300,4400,4500,4600,4600,4700,4800,4900,4900,5000,14300,5200,5200,5300,5300,5500,5500,5500,5600,5700,5800,5800,5900,6000,6100,6100,3700,6300,8400,6500,6400,6600,6600,6700,6800,6800,6900,7000,7000,7100,7200
283,200,300,400,400,500,600,600,700,700,800,900,1000,1000,1000,1200,1200,1300,1400,1400,1500,1600,1700,1800,1800,1900,2000,2000,2600,2700,2800,2300,3000,3200,3200,3200,3400,3300,3500,3400,3600,3500,3500,3800,3900,4000,4000,4000,4100,4300,4200,4300,4300,4400,4400,4600,4600,4600,4800,4800,5000,4900,5100,5100,5200,5300,5300,4900,4900,4900,5100,5000,5200,5200,5300,5400,5400,5500,4100,5800,5800,5900,5900,6000,6000,6100,6200,6300,6400,6300,6400,6500,6600,6700,6700,6800,6900,6900,7000,7000,7200
284,200,300,300,400,500,500,600,600,800,800,900,900,1000,1100,1200,1200,1400,1300,1500,1500,1600,1700,1700,1900,1900,1900,2100,2100,2200,2200,2300,2400,2500,2500,2600,2700,2700,2800,2900,2900,3000,3100,3200,3200,3300,3400,3500,3500,3600,3600,3700,3800,3800,4000,4000,4000,4200,4100,4300,4300,4400,4500,4600,4600,4700,4800,4900,4900,5000,5000,5200,5200,5200,5300,5400,5500,5600,5600,5700,5800,5900,5900,6000,6000,6100,6200,6200,6400,6400,6500,6600,6700,6600,6700,6800,6900,7400,7600,7800,7900
285,300,400,400,400,500,600,600,600,700,900,900,900,1000,1000,1200,1200,1400,1400,1400,1500,1600,1700,1700,1800,1900,2000,2000,2000,2200,2200,2300,2300,2400,2500,2500,2700,2700,2700,2800,2900,3000,3000,3100,3200,3300,3300,3500,3400,3600,2200,3700,3800,3900,4000,4000,4000,4100,4200,4200,4400,4400,4500,4500,4600,4600,4800,4900,5000,5000,5000,5100,5200,5200,5400,5400,5500,5500,5600,5800,5800,5900,5900,6000,6000,6100,6200,6300,6300,6400,6400,6500,7000,6600,6700,6900,6900,7000,7100,7100,7100
286,200,300,300,500,500,600,600,700,800,800,900,1000,1300,1900,1500,1500,1600,1800,1800,1800,2000,2100,2100,2300,2300,2400,2000,2600,2100,2200,2300,2500,2500,2500,2700,2600,2800,2800,2900,3000,3100,3100,3100,3300,3400,3300,3500,3500,3600,3700,3700,3800,3900,2400,4000,4000,4100,4200,4300,4300,16000,4500,4500,4600,4700,4800,2900,2900,3000,3000,3000,3100,3100,5400,3200,5500,3300,3200,3400,3400,5800,3500,3500,6100,6100,6200,6300,6300,6400,6400,6500,6600,6700,6700,15000,6900,7000,7000,7200,7200
287,200,300,400,400,400,500,600,700,700,800,900,900,1000,1000,1200,1200,1300,1300,1400,1500,1600,18200,1700,1800,1800,2000,2000,2100,2200,2200,2200,2400,2400,2500,2600,2600,2700,2700,2900,2900,2900,3100,3100,3200,1900,3400,3400,3500,3500,3600,3600,3800,3800,3900,3900,4100,4100,4300,4300,4300,4400,4500,4600,4600,4700,4700,4900,4900,5000,5000,5100,5200,5300,5400,5400,5500,5500,5600,5600,5800,5800,5900,6000,6100,6200,6200,6300,6300,6400,6500,6500,6600,6700,6800,6800,6900,7000,7000,7100,7200
288,200,400,400,500,500,500,600,600,700,800,900,900,1000,1100,1200,1300,1300,1400,1500,1600,1600,1600,1700,1800,1900,1900,2000,2100,2200,2200,2400,2300,2500,2600,2600,3900,2700,2800,2900,2900,3700,3800,3900,4000,4200,4200,4300,4400,4400,4500,4600,4700,4900,4900,4900,5100,5100,5200,5300,5400,5500,5600,5600,5800,5800,6000,6200,5000,5000,5100,5200,5200,5300,5300,5400,5500,5500,5600,5600,5700,5900,5900,5900,6100,6100,6100,6300,6300,6400,6400,6500,6600,6600,6700,6800,6800,6900,7000,7000,7200
289,200,300,300,300,500,600,700,600,700,900,1300,1200,1200,1100,1200,1200,1300,1300,1400,1500,1600,1700,1700,1800,1900,2000,2000,2100,2200,2200,2300,2400,2400,2500,2600,2700,2700,2800,2900,3000,3000,3100,3200,3200,3300,3300,3400,3500,3600,3700,3700,3800,3800,3900,4000,4000,4100,4300,4900,4900,5000,5100,2700,4600,4600,4700,4900,6800,5600,5700,5600,5800,6000,5800,6000,6100,6200,6200,6400,6400,6500,6400,6700,6700,6700,6800,6900,6800,6900,7100,7200,7200,7200,7400,7300,7600,7700,7800,7700,7800
290,200,400,400,600,600,600,800,900,1000,1000,900,900,1100,1200,1200,1200,1300,1300,1400,1500,1600,12000,1700,1800,1800,1900,1900,2100,2100,2200,2200,2400,2400,2500,2600,2600,2700,2800,2900,2800,3000,3100,3200,3300,3300,3400,3400,4000,4200,4200,4300,4400,4400,4600,4600,4100,4200,4200,4200,4400,4400,4500,4500,4700,4700,4700,4900,5000,5000,5100,5100,5100,5200,5300,5400,5500,5500,5600,5700,5800,5800,5900,6000,6000,6100,6200,6300,6300,6400,6400,6500,6600,6700,6700,6800,6900,6900,7000,7100,7100
291,200,300,400,500,400,500,600,600,700,800,900,900,1000,1000,1200,1300,1300,1400,1500,1500,1600,1700,1800,1800,1800,1900,2000,1700,2200,2200,2300,2400,2500,2500,2500,2700,2700,2800,2800,3000,2900,3000,3200,3200,3300,3400,3400,3500,3600,3600,3700,3800,3800,4000,4000,4100,4000,4200,4200,4300,4400,4500,4600,4600,4700,4800,4800,4900,4900,5000,5100,5200,5300,5400,5400,5500,5500,5700,5700,5800,5800,5900,5900,6000,6100,6100,6200,6300,6400,6400,6500,6600,6700,6800,6800,6900,6900,7000,7100,7100
292,100,300,300,400,500,600,600,700,700,800,900,1000,1000,1000,1100,1300,1300,1400,1400,1600,1700,1700,1700,1900,1900,1900,1600,1200,1200,1400,1300,1400,1400,1500,1500,1500,1500,2800,1600,1700,2900,3000,1800,1900,1900,2000,2000,4300,3600,3700,3700,3800,3900,4000,4000,4100,4200,4300,4300,4400,4400,4500,4600,4600,4600,4700,4800,4900,5000,5000,5100,5200,3600,5400,5400,5600,5600,5700,5700,5800,5900,5900,6000,6100,6200,6200,6300,6400,6400,6500,6900,6600,6700,6800,6800,6900,6900,7300,7100,7200
293,200,400,500,500,600,600,600,700,800,900,800,1000,1100,1100,1200,1200,1300,1300,1400,800,1500,1700,1800,1800,1900,1900,2000,2100,2200,2200,2300,1500,1400,2500,1500,1500,1600,1600,1600,2900,1800,3000,3800,1900,3800,3400,2100,2000,2000,2100,3700,2300,3800,3900,4000,2400,4200,4200,4300,4400,4400,2700,4600,4600,4700,4800,4800,4900,4900,5000,5200,5100,5200,5300,5400,5500,5500,5600,5700,5800,5800,5900,5900,22900,6200,6200,6200,6300,6400,6500,6500,6600,6700,6700,6800,6900,6900,7000,7100,7200
294,200,300,400,500,500,600,600,700,700,800,800,900,1100,1100,1200,1200,1400,1400,1400,1500,1600,1700,1800,1900,1900,2000,2000,2100,2200,2200,2300,2400,2400,2600,2600,2600,2700,2800,2900,2900,3000,3100,3100,3200,3300,3400,3400,3500,4200,4300,4300,4800,4800,5500,5100,5100,5100,5300,5400,5400,5500,5600,5700,6300,4800,4700,4900,4900,5000,5100,7100,5200,5300,5300,8700,17600,7900,5600,5700,7200,7300,6000,6000,6100,6100,8800,7800,25800,8100,8100,8300,8300,8400,8500,8500,9300,8700,8800,8900,8900
295,300,400,500,600,600,700,800,900,900,1100,1100,1100,1600,1100,1100,15700,1200,1700,1800,2000,2000,2000,2200,2200,2400,2400,2500,2600,2800,2700,2800,2900,3000,3200,3200,3300,3400,3500,3600,3700,3700,3800,4000,4000,3300,3400,6700,3500,3600,3600,3900,3800,3800,3900,4000,4100,4200,4200,4300,4400,4400,4500,4600,4600,4700,4800,4800,4900,5000,5100,5100,5200,5300,5400,5400,5500,5600,5700,5700,5800,5800,5900,6000,6100,6000,6200,6300,6300,6400,6500,6500,6600,6700,15500,6800,6800,6900,7000,7100,7200
296,200,300,300,400,500,500,600,700,800,800,800,1000,1100,1100,1200,1200,1600,1400,1500,1500,1600,1100,1700,1800,1800,1900,2000,2100,2100,2200,2200,2300,2500,2500,2500,2600,2700,2900,2800,2900,3000,3000,3100,3200,3200,3300,3400,3400,3600,23300,3700,3700,3800,3900,3900,4000,4200,4200,4900,4400,4400,4500,4600,4600,4700,4700,4800,4900,5000,5100,5200,5200,5300,5300,5400,5500,5600,5600,5800,5800,5800,5900,5900,6000,6100,6200,6300,6400,6300,6500,6500,6700,6700,15700,6800,6900,7000,7100,7100,7200
297,200,200,400,500,500,600,700,700,800,900,1000,1200,1000,1100,1200,1200,1400,1400,1400,1500,1700,1700,1700,1800,1800,2000,2000,2100,2100,2200,2400,2400,2400,2500,2600,2700,2700,2800,2800,2900,3000,3100,3200,3100,3300,3400,3400,3500,3500,3600,3700,3800,3800,3900,4000,4100,4100,3100,4300,4300,4400,4600,4600,4600,4700,4700,4800,4900,4900,5000,5100,5100,5300,5300,5400,5500,5500,5600,5700,5800,5900,5900,6000,6000,6100,6200,6200,6300,6300,6500,6500,6600,6700,6700,6800,6800,7000,7000,7100,7200
298,100,200,400,500,600,500,600,700,700,800,900,1000,900,1000,1200,1300,1300,1400,1400,1500,1500,1700,1800,1800,1900,2000,1900,4500,2100,2300,2300,2400,2500,2500,2600,2700,2700,2800,2900,2900,3000,3100,3200,3200,3300,3300,3500,3400,3500,3600,3700,3800,3800,3900,3900,4100,4100,4300,4300,4300,4400,4500,4600,4600,4700,4800,5400,4900,5000,5100,5500,5200,5300,5400,5400,5700,5600,13900,5700,5700,5800,6000,6200,6100,6300,6200,6200,6400,4300,4300,6500,6700,6700,6700,6800,6800,7000,7000,7100,7100
299,200,300,400,400,500,500,600,700,800,900,1000,1000,1000,1100,1200,1200,1300,1400,1500,1600,1600,1600,1700,1900,1900,2000,2000,2100,3100,2300,2400,2700,2600,2500,2600,2600,2700,2800,2900,3000,3000,3000,3200,3200,3300,3300,3400,3400,3500,3700,3700,3700,3800,3900,4000,4100,4100,4200,4300,4400,4400,4500,4600,4500,4700,4800,4900,5000,5000,5000,5100,5200,5300,5300,5400,5400,5600,5700,5700,5700,5800,5900,6000,6000,6100,6200,6200,6300,6400,6400,6500,6600,6700,6800,6800,6800,6900,7000,7100,7200
300,200,200,300,500,500,500,600,600,800,800,900,900,1000,1100,1200,1200,1300,1400,1500,1500,1500,1600,1700,1800,1800,1900,2000,2200,2100,2800,2900,3000,3000,3100,3100,3400,3400,3500,3600,3600,3800,3900,3900,4000,4100,4200,4300,4400,4500,4600,4600,4700,4300,4000,3900,4100,4100,4200,4300,5500,5500,5700,5800,5700,5900,5900,6100,6200,6200,6300,6400,6400,6500,6600,6800,6800,7000,7000,7100,7200,7200,7400,7400,7600,8200,7800,7900,7900,4400,8100,8300,8300,8400,8500,8500,8600,8700,8900,8900,9000
301,300,400,400,600,700,700,800,800,900,1000,1100,1200,1300,1300,1400,1500,1600,1700,1800,1900,2000,2500,2100,2300,2400,2400,2500,2600,2700,2800,2900,2900,3100,3100,3300,3400,3300,3500,3600,3600,3700,3900,3900,4100,4100,4200,4400,4400,4500,4600,5200,5800,5100,3900,4000,4100,4200,4200,5300,2600,4400,4500,4500,4600,4800,4700,4800,4900,5000,5000,5100,5200,5200,5300,5400,5600,5600,5900,7100,7300,7200,7400,7600,8200,7600,7700,6300,6400,6400,6500,6500,6700,6700,6800,6800,6900,6900,7100,7100,7100
302,200,300,400,400,600,500,600,700,800,900,800,900,1000,1100,1200,1300,1300,1400,1400,1500,1600,1700,1800,1100,2000,1900,2100,2100,2200,2300,1400,2400,2400,2500,2600,2700,2700,2800,2900,3000,3100,3100,3200,15500,3400,3400,3500,3500,3600,3600,3700,3900,3900,4000,4000,4100,4200,4200,4300,4400,4400,4500,4600,2800,4700,4800,4900,4900,5000,5100,5100,5100,4200,5300,5400,5400,5500,5600,5700,5800,5900,5900,6000,6100,6100,6200,6300,6300,6400,6400,6600,6500,6600,6700,6800,6900,6900,7000,7100,7200
303,200,300,300,300,400,500,600,700,800,800,900,1000,1100,1100,1200,1300,1400,1400,1400,1600,1600,1600,1700,1800,1900,2000,2100,2100,2200,2300,2300,2400,2400,2500,2600,2700,2700,2800,2800,3000,3000,3000,3200,3200,3200,3400,3400,3500,3500,3600,3700,3800,3900,4000,4000,4000,4100,4200,4200,4300,4400,4500,4500,4600,4800,4700,4900,4900,5000,3700,5200,5200,5200,5300,5400,5400,5500,5700,5700,5700,5800,5900,5900,6000,6100,6200,6200,6300,6400,6500,6500,6600,6700,6700,6800,6900,7000,7400,7100,7500
304,200,400,500,500,500,600,700,700,800,800,900,1000,1100,1100,1200,1300,1400,1400,1500,1500,1600,1700,1700,1900,1900,2000,2000,2100,2200,2300,2300,2400,2500,2600,2600,2700,2800,2700,4300,2900,3000,3100,3100,3300,3300,3400,3400,3400,3500,3600,3700,3800,3900,3900,4000,4000,4100,4200,4300,4400,3100,6200,4600,4700,4700,4800,4800,4900,5000,5100,5100,5200,5300,5400,5400,5500,5500,5600,5700,5800,5800,5900,6000,6000,6100,6200,6200,6300,6300,6500,6600,6600,6700,6700,6900,6900,7000,7000,7100,7100
305,300,300,300,500,500,600,600,500,800,900,900,900,1100,1100,1200,1300,1300,1400,1500,1500,1600,1700,1800,1800,1900,2400,2300,2400,2500,2600,2800,2700,16600,3000,3300,3200,3200,3300,3400,3500,3700,3600,3800,3700,3900,2100,2000,3600,3500,3700,3800,3800,3800,4000,4100,4100,4100,4200,4600,4400,4400,4500,4500,4600,4700,4800,4900,4900,5000,5100,5100,5300,5300,5400,5500,5500,5500,5700,5700,5800,5800,5900,6000,7300,6200,6200,6300,9000,6400,6500,6500,6600,6700,6800,6800,6900,6900,6900,7100,7100
306,200,300,400,500,600,500,600,600,800,900,900,1000,1000,1100,1200,1300,1300,1300,1400,1500,1600,1700,1700,1800,2300,2300,2500,2500,2600,23300,3000,3000,3100,3100,3300,3400,2700,2900,2900,3000,3000,3100,3200,3500,3600,3600,3500,3500,3500,3900,4000,3700,4100,4000,4000,4100,4200,4200,4600,4400,4500,4500,4600,4600,4700,4800,4800,4900,5000,5000,5100,6100,5300,5300,5400,5500,5600,5600,5700,5800,5800,5800,5900,6000,6100,6200,6300,6300,6300,6500,6600,6600,6700,6700,6900,6800,6900,7000,7100,7200
307,200,200,400,400,400,500,500,600,800,800,900,1200,1200,1200,1400,1400,1300,1500,1500,1900,2000,2100,2200,2200,2300,2500,2500,2600,2700,2700,2800,3000,3100,3100,3300,3300,3400,3500,3600,3700,3700,3800,4500,4000,4100,4100,4300,4600,2200,3700,6100,4700,4800,5000,4900,5000,5200,5200,5200,5400,5600,5700,5700,5800,5900,6000,6100,6100,6200,6300,6400,6500,5300,5400,6800,6900,23800,7600,7100,7200,7300,7400,7500,8100,7600,7700,7800,7900,8000,8100,8200,8300,8300,8400,8400,8700,8700,8700,8900,9000
308,300,400,400,500,500,500,600,700,700,800,900,1000,1100,1100,1200,1200,1300,1400,1400,1500,1600,1600,1700,1800,1900,2000,2000,2200,2200,2300,2300,2600,2400,2500,2600,2700,2700,3100,2800,2900,3000,3100,3200,1900,3200,2300,3400,3600,3500,4500,4600,4800,4800,4900,5000,5100,5200,5200,5400,5400,5500,5600,5800,5800,5900,6000,6000,6200,6200,6400,6500,6500,5400,5300,5400,5500,5600,5600,5700,5800,5900,7300,7500,7600,7600,7700,7900,8000,8000,8100,8200,8300,8500,8400,8500,8600,8700,8700,8900,9400
309,300,500,600,600,600,600,800,900,900,1000,1100,800,1300,1400,1500,1600,1700,1700,1900,1900,2000,2100,2200,2300,2400,2400,2500,2600,2700,2800,2800,2900,3000,3200,3200,3300,3400,4200,3600,3600,3700,3800,3900,4000,3000,4900,22200,4400,4500,5100,4700,4700,4800,5000,5000,5100,5200,5200,5300,5400,5500,6200,5700,5800,5900,5900,6000,6100,6700,6300,6500,6500,6700,6600,6800,6900,7600,7100,7100,7200,7300,7400,7500,7500,7600,7700,7900,7900,8100,8100,8200,8300,8400,8500,8600,8700,11600,7400,7700,7900
310,200,400,500,600,700,800,800,1000,900,1100,1100,1400,1400,1500,1700,1300,1300,1700,1400,1500,1600,1700,1700,1800,2000,1900,2100,2100,2100,2300,2300,2400,2500,2500,2600,2800,2800,2800,2800,2900,3000,3100,3200,3300,3400,3400,3500,3500,3600,3600,3700,3800,3800,3900,4000,4000,4100,4100,4400,4300,4400,4500,4500,4600,4700,4700,4900,4900,5000,5000,5200,5200,5300,5300,5400,5500,5600,5600,6000,5800,5900,5900,6000,6000,6100,6100,6200,6300,6400,6500,6600,6600,6700,6800,6800,6900,6900,14800,7100,7100
311,200,300,300,400,500,500,700,600,700,800,900,1000,1000,1100,1200,1100,1400,1300,1400,1500,1600,1600,1800,1800,1900,2000,2000,2100,2100,2200,2300,2400,2400,2500,2500,2600,2700,2800,2800,2900,2900,3100,3100,3200,3300,3300,3400,3400,3500,3600,3600,3700,3800,4000,4000,4100,4100,4300,4300,4400,4500,4500,4600,4600,4700,4800,4900,4900,14600,5100,5100,5200,5300,5300,5400,5500,5600,5600,5700,25300,5900,5900,6000,6000,6000,6200,6300,6300,6400,6500,6600,6600,6700,6700,6800,7000,6900,7000,7100,7200
312,200,300,300,300,500,500,700,700,700,800,900,900,1000,1100,1100,1200,1400,1400,1500,1500,1500,1600,1700,1700,1900,2000,2100,2000,2100,2200,2300,2300,2400,2500,2600,2600,2000,2800,2900,3000,3000,3000,3100,2400,3200,3400,3400,3500,3600,3700,3700,3800,3800,3900,4000,4100,4200,4200,4200,4400,4400,4500,4600,4600,4700,6600,6100,6100,6200,6300,6400,6500,6600,6700,6800,7000,7000,7100,7200,5800,5900,5900,6100,6100,6200,6200,6300,6300,6400,6500,6600,6700,6700,6700,6800,6900,7000,7100,7100,7200
313,200,300,300,400,500,500,600,700,800,800,900,900,1000,1100,1100,800,1300,1100,1500,1500,1600,1600,1700,1800,1800,1900,2000,2100,2100,2200,2300,2300,2400,2500,2600,2700,2800,3300,3500,3500,3500,3600,3700,3800,3800,3900,3900,4100,4300,4100,4300,4300,4300,4500,4700,4600,4700,4800,5000,4900,6000,5000,5100,4600,4600,4800,4900,4800,4900,5000,5100,5200,5300,5300,15700,5500,5500,5600,5700,5800,6000,5800,6000,6000,6100,6200,6200,6300,6300,6400,6600,6600,6800,6800,6800,7000,7000,6900,7000,7200
314,200,300,300,400,500,500,700,600,800,900,900,900,1100,1100,1100,1300,1300,1300,1400,1500,1500,1600,1800,1800,1800,1900,2000,2100,2200,2200,2300,2400,2400,2500,2600,2600,2700,2700,2900,2900,3000,3100,3100,3200,3300,3300,3400,3400,3600,3600,3700,3800,3800,3900,3900,4100,4100,4200,4300,3000,4400,4500,4500,4600,4700,4800,4800,4800,5000,5000,5100,5200,5300,5300,5400,5400,5600,5600,5700,5700,5900,6000,5900,6000,6100,6200,6300,6300,6500,6500,6500,6600,6700,6700,6700,6900,6900,7000,7100,7200
315,100,200,400,400,500,500,600,700,400,800,900,900,1000,1100,1100,1200,1200,1300,1500,1600,1600,1600,1700,1800,1800,1900,1900,2100,2100,2200,2200,2400,2400,2500,2500,2600,2800,2900,2800,2900,3000,3000,3100,3300,3200,3500,3400,3500,3600,3600,3700,3700,3800,3900,3900,4700,4100,4200,4300,4400,4400,4500,4600,4600,4700,4800,4900,4900,5000,5000,5100,5200,5200,5300,5400,5400,5600,5600,5700,5800,5800,5900,5900,6000,6100,6200,6200,6400,6400,6400,6500,6600,6700,6800,6800,6900,6900,7100,7000,7200
316,200,400,300,400,500,500,500,600,700,900,900,1000,1100,1100,1200,1200,1300,1300,1400,1600,1600,1700,1800,1900,1900,1900,2000,2100,2200,2200,2400,2400,2400,2500,2500,2600,2800,5400,2800,2900,3000,3000,3100,3200,3300,3300,3500,3500,3500,3700,3600,3200,3900,3900,4000,4000,4100,4200,4200,4400,4400,4500,4600,15800,4800,4800,5300,4900,5100,5000,5100,5300,5300,5300,5400,5500,5600,5600,5700,5800,5900,5900,6300,6000,6100,6100,6200,6400,6400,6400,6600,6600,6700,6700,6800,6900,7300,7000,7000,7200
317,100,200,400,400,500,600,600,800,900,900,1000,1100,1100,1100,1300,1400,1500,1500,1600,1700,1800,1900,1900,2000,2000,2200,2200,2300,2300,2500,2600,2400,2400,2500,2600,2700,2700,2800,2800,3000,3000,3200,3200,3300,3300,3300,3400,3500,3600,3700,3700,3800,3800,4000,3900,4100,4100,4200,4300,4400,4400,4500,4600,4600,4700,4800,4800,4900,4900,5100,5100,5200,5200,5300,5400,5500,5600,5600,5600,5700,5900,5900,6000,6100,6100,3700,6200,8300,6400,6500,6600,6600,6600,6700,6800,6800,6900,7100,7000,7100
318,100,100,400,400,500,600,600,700,700,800,900,1000,1100,1100,1200,1300,1300,1400,1400,1500,1600,1600,1800,1800,1900,1900,2000,2100,2100,2200,2200,1400,2400,2500,2600,3400,3400,3400,3500,3400,3500,3600,3700,3800,3800,3900,4000,4100,3700,3700,3800,3800,3800,3900,4000,4000,4100,4200,4200,4300,4400,4500,4600,4600,4700,4800,4800,4900,5000,5000,5100,5200,5300,5300,5400,5500,5600,5600,5700,5800,5800,5900,6000,6100,6100,6100,6200,6300,6400,6500,6600,6700,6700,6800,6900,6900,7000,7100,7100,7300
319,200,300,400,400,500,500,600,800,800,1300,900,1000,1000,1100,1200,1300,1400,1400,1500,1600,1600,1700,1800,1900,1900,2000,2100,2600,2700,2700,2900,3000,2500,3100,3100,3200,3300,3300,3300,3500,3600,11000,3200,3300,3200,3300,3500,3500,3500,3600,3700,3700,3800,4000,4000,4100,4100,4200,4200,4300,4400,4500,4500,4700,4700,4800,4800,4900,5000,6200,5100,18700,6600,6600,6800,6800,6900,7100,7200,7200,7300,7400,7400,7600,7700,7700,7800,7900,8000,8000,8100,8200,8300,8400,8500,8600,8700,8800,8800,9000
320,300,400,400,500,700,500,600,700,800,800,900,1000,1000,1100,1200,1300,1300,1400,1500,1600,1700,1700,1800,1900,1900,1900,2100,2100,2100,2200,2300,2400,2500,2500,2600,2600,2800,2800,2300,2900,3000,3100,3200,3200,3200,3300,3400,3500,3500,3600,3700,3800,3900,3800,4000,4000,4100,4200,4200,4400,4400,4400,4500,4600,4700,4700,4800,4900,5000,5000,5000,5200,5300,5300,5500,5400,5600,5600,5800,5700,5800,5800,6100,7800,6100,6400,6300,6400,6400,6500,6600,6600,6700,6700,6800,6900,7000,7000,7100,7200
321,200,300,400,500,500,600,600,600,700,800,900,1000,1000,1100,1100,1200,1300,1400,1500,1500,1600,1700,1700,1800,1900,2100,2000,2100,2200,2200,2300,2500,2500,2500,2600,2600,2800,2900,2900,2900,3000,3000,3200,3200,3300,3400,3400,3500,3600,3700,3600,3800,3800,3800,4000,4000,4100,4200,4300,4400,4400,4500,4600,4500,4600,4700,4800,5000,5000,5100,5100,5300,5200,5400,5400,5500,5600,5600,5700,5800,5900,5900,6000,6000,6100,6200,6300,6300,6400,6400,6500,6600,6700,6800,6800,6800,7000,7100,7100,7300
322,200,300,300,400,600,600,600,700,1000,1000,1100,1200,1300,1300,1500,1500,1600,1800,1800,1900,6100,1900,2200,2300,2400,2500,2600,2700,3000,2800,2900,3000,3100,3200,3200,3300,3400,3500,3600,3600,3800,3800,3200,3200,3200,3400,3400,3500,3500,3700,3600,3800,3900,3900,3900,4000,4200,2400,4300,2500,2600,2700,2700,2800,2800,2900,2800,2900,2900,5100,5100,3100,3100,3200,3100,3300,5500,3300,5700,3400,3400,3400,3500,3500,3600,3600,3600,5300,3700,3800,6500,3900,3900,6700,4000,4100,7000,4100,7100,4300
323,100,200,400,500,500,600,700,700,800,900,900,1000,1000,1100,1200,1200,1300,1400,1400,1600,1600,1700,1700,1800,1900,2000,2100,2100,2200,2300,2300,2500,2500,2600,2600,2700,2700,2900,2900,3000,3000,3100,3100,3200,1900,3400,3500,3600,3600,3600,3700,3800,3900,3900,4000,4100,4100,4200,4200,4400,4500,4600,4600,4700,4700,3200,4800,4900,4900,5000,5100,7200,5300,5300,5400,5500,5500,5600,5700,5700,5900,5900,6000,6000,6200,6300,6200,7200,6300,6500,6500,6700,6700,6700,6800,6900,7000,7000,19700,7100
324,200,300,300,400,500,500,600,700,800,900,900,900,1100,1200,1200,1200,1300,1400,1500,1600,1600,1700,1700,1800,1900,1900,2000,2100,2100,2200,2300,2400,2400,2500,2500,2700,2700,2900,2800,2900,3000,3100,3200,3200,3300,3400,3400,3500,3500,3600,3700,3900,3900,3900,4000,4100,4200,4100,4200,4300,4400,4400,4600,4700,4700,4800,4800,4900,4900,5100,5100,5200,5300,5400,5500,5500,5700,5700,5700,5800,5900,5900,5900,6000,6200,6200,6200,6300,6400,6500,6600,6600,7000,6800,6800,6900,7100,7100,7200,7200
325,200,400,300,500,500,500,600,700,1000,900,900,1000,1000,1100,1100,1200,1400,1400,1500,1500,1600,1700,1700,1400,1900,1900,2100,2100,2200,2200,2300,2400,3000,3200,3100,3200,3300,3300,3500,3400,3600,3600,3800,3900,4000,3900,4000,4000,4200,4100,4200,4300,4400,4500,4600,4600,4700,4700,4900,4800,5000,5000,5100,5400,6200,5300,5500,5600,5500,5800,5200,5200,5300,4000,5400,5500,5500,5600,5700,5800,5800,5800,6000,6000,6100,6100,6300,6400,6400,6400,6500,6600,6700,6700,6800,6900,7000,7100,7100,7200
326,200,300,300,300,500,600,600,600,700,800,800,1000,1600,1100,1100,1200,1400,1400,1900,1600,1700,1700,1700,1800,1900,2100,2000,2100,2200,2300,2400,2500,2500,2600,2600,2700,2800,2800,2900,3000,3000,3200,3100,3200,3300,3300,3500,3500,3600,3600,3800,3800,3900,4000,4000,4100,4100,4200,4300,4300,3200,4500,9100,4700,5300,3700,8000,6000,4900,6800,5200,5300,5400,7000,7200,5500,5500,5700,5700,5800,5900,5900,6000,6100,6200,6200,6200,6900,6400,6500,6600,6700,6700,6900,6800,6800,7000,7000,5200,7200
327,100,300,300,500,500,600,600,600,700,800,900,900,1000,1100,1200,1200,1300,1400,1500,1600,1600,1700,1700,1800,1800,1900,2000,2100,2200,2200,2300,2400,2400,2500,2600,2600,2700,2800,2800,2900,3000,3600,3700,3900,3800,6600,3400,3500,3600,3600,3700,3800,3900,4000,4000,4000,4100,4200,4300,4300,4400,4500,5100,5200,5300,5400,5400,5600,5500,5800,5600,5700,5800,5900,6000,6000,6100,6200,6300,6300,6300,6600,68700,6600,6600,6700,6800,7000,7100,6500,6500,6700,6600,6800,6800,6900,6900,7000,7100,7200
328,200,300,400,400,500,500,600,700,800,800,900,1000,1000,1100,1200,1300,1300,1300,1500,1500,1700,2000,1700,1800,1900,1900,2100,2200,2200,2200,2300,2400,2500,1500,2500,2600,2700,13900,2900,2900,2900,3100,3100,3200,3200,3300,3400,3500,3600,3600,3700,3800,3800,3900,4000,4100,4100,4200,4300,4300,4500,4400,5600,4500,4600,4700,4800,4900,5000,5100,5100,5200,6100,5300,5400,5600,5600,5600,5700,5800,5800,5900,6000,6100,6100,6200,6200,6400,6300,6500,6500,6600,6700,6700,6800,6900,7000,7000,7000,7200
329,200,300,400,400,400,600,600,700,800,900,900,1000,1100,1100,1200,1200,1400,1400,1500,1500,2100,2100,1700,1800,1900,2000,2000,2100,2100,2200,2300,2400,2400,2500,2500,2600,2700,2700,2800,2900,3100,3100,3100,3100,3300,3400,3400,3500,3500,3700,3700,3800,3900,3900,4000,4000,4200,4200,4300,4300,4400,4600,4600,4600,4700,4700,4800,6600,5000,5100,5200,5200,5300,5400,5400,5500,5500,5600,5700,5700,5900,5800,5900,6000,6100,6100,6200,6400,6400,6400,6500,8200,4400,7000,6800,7000,6900,7100,7100,7100
330,200,300,400,400,500,600,600,700,800,800,900,1000,1100,1100,1200,1200,1300,1400,1500,1600,1700,1600,1700,1800,1900,1900,2100,2100,2100,2300,2300,2400,2500,2500,2600,2700,2700,2800,2900,3000,3100,3100,3200,3200,3300,3300,3400,3500,3600,3600,3800,3700,3900,4000,4000,4100,6100,4200,4300,4400,4400,4600,4600,4600,4800,4800,4800,5000,5000,5100,5100,5200,5300,5400,5500,5600,5500,5700,5700,5700,5900,5900,5900,6100,6200,6200,6200,6400,6400,6500,6500,6600,6700,6700,6700,6900,6900,7000,7500,4200
331,200,300,400,400,500,600,600,700,800,800,900,1000,1100,1100,1200,1200,1300,1400,1400,1600,1600,1600,1800,1800,1900,2000,2000,2100,2200,2300,2300,2400,2500,2500,2500,2700,2700,2800,2900,2900,3000,3100,3200,3600,3900,2400,3500,2500,3600,3600,3600,3800,3800,3900,4000,4100,16000,4200,4300,4400,4400,4400,4500,4700,4600,4700,4800,4900,4900,5100,5200,5200,5200,5300,5400,5400,5500,5600,5700,5700,5900,5900,6000,6100,6200,6100,6300,12400,6500,6500,6500,6700,6700,6700,6900,6800,7000,7100,7200,7200
332,200,300,400,500,500,500,600,600,700,800,900,900,1000,1100,1200,1200,1300,1400,1500,1500,1600,1600,2100,1800,1900,2000,2000,2100,2200,2200,2300,2400,2500,2500,2600,2700,2800,2800,2900,2900,3100,3000,4000,4000,4100,4100,4300,4400,17100,4600,4700,4700,4800,4900,5000,5100,5200,5300,5400,5400,5400,5600,5700,5900,5900,5900,6100,6200,5000,5700,5900,5800,5900,5900,6000,6000,6200,6200,6200,6300,6400,6500,6500,6700,6800,6900,6800,6900,7200,7100,6500,6600,6700,6800,6800,6900,6900,16900,7100,7200
333,100,200,300,400,500,500,700,800,700,800,900,1500,1000,1300,1200,1300,1300,1400,1400,1500,1600,1600,1700,1800,1900,1900,2000,2100,2100,2200,2300,2400,2400,2500,2500,2600,2800,2800,2900,2900,3000,3000,3100,3200,1900,3500,3400,3400,3600,3600,3600,3800,5200,4000,4000,4000,4100,4200,4200,4400,4400,4500,4500,4600,4700,4800,4800,4900,5000,5100,5100,5200,5300,5400,5400,5500,5500,5600,5700,5700,5900,5900,6000,6100,6100,6200,6300,6300,6400,6500,6500,6600,6600,6700,6800,6900,7000,7000,4800,7200
334,200,300,300,400,500,500,600,700,800,800,900,1000,1100,1100,1200,1200,1400,1400,1400,1600,1600,1600,1700,1800,1900,1900,2100,2100,2100,2200,2300,2400,2500,2500,2700,2700,2800,2800,3000,3000,3000,3100,3200,3200,3300,3300,3500,3500,3700,3600,3700,3800,3900,4000,4000,4100,4200,4200,4300,4300,4500,4500,4600,4700,4700,4800,4800,5000,4900,5100,5100,5300,5300,5300,5400,5500,5500,5700,5600,5700,5900,5900,6000,6100,6100,6200,3800,6300,6500,6500,6500,6600,6700,6700,6800,7000,7000,7000,7100,7200
335,200,300,300,300,500,500,600,700,800,800,900,900,1100,1100,1200,1200,1300,1500,1500,1500,1500,1700,1700,1800,1900,2000,2000,2100,2200,2700,2400,2400,2500,2500,2500,2700,2700,2800,2800,3000,3000,3100,3200,3200,3300,3400,3500,3500,3600,3600,13300,3800,3800,3900,4100,4100,4200,4300,4300,4400,4300,4500,4500,4600,4700,4700,4800,4900,4900,5000,5100,5200,5400,5300,5200,5500,5600,5700,5700,5800,5800,5900,6000,6000,6100,6200,6300,6300,6300,6500,6500,6700,6700,6700,6900,6900,6900,7000,7100,7200
336,200,400,300,400,500,500,500,700,700,700,900,900,1000,1000,1200,1200,1300,1400,1500,1500,1600,1000,1800,1800,1900,1900,2100,2100,2200,2200,2300,2300,2400,2500,2500,2700,2700,2800,2900,2900,2900,3100,3100,3200,3200,3300,3400,3500,4500,3600,3700,3700,3900,4000,4000,4100,14100,4200,4200,4300,4400,4400,4500,4600,4700,4800,4800,5000,5000,3600,5100,5200,5300,5300,5400,5400,5600,5600,5600,5700,5800,5900,6000,6100,6000,6200,6200,6400,6400,6500,6600,6600,6700,6700,6800,6900,7000,7000,7100,7100
337,200,300,400,400,500,600,600,700,700,800,900,900,1000,1000,1200,1300,1400,1300,1400,1500,1600,1700,1700,1900,2000,2000,2100,2100,2100,2300,2300,2400,2500,1500,1500,1600,1600,1700,1700,1700,1800,1800,1900,3200,1900,3300,2000,2000,2100,2100,3700,2300,14400,3800,4000,4100,16000,4200,4300,4400,4400,4400,4500,4600,4700,4800,4900,4900,5000,5000,5100,5200,5200,5400,5500,5500,5600,5600,5600,5700,5900,5900,6000,6100,6200,6200,6300,6300,6500,6500,6500,16200,6700,6800,6800,6900,6900,7000,7100,7100
338,200,300,400,500,400,600,600,600,800,800,900,1000,1000,1100,1200,1200,1300,1300,1500,1500,1100,2800,1800,1900,1900,1900,2000,2000,2200,2300,2300,2300,2400,2500,2500,2600,2700,2800,2800,3000,2900,3100,3200,3200,1900,3400,3400,3500,3600,3600,3700,3700,3800,3800,3900,4100,4100,4200,4300,4300,4400,4500,4500,4500,4700,3000,4800,5000,5000,5000,5100,15100,5200,5300,5400,5500,5600,5700,5700,5800,5900,6200,6000,6000,6200,6200,5300,6300,6400,6500,6500,3900,6700,6800,6800,6900,6900,7000,7100,7200
339,200,300,300,400,600,600,600,600,800,800,900,1000,1100,1000,1200,1200,1300,1400,1400,1600,1600,1600,1700,1800,1900,1900,2000,2000,2200,2200,2300,2400,2400,2500,1500,2600,2700,3000,2900,2900,3000,3100,3200,3200,3300,3300,3400,3500,3500,3700,3700,3800,3900,3900,4000,4600,4700,4700,4900,5000,5000,5100,5100,5100,5200,5300,5400,5500,5500,5600,5700,5800,5900,6000,5900,6100,6100,6200,6200,6300,6300,6500,6000,6600,6800,17500,6300,6300,6400,6500,6500,6600,6700,6700,6800,6800,7000,7000,7100,7100
340,100,200,300,300,500,500,600,700,700,800,900,900,1000,1100,1200,1200,1300,1400,1400,1500,1500,1700,1700,1800,1800,1900,1900,2000,2100,2200,2300,2300,2400,2500,2500,2600,2800,2100,2900,3000,3000,3100,3200,3300,3300,3400,3400,3500,3600,3700,3700,3800,3800,3900,4000,4100,4200,4300,4300,4400,4400,4500,4600,4700,4700,4800,4800,4900,5000,5100,5200,5200,5300,5400,5400,5500,5600,5700,5700,6400,5800,5900,6000,6000,6100,6200,20400,6300,6300,6500,6500,6600,6600,6800,6800,6900,6900,7000,7100,7200
341,200,200,300,300,500,600,600,700,700,800,800,900,1000,1100,1300,1200,1200,1400,1500,1500,1600,2400,1800,1800,1900,2000,2000,2100,2200,2300,2300,2400,2400,2500,2600,2700,2700,2800,2800,3000,3000,3100,3100,3200,3200,3400,3400,3500,3600,3700,3800,3800,3800,4000,3900,4100,4200,4200,4300,4400,4500,4500,4600,4600,4700,4700,4900,4900,5000,5000,5200,5200,5200,5400,5400,7300,5500,5700,5700,5800,5900,5900,6000,6000,6100,6200,6300,6300,6400,6500,6600,6600,6700,6800,6800,6900,16200,8300,7100,7200
342,200,300,300,400,500,600,600,600,800,800,900,900,1000,1100,1100,1200,1300,1400,1400,1500,1600,1600,1700,1800,1900,1900,2100,2100,2200,2200,2300,2400,2400,2500,2600,2600,2700,2800,2800,2900,3800,3100,3200,3200,3300,3300,3400,3500,2200,3600,3700,2900,3800,3900,4000,4000,4300,4200,4300,4300,4400,4500,4600,4600,4700,4800,4800,5000,5000,5100,5100,5200,5300,5400,5400,5500,5600,5600,5700,5900,5800,5900,6000,6100,6100,6200,7900,6400,6400,6500,6500,6600,6700,6900,6800,4800,7000,7100,7100,7100
343,200,300,300,500,600,500,500,600,800,800,900,900,1000,1000,1100,1200,1300,1400,1400,1400,1500,1600,1800,2600,1900,2000,2100,2100,2200,2300,2600,2400,2400,2500,2600,2700,2700,2800,2800,3800,3000,3100,3100,3200,3300,3400,3400,3500,3600,3600,3700,3800,3900,3900,3900,5100,5100,5200,5300,5300,5500,5600,5700,5900,5900,5900,6000,6100,6300,6300,6400,6500,6500,5300,5400,5500,5500,5400,6200,3500,5900,5900,6100,6100,6200,6200,6300,6400,6400,6500,6600,6600,6700,6700,6900,6900,6900,7100,7100,7200
344,200,400,400,400,600,600,600,700,800,800,900,1000,1100,1100,1200,1400,1400,1500,1300,1500,1600,1600,1700,1800,1900,1900,2000,2000,2100,2200,2300,2300,2500,2500,2500,2700,2800,2800,2900,2900,3000,3100,3200,3200,3200,3400,3500,3500,3600,3700,3700,3800,3900,3900,4000,4000,4100,2900,4200,4300,2600,4500,4500,4600,4700,4800,4800,4800,5000,5100,5100,5200,5400,5400,5400,5400,5500,5600,5600,5700,5800,5900,14300,6100,6100,6200,6200,6300,6400,6400,6500,6600,6700,6800,6800,6900,6900,7000,7100,7200
345,200,300,300,400,500,500,600,700,800,800,900,900,1000,1100,1200,1300,1300,1400,1400,1500,1500,1700,1700,1800,1900,2000,2100,2100,2100,2200,2300,2300,2500,2500,2600,2600,2700,2800,2900,3000,3100,3100,3100,3300,3300,3300,3500,3500,3600,3700,3800,3800,3800,4000,4000,4100,4100,4200,4300,4300,4500,4500,4600,4700,4700,5300,5600,5600,5600,5600,5800,5900,5900,6000,6200,16600,6200,6200,6300,6400,6400,6500,6600,6600,6800,6800,6900,7000,6900,7100,7200,7200,7200,7400,7400,7600,7600,7100,7700,8700
346,300,500,400,400,500,500,600,700,700,800,1100,1000,1000,1100,1200,1300,1300,1400,1500,1500,1500,1700,1700,1800,1900,1900,2000,2100,2100,2300,2300,2300,2400,3300,2600,2600,2700,2800,3100,3000,3000,3000,3100,3200,3300,3400,3500,3500,3600,3700,3700,3800,2800,3900,4000,4100,4200,4800,4900,5000,5000,15300,5100,5300,5300,5300,5400,5400,5500,5600,5600,5800,5900,6000,6000,6100,6200,6200,6200,6200,6300,6400,6600,6600,6600,6700,6800,6800,6900,7000,7100,7100,7300,7300,7300,7400,7600,7100,7100,7500
347,200,400,400,400,500,600,700,700,800,900,1000,1000,1100,1100,1200,1300,1300,1400,1500,1600,1600,1700,1800,1800,1900,1900,2100,2100,2200,2300,2300,2400,2400,2600,2600,2700,2700,2800,3000,3000,3000,3200,2200,3200,3300,3400,3400,3500,3700,17900,3800,3800,3900,3900,4000,4200,4100,4200,4300,4300,4400,4500,4600,4600,12200,4800,4900,4900,5000,5200,5100,5200,5300,5400,5500,5600,5500,5700,5700,5800,3500,5900,6000,6100,6100,3700,6200,6300,6400,6400,6600,6600,6700,6800,6900,6900,6900,7000,7100,7200
348,200,400,400,500,500,600,600,800,800,800,900,1000,1000,1200,1200,1300,1300,1400,1500,1000,2100,2300,2400,2500,1900,1900,2000,2100,2200,2200,1400,2400,2500,2400,2600,2600,2700,2800,2800,2900,17900,3100,3100,3200,3200,3300,3400,3500,3600,3600,3700,3700,3800,3800,3900,4000,4100,4200,4300,4300,4400,4400,4600,4600,4700,4700,4800,4900,5000,5000,5100,5200,5300,5300,5400,5500,5500,5600,5700,5800,5800,6000,6000,6100,6100,6200,6300,6400,6400,6400,6500,6600,6700,6700,6800,6900,6900,7000,7100,7200
349,100,300,400,400,500,500,600,700,700,800,900,1000,1000,1100,1100,1200,1300,11300,1400,1500,1600,1600,1800,1200,1900,2000,2000,2100,2200,2200,2300,2400,2500,2500,2600,2600,2700,2800,2900,2900,3000,3000,3100,3200,3300,3300,3500,3500,3500,3700,3700,3800,3900,4000,3900,4100,4100,4200,4500,4300,4400,4500,4500,4700,4700,4800,4800,4900,5000,5100,5100,5300,5300,5400,5400,5500,5500,5700,5700,5700,5900,5900,6000,6000,6400,6200,6200,6300,6400,6500,6600,6600,6700,6700,6900,6900,7000,7100,7100,7200
350,200,300,400,400,500,600,700,900,900,1600,1100,1200,1300,1400,1500,1600,1700,1800,1800,1900,2000,2100,2200,2300,2400,3200,2100,2700,2700,2900,2800,3000,3100,3100,3200,3300,3400,3600,3400,3700,3800,3900,4000,3300,3300,3300,3500,3500,3500,3600,3700,3700,3900,3900,4000,4000,4100,4200,4200,4400,4400,4400,6400,5800,5800,6000,6000,6200,19700,6300,6500,6600,6500,6600,7200,6900,6600,6600,6700,7200,7300,7400,7500,7500,7700,7800,7900,7900,8000,4100,8200,8300,8300,8500,8500,8700,8700,8800,8900,9000
351,200,400,500,500,700,700,800,800,900,1000,1100,1200,1200,1400,1500,1600,1600,1600,1800,1900,2600,2100,2200,2200,2400,2400,2500,2600,2700,2800,2500,2600,2700,2800,2800,3000,3000,3200,3200,3200,3400,3400,3600,3600,3700,3300,3400,3500,3600,3700,3600,3800,3900,3900,4000,4100,4100,4300,4200,4300,4400,4500,4600,4600,4700,4800,4900,4900,4900,5100,5200,5300,5300,5300,5400,5500,5600,5700,5800,3400,5800,3500,5900,6000,6100,6200,6300,6300,6400,6400,6500,6700,6700,6700,6800,6800,6900,7100,7100,7200
352,100,300,400,400,500,500,600,600,700,800,900,1000,1000,1100,1100,1200,1300,1400,1500,1200,1600,1800,1400,1800,1900,2000,2000,2100,2200,2200,2300,2300,2500,2500,2700,2600,3300,3400,3500,3500,3600,3800,3700,3900,4000,4000,4000,4100,4200,4200,4200,4400,4400,4500,4500,4700,4700,4800,4800,5000,5000,5100,5100,19400,5300,5200,6400,5500,5600,5700,5900,5200,5200,5300,5400,5500,5600,5600,5700,5700,5900,5900,6000,6000,6100,6200,6300,6300,6400,6400,6500,6600,6600,6700,6800,6900,6900,7100,7100,7200
353,200,300,400,400,500,500,700,700,800,900,1000,1300,1000,1100,1200,1200,1300,1400,1500,1500,1600,1700,1800,1800,1900,1900,2100,2100,2200,2300,2300,2400,2500,2600,2700,2700,2800,2800,3000,3000,3000,3000,3100,3300,3300,3400,3500,3600,3600,4600,2200,3800,3800,3900,4000,4100,4200,4200,4300,4400,4500,4500,4600,4700,4800,4800,4800,5000,4900,5100,5200,5300,5300,5300,5300,5500,5500,5600,5600,5800,5800,5800,5900,6000,6000,6300,6400,6200,6400,3900,6600,6600,6700,6900,6900,6900,6900,7000,7100,7200
354,200,300,400,500,500,600,600,700,700,800,900,1000,1000,1100,1200,1200,1400,800,1500,1500,1600,1700,1800,1800,1900,1900,2000,2000,2200,3100,2900,2400,2400,2500,2600,3800,2700,2800,3800,2900,3000,3100,3100,3200,3300,3300,3400,3500,3500,3700,3700,3800,3900,3800,4000,4000,4100,4100,4300,4300,4400,4500,4500,4600,4700,4700,4800,4900,5000,5000,5100,5200,5200,5400,5400,5400,5600,5600,5700,5800,5800,6000,6000,6000,4100,6200,6300,3900,6300,6500,6500,6600,6600,6800,6800,6800,6900,7000,7000,7200
355,200,300,400,400,500,600,600,700,700,800,900,1000,1000,1100,1200,1200,1300,1400,1400,1500,1600,1700,1800,1800,1900,1900,2000,2100,2200,2200,2300,2400,2400,2500,2600,2600,2700,2900,2800,2900,3000,3100,3100,3300,3300,3300,3400,3400,3600,3600,3700,3700,3800,3900,4000,4000,4100,4200,4300,4300,4400,4500,4600,4600,4700,4800,4800,4900,5000,5100,5100,5200,5300,5300,5400,5500,5500,5500,5700,5700,5900,5900,6000,6100,6200,6200,3700,6300,6400,6400,6500,6700,6700,6700,6800,6800,6900,7000,7200,7200
356,200,300,400,400,500,600,600,800,700,800,500,1000,1100,1100,1200,1300,1300,1400,1400,1500,1600,1800,1800,1800,2100,2000,2000,1600,2100,2200,2300,2400,2400,2500,2600,2700,2800,2800,2900,3000,3100,3100,3200,3300,3300,3400,3400,3500,3600,3700,3700,3800,3900,3900,4000,4100,4100,4200,4300,4300,4400,4500,4600,4600,4800,4800,4900,5000,5000,5200,5100,5200,5200,5400,3600,5400,5600,5700,5700,5700,5900,5900,6000,6100,6200,6200,6300,6400,6400,6600,6600,6600,6700,6800,6900,6900,6900,6900,7100,7200
357,300,300,300,400,400,600,600,700,700,800,900,1000,1000,1200,1200,1200,1500,1400,1400,2200,2200,2300,2300,2500,2600,2600,2600,2700,2900,2900,2800,3000,3100,3200,3200,3200,3300,3400,3400,3600,3600,3800,3700,3900,3900,3900,3900,4000,4100,4300,4300,4400,4400,4600,4600,4700,4700,4800,4900,5000,5100,5200,5200,5200,5200,5300,5400,5500,5000,5100,5100,5200,5200,5300,5400,5400,5600,5600,5700,5800,5900,6000,6000,6100,6200,6200,6200,6300,6400,6500,6500,6600,6600,6700,6800,6800,6900,7000,7000,7200
358,200,300,400,500,600,600,600,700,800,800,900,1000,1100,1100,1200,1200,1300,1400,1400,1600,1500,1600,1700,1900,1900,1900,2000,2100,2100,2200,2300,2400,2400,2500,2600,2700,2800,2700,2900,2900,3000,3100,3200,3200,3300,3300,3400,3500,3600,3600,3700,3700,3800,3800,4000,4100,4100,4200,4300,4400,4400,4500,4600,4600,4700,4700,3000,5800,5000,5000,5100,5200,5400,5300,5900,5500,5600,5600,5700,5700,5800,5900,6000,6000,6100,6200,6200,6300,6400,6500,6500,6700,6700,6800,6800,6900,6900,7000,7100,7600
359,200,200,400,500,500,500,600,700,800,900,900,900,1000,1100,1200,1200,1300,1300,1500,1500,1600,1600,1800,1800,1900,2000,2000,2100,11900,2300,2300,2300,2400,2500,2500,2600,2700,2800,2800,3700,3800,3800,3700,3300,3300,3300,3400,4700,4500,4500,4600,4700,4800,4900,5000,5000,5200,5300,5300,5300,5600,5600,5700,5800,5900,6000,6100,6200,6200,6300,6500,6400,6500,5400,5400,5500,5600,7000,7100,7200,7300,7400,7500,7600,7600,7800,7800,7800,8000,8100,8200,8200,8400,8500,8500,8600,8700,8800,8900,8900
360,300,400,400,500,600,700,800,900,1000,800,1000,1000,1100,1100,1200,1200,1300,1500,1500,1500,1700,1700,1800,1900,1900,1900,2000,2100,2200,2300,2400,2400,2400,2600,2600,2700,2700,2800,2900,3000,3000,3100,3200,3300,3300,3400,3500,3400,3600,3600,3700,3800,3900,3900,4000,4100,4100,4200,4200,4300,4400,4500,4600,4600,4700,4700,4800,4900,5000,5000,5000,5200,5200,5400,5400,5500,5500,5600,5600,5700,5800,5800,5900,6200,6100,6100,6300,6400,6700,6500,6500,6600,6700,6800,6900,6900,7000,7000,7100,7200
361,300,400,400,500,500,600,600,700,700,900,800,1100,1100,1100,1200,1300,1300,1400,1500,1600,1700,1700,1800,1800,1900,2000,2000,2100,2100,2300,2400,2400,2400,2500,2600,2600,2700,2800,2900,2900,3000,3100,3100,3200,3300,3400,3400,3500,3500,3700,3700,3800,3800,3900,4000,4100,4200,4200,4200,4300,4400,4500,12000,4600,4700,4800,4900,5000,4900,5100,5200,5200,5300,5400,5400,5500,5600,5700,5700,5800,5800,5900,6000,6100,6200,6200,6200,6400,7700,6500,6500,3900,3900,4000,4000,6800,7000,4200,4200,4200
362,200,100,200,200,300,600,300,400,400,1900,900,1100,1000,1100,1100,1300,1300,1400,1400,1600,1600,1600,1700,1800,2000,2000,2000,2000,2100,2300,2300,2400,2500,2500,2600,2700,2700,2800,2900,2900,2900,3100,3200,3200,3300,3300,3400,3500,3600,3600,3700,3800,3800,3900,3900,5100,5100,5300,5300,5400,4500,5200,5200,5100,5300,5300,5400,5400,5500,5700,5700,5800,5800,5800,5900,6100,6100,6300,6200,6300,5900,6000,6000,6100,6200,6200,6200,6300,6400,6500,6600,6600,6600,6700,6800,6800,6900,7000,7200,7100
363,200,300,500,700,800,600,3200,1200,700,1300,900,1000,1000,1100,1200,1200,1400,1400,1400,1500,1700,1700,1700,1700,1900,2000,2000,2200,2200,2200,2400,2400,2500,2500,2500,2700,2700,2800,2900,2900,2900,3100,3400,3300,3400,3400,3500,3500,3600,4500,4700,4800,4800,5000,5000,5100,5200,5300,5400,5400,5600,18700,5700,5800,5300,5300,5400,5400,5500,5700,5700,5800,5900,5900,6000,3600,5600,5600,7100,7200,7200,7400,7400,7600,7600,7700,7800,7900,8000,8100,8200,8200,8400,8400,8600,8600,8600,8800,8800,9000
364,200,400,500,600,600,700,800,900,800,900,1000,900,1000,1100,1200,1300,1400,1400,1500,1600,1600,1700,1800,1800,1900,2000,2100,2100,2200,2200,2300,2300,2400,2600,2600,2600,2800,2800,2800,2900,3000,3000,3200,3200,3300,3400,3400,3600,3600,3600,3700,3700,3800,3900,3900,4000,4400,4200,4300,4300,4400,4500,4600,4600,4800,4800,4800,5000,5000,7400,6000,6500,6600,6700,6700,6900,6900,7000,7100,7200,7300,7300,7500,7600,7600,7800,7800,7900,8600,8100,8200,8300,8400,8400,8500,8500,8700,8800,8800,8900
365,100,400,400,600,600,700,900,1000,1000,1000,1100,1200,1400,1500,1500,1500,1700,1700,2300,1900,2000,2100,2200,2300,2300,2500,2600,2700,2700,2800,2900,2900,3100,3100,2600,2600,2700,2800,2800,3000,3000,3100,3200,3300,3300,3400,3500,3500,3600,3600,3800,3800,3900,4000,4000,4100,4100,4300,4300,4300,4500,4500,4500,4600,4700,4800,4900,5000,5000,5000,14500,5200,3100,5300,5400,3800,5600,5700,4000,5800,5800,5900,6000,6100,6200,6200,6300,6300,6500,6500,6500,6600,6700,6800,6800,6800,6900,7100,7100,7200
366,200,300,400,500,500,500,600,700,800,800,900,1000,1100,1100,1200,1300,1300,1400,1400,1600,1500,1100,1500,1800,1900,2000,2000,2100,2200,2200,2200,2400,2400,13600,2500,2600,2700,2800,2900,2900,3000,3000,3100,3200,3300,3400,3400,3500,3500,3600,3600,3700,3800,3900,4000,4000,4100,4300,4300,4300,4300,4500,4500,4700,4600,4700,4800,5000,4900,3000,5100,5200,5200,5400,16200,5500,5500,5600,5700,5700,5800,5900,6000,6100,6100,6200,6200,6300,6400,6400,6600,6600,6700,6700,6900,6900,6900,7000,7100,7200
367,200,300,400,500,500,600,700,700,800,800,900,1000,600,1100,700,1300,1300,1300,1500,1500,1600,11900,1800,1800,1900,1900,2000,2100,2200,2200,2300,2300,2400,2500,2600,2700,2700,2800,2900,3000,21400,3100,3700,3900,3800,3900,4000,3700,3500,3600,3700,3800,3800,3900,2700,4100,4100,4200,4300,4300,4400,4500,4600,4600,4700,4700,4900,4900,5000,5100,5100,5200,5200,5300,5400,5500,5500,5700,5700,5800,5900,5900,6000,6000,6100,6200,6300,6300,6400,6500,6500,6600,6700,6800,6800,6900,6900,7000,7100,4300
368,200,300,400,400,500,600,600,700,800,900,1000,1000,1000,1100,1200,1200,1300,1400,1500,1500,1700,1700,1800,1900,2000,2000,2100,2100,2200,2300,2300,2400,2500,2500,2500,2700,2700,2800,2900,2900,3100,3100,3200,3200,3300,3300,4100,3600,3600,3700,3700,3800,3900,3900,3900,4000,4200,4200,4300,4400,4400,4400,4600,4600,4700,4800,4900,4900,5000,5000,5100,5200,5200,5400,5400,5500,5600,5700,5800,5800,5800,5900,6000,6100,6100,6300,6300,6400,6400,6500,6500,6600,6700,6800,6800,6900,6900,7100,7100,7200
369,300,300,300,400,500,500,600,700,800,900,900,900,1100,1200,1200,1600,1800,1700,1700,1800,2000,2100,2200,2300,2300,2400,2600,2100,2100,2300,2300,2400,2400,2500,2600,2600,2700,2800,2900,3000,3000,3000,3700,3900,3900,4000,4000,4200,4300,3700,3700,3800,3900,3900,3900,4000,4200,4200,4200,4400,4400,4400,4500,4600,4700,4800,4800,4900,4900,5000,5100,5200,5300,5300,5500,5500,5600,5700,5700,5800,5800,5900,5900,6100,6100,6200,6200,6300,6400,6400,6600,6600,6700,6700,6800,6800,7000,6900,7000,7100
370,200,200,300,400,500,500,600,700,700,800,900,900,1000,1100,1100,1200,1300,1400,1400,1500,1500,1000,1700,1900,1900,1900,1200,2100,2100,2200,2300,2400,2400,2500,2500,2600,2700,2700,2900,2900,2900,3100,4200,3800,3900,3900,4100,4100,4100,4200,3700,3800,3800,3900,4000,4100,4100,4200,4200,4300,4300,4400,4600,4600,4700,4900,4800,4900,5000,5000,5100,5200,5400,5400,5400,5400,5600,5600,5600,5700,5800,5900,6000,17700,6100,6200,6200,6300,6400,6400,6500,6600,6600,6800,6800,6900,7000,7000,7100,7100
371,100,300,400,400,500,500,600,700,700,800,900,900,1000,1100,1200,1300,1300,1400,1400,1500,1600,1700,1800,1800,1800,2000,2100,2100,2200,2300,2300,2400,2400,2600,2600,2700,2700,2800,2800,2900,3000,3100,3100,3200,3300,3300,3400,3500,3500,3700,3600,3800,3800,3900,4000,4000,4100,4300,4200,5500,5500,5600,5700,5800,3200,6400,6100,6100,6500,6300,6500,6500,6600,6600,6800,6800,6900,7100,7100,7200,7300,7400,7500,7500,7600,7800,8200,7900,8100,8100,7700,7800,8000,8400,8500,8600,8700,8900,8900,9000
372,300,300,500,500,700,800,800,900,1000,1000,1100,1200,1300,1400,1500,1600,1600,1800,1800,1900,2000,2100,2100,2200,2400,1300,2000,2100,2200,2200,2300,2400,2400,2500,2500,2600,2700,2700,2900,3000,3000,3000,3100,3300,3300,3300,3400,3400,3600,3600,3700,3700,3800,3900,4000,4100,4200,4100,4200,4300,4300,4400,4500,4600,4700,4800,6900,5000,5000,5000,5100,5100,5200,5400,5400,5600,5500,5600,5600,5700,5800,6400,6500,6700,6600,6900,6900,7000,6900,7100,7000,7200,7300,7400,7500,7500,7900,7600,7800,7800
373,300,400,500,500,600,700,800,800,1000,1100,1200,1200,1200,1100,1100,1300,1300,1300,1500,1500,1600,1700,1800,1800,1900,1900,2000,2100,2100,2200,2200,2400,2400,2500,2500,2700,2700,2800,2900,2900,3000,3000,3100,3200,3200,3300,3400,3400,3600,3600,3600,3700,3900,3900,4000,4000,4100,4300,4800,5000,5100,5600,5200,4600,4600,4700,4800,4800,4900,5000,5000,5200,5200,5300,5400,16500,5500,5600,5700,5800,5800,5900,5900,6100,6100,6100,6200,6300,6300,6400,6500,6500,6600,6700,6800,6800,6900,7000,7000,7100
374,200,400,400,400,500,500,600,700,800,800,900,900,1000,1100,1100,1200,1300,1400,1500,1600,1600,1700,1700,1800,1800,1900,2000,2100,2100,2300,2300,2400,2400,2500,2600,2600,2700,2800,2900,3000,3000,3100,3100,3300,3400,3300,3500,3500,3600,3600,3700,3800,3800,3900,4000,4100,4100,4100,4200,4300,4400,4400,4500,4600,4700,4700,4800,4900,15100,5100,5100,5200,5200,5300,5400,5500,5600,5500,5700,5700,5800,5900,5900,6000,6100,6200,6300,6300,6400,6500,6500,5100,6800,6800,6800,6900,7000,7000,7100,7200
375,200,300,300,500,600,700,600,700,700,800,900,1000,1000,1100,1100,1200,1300,1400,1500,1500,1600,1700,1800,1900,1900,1900,2000,2100,2200,2200,2400,2400,2500,2500,2600,2700,2700,2800,2800,3000,3000,3000,3200,3300,3200,3400,3400,3400,3600,3600,3700,3800,3800,3900,4000,4100,4200,4200,4200,4400,4400,4400,4500,4700,4600,4700,4900,4900,5000,5000,5100,5100,5300,5300,5400,5400,5600,5600,5600,5700,3800,5400,6100,6000,6100,6100,3700,6300,6400,6900,6600,6600,6700,6700,6900,6800,7000,7000,7100,7100
376,200,300,300,400,500,500,600,700,700,800,800,1000,1000,1100,1300,1200,1300,1400,1500,1500,1600,1700,1700,1800,1200,2600,2600,2900,2700,2800,2900,2900,2900,3100,3200,3200,3400,3300,3400,2100,3100,3100,3200,3300,3300,3300,3400,3600,3600,3700,3700,3900,3900,4000,4000,4100,4100,4800,4800,4900,4900,5100,5100,5100,5300,5400,5400,5500,5500,5600,5700,5700,5700,5900,6100,6000,6000,6100,6200,6300,8100,5900,6000,3900,6100,6200,6200,6400,6400,6500,6500,6600,6700,6700,6800,6900,7000,7000,7000,7200
377,500,300,300,400,500,600,600,700,800,800,900,1000,1100,1100,1100,1200,1300,1300,1400,1500,1500,1700,1700,1800,1900,2000,2000,2000,2200,1600,2300,1900,2500,1800,2600,2600,2700,2700,2800,3000,3000,3100,3200,3200,3300,3400,3400,4100,4500,4600,3700,3700,3900,3900,4000,4000,4100,4200,4300,4400,4400,4500,4500,4600,4700,4700,4800,4900,5000,5000,5100,5100,5200,5400,5400,5400,5500,3400,5700,5700,3400,5800,6000,6100,6000,6100,6200,15000,6400,6400,6500,6600,6600,6700,6800,7000,7000,7000,7000,7200
378,200,400,400,400,600,600,700,700,700,1000,1000,1000,1000,1100,1200,1200,1300,1400,1500,1600,1600,1600,1700,1800,1800,1900,2300,2100,2200,3900,2300,2300,2400,2500,2600,2700,2800,2800,2900,3000,2900,3100,3100,3200,3300,3300,3500,3500,3500,3600,3700,3800,14500,4000,3900,4100,4100,4200,4200,4400,4400,4500,4500,4600,4700,4800,4800,4900,5000,5000,5200,6300,5300,5400,5400,5400,5500,5600,5700,5800,16600,5900,6000,6100,6200,6200,6300,6300,6300,6500,6600,6600,6700,6800,6800,6900,7000,7000,7100,7100
379,200,300,400,400,400,500,600,700,700,800,900,900,1100,1100,1100,1300,1300,1400,1500,1600,1700,1800,1800,1800,1800,1900,2000,2100,2100,2300,2300,2400,2500,2500,2600,2700,2700,2800,2900,2900,3000,3100,3100,3300,3300,3300,3400,3500,3500,3600,3700,3800,3900,4000,4000,4100,4100,4200,4200,4400,3100,4400,4500,4600,4800,4800,4800,5000,5000,5100,5100,5100,5300,5300,5400,5400,5500,5500,5700,5700,5900,5900,6000,6000,6100,6300,6300,6300,6400,6500,14800,6600,6700,6700,6800,6900,7000,7000,7100,7200
380,200,300,400,400,500,600,600,600,600,800,900,1000,1100,1200,1200,1300,1200,1400,1500,1500,1500,1600,1700,1700,1900,2000,2000,2100,2200,2200,2300,2400,2500,2600,2600,2700,2700,2800,2900,2900,3000,3100,3200,3200,3200,3400,3400,3500,3500,3700,2200,3700,3900,5100,4000,2500,2500,2600,4200,2600,4400,4400,2800,2800,4500,2700,2800,2900,2900,4700,3000,3000,4800,5300,3200,3200,3200,3300,5700,3400,3400,3500,6000,3500,3600,6100,3600,3700,3800,6500,3800,3900,6700,6700,6900,6900,6900,7000,7100,7100
381,100,300,300,300,400,600,600,700,700,800,900,1000,1000,1100,1100,1200,1200,1300,1400,1600,1600,1700,1700,1800,1900,1900,1900,2000,2100,2300,2300,2400,2400,2400,2500,2600,2800,2700,2900,3100,3000,3100,3100,3200,3300,3300,3400,3500,3500,3600,3600,3800,3800,3900,3900,4100,4100,4100,4200,4300,4400,4500,4600,4700,4600,4800,4900,4900,5000,5000,5100,5200,5300,5300,5400,5500,5600,5700,5700,5700,3500,5800,8100,6100,6200,6200,6200,6400,6500,6500,6500,6800,6700,6700,6800,6900,6900,7000,7000,7100
382,200,300,400,500,500,600,600,600,700,1000,900,900,1000,1100,1200,1300,1300,1300,1400,1600,1600,1700,1700,1800,1800,1900,2000,2700,2200,2200,2300,2300,2400,2400,2500,2600,2700,2700,2800,2900,2900,13100,3100,3200,3300,3300,3400,3400,3500,3600,3700,3800,3800,3900,4000,4000,4200,4200,4300,4300,4400,4500,4500,4600,4700,4800,4900,4900,4900,5100,5100,5200,5200,5300,5400,5400,5600,5700,5800,5800,5900,5900,6000,6000,6200,6200,6200,6400,6400,6500,6500,6700,6700,6800,6800,7000,7000,7100,7500,7700
383,200,300,500,600,800,800,700,1000,1000,1000,1000,1300,1300,1400,1500,1600,1700,2000,1900,1600,1600,1600,1800,1900,1900,2000,1900,2100,2100,2200,2300,2400,2400,2500,2500,2700,2800,2800,2900,2900,1800,3000,3100,3200,3300,3400,3500,3500,3600,3600,3600,3800,3900,3800,4000,4000,4200,4200,4300,4300,4400,4500,4500,4600,4800,4900,4800,4900,5000,5000,5100,5200,5300,5400,5400,5400,5500,5600,5700,5800,5800,6000,5900,6100,6100,6200,6300,6400,6400,6400,6600,6600,6700,6800,6800,7000,7000,7000,7200,7200
384,100,300,400,400,500,600,600,800,700,800,1000,900,1000,1100,1200,1300,1300,1400,1500,1600,1600,1700,1800,1800,1900,2000,2000,2600,2900,2700,2900,3000,3100,3100,3300,3200,3400,3500,3400,3400,3600,3800,3800,3900,3900,3900,4100,4000,4200,4200,4300,4300,4300,5100,4000,4100,4200,4200,4300,2600,5300,4500,4700,4600,4700,4800,4900,4900,5000,5000,5100,5200,5300,5400,5500,5500,5500,5600,5700,6100,5800,6000,6000,6100,6100,6200,6300,6300,6400,6500,6500,6600,6700,6800,6900,6900,7000,7000,7100,7700
385,200,200,400,500,500,600,600,700,700,800,900,1000,1100,1100,1200,1600,1700,1700,1900,1900,2000,2000,2200,2200,2400,2400,2500,2600,2700,2800,2900,2900,3000,3000,3000,3100,3400,3500,3500,3400,3500,3600,3900,4000,4200,3300,4200,3500,3600,3600,3700,3800,3800,3900,3900,4100,4100,4200,4300,4400,4400,4400,4600,4600,4700,4800,4900,4900,5000,5100,5100,5200,5300,5300,5500,5500,5600,5600,5700,5800,5800,5900,6000,6000,6100,6100,6700,6300,6400,6400,6500,6600,6700,6700,6800,8600,8700,8700,8900,8900
386,200,300,500,500,600,700,700,800,1000,1000,1000,1200,1300,1700,1500,1600,1600,1700,1700,2100,2200,2300,2900,3300,2500,2500,2500,2500,2700,2700,2900,2900,3000,3100,3200,3400,3400,3500,3600,3600,3700,3900,3900,4000,4100,4200,4200,4400,4400,4500,3700,2200,3900,3900,4000,4200,4200,4200,4300,4300,4400,4500,4600,4600,4800,4800,4800,4900,6900,5100,5100,5300,5300,5300,5400,5500,5500,5600,5700,5800,5900,6000,5900,6000,6200,6200,6200,6400,3700,17000,6600,6600,6700,6700,6800,6900,6900,7100,7100,7200
387,200,300,300,400,500,500,600,700,700,800,900,1000,1000,1100,1100,1200,1300,1400,1400,1600,1600,1700,1800,1800,1900,1900,2000,2100,1300,2200,2400,2100,2500,2600,2500,2700,2700,2800,2900,2900,3000,3000,3100,3200,3200,14300,3400,3500,3500,3600,3700,3700,3900,4000,4000,4000,4100,4200,4200,4300,4400,4500,4600,4600,4700,4800,4900,4900,5000,5100,5100,5200,5300,5400,5400,5500,5500,5600,5600,8200,5800,6000,5900,6000,6100,6100,6300,6400,6400,6500,6500,6700,6700,6800,6900,6900,7000,7100,7200,7100
388,200,300,300,400,500,500,600,700,800,800,1000,1000,1000,1100,1100,1200,1300,1300,1400,1500,1700,1700,1700,1700,1900,1900,13600,2100,2100,2200,2200,2300,2400,2500,2600,2600,2700,2800,2800,2900,3000,3100,3100,3200,3300,3300,3400,3500,3500,3700,3700,3700,2600,4000,4000,4100,4100,4200,4300,4300,4400,4500,5200,5200,5300,5400,4900,5500,5800,5100,5100,5200,5200,5400,5400,5500,5600,5600,5700,5900,5800,6000,6000,6100,6100,6200,6200,6400,6400,6500,6600,6600,6700,6700,6800,6900,7000,7000,8200,7200
389,100,300,300,500,500,600,700,800,800,800,900,900,1100,1200,1200,1300,1400,1400,1500,1500,1600,1700,1700,1800,1900,1900,2000,2100,2100,2200,2300,2400,2500,2400,2600,2700,2700,2900,2800,2900,3000,3100,3200,3200,3300,3400,3400,3500,3500,3600,3700,3800,3900,3900,3900,4100,4100,2900,4300,4400,4400,4400,4600,4500,4700,4800,4800,4900,4900,5000,5200,5200,5300,5400,5300,5400,5500,5700,5700,5800,5900,5900,6000,6100,6100,6200,6200,6400,6400,6400,6500,23900,6700,6700,6800,7000,6900,7000,7000,7200
390,200,200,300,400,600,600,600,600,800,900,900,900,1000,1100,1200,1300,1300,1400,1500,1500,1600,2400,1700,1800,2000,1900,2000,2100,2200,2200,2400,2400,2400,2600,2600,2700,2700,2800,2800,2900,3000,3100,3200,3200,3300,3400,3400,3600,3600,3700,3800,3800,3900,4000,4100,4200,4200,4200,4700,4800,5000,4900,5700,5400,5500,5500,5400,5800,5600,5900,21000,6300,6900,7200,7200,7300,7300,7300,7300,7700,5800,5900,6100,6000,6100,6100,6300,6400,6400,6400,6500,17400,6700,6700,6800,6900,7000,7000,7100,7200
391,200,300,400,400,400,600,500,700,800,900,800,1000,1000,1100,1100,1200,1300,1400,1500,1600,1600,1700,1800,1800,1900,1900,2000,2100,2300,2300,2300,2400,2400,1500,1500,2100,1600,1700,2800,2900,3000,3000,3200,3200,3200,3400,3400,3400,3500,3700,3800,3700,3800,3900,4000,4000,4100,4200,4300,4300,4400,4500,4600,4600,4700,4800,4900,4900,5000,5100,5100,5200,5200,5300,5400,5500,5500,3300,5700,5800,5800,5900,5900,6000,6100,6200,6200,6300,6400,6500,6600,6600,8700,6800,6900,6900,7000,7000,7100,7200
392,200,400,300,500,500,600,700,700,700,800,900,1000,1000,1100,1200,1200,1300,1400,1500,1600,1600,1700,1700,1800,1900,2000,2600,2100,2200,2200,2200,2400,2400,2500,2600,2600,2700,2800,2800,2900,12200,3100,3100,3200,3300,3300,3400,3500,3600,3600,3700,3700,3900,4000,4000,4100,4100,4200,4300,4400,4300,4400,4600,4500,4700,4800,3700,4900,5000,5000,5100,5200,5200,5300,5400,5500,5500,5600,5700,5800,5800,5900,15900,6100,6100,6200,6200,6300,6400,6400,6500,6600,6700,6800,6800,6900,6900,7100,7100,7100
393,200,200,300,400,500,500,600,700,700,800,900,1000,1000,1200,1200,1200,1300,1500,1500,1500,1600,1600,1700,1900,1800,2000,2000,2100,2100,2200,2300,2400,2400,2500,2600,2600,2600,2700,2800,3000,3000,3100,3100,3200,3200,3400,3400,3400,3500,3600,3700,3800,3900,3900,2600,4100,4200,4200,4300,4400,4500,4500,4600,4700,4700,4700,4800,4900,5000,5100,5100,5300,5300,5300,5400,5400,5600,5600,5700,5800,5900,5900,6000,6100,6100,6200,6300,6300,4800,6500,6600,6700,5200,6800,6800,6900,7000,7000,7100,7300
394,100,300,400,400,500,500,600,700,700,900,1000,1000,1100,1100,1100,1200,1400,1300,1400,1600,1600,1700,1800,1800,1900,2000,2000,2100,2200,2200,2400,2400,3500,2000,3200,2700,2800,2700,2800,3000,3100,3200,3200,3300,3300,3400,3500,3600,3500,3600,3600,3700,3800,3900,4000,4100,4000,4200,4300,4400,4500,4500,4500,4700,4700,4700,4700,5000,5000,5000,5200,5200,5200,5300,5400,5400,5500,5600,5700,5700,5900,5900,5900,6100,6100,6100,6200,6200,6500,6400,23200,6600,6700,6700,6800,6900,6900,7000,7100,7400
395,100,300,400,400,500,500,600,700,700,800,900,1000,1100,1200,1200,1300,1300,1400,1500,1500,1700,1700,1700,1800,1900,2000,2000,2000,2200,2200,2200,2400,2400,2500,2600,2700,2800,2800,2800,3000,3000,3100,3200,3200,3200,3400,3400,3500,3600,3600,3700,3800,3800,3900,4000,4000,4100,4200,4300,4400,4400,4500,4500,4600,4700,4800,4800,4900,4900,5000,5100,5200,5200,5300,5400,5500,5500,5600,5600,5800,5800,5900,6000,6000,6100,6100,6200,6300,6300,6400,6500,6600,6700,6700,6800,6900,7000,7000,7100,7200
396,200,300,400,500,500,500,600,700,800,800,900,1000,1100,1100,1200,1200,1300,1500,1500,1500,1600,1700,1800,2300,1900,2700,2000,2100,2100,2200,2300,2300,2400,2500,2600,2700,2700,2900,2900,2900,3000,3100,3100,3300,3200,3400,3400,3500,3600,3600,3800,3800,3900,3900,4100,4100,4100,4200,4300,4400,4400,4500,4500,4600,4700,4800,4900,4900,3800,5100,5200,5200,5300,5300,5300,5500,5500,5700,5700,5700,5800,5900,6000,6100,6100,6200,6200,6400,6500,6600,6600,6700,6700,6800,6800,6900,7000,7000,7200,7200
397,200,300,400,400,500,600,600,600,800,800,900,1000,1100,1100,1100,1300,1400,2100,1800,2000,2100,2300,2400,2400,2400,2500,2500,2600,2800,2800,2800,2900,3000,3100,3200,3200,3300,3200,3400,3500,3500,3700,3600,3900,3800,3900,4100,4000,4100,4200,4200,4300,4400,4500,4500,4600,4700,4900,4800,4900,4900,5000,4600,4600,4700,4700,4900,4900,5000,5000,5100,5200,5200,5300,5400,5400,5500,5600,5800,5800,5900,16000,6000,6100,6100,6200,6300,6400,6400,6500,6600,6600,6700,6800,6800,6900,7000,7000,7100,7300
398,200,300,400,400,500,600,700,700,800,900,900,1000,1100,1200,1200,1200,1400,1300,1400,1500,1600,1700,1800,1800,1900,2000,2100,2100,2200,2200,2300,2400,2400,2500,2600,2600,2700,2800,2900,2900,3000,3100,3100,3200,3200,3400,3500,3500,4100,3600,3700,4600,3900,4000,4000,4100,4200,4200,4300,4300,5500,4500,4500,4600,4700,4700,4900,4900,5000,5100,5200,5200,5300,5300,5400,5500,5500,5700,5700,5800,5900,5900,5900,6000,6600,6200,6200,6300,6400,6500,6600,6600,6600,6800,6800,6900,7000,7100,7200,7200
399,100,300,300,400,600,600,600,700,800,800,900,900,1000,1100,1200,1200,1300,1400,1400,1500,1600,1700,1700,1800,1900,2000,2100,2000,2200,2300,2300,2400,2400,2500,2600,2700,2700,2800,2900,2900,3000,3100,3100,3200,3200,3300,3400,3500,3600,3600,3700,3700,3900,3900,4000,4100,4200,4100,4200,4400,4400,4600,4500,4600,4700,4700,4900,5000,4900,5100,5100,5200,5300,5300,5400,5500,5600,5600,5700,5900,5800,6000,6000,6000,6200,6200,6300,6300,6400,6400,6500,6600,6700,6800,6800,6800,7000,7000,7100,16800
400,100,300,400,400,500,600,600,700,800,900,900,900,1000,1100,1200,1200,1300,1900,1500,1500,1700,1700,1700,1900,1900,1900,2000,2000,2100,2200,2200,2400,2400,2500,2600,2600,2700,2700,2800,2900,3000,3000,3200,3300,3300,3300,3400,3500,3600,3600,3700,3700,3800,3900,4000,4100,3100,4700,4900,4900,4400,5200,17000,4700,4600,4700,4900,4900,5000,15500,5100,5200,5200,5300,5400,5500,5500,5600,5700,5800,5800,5900,6000,6100,6000,6100,6200,6300,6400,6400,6600,6600,6600,6700,6800,6900,6900,7000,7000,7100
401,200,200,400,200,500,500,1000,700,800,900,900,1000,1000,1100,1200,1200,1300,1400,1400,1500,1500,1700,1700,1800,1900,2000,2000,2100,2200,2300,2300,2300,2400,2500,2600,2700,2700,2800,2900,2900,3100,3100,3100,3200,3200,3300,3400,3400,3600,3600,3700,3800,3900,3900,3900,4000,4100,4200,4400,4400,4400,4500,4500,4600,4700,4800,4800,4900,4900,5100,5100,5200,5300,5400,5500,7100,5600,5700,5700,5800,4300,5900,6000,6000,6100,6100,6300,6400,6300,6500,6600,6600,6700,6800,6900,6900,7000,5300,7200,7200
402,200,300,400,400,600,600,600,700,700,800,1000,900,1100,1100,1200,1200,1400,1400,1500,1600,1600,1600,1800,1800,2000,2000,2100,2100,2100,2200,2400,2600,2500,2600,2500,2700,2700,2800,2900,2900,3000,3100,3700,3200,3200,3500,3500,3500,3600,3700,3700,3800,3800,3900,4000,4000,4100,4200,4300,4300,4500,4500,4600,4600,4700,4800,4800,5000,5000,5100,5100,5200,5300,5300,5500,5500,5600,5600,5700,5700,5800,5900,6000,6100,6100,6200,6300,6400,6800,6500,6500,6600,6700,6800,6800,6900,7000,7000,7100,7100
403,100,300,300,400,400,500,600,700,800,800,900,1000,1000,1100,1100,1300,1300,1300,1500,1500,1600,1600,1800,1800,1900,1900,2000,2100,2200,2200,2300,2300,2500,2500,10200,2600,2700,2800,2000,3000,3000,3200,3200,3300,3400,3300,3500,3500,3600,3600,3800,3800,3900,3900,4000,4100,4200,4200,4300,4300,4400,4400,4500,4600,4700,4800,4800,4900,5000,5100,5200,5200,5300,5400,5500,5500,5500,5700,5700,5800,5800,5900,6000,6100,6200,5900,6300,6300,4700,6500,6500,6600,6700,6800,6800,6900,7000,7000,7100,7200
404,200,300,300,400,400,500,700,700,800,900,900,1000,1100,1100,1200,1300,1400,1400,1500,1600,1700,1800,1800,1800,1900,2000,2100,2200,2200,2200,2300,2400,2500,2500,2500,1800,2800,2900,2800,3000,3000,3100,3000,3200,3300,3400,3300,3400,3600,3700,3700,3800,3900,4000,3900,4100,4100,4200,4200,4400,4400,4400,4500,4500,4600,20200,4800,4900,4900,5000,5100,5100,5200,5300,5300,5500,5500,5600,5700,5800,5800,5900,6000,3700,6100,6200,6300,6300,6400,6500,6500,6600,6700,3900,6800,17400,7000,7100,7100,7100
405,200,400,400,400,500,600,600,700,700,800,900,900,1000,1100,1200,1200,1300,1400,1500,1500,1600,1700,1800,1800,1900,2000,2000,2100,2200,2200,2200,2400,2400,2500,2600,2600,2800,2800,2900,2900,3000,3100,3100,3200,3300,3300,3400,3500,3600,3600,3600,3800,3800,3900,3900,4100,4100,4200,4200,4300,4400,4500,4500,4600,4700,4700,4700,4800,5000,5100,5100,5100,5300,5400,5300,5400,5500,6700,5700,5800,4200,5900,5900,6100,6100,6100,6200,6400,6400,6400,6500,6600,6700,6800,6800,6800,7000,7000,7000,7200
406,200,300,300,400,500,500,600,700,700,900,900,900,1000,1000,1100,1200,1400,1300,1400,1600,1600,1600,1700,1800,1800,1900,2000,2100,2100,2300,1900,2400,2400,1800,2700,2700,2700,2900,2900,2900,3000,3100,3200,3200,3200,3400,3400,3500,3500,3700,3700,3800,3800,3900,4000,4000,4100,4200,4200,4300,4400,4500,4500,4600,4700,4700,4800,4800,4900,5100,5200,5300,5300,5400,5500,5400,5500,5600,5600,5800,5800,5900,5900,6100,6100,6200,6200,6300,6300,6500,6500,6600,6600,6700,6800,6900,6900,7000,7100,7100
407,200,300,300,400,500,600,600,700,700,800,900,900,1000,1100,1200,1200,1300,1400,1400,1500,1600,1700,1700,1800,1800,1900,2100,2600,2700,2900,2900,2900,3000,3100,3100,3400,3300,3500,3400,3400,3600,3600,3700,3800,3800,3900,4100,3600,3500,3700,3700,3700,3800,3900,4600,4700,4700,4800,4900,4900,5100,3500,4600,4700,4600,4700,4800,4800,5000,5100,5100,5200,5200,5300,5400,5500,5500,5600,5700,5800,5800,5800,5900,6000,6000,6200,6200,6400,7000,7000,7100,7200,7300,7400,7400,7500,7600,7600,7600,7300
408,400,300,300,300,500,500,600,700,800,800,900,1000,1000,1200,1200,1300,1500,1300,1500,1500,1600,1700,1700,1800,1900,2000,2000,2000,2700,2200,2300,1400,2400,2500,2500,2700,2700,2700,2800,2900,3000,3000,3100,3200,3300,3300,3400,3400,3500,3700,3700,3700,3900,3900,4000,4000,4100,4200,4200,4300,4400,4500,3300,4600,4700,4800,4800,4900,5000,5100,5200,5200,5300,5300,5400,5500,5600,5700,5700,5800,5800,5900,6000,6000,6100,6100,6300,6300,6400,6500,6500,6600,6700,6800,6800,6800,7000,7100,7100,7200
409,200,300,300,400,500,600,700,700,700,900,900,1000,1000,1100,1200,1200,1300,1400,1400,1600,1600,1700,1800,1800,1900,10600,2100,2100,2200,2200,2400,2400,2500,2600,2600,2700,2700,2800,2900,3000,3000,3100,3200,3200,3300,3300,3500,3500,5900,3700,3700,3800,3800,3900,4000,4000,4200,4200,4400,4300,4300,4500,4600,4600,4600,3400,4800,4900,5000,5000,5200,5200,5200,5300,5400,5500,5600,5600,5600,5700,5900,5800,6000,6000,6100,6200,6300,6400,6400,6500,6600,6600,6600,6700,6800,6800,7000,7000,7100,7200
410,200,300,400,400,500,500,700,700,800,800,800,900,1000,700,1100,1200,1200,1400,1400,1500,1600,1600,1800,1800,1800,2000,2000,2000,2200,2200,2300,2300,2400,2500,2600,2600,2700,2800,2800,3000,3000,3100,3100,3100,3300,3300,3400,3400,3500,3600,3700,2200,3000,3900,4000,4100,4100,4200,4300,4400,4400,4600,4600,4600,4700,4700,4800,4900,16100,5000,5200,5300,5300,5300,5400,5500,5600,5600,5600,5800,5900,5900,5900,6000,6100,6200,6300,6400,6300,6400,6500,6600,6700,6800,6900,6900,7000,7100,7100,7200
411,200,300,600,400,500,600,600,700,800,800,900,1000,1100,1100,1200,1300,1300,1400,1400,1600,1600,1700,1800,1800,1900,1900,2000,2100,2100,2800,2900,3000,3100,3200,3200,3400,3400,3600,3500,2900,3100,3800,4000,4000,4100,4200,4200,4400,2900,3600,3700,3800,4800,4900,5000,5000,5100,5300,5300,5400,5500,5600,5700,5800,5800,5900,6100,6100,6200,6300,7900,6500,6600,6700,6900,6900,6900,7100,7100,7100,7300,7400,7500,7500,7600,7700,7800,7900,8000,8100,8200,8300,8300,8400,8100,8100,8700,8800,8900,8900
412,300,400,500,500,600,700,700,1000,900,800,900,1000,1300,1400,2100,1600,1700,1800,1900,1900,2000,2100,2200,2400,2300,2500,2500,2700,2800,2800,2800,3000,3000,3200,3200,3400,3400,3400,3700,3700,3700,3900,3100,3800,4000,4000,4000,4100,4200,4200,4400,4400,4500,4600,4600,4600,4800,4700,4900,4900,5000,5200,5100,5300,5300,5300,5500,5500,5000,5100,5200,5100,5200,5300,5400,5400,5600,5500,5700,5700,5900,5900,6000,6100,6200,6200,6300,6300,6400,6500,6600,6600,6600,6800,6800,6900,6900,7000,7100,7100
413,100,300,300,400,600,500,600,700,700,800,900,900,1100,1100,1200,1200,1200,1400,1500,1600,1500,1600,1800,1800,2500,2500,2000,2100,2200,2200,2200,2400,2400,2500,2500,2600,2700,2800,2800,2800,3000,3100,3100,3100,3200,3300,3400,3500,3500,3600,3700,3700,3800,3900,3900,4000,4100,4200,4300,4300,4400,4500,4600,4700,4700,4800,4900,4900,5000,5000,5100,5300,5300,5400,5500,5500,5500,5600,5700,5700,5800,5900,5900,6100,6100,6200,6300,6300,6400,6400,6500,6600,6700,6800,6900,6900,7000,7000,7100,7200
414,200,300,400,400,500,500,700,700,800,900,900,1100,1000,1100,1200,1300,1300,1400,1500,1500,1600,1700,1700,1800,1900,2000,2100,2200,2200,2200,2300,2300,2400,2600,2600,2700,2700,2800,2900,2900,3000,3200,3200,3200,3300,3400,3400,3500,3600,3700,3700,3800,3800,4000,4000,4100,4100,4200,4200,4400,4400,4500,4600,4600,3200,4700,4900,4900,5000,5000,5100,5200,5300,5400,5400,5500,5600,5700,5700,5800,5800,5900,6000,6100,6200,6300,6300,6400,6400,6500,6600,6600,6700,6800,6800,8700,7000,7100,7200,7200
415,300,300,700,700,500,600,600,700,500,800,900,1000,1100,1000,1200,1300,1300,1400,1500,1500,1600,1600,1800,1800,1900,1900,2100,2100,2100,2200,2300,2400,2400,2500,2600,2600,2700,2800,2800,3000,3000,3100,3400,3200,3300,3400,3500,3500,4100,4200,4300,4300,4400,3000,4000,4100,4100,4200,4400,4300,4400,4500,4500,4600,4700,4700,4900,4900,5000,5000,5200,5200,5200,5300,5400,5400,5500,5600,5700,5700,5800,5900,6000,6100,6100,6200,6300,6300,6300,15900,6500,6600,6700,6800,6800,6900,7000,7100,7100,7100
416,200,300,300,400,500,600,700,600,700,800,800,900,900,1100,1200,1200,1200,1300,1400,1600,1700,1600,1700,1800,1900,1900,2000,2100,2200,2300,2200,2400,2400,2500,2600,2700,2700,2700,2800,2900,3000,3000,3100,3200,3300,3300,2600,3500,3600,3700,3700,3800,3800,3900,4000,4100,4100,4200,4300,4400,4400,4500,4600,4600,4700,4800,4800,4900,5000,5100,5200,5200,5300,3900,5400,3500,5600,5600,5700,5800,5800,5900,6000,6100,6100,6200,6300,6300,6500,6500,6600,6600,6700,6800,6800,6900,6900,7000,7100,7100
417,200,300,300,300,500,500,600,600,700,800,900,10200,1000,1100,1200,1200,1300,1300,1400,1500,1600,1600,1700,1700,1800,2000,2100,2100,2200,2200,2300,2300,2400,2500,2600,2600,2700,2800,2800,3000,3000,3100,3200,3300,1900,3400,3400,3500,3500,3600,3700,3900,3800,3900,4000,4100,4100,4200,7700,4300,4400,4500,4600,4600,4700,4900,4900,4900,5000,5100,5200,5200,5200,5400,5400,5600,5600,5700,5800,5800,5900,5900,5900,6000,3600,6200,6200,8100,6300,6500,6500,6600,6700,6700,6900,6800,6900,7000,7100,7200
418,200,300,300,500,500,600,700,700,700,900,900,1000,1000,1100,1200,1300,1400,1400,1400,1600,1500,1700,1800,1800,1900,1900,1700,2100,3200,1800,2300,2500,2500,2600,2500,2600,2700,2800,1800,2900,3000,3100,3100,3200,3200,3300,3400,3500,3600,3600,3700,3800,3900,3900,4000,4000,4100,4200,4200,4400,4400,4600,4600,4600,4700,4800,4800,4900,5000,5000,5100,5200,5200,5300,5500,5500,5500,5700,5700,5800,5800,5900,6000,6000,6100,6300,6300,6300,6400,6500,6600,6600,6700,6800,6800,6900,7000,7100,7200,7200
419,200,300,300,400,400,600,600,700,700,800,900,900,1000,1100,1200,1200,1300,1400,1400,1500,1600,1700,1700,1800,1800,1900,2000,2300,2200,2300,2400,2400,2400,2500,2600,2700,2800,2800,2900,3000,3100,3100,3200,3200,3300,3400,3500,3500,3600,3600,3700,3800,3900,3900,12900,4100,4100,4300,4300,4300,4400,4500,4600,4700,4700,4800,4800,4900,5000,5200,5100,5200,5300,5400,5400,5400,5500,5600,5700,5800,5900,5900,6000,6100,6100,6200,6300,6300,6400,6500,6600,6600,6800,6800,6900,6900,7000,7100,7100,7300
420,200,300,400,500,500,600,600,800,800,800,900,600,1000,1100,1100,1200,1200,1400,1500,1500,1500,1600,1700,1800,1900,1900,2000,2000,2100,2300,2300,2300,2500,2500,2600,2600,2700,2700,2900,2900,2900,3100,3100,3100,3200,3400,3500,3500,3500,3600,3700,3800,3900,3900,4000,4000,4100,4200,4300,4400,4400,4500,4500,4600,4700,4800,4800,4800,4900,5000,5100,5200,5200,5400,5400,5500,5600,5600,5600,5700,5800,5900,6000,6000,6100,6200,6200,6300,6400,6400,6500,6600,6600,6700,6700,6900,6900,4100,7000,7200
421,200,300,400,500,500,600,600,700,800,900,900,1000,1100,1100,1200,1200,1300,1400,1400,1600,1700,1700,1800,1800,1900,1900,2100,2100,2200,2200,2300,1900,1500,2500,1500,2600,3200,1700,2800,2900,3000,2400,1900,1800,2000,3400,3400,3400,3700,4200,4300,4400,4400,4500,4700,5000,4800,4800,4900,5100,5100,5100,5100,5200,5300,5400,5400,5500,5600,5500,5700,5800,5900,5900,6100,6100,6100,5700,5700,5700,5800,5900,5900,6100,6000,6200,6200,6300,6400,6500,6500,6500,6600,6700,6700,6900,7000,7100,7200,7200
422,200,400,400,400,500,600,600,700,800,800,900,1000,1000,1100,1200,1300,1300,1500,1400,1500,1600,1700,1800,1800,1900,2000,2000,12000,2200,2300,2300,2400,2400,2500,2600,2700,2700,2100,2800,2900,3000,3100,3200,3300,3300,3400,3500,3400,3700,3600,3700,3700,3900,4000,4000,4000,4200,4300,4300,4300,4400,4400,2700,2700,2800,2800,2900,2900,2900,5000,3000,5200,3100,3200,3200,7800,5600,5700,5700,5700,16500,5900,6000,6100,6200,6200,6300,6300,6400,6500,6600,6700,7100,6800,6800,6900,7000,7000,7100,7200
423,200,600,400,400,500,500,700,800,800,900,1000,1000,1100,1100,1300,1300,1300,1400,1500,1600,1600,1700,1000,1800,1900,1700,2000,2100,2200,2200,2200,2400,2400,2500,2600,2600,2700,2700,2800,2900,3000,3000,3100,3200,3300,3300,3400,3400,3600,3600,3700,3800,3800,4000,4000,4000,4100,4200,4200,4300,4400,4400,4600,4600,4700,4700,4800,4900,4900,5000,5100,5200,5200,5400,5400,4100,5500,5600,5700,5700,5700,5900,5900,6000,6100,6200,6300,6300,6400,6400,6400,6600,6700,6700,6800,6900,6900,7000,7100,7100
424,200,400,400,400,600,500,600,700,800,800,900,1000,1000,1100,1100,1200,1300,1400,1400,1500,1600,1700,1800,1800,1900,2000,2000,2100,2100,2200,2300,2400,2400,2500,2600,2700,2700,2800,2800,3000,3000,3100,3200,3200,3300,3400,3400,3500,3500,3900,3700,3800,3900,4000,3900,4100,4200,4200,4200,4300,4600,4700,4500,4600,4700,5000,4800,4900,4900,5100,5900,5200,3200,5300,5300,5500,5500,5500,5700,5700,5800,5900,5900,6700,6100,6200,6300,6400,6400,6400,6500,6600,6700,6700,6800,6900,7000,7000,7100,7200
425,200,200,300,500,500,600,600,700,700,900,900,1000,1100,1100,1200,1200,1300,1400,1500,1500,1700,1700,1800,1800,1900,1900,2100,2100,2100,2200,2300,2400,2400,2600,2600,2700,2800,2800,3600,3700,3800,3800,4000,4100,4100,4200,4300,4400,4500,4600,4700,4700,3800,3900,4000,4100,4200,4200,4300,4300,4400,4500,4600,4700,4700,4800,4800,4900,4900,5100,5200,5200,5200,5400,5400,5500,5600,5600,5700,5800,5800,6000,6000,6100,6100,6200,6300,6400,4900,8100,6500,6600,6700,6700,6800,6900,5400,5100,6700,5500
426,400,200,300,400,400,600,600,700,700,800,900,900,1000,1100,1200,1200,1200,1300,1400,1500,1600,1700,2200,2500,2700,2800,2900,3100,3400,3200,3300,3400,3200,6000,3600,3000,4000,2800,3700,2500,2000,3100,3100,3200,3100,2400,3400,3500,3600,3600,3800,3700,4600,4000,4000,4100,4200,4200,4200,4300,4400,4500,4600,4600,4700,4800,4900,4900,4900,5100,5200,5200,5300,5300,5400,5400,5500,5700,6700,5800,3600,5900,6000,6100,6100,6100,6300,6300,6400,6500,6600,6600,6700,6800,6800,6900,7000,7000,7100,7200
427,200,300,400,400,500,500,700,800,800,800,800,900,1000,1100,1200,700,1300,1000,1400,1500,1700,1700,1700,1900,1800,1900,2000,2100,2200,2200,2300,2300,2500,2500,2600,2700,2700,2800,2900,2900,3000,3000,3100,3200,3300,3300,3400,3500,3600,3600,3700,3700,3900,3900,4000,4000,4100,4200,4300,4400,4400,3400,4500,4700,4700,4700,4900,4900,5000,5000,5200,16600,5300,5300,5500,5500,5600,5600,5600,5800,5800,5900,5900,6000,6100,6200,6200,6300,6300,6500,6500,6600,9300,9500,9500,6900,7000,7000,7100,7200
428,200,300,300,300,600,600,600,700,700,800,900,900,1000,1100,1100,1200,1200,1300,1500,1500,1600,1600,1700,1800,2700,2500,2900,3100,3000,3000,3200,3300,3400,3100,3600,3800,3900,3400,4100,4100,18300,4300,4300,4500,4600,4100,2100,4900,4900,4300,4300,4300,4400,4600,4600,4500,4800,4800,4800,4800,5000,5100,5100,6500,6600,6600,6100,6800,7100,7200,6300,7200,7300,7500,7600,5500,5600,5600,5800,7400,5800,4500,5600,6100,3900,6200,8500,8900,8400,8300,6600,6600,6700,6800,6800,6800,7000,7000,7100,9400
429,200,300,400,400,500,500,600,700,800,900,1400,1100,1000,1100,1000,1100,1600,1400,1400,1500,1500,1000,3800,1800,1900,1900,2000,2000,1900,2300,2300,1400,2400,2500,2600,7000,3200,3500,3500,3500,3600,3700,3900,3700,3900,3800,4000,4200,4100,4300,4300,4500,4400,4600,4600,4600,4800,4700,4900,4900,4900,5100,5100,5200,5300,5400,5500,5500,5500,5600,5700,5800,5900,5900,5900,5500,5500,5600,5600,5700,5800,5900,6000,6000,6100,6100,6200,6200,6400,6400,6500,6500,6600,6700,6800,6900,9700,9900,10000,9100
430,400,400,600,600,700,800,900,1000,1100,1100,1300,1300,1400,1500,1500,1800,1800,2000,2000,1900,2300,2400,2500,2600,2600,2800,2900,2900,3000,3200,3200,3400,3400,3100,3700,3700,2900,2900,2900,3000,3100,3100,3100,3200,3300,3300,3400,3500,3600,3600,3700,3800,3800,4000,4000,4100,4100,4200,2600,4400,3100,4500,4500,4600,4700,4700,6800,7000,7100,7100,6900,7300,7300,7500,5500,5400,5500,5600,5800,5700,5900,5900,6000,6000,6100,6100,6200,6300,6400,6500,6500,6600,6600,6700,6800,6900,6900,8800,10000,9100
431,200,300,400,400,500,500,600,600,800,900,900,1000,1100,800,1200,1300,1400,1400,1500,1500,1600,1700,1800,1800,1900,2000,2000,2100,2200,2200,2400,2400,2500,2500,2600,2600,2800,2800,3000,3100,2300,1800,3100,3200,1900,3400,7500,2200,4000,3000,4200,4300,5200,4800,17200,4800,5100,5300,4300,5000,6100,5100,5600,5900,6300,6200,6500,6900,6400,5100,6800,5200,5400,5400,5500,5500,5500,5600,5700,5800,5800,6000,6000,6100,6000,6100,6200,6300,6400,6400,3900,6700,6600,6700,6800,6900,7800,7100,7100,7100
432,100,200,300,500,800,500,800,700,700,900,900,1000,1000,1100,1100,1200,1300,1400,1400,1500,1600,1700,1700,1900,1900,1900,1600,2200,2200,2200,3300,2400,2400,2500,2600,2600,2700,2800,2800,2900,3400,3100,3100,3200,3300,3400,3400,3500,3600,3600,3700,3700,3800,3900,4500,4600,4800,4800,4800,4900,5000,5100,5200,5100,5300,5200,5300,5400,5700,5600,5600,5800,8600,5400,5400,5400,5500,5700,5700,5800,5900,5900,6000,6100,6100,6200,6200,6300,6500,6400,6600,6600,6700,6800,6800,6900,7200,7100,7100,7400
433,200,400,400,400,600,600,700,700,800,800,900,1000,1100,1200,1200,1200,1300,1700,1900,1500,1600,1700,1800,1800,1900,1900,2000,2100,2100,2200,2300,2300,2400,2500,2500,2700,2700,2800,2800,2900,3000,4000,3100,3300,4400,4200,4300,4400,4500,4500,4600,4700,4800,5500,4900,5100,5100,5300,4300,4300,4500,4400,4600,4600,4700,4700,4800,4900,5000,5000,5100,5200,5300,5300,5400,5500,5500,5700,5700,5700,5800,5900,6000,6000,6200,6200,6300,6300,6400,6500,6500,6700,6700,6700,6800,6900,6900,7000,7100,7100
434,200,200,400,400,800,600,600,700,700,800,900,900,1000,1200,1200,1200,1300,1400,1400,1600,1600,1700,11300,1800,1900,2000,2100,2200,2100,2200,2400,2400,2500,2600,2600,2700,2800,2800,2800,3000,3100,3100,3200,3200,3300,3400,3500,3500,3600,3600,3700,3700,2400,3900,4000,4100,4200,4200,4300,4300,4400,4400,4500,4700,4700,4800,4800,4900,4900,5100,5100,5200,5300,5400,5500,5500,5500,5600,5800,5800,5800,5900,6000,6000,6200,9200,6300,6400,6400,6500,6500,6600,6700,6800,6900,4100,7000,7000,7200,7200
435,200,300,300,400,500,600,600,600,800,800,900,1000,1000,1100,1200,1200,1400,1300,1400,1500,1700,1700,1800,1800,1900,1900,2200,2300,2200,2300,2200,2400,2500,2500,2500,3100,2700,3300,2900,2900,3000,3000,3100,3200,3300,3400,3400,3500,3500,3700,3700,3700,3900,3900,4000,4000,4100,4200,4200,4400,4400,4400,4500,4600,4700,4800,4800,4900,5000,5100,5100,5200,5300,5400,5400,5800,5600,5700,5600,5700,5900,5900,6000,6300,6100,6200,6200,6300,6400,6500,6500,6700,6700,6700,6800,6900,6900,7000,7100,7200
436,200,300,300,500,500,600,700,700,800,800,900,1000,1000,1200,1100,1200,1300,1300,1500,1500,1600,1600,1700,1800,1800,1900,2000,2100,2100,2200,2300,2300,1800,2500,2600,2700,2700,2800,2800,2900,3000,3100,3200,3300,3300,3400,3400,3500,3600,3700,3700,3800,3900,4000,4000,4000,4200,4200,4200,4400,4500,4600,4500,5700,5900,5900,6100,5800,6200,6300,6400,6400,6500,6700,6800,6800,6900,7100,7100,7200,7300,7400,7500,7600,7600,7700,7800,7900,8100,8000,6600,6600,6600,6700,6800,6800,6900,7000,7000,7200
437,200,300,300,400,400,600,600,600,700,800,800,1000,1000,1100,1200,1200,1300,1900,1400,1600,1600,1700,1700,1800,1900,1900,2000,2100,2400,2300,2300,2400,2400,2600,2600,2700,3500,2800,2900,3000,3000,3000,3200,3200,3200,3300,3400,3400,3600,3700,3700,3700,3900,3900,4000,4100,4100,4200,4200,4400,4500,4500,4600,4600,4800,4900,4800,4900,5000,5100,5200,5200,5300,5300,5400,5500,5500,14200,5700,5700,5800,5900,6000,6100,6100,6100,16600,6300,6400,6500,6500,6600,6700,6700,6800,6800,6900,7000,7200,7200
438,200,300,300,400,500,500,600,600,800,900,900,900,1000,1100,1100,1200,1300,1400,1400,1500,1600,1700,1800,1900,1800,1900,2000,2100,2100,2200,2300,2400,2400,2600,2600,2700,2700,2800,2800,2900,3000,3100,3100,3200,3300,3400,3400,3500,3500,3700,3800,3800,3900,3900,4000,4100,4200,4200,4200,4300,4500,4500,4500,5700,5900,6000,4900,4900,5000,5000,5100,5200,5300,5400,5400,5500,5600,5600,5700,5700,5800,5900,6000,6100,6100,6200,6300,6300,6400,6500,6500,6700,6800,6800,6900,8000,6900,7100,7100,7200
439,100,300,300,300,400,600,800,900,1100,1000,1200,1300,1300,1300,1500,1500,1700,1700,1800,1900,2200,2100,2300,2300,2600,2600,2600,2600,2900,2700,2800,3000,3000,3100,3100,3200,3100,3500,3400,2900,3000,3100,3100,3200,3300,3700,3400,3500,3600,3700,3700,3800,3900,3900,4000,4100,4100,4200,4300,4400,4500,4500,4500,4700,4700,4800,4800,5000,6300,6300,6500,6500,6700,6700,6800,6900,7000,7100,7100,7200,6900,6900,7500,7600,7600,7800,7900,8000,8000,8000,8200,8200,8400,8400,8600,8600,8700,8800,8800,9000
440,200,300,500,500,700,700,800,900,1000,1100,600,1200,900,1100,1300,1200,1300,1400,1400,1600,1600,1700,1800,1800,1800,2000,2000,2100,2100,2200,2500,2400,2500,2500,2900,2700,2700,2800,2900,2900,3000,3100,3100,3200,3400,3300,3500,3500,3600,3700,3700,3700,3800,3900,6100,4100,4100,4200,4300,4400,4400,4400,4600,4600,4800,4800,4900,23800,4900,5000,5100,5200,5300,5400,5500,5500,5600,5600,5800,5800,5900,5900,6000,6000,6200,6200,6300,6300,6400,6500,6600,4600,6700,6800,6800,7000,20300,7100,7200,7200
441,200,300,300,400,400,500,600,700,700,800,900,1000,1000,1100,1200,1300,1300,1400,1400,1500,1500,1700,1700,1900,1900,2000,2000,2100,2200,2300,2400,2400,2500,2600,2600,2700,2900,2800,2800,1700,3000,3000,3200,3200,3200,3300,3400,3500,3500,3600,3700,3800,3800,4000,4000,4100,4100,4100,4300,4300,4500,4500,4500,4700,4700,4700,4800,4900,4900,5100,5200,5200,5300,5400,5400,5500,5600,5600,5700,5800,5900,5900,5900,6000,6100,6200,6200,6400,6400,6500,6600,6600,6600,6800,6800,6800,7000,7100,7100,7200
442,300,400,400,400,500,600,700,800,800,900,800,900,1000,1100,1200,1300,1300,1400,1600,1600,1600,1600,1800,1800,2000,2000,2200,2100,2200,2300,2400,2400,2400,2500,2600,2700,2700,2800,2800,3000,2900,3100,3200,3300,3200,3400,3400,3500,3500,3600,3700,3800,3900,4000,4000,4000,4200,4200,4300,4300,4400,4500,4600,4600,4700,4800,4900,4900,5000,5100,5200,5200,5200,5400,5400,5500,5500,5600,5700,5800,5900,6000,6000,6000,6100,6200,6200,6300,6400,6400,6500,6600,8200,6700,6800,6900,7400,7000,7100,7200
443,300,600,300,400,500,600,700,700,800,800,900,1000,1000,1100,1200,1200,1300,1300,1400,1600,1600,1700,1800,1900,1900,2000,2000,2100,2100,2300,2300,2400,2500,2500,2600,2600,2700,2200,2900,3000,3000,3100,3200,3200,3300,3400,3500,3500,3600,3600,3700,3700,3900,3900,4000,4000,4100,4200,3400,4300,4400,4500,4600,4600,4700,4700,4900,4900,4900,5100,5100,5200,5300,5300,5400,5600,5600,5600,5700,5800,5900,5900,6000,6000,6100,6200,10900,6400,6500,6500,6600,6700,6700,7000,6800,6900,7000,7000,7100,7300
444,200,300,300,500,600,600,700,700,800,900,900,1000,1100,1000,1200,1200,1200,1300,1400,1600,1600,1700,1800,1700,1900,2000,2200,2100,2200,2200,2200,2300,2400,2500,2600,2600,2800,2800,2900,2900,3000,3000,3100,3200,3200,3300,3400,3500,3500,3700,3700,3800,3800,3900,4000,4100,4100,4200,4300,4300,4500,4500,4500,4600,4700,4800,4800,5000,4900,5100,5100,4200,5900,5300,5400,5500,5500,5600,5700,5700,5800,5900,6000,6100,6100,6200,6200,6300,6400,6500,6500,6600,6700,6700,6800,6900,6900,7000,7100,7200
445,200,300,400,500,500,600,600,700,700,800,900,1000,1000,1100,1100,1300,1200,1400,1400,1500,1700,1700,1800,1800,1900,2000,2000,2100,2100,2200,2300,2300,2500,2500,2600,2600,2700,2800,2800,2900,3000,3100,3200,3200,3200,3300,3500,3600,3600,3600,3700,3800,3800,3900,4000,4100,4200,4200,4300,4300,4400,4400,4500,4600,4600,4900,4900,5000,5000,5100,5100,5200,5200,5400,5500,5500,5600,5600,5700,5800,5800,5900,6000,6100,6100,6200,6200,6900,6500,6500,3900,6600,6600,6900,5600,4000,4100,4100,4100,4200
446,100,200,200,400,200,300,300,400,400,500,600,600,600,1100,1100,6400,1300,1400,800,900,900,900,1000,1100,1200,1200,2000,1200,2200,1400,1400,1400,2600,2500,2600,2700,2700,2800,2900,2800,2900,3000,3200,3200,3200,3300,3400,3500,3500,3600,3700,3800,3800,3900,3900,4000,4000,4200,4300,4300,4400,4500,4500,4600,4700,4700,4800,14300,4900,5000,5100,5200,5200,5400,5300,5500,5500,5500,5800,5800,5900,6000,6000,6000,6100,6200,6200,6200,6400,6500,6500,6600,6700,6700,6800,16200,7000,7000,7100,7200
447,200,200,300,400,500,500,600,700,700,800,800,900,1000,1100,1200,1300,1300,1400,1400,1500,1600,1700,2400,2500,2500,1900,2000,1300,2100,2200,2300,12500,2400,2600,2600,2600,2700,2800,2900,3000,3100,3100,3200,3200,3400,3300,3500,3500,3500,3700,3700,3800,3900,4000,4100,4100,4100,4300,4300,4400,4400,4500,4600,2800,2900,4800,4800,4900,5000,5100,5100,5100,5300,5400,5400,5500,5600,5600,5700,16800,5800,5900,6000,6000,6100,6200,6300,6400,6400,6400,6500,6600,6700,6800,6900,6900,7000,7100,7100,7200
448,200,400,400,800,700,700,700,900,1200,1100,1100,1300,1400,1400,1400,1600,1600,1700,1800,1900,2000,2700,2200,2300,2000,1900,2000,2000,2200,2200,2300,2300,2800,2500,2600,2800,2800,2800,2900,2900,3000,3000,3200,3200,3300,3400,3500,3500,3600,3600,3700,3700,3800,3900,4000,4000,4100,4200,4300,4300,4500,4400,4600,4600,4700,4800,4800,4900,4900,5100,5100,5200,5300,5300,5400,5400,5500,5600,5700,5700,14400,5900,6000,6000,6100,6200,6300,6300,4300,6500,6500,6600,6700,6700,6800,6800,6900,7000,7100,7100
449,100,300,300,400,500,600,600,600,700,800,900,1000,1000,1100,1200,1200,1300,1300,1500,1300,1600,1700,1700,1800,1900,2000,2000,2000,2200,2300,2300,2400,2400,2400,1600,1600,2800,2800,2900,2900,3000,3100,3200,3200,3300,3300,3400,3500,3500,3600,3700,4400,4400,4600,4600,4700,4800,4800,4900,4900,5200,5000,5100,5200,5300,5400,5500,5500,5600,5600,5800,5900,5700,6000,5900,6100,6200,6200,6300,6300,6400,6500,6600,6100,6100,6100,6300,6400,6400,6500,6500,6600,6700,6800,17800,6900,7000,7000,7100,7100
450,200,300,400,400,400,600,600,700,700,800,900,900,1000,1100,1200,1200,1300,1300,1400,1500,1600,1700,1700,1800,1800,1900,2000,2100,1600,2200,2300,2500,2400,2500,2600,2700,2700,2800,2900,2900,3000,3100,3100,3200,3300,3300,3500,3600,3500,3600,4900,3800,3800,3900,4100,4100,4200,4200,4200,4300,4400,4500,4600,4600,4600,4800,4800,4900,5000,5000,5200,9200,5300,5300,5400,5600,5600,5600,5700,5700,5800,5900,5900,6000,6200,6200,6200,6300,6500,6400,6600,6600,6700,6700,6800,6900,6900,7000,7100,7200
451,200,300,400,500,500,500,700,700,800,800,900,1000,1100,1100,1200,1200,1300,1400,1400,1500,1600,1600,1700,1900,1900,1900,2000,1600,2200,2200,2300,2400,2400,2500,2600,2700,2700,2700,2900,2900,3000,3000,3100,3200,3300,3400,3400,3500,3600,3700,3700,3800,3900,3900,4000,4100,4200,2500,4300,4300,4400,4500,4500,4600,4800,4800,4800,5000,5000,5000,5100,5200,5300,5300,5400,5400,5500,5700,5700,5800,5900,5800,5900,6000,6100,6200,6200,6400,6400,6400,6500,6600,6600,6700,6800,6900,6900,7400,7100,7500
452,200,300,400,400,500,600,600,700,800,800,900,900,1000,1500,1200,1300,1300,1400,1400,1600,1600,1600,1700,1800,1900,2000,2100,2000,2100,2200,2300,2400,3000,3100,3200,3300,3400,3500,4400,3600,3700,3800,3200,3300,3300,3400,3500,3500,3600,3600,3700,3800,3900,3900,4000,4000,4100,4200,4300,4400,4400,4500,4500,4600,4700,4700,4900,4900,4900,16400,5200,5200,5300,5400,5400,5400,5500,3400,5700,5800,3500,6000,3600,3500,6100,3700,3700,16800,3800,3800,3800,6600,3900,4000,4000,6900,4000,4100,7100,9100
453,200,300,300,400,400,600,600,700,700,800,900,1000,1000,1100,1200,1300,1300,1300,1500,1500,1600,1700,1700,1700,1900,2000,2000,2000,2300,2200,2300,2300,2500,2500,2600,2600,2800,2800,2800,2900,3000,3000,3200,3200,3300,3400,3500,3600,3500,3700,3700,3700,3800,3900,4000,4000,4200,4300,4300,4300,4400,4500,4600,4600,4700,4700,4800,4900,5000,5000,5100,5200,5300,5300,5400,5800,7000,5600,5700,5800,5800,5900,5900,6000,6100,6200,6200,6300,6400,6500,6500,6600,6700,6700,6800,6800,6900,7100,7100,7100
454,100,400,300,300,500,600,600,600,800,800,800,1000,1000,1000,1200,1200,1300,1400,1500,1500,1600,1400,1700,1800,1900,1900,2000,2100,2200,2200,2200,2400,2400,2500,2600,2700,2700,2800,2900,3000,3000,3100,3100,3300,3200,3300,3500,3700,3600,3700,3700,3800,3800,4000,4000,4000,4100,4200,4200,4400,4400,4600,4600,4600,4600,4800,4900,4900,5000,10100,5200,5200,3200,5300,5400,5600,5500,5600,5700,5800,5800,5800,6000,6100,6100,6200,6300,6400,6500,6500,6500,6600,6700,6800,6900,6900,6900,7000,7200,7200
455,200,400,400,500,500,600,700,700,600,1000,900,1000,1000,1100,1200,700,1400,1300,1400,1500,1600,1600,1800,1800,1900,2000,1900,2100,2100,2200,2200,2300,2400,2500,2600,2600,2700,2800,2900,2900,3000,3200,3100,3200,3300,3400,3400,3600,3600,3600,3600,3700,3900,3900,4000,4100,4200,4200,4200,4400,4400,15400,4500,4600,4700,4700,4800,4900,4900,5000,5100,5200,5300,5300,5400,19900,5600,5700,5700,5700,5800,5900,5900,6100,6100,6100,6300,6400,6400,6400,6600,6600,6700,6800,6800,6900,6900,7000,7100,7200
456,200,200,300,400,300,600,600,700,700,900,800,1000,1000,1100,1200,1200,1300,1400,1500,1500,1700,1700,1700,1800,1800,2000,2000,2100,2500,2500,2300,2400,2500,2500,2600,2700,2700,2800,2900,2900,3000,3000,3100,3200,3300,3400,3500,3500,4900,3700,3700,3800,3900,4000,4000,4100,4100,4200,4300,4300,4400,4500,4600,4600,4600,4700,4800,4900,4900,5000,5100,5200,5300,5300,5500,5500,5500,5500,5800,5800,5900,5900,5900,6100,6100,6200,6300,6300,6400,6400,5400,6600,6700,6800,6700,6900,7000,7000,7000,7200
457,200,200,300,400,400,500,900,900,900,1100,1200,1200,1300,1400,1400,1600,1700,1800,1800,1800,2000,2300,2400,2400,2600,2500,2600,2600,2700,2900,2900,2800,2900,3800,3900,4300,2800,3300,2800,3000,3000,3100,3100,3300,3300,3300,3400,3500,3600,3700,3700,3800,3800,3900,4100,4100,4100,4200,4300,4300,4400,4400,4600,4700,4700,4800,4900,4900,5000,5100,5100,5200,5300,5400,4100,5600,7200,5700,5700,5800,5900,5900,6000,6000,6100,6200,6200,6300,6400,6500,6500,6700,6800,6800,6800,6800,7000,7000,7000,7200
458,200,300,300,400,500,500,600,700,800,800,900,900,1000,1200,1200,1200,1300,1400,1400,2200,1100,1200,2200,2400,2500,2700,2000,2700,2800,2700,2400,2400,2500,2500,2600,3200,3800,10500,10500,2900,3100,3000,3200,3200,3300,3500,3500,3500,3600,3600,3700,3800,3900,4000,4000,4000,4100,4200,4200,7500,4900,5200,5100,5200,5300,5300,5500,5400,5600,5600,5700,5800,5300,5300,5400,5500,3300,5600,5700,5800,5800,5900,5900,6000,6100,6200,6300,6300,6300,6400,6600,6500,6600,6800,6800,6800,7000,7000,7100,7200
459,200,200,400,400,500,600,700,700,700,900,900,1000,1000,1100,1100,1300,1300,1400,1400,1500,1600,1700,1700,1800,1900,1900,2000,2000,2200,2200,2300,2400,2500,2500,2600,2600,2700,2800,2800,2900,3000,3100,3200,3200,3300,3300,3300,3500,3600,3600,3700,3800,3900,3900,5200,4100,4200,4200,4300,4300,4400,4400,4500,4600,4700,4700,4800,4800,4900,5200,5000,5100,5300,5300,5400,5500,5500,5600,5700,5800,5800,5900,6000,6000,6100,6200,6200,6400,6400,6400,6600,6600,6700,6700,6800,6800,7000,7000,7000,7100
460,100,400,300,400,500,500,600,700,800,900,900,1000,1000,1100,1100,1200,1300,1400,1400,1500,1600,1600,1800,1800,1900,1900,2000,2100,2100,2200,2300,2300,2400,2500,2600,2700,2700,2800,2900,2900,2900,3000,3100,3200,3200,3400,3400,3500,3500,3700,3700,3800,3800,3900,4000,4100,4100,4200,4200,4300,4400,4500,4600,4700,4600,4800,4800,19300,5000,5100,5100,5200,5300,5300,5400,5500,5500,5600,5700,5700,5700,5900,6000,6000,6100,6200,6200,6300,6400,6500,6600,6500,6600,6800,6800,6900,6900,7000,7100,7100
461,100,200,400,400,500,600,600,700,800,800,900,1000,1100,1000,1100,1200,1300,1300,1500,1500,1600,1600,1800,1800,1800,1900,2000,2000,2200,2200,2300,2400,2400,2500,1500,2700,2700,2800,2900,3000,3000,3100,3200,3200,3300,3400,3400,3500,3600,3600,3700,3700,3800,3900,3900,4100,4100,4200,4300,4400,4400,4500,4600,4600,4700,4800,4800,4900,5000,5000,5200,5100,5300,5300,5400,5500,5500,5700,5700,5800,15300,5900,6000,6100,6100,6200,6200,4500,6400,6500,6500,6700,6700,6700,6900,6900,6900,7100,7100,7200
462,200,300,200,400,400,600,600,600,800,800,900,1000,1000,1100,1100,1200,1300,1300,1400,1500,1500,1700,1800,1800,1900,1900,2100,2100,2100,2200,1500,2400,2400,2600,2700,2700,2700,2800,2900,2900,3100,3100,3200,3200,3200,3400,3500,3500,3500,3600,3700,3800,3800,3900,4000,4600,4700,4300,4900,5000,5100,4500,4600,4600,4700,4700,4800,4900,5000,5000,5100,5200,5300,5300,5400,5500,5500,4500,5700,5800,19200,5800,6000,6000,6100,6200,6200,6300,6400,6400,6500,6600,6700,6700,6800,6800,6900,7000,7100,7200
463,200,300,300,400,600,500,700,700,800,800,900,1000,1000,1100,1100,1300,1400,1400,1500,1500,1600,1600,1800,1900,2000,1900,1200,2100,2200,2200,2300,2400,2400,2500,2700,2600,2800,2800,2800,3000,3000,3000,3100,3200,3400,3500,3500,3500,3600,3600,3700,3700,3900,3900,3900,4000,4200,4200,4300,4400,4400,4400,4600,4900,4700,4800,4800,4900,4900,5100,4300,4200,11500,4100,5400,5400,5600,5600,5700,5800,5800,5900,6000,6000,6100,6100,6200,6300,6300,6500,6500,6500,6700,32800,6800,6900,7000,7000,7100,7100
464,100,300,400,500,400,600,600,800,800,1100,900,900,1300,1400,1400,1600,1700,1700,1900,1900,2100,2100,2300,2200,2400,2400,2500,2200,2700,2800,2900,2900,3100,3100,3200,16100,3400,3500,3600,3700,3800,3800,3900,4000,4100,4200,4300,4400,3500,3600,3700,3800,3800,3900,4000,4100,4200,4800,4900,5000,4500,5100,5100,5200,5300,5400,5500,5600,5600,5600,5700,5700,5800,5900,5900,6200,6200,6300,6400,6300,6400,6500,6600,6600,6700,6700,6300,6300,3800,6500,6500,6500,6700,6700,6800,6900,7000,7100,4200,7200
465,200,300,300,400,500,600,700,700,800,800,900,1000,1000,1100,1200,1200,1300,1400,1500,1600,1600,1600,1700,1800,1900,1900,2000,2100,2100,2200,2300,3200,2400,2500,2600,2700,2700,2800,2900,2900,3500,3100,3300,3200,3300,3400,3500,4100,4200,4300,4400,4300,4300,4600,4600,4700,4700,4900,4800,4900,5100,5000,5200,5200,5300,5300,5400,5400,5600,5500,5500,5700,5700,6100,6100,6100,6200,6200,3600,5800,5900,5800,6000,6000,6100,6200,6300,6300,6400,6400,6500,6600,6600,6800,6800,6900,7000,7100,7100,7200
466,200,200,400,400,400,500,600,700,800,800,900,900,1000,1100,1200,1300,1300,1500,1400,1500,1700,1000,1700,1900,1900,2000,2000,2000,2200,2200,2300,2400,2500,2500,2500,2600,2700,2800,2900,2900,3000,3200,3100,3200,3300,3300,3400,3800,3600,3600,3700,3800,3800,3900,4000,4000,4100,4200,4300,4400,4500,4500,4600,4600,4800,4800,4800,5100,5000,5400,5200,5600,5300,5300,5300,5500,5500,5600,5700,5700,5900,5900,6000,6000,6000,6200,6300,6300,6400,6500,6500,6600,6800,6700,6900,7000,6900,7000,7000,7100
467,100,400,300,400,500,500,700,700,800,800,900,900,1000,1500,1200,1200,1300,1400,1400,1600,1600,1700,1700,1800,1900,2000,1900,2100,2100,2200,2300,2400,2500,2500,2600,2700,2700,2800,2900,2900,3000,3100,3200,3200,3300,3300,3500,3500,3600,3600,3700,3800,3800,4000,4000,4100,5100,13600,4200,4300,4400,4500,4600,4600,4700,4800,4800,4900,5000,5000,5100,5200,5300,5400,5400,5400,5600,5600,5800,5800,5800,5900,6000,6000,6100,6100,6300,6400,6400,6600,6500,7300,7300,7400,7500,8200,7500,7700,8800,7200
468,200,300,400,400,500,500,600,700,800,800,800,1000,1000,1100,1100,1300,1300,1300,1400,1500,1500,1700,1800,1800,1900,2000,2100,2100,2100,2200,2300,2300,2400,2500,2700,2700,2700,2800,2800,3000,3000,3100,2500,4100,3400,3400,3400,3500,3600,3600,3600,3800,3900,4000,3900,4100,4200,4200,4200,4400,4400,4600,4600,4600,4700,4800,4800,4900,4900,5000,5100,5200,5200,5900,4200,5500,5500,5700,5800,5700,5800,5900,6000,6000,6100,6100,3700,6400,6400,6500,6500,6500,6700,6700,6800,6800,7000,7000,7100,7200
469,100,300,300,400,500,600,600,700,700,800,800,900,1000,1100,1200,1200,1300,1400,1500,1500,1600,1600,1800,1800,1800,1900,2000,2100,2100,2300,2300,2400,2500,2500,2600,2600,3000,2800,2900,2900,3100,3000,3100,3200,3200,3400,3300,3500,3500,3700,4100,10400,3900,3900,4200,4100,4300,5000,4300,4200,6100,6100,5600,6200,5900,6100,5400,4900,6800,6700,7100,6400,7300,7600,7300,5600,5500,5600,4300,5800,3600,5900,6000,6000,6100,6100,6200,6300,6400,6400,7100,6600,6700,6800,6800,6900,6900,7000,7200,7200
470,200,300,400,500,600,500,600,700,700,800,900,900,1000,1100,1200,1200,1300,1300,1500,2000,1700,1700,1800,1800,1900,1900,1600,2100,2100,1300,2400,2400,2400,2500,2600,2700,2700,2800,2900,3000,3000,3200,3200,3300,3300,3300,4800,3500,3600,5300,3700,3800,3900,4000,5200,5600,5000,4200,4300,4300,4400,4600,4500,4600,4700,4700,4800,4900,5100,5000,5100,5300,6500,5300,5400,5500,5500,5600,5700,5700,5800,3500,7400,7000,12800,21800,8300,8800,9100,6500,9500,8900,6700,6800,6800,8700,9700,9200,9800,9600
471,200,300,400,700,600,500,700,600,900,900,900,900,1000,1100,1200,1200,1300,1300,1400,1500,1600,1700,1700,1800,1900,2400,2000,2200,2200,2300,2300,2400,2500,2600,2600,2700,2800,2800,2900,3000,3000,3100,3200,3200,3300,3400,3700,3600,3600,3600,3700,3800,3900,3900,4000,4000,4200,4200,4300,2700,4400,4500,4600,4600,4700,4800,4800,4900,5000,5100,5200,5200,5300,6600,6800,6800,6900,7000,7100,7200,7200,7300,7400,7500,7700,7700,3700,8000,8000,8100,8100,8200,8400,8500,9100,8600,8700,4300,8900,9900
472,200,400,400,500,600,700,700,800,900,1000,1100,1200,1300,1400,1500,1600,1600,1700,1800,1900,2000,2100,2200,2300,2300,1200,1200,2100,2200,2300,3000,3000,3000,3200,3300,3200,3300,3500,3500,3800,3700,3700,3800,3700,3800,4000,4000,4100,4100,4300,4400,4300,4500,4500,4600,4700,4600,4800,4800,4900,4900,5000,5100,5100,5200,5400,5300,5600,5600,5600,5700,5300,5300,5400,5400,5500,5600,5600,5700,5700,5800,5800,5900,6100,6100,6200,6200,6300,6400,6600,6800,6600,6600,6800,6800,6900,7000,7000,7100,7200
473,200,300,400,400,500,500,600,700,800,500,900,900,800,1200,1200,1200,1400,1400,1500,1500,1600,1600,1700,1700,1800,1900,2100,2100,2200,2200,2300,2300,2400,2500,2500,2700,2700,2800,2900,2800,3000,3000,3100,3200,3300,3300,3500,3600,3600,3600,3800,3800,3800,3900,4000,4000,4100,4300,4200,4300,4400,4400,5200,4700,4700,4800,4900,5000,5000,5000,5100,5200,5300,5300,5500,5400,5500,5700,5700,5900,5800,5900,6000,6100,6100,6200,6300,6300,6400,6500,6600,6600,6700,6800,6900,6900,7000,7000,7100,11900
474,300,400,600,600,700,700,900,600,500,800,900,1000,1100,1200,1100,1200,1300,1400,1500,1600,1700,1700,1700,1900,1900,2000,2000,2100,2200,2300,2400,2400,2400,2500,2600,2700,2700,2800,2900,3000,3000,3100,3200,3200,3300,3400,3500,3500,3600,3700,3700,3700,3900,6500,4000,4000,4100,4200,4300,4400,4500,4600,4600,4600,4700,4700,4800,4900,5000,5000,5100,5100,5300,5400,6000,5500,6100,6200,6100,6200,6300,6400,6400,6600,6200,3700,6300,6300,6400,6500,6500,6600,6700,6800,6900,4300,7000,7000,7100,7200
475,200,400,400,400,500,500,700,700,800,800,900,1000,1000,1100,1200,1300,1300,1800,1800,2000,2000,2100,2200,2300,10900,2500,2500,2600,2700,2700,2900,3000,2500,2500,2600,2700,2600,2700,2900,2900,3000,3100,3100,3200,3300,3300,3400,3500,3500,3600,3700,3800,3800,3900,4000,4100,4000,4200,4300,4300,4400,4400,4500,4700,4800,4700,4800,4900,4900,5000,5100,5200,5300,5300,5400,5400,7900,5600,5700,3600,5900,5900,5900,6000,6100,6200,6200,6300,6400,6500,6500,6600,6700,6700,6800,6900,6900,7000,7100,7200
476,200,300,400,400,500,500,600,800,800,900,900,1000,1000,1100,1200,1200,1300,1400,1400,1600,1600,1700,2600,2900,2800,2000,2100,2100,2200,2300,2300,2400,2500,2500,2600,2700,2700,2900,2900,2900,3000,3100,3100,3300,3300,3400,3400,3500,3500,3600,3700,3800,3800,3900,4000,4100,4200,4200,4200,4300,4300,4500,4600,4600,4700,4800,4900,4900,4900,5000,5100,5200,5200,5300,5400,5500,5500,5600,5700,5800,5800,5900,7300,6000,6000,6200,6200,6300,6400,6500,6500,6600,6700,6700,4100,7400,7600,7700,7800,7800
477,300,400,500,500,700,800,800,800,700,800,900,900,1000,1000,1100,1200,1300,1300,1400,1500,1600,1600,1800,1800,1900,1900,2100,2000,2200,2300,2300,2300,2700,2500,2600,2700,2600,2800,2800,2900,3000,3000,3500,3200,3200,3400,3400,3500,3600,3600,3700,3800,3800,3900,4000,4000,4100,4200,4300,4300,4400,4500,4600,4600,4700,4800,4800,4800,3000,5000,5100,5200,5300,5300,5400,5400,5600,5600,5700,5800,5800,5900,6000,6000,6100,6200,6300,6300,6300,6400,6500,6600,6700,6700,6800,7000,6900,6900,7100,7700
478,300,500,500,600,600,800,700,800,1000,1000,1100,1200,1300,1500,1400,1700,1500,1600,2000,1900,1900,2100,2300,2500,2400,3200,3300,3500,3400,3400,3300,3500,3700,3800,3800,4100,4300,4000,4000,4200,4200,4700,3100,3200,3300,3400,3400,3500,3600,3600,3700,3700,3800,4000,4000,4100,4200,4200,4200,4400,4500,4500,4700,4700,4700,4700,4900,4900,4900,5100,5100,5200,8500,5300,5400,5500,5600,7000,7100,7200,7300,7400,7400,6000,6200,18500,6200,6400,6400,6500,6500,6700,6600,6800,6800,6900,7000,7100,7000,7100
479,200,300,300,400,700,600,700,800,1000,1000,1100,1200,1300,1400,1400,1600,1600,1700,1800,1900,1700,1700,2200,1900,1900,1900,2000,2600,2700,3600,2900,3000,3100,3200,3200,3300,3400,3500,3500,3700,3700,3800,3900,4000,4200,5600,4600,4100,3600,3600,3700,3800,3900,3900,4000,4100,4100,4200,4200,4300,4400,2700,4500,4600,4700,4700,4800,4900,4900,5000,5100,5200,5200,5400,5400,5400,5500,5600,5700,5800,5800,5900,6000,6000,6100,6200,6300,6400,6400,6500,6600,6600,6700,6700,6800,6900,7000,7100,7100,7200
480,200,300,400,400,500,500,600,700,700,800,900,1000,1100,1100,1100,1200,1300,1400,1500,1600,1600,1700,1700,1800,1800,1900,2000,1600,1300,2800,2900,2400,2500,2500,2700,2600,2800,2800,2900,3000,3000,3100,3100,3200,3300,3400,3500,3500,3500,3600,3700,3800,3900,4000,4000,4000,4200,4200,4300,4400,4400,4500,4600,4600,4800,4700,4900,4900,5000,5000,5200,5100,5300,5400,6000,6000,6100,6200,4500,5700,6200,5900,6100,6100,6100,3700,6300,6300,6400,6400,6500,6600,6700,6700,6800,6800,7000,7000,7100,7200
481,100,300,400,500,500,500,600,700,800,800,1300,1100,1100,17100,1500,1300,1300,1400,1400,2000,1600,1600,1700,1800,1900,1900,2000,2100,6500,3100,2300,3100,3200,3600,3400,2300,2800,4400,2900,3900,3000,3800,4400,4500,4200,3900,4800,4100,4200,4200,4400,4400,4500,4500,4700,4700,4800,4900,4300,4400,4900,4500,4600,4700,4600,4700,4800,4900,4900,5000,3000,5800,3200,5400,5400,5500,5600,5600,5600,5800,9500,7200,6000,6000,6100,6100,6200,6300,6400,6400,6500,6700,6700,6800,6800,6900,7000,7000,7100,7100
482,200,300,300,400,500,800,600,700,800,800,900,1000,1000,1000,1200,1300,1300,1400,1500,1500,1700,1700,2200,1800,1900,1900,2500,2600,2700,2800,3000,3000,3100,2500,2600,2700,2800,2800,2800,2900,3000,3100,3100,3200,3300,3300,3500,2400,3600,3600,3700,3800,3900,3900,4000,2500,4100,5200,5700,6700,7000,6700,4500,5900,5900,5900,6000,6100,6200,6300,3800,6500,6600,6600,6700,6900,7000,7000,7100,7300,7300,7400,7500,7600,7600,7800,7900,7900,7900,8100,8100,8300,8300,8400,8500,8600,8700,8800,8800,8900
483,200,300,300,400,500,500,600,700,700,800,900,1000,1000,1100,1100,1800,1300,1500,1400,1500,1500,1700,1800,1800,1900,1900,2000,2100,2200,2200,2300,2300,2400,2500,2600,2600,2700,2800,2900,2900,3000,3100,3100,3200,3300,4000,3400,3500,3600,3700,3700,3800,3900,3900,4000,4100,4100,4200,4300,4300,4400,4400,4500,4600,4700,4800,4800,4900,5000,5000,5200,5200,3100,5300,5400,5400,5500,5600,5700,5800,5800,5900,6000,6000,6100,6100,6300,6400,9000,7200,7200,7200,7300,7300,7400,8300,7600,7600,7700,7800
484,200,300,400,600,600,600,800,800,900,1100,1200,1200,1400,1300,1400,1600,1700,1800,1400,1600,1500,1600,1700,1700,1800,14800,2000,2000,2200,2200,2200,2300,2400,2500,2500,2600,1600,3100,2100,2300,2100,2300,3700,4400,4400,4800,4800,5000,5100,5200,5300,5200,5400,5600,4600,4600,4700,4800,4800,4900,5000,5300,4600,4700,4800,4700,4700,4800,4900,5000,5100,5200,5300,5300,5400,6700,6800,5900,6300,6300,6300,6500,6400,6600,6700,6800,6900,6900,6900,7100,7000,7300,7300,7300,7400,7600,7500,7600,7600,7200
485,300,600,400,600,500,500,600,700,700,900,900,900,1000,1100,1200,1200,1300,1700,1700,1800,2000,1700,2000,1800,2100,2200,2000,2100,2200,3300,3300,3400,3300,2500,3000,2700,2700,2800,2900,3000,3000,3000,3200,3200,3300,3400,3400,3500,3600,3700,3700,3200,3800,3900,4000,4100,5200,5200,5000,5100,5800,5700,6500,6600,6600,6500,6600,6900,7000,6700,5600,5200,5300,5400,5400,5500,5600,8800,5800,5800,5900,6100,6000,6100,8500,6200,6200,7600,6400,6500,6500,6600,6800,6700,6700,6900,7100,7000,5100,7100
486,200,300,400,500,500,600,800,900,1000,1100,1200,1300,1600,1100,1300,1700,8200,2000,2000,2200,2400,2400,1800,2200,2700,2000,2000,2000,2200,2300,2300,2900,3000,2500,2600,2600,2700,2800,2800,2900,3000,3100,3200,3200,3200,3400,3400,3500,3500,3600,3700,3700,3800,3900,4000,4100,4200,4200,4200,4300,4400,4500,4600,4600,4800,4800,4800,4900,5000,5100,5100,5200,5900,3700,5500,5500,5500,5600,5600,5800,5800,5900,6000,6000,6200,6300,6300,6300,6400,6500,6600,6600,6700,6700,6700,7000,7000,7000,7100,7200
487,200,400,400,800,500,600,600,700,1000,800,1500,1300,1100,1100,1100,1200,1300,1400,1500,1600,1600,1600,1800,1800,1800,2000,2000,2100,2200,2200,2300,2300,2400,2500,2500,2700,2700,2700,2900,3000,3000,3000,3200,3200,3200,3400,3400,3400,3600,3600,3700,3800,3800,3900,3900,4000,4200,4200,4200,4300,4400,4600,4600,4700,4700,4800,4800,4900,5000,5100,5100,5100,5200,5400,5400,5500,5500,5600,9000,7900,8100,5900,5900,6100,6200,6100,6300,6400,6400,6500,6600,6600,6600,6700,6800,6800,6900,7100,7100,7200
488,200,300,400,600,500,600,500,800,800,800,500,900,1000,1100,1200,1300,1300,1400,1500,1600,1600,1700,1800,1800,2000,2000,2100,2100,2200,2300,2300,2400,2500,2600,2600,2600,2800,2900,2800,3900,3500,3100,3200,3200,3300,3300,4100,4200,4800,4200,3700,3800,3900,4000,4000,4100,4100,4200,4200,4400,4400,4500,4500,4700,4700,4800,4800,4900,4900,5000,5200,5200,5300,5300,5400,5500,6300,5700,5600,5800,5800,7400,7400,7500,7600,9500,7800,7900,8000,8600,8200,8700,8300,8500,8600,8600,8700,8900,8900,8900
489,300,400,500,500,600,800,800,1000,1000,1100,1200,1100,1300,1500,1400,1500,1600,1800,1700,1900,2000,2000,2300,2500,2500,2600,2700,2100,2200,2300,2300,3200,3000,3100,3300,3400,3500,3500,3500,3600,3800,3800,4000,4000,4200,4200,4300,4400,4500,4600,4600,4700,4800,4900,5000,5100,5700,5200,5400,5500,4400,4500,4500,4700,4700,4800,4800,4900,5000,5100,5200,5200,5400,5400,5500,5600,3300,3400,3400,3400,3400,3500,3500,5300,6100,3700,3700,6300,3800,6500,3800,3900,3900,3900,5500,4000,7000,4200,7100,7200
490,100,300,500,400,500,600,600,700,700,900,900,1000,1000,1100,1200,1200,1300,1500,1500,1200,900,1700,1800,1800,2000,2000,2000,2100,2300,2200,2400,2400,2500,2600,2600,2600,2800,6700,2800,2100,3100,3100,3200,3200,3300,3400,3400,14500,3600,3700,3800,3800,3900,3900,4000,4100,4200,4200,4300,4400,4500,4700,4500,4700,4700,4700,4800,4900,5000,5100,5100,5200,5200,5300,5400,5400,5500,5600,5700,5800,5900,5900,19400,6200,6100,6100,6300,6300,6400,6400,6600,6600,6600,6800,6900,6900,16900,8400,8800,25500
491,300,600,500,600,700,700,800,900,900,1000,1100,1300,1300,1400,1500,1500,1700,1700,1800,1900,900,1000,1000,1800,1100,1200,1100,1200,1200,1200,2300,2400,2400,2500,2500,2600,2700,2800,2900,2900,3000,3100,3200,3200,3300,3400,3400,3500,3600,3600,3700,3800,5300,4000,4000,4100,4100,4200,4200,4300,4400,4500,4600,4600,4600,4700,4800,4900,5000,5100,5100,5200,5300,5300,7200,6900,6900,7000,7100,7200,7300,7400,7400,7600,7700,7800,7800,7900,8000,8100,8100,8300,8400,8400,8000,8100,8700,8900,8300,8400
492,200,300,300,400,600,700,800,800,1000,1100,1100,1200,1300,1400,1500,1600,1700,1800,1800,1900,2000,2100,2200,2400,2300,2500,3100,2600,2600,2800,3000,2900,3100,5100,3300,2700,2800,2900,2900,3000,3000,3100,3200,3300,3300,3400,3500,3600,3600,3700,3700,3800,3900,3900,4000,4100,4200,4200,4200,4400,4300,4500,4600,4600,4600,4700,4900,4900,5000,5100,5100,5200,5200,4800,5400,5500,5500,5600,5700,5800,5900,5900,6000,6100,6100,6200,6300,6400,6400,6400,6600,6700,6700,6800,6800,6900,6900,7100,7100,7100
493,200,300,300,400,500,500,600,700,800,800,800,1000,1100,1200,1200,1100,1300,1400,1500,1500,1500,1600,1800,1800,1900,1900,1900,2100,2100,2200,2300,2500,2400,2500,2500,2700,2700,2800,3900,3800,3600,3800,3800,3700,3900,3900,4000,4000,4100,4200,4300,4400,4300,4400,4500,4600,4600,4800,4800,5000,5000,5900,4600,4600,4700,4700,4800,4900,5000,5100,5000,5200,5300,15300,5400,5500,5600,5600,5700,5800,5700,5900,6000,6100,6100,6100,6300,6300,6300,6400,6500,6600,6700,6700,6900,6900,6900,7000,7100,7200
494,200,300,300,400,500,500,700,700,700,800,800,1000,1000,1100,1100,1200,1300,1300,1400,1500,1500,1600,1700,1800,1800,1900,2000,2100,2200,2200,2200,2300,2400,2500,2600,2700,2700,2700,2800,2900,3000,3100,3100,3200,3300,2400,4000,4200,4200,4300,4300,4400,4500,4600,4900,4700,4700,4500,4700,4300,4500,4500,4500,4600,4700,4700,4800,4900,5000,5000,5100,5200,5200,5400,5400,5400,5500,5500,5700,5800,5800,5900,6000,6000,6100,6200,6300,6300,8100,7000,6500,6600,7200,6800,6700,6900,7000,7000,7100,7100
495,200,300,400,400,600,500,600,11000,700,800,900,1000,1000,1100,1200,1300,1300,1400,1500,1500,1600,1600,1700,1800,1900,2000,2100,2100,2200,2300,2200,2300,2400,2500,2800,2600,2800,2800,2900,2900,3000,3000,3100,3200,3300,3400,3300,3500,3600,3700,3700,3800,3800,3900,3900,4000,4100,4200,4300,4300,4400,4400,4500,4700,4600,4700,4900,4900,5100,5200,5100,5200,8200,5500,5500,5400,5600,5700,5700,5800,5800,6000,6100,6100,6100,4900,3600,3700,6500,6500,6500,6600,6700,6800,6800,6800,6900,7100,7000,7200
496,200,200,300,300,500,600,500,700,1000,900,900,1000,1100,1100,1200,1200,1900,1400,1500,1500,1600,1600,1700,1900,1900,2000,2100,2100,2200,2300,2300,2300,1600,2400,2500,2700,2700,2800,2800,2900,3000,3000,3200,3100,3300,3300,3400,3400,3600,3600,3700,3800,3800,3900,4000,4100,4100,4200,4300,4300,4400,4400,4600,4700,4700,4800,4800,4800,4900,5000,5200,5100,5200,5300,5400,5500,5600,5700,5700,4200,5900,5900,6000,6000,6200,6100,6200,6300,6400,6400,6500,6600,6600,6800,6900,6900,7000,7000,7100,7200
497,200,300,400,500,500,500,600,700,800,800,900,900,1100,1100,1200,1300,1300,1400,1500,1500,1600,1700,1800,1200,1900,1900,2000,2100,2200,2200,2300,2300,2700,2600,2900,2700,2700,3100,3200,3200,3400,3100,3200,3100,3300,3300,3400,3500,3500,3700,3700,3800,3900,4000,4000,4100,4100,4200,4300,4400,4400,4500,4600,4500,4600,4800,4800,5000,5000,5100,5100,5200,5300,5300,5400,5500,5600,5600,5600,5800,5800,6000,5900,6000,6100,6100,6200,6300,6400,6400,6500,6500,6700,6700,6800,6900,6900,7000,7000,7100
498,200,200,300,400,400,500,500,700,800,900,900,1000,1000,1100,1200,1200,1200,1400,1400,1500,1700,1700,1800,1800,1900,1900,2100,2100,2200,2200,2300,2300,2400,2500,2600,2700,2700,2700,2900,2900,3000,3100,3200,3200,3300,3400,3500,3500,3600,3600,3700,3700,3900,3900,4000,4000,4200,4300,4300,4400,4400,4600,4500,4600,4700,4700,4800,4900,5000,5000,5000,5200,5200,5300,5400,5500,5500,5600,5700,5800,5900,5800,6000,6000,6100,6200,6200,14700,6400,6500,6500,6600,6700,6700,6800,6900,7000,7100,7100,7200
499,200,300,300,700,500,600,700,700,800,800,900,1000,1000,1100,1200,1200,1300,1400,1400,1500,1600,1600,1700,1800,1900,1900,2000,2100,2200,2200,2300,2300,2400,2500,2600,2700,2700,2700,2800,2900,3000,3000,3100,3200,3300,3300,3400,3400,3600,3700,3700,3800,3900,5200,4000,4100,4100,4200,4300,4300,4400,4500,4500,4600,4700,4700,4800,4900,5000,5100,5100,5200,5300,5300,5400,5500,5600,5600,5700,5700,5900,5900,6000,6000,6200,6200,6300,6300,6400,6500,6600,6600,6600,6800,6800,6900,7000,7000,7100,7200
500,300,300,300,500,500,500,600,700,800,800,900,900,1100,1100,1100,1300,1300,1400,1400,1500,1600,1700,1700,1800,1900,2000,2100,2000,2100,2200,2300,2300,2500,2500,2600,2600,2700,3500,3600,3700,3800,3000,3200,3200,3300,4200,4300,4400,4400,4500,4600,4700,4900,5000,5000,5000,5200,5300,5300,5400,5500,6100,5700,5800,6600,6000,6100,6200,6300,6300,6500,6400,5300,11800,5500,5600,5600,7000,5700,5700,5800,5900,6000,6000,6200,6300,6200,6400,6500,6500,15800,6700,6700,6800,6800,6800,6900,7000,7100,7100
501,300,300,300,400,400,500,600,600,700,800,800,900,1000,1100,1100,1300,1300,1400,1400,1600,1500,1600,1800,1800,1900,1900,2000,2100,2200,2200,2400,2400,2500,2500,2500,2600,2700,2800,2800,3000,3000,3100,3200,3200,3300,3300,3400,3500,3500,3600,3600,3800,3900,3800,3900,4100,4100,4200,6700,4400,4500,4600,4500,4700,4700,4700,7700,5000,5000,4300,5100,5200,5400,5400,5400,5500,5600,5600,5700,5800,5800,5900,6000,6100,6100,6300,6300,6400,6400,6500,6600,6600,6700,6800,6900,6900,7000,7100,7100,7100
502,200,300,300,400,500,500,600,700,800,800,900,900,1000,1000,1100,1200,1300,1400,800,1500,1600,1700,1900,1800,1900,1900,2100,2100,2200,2200,2400,2400,2400,2500,2600,2700,2700,2800,2900,2900,3000,3100,3100,3300,3300,3400,3400,3500,3600,3700,3800,3900,3800,3900,4000,4000,4100,4200,4300,3100,4400,4500,4600,4700,4700,4700,4800,4900,4900,5000,5200,5200,5200,5400,5300,5500,5600,5600,5600,5700,5800,5800,14300,6000,6100,6200,6300,6400,6400,6500,6600,6600,6700,6700,6800,7000,6900,7100,7100,7200
503,200,300,400,500,800,700,600,800,800,800,900,900,1100,1100,1200,1300,1300,1400,1600,1500,1600,1700,1700,2100,1900,2000,2100,2100,2200,2200,2300,2300,2400,2500,2600,2700,2700,2800,2800,3000,3000,3100,3200,3200,3300,3300,2000,3500,2100,3700,3700,3700,3900,3900,3900,4100,4200,4200,4200,4400,4400,4500,4600,4600,4700,2900,2900,2900,3000,3000,3000,5100,3100,3100,3200,3200,3200,3400,3300,5800,3400,5900,5200,5200,3600,3600,3700,3700,3700,4900,6500,6600,4000,6700,9000,6900,7100,7100,7100,7300
504,200,300,400,400,500,600,600,600,800,800,800,900,1000,1000,1200,1200,1400,1400,1500,1500,1600,1700,1800,1800,1900,2600,13000,2700,2600,2900,2900,3000,3200,3000,3200,3300,2700,2800,2900,2900,3000,3100,3100,3200,3200,3300,3400,3400,3900,3600,3700,3800,3800,3900,4000,4000,4100,4200,4300,4300,4400,4500,4500,4700,13800,4800,4800,4900,5000,5100,5100,5200,5200,5400,5400,5500,5500,5600,5700,5800,5800,5900,5900,6100,6200,6200,6300,6400,6400,6400,6600,6600,6700,6800,6800,6900,7000,7100,7300,7200
505,200,200,400,400,500,500,600,700,800,800,900,1000,1100,1100,1200,1300,1400,1300,1400,1500,1700,1700,1800,1800,1900,2000,2000,2100,2200,2200,2900,3000,3100,3200,3200,3300,3500,3500,3500,3700,3800,3800,3900,4000,4000,4200,4300,4300,4400,4500,4700,4700,4800,4600,4700,4900,4900,4900,5100,5100,5200,5300,5300,5400,5500,4700,4900,4900,5000,5100,5100,5200,5300,5300,5400,5600,5500,5600,5700,5800,5900,5900,6000,6100,6200,6200,6200,6300,6400,6500,6600,6700,6700,6700,6900,6900,7000,7100,7100,7200
506,200,400,400,400,500,500,600,700,800,800,800,1000,1000,1100,1200,1300,1300,1500,1500,1600,1700,1700,1800,1800,1900,2000,2000,2100,2200,2300,2300,2400,2500,2500,2700,2700,2800,2800,2800,2900,3000,3600,3200,3200,3300,3300,3400,3400,3500,3600,3700,3800,3900,3900,15200,4000,4100,4200,4300,4400,4400,4500,4500,4600,4700,4700,4800,5000,4900,5000,5200,5100,5300,5400,5400,5500,5500,5600,5700,14500,5900,5900,6000,6000,6100,6200,6300,6300,6500,6500,6500,6600,6700,6700,6700,6800,18700,7000,7100,7100
507,100,300,300,400,500,600,600,600,700,800,800,1000,1000,1000,1100,1200,1200,1400,1500,1500,1500,1700,1700,1900,1800,2000,2600,2600,2700,2800,2300,2400,1400,2400,2600,2600,2700,2700,2800,2900,3000,3200,3100,3200,3200,3300,3400,3500,3500,3600,3700,3700,3800,3900,4000,4100,4100,4200,4200,4400,4400,4600,4500,4700,4700,4800,4900,4900,5000,5100,5200,5200,5200,5200,5400,5400,5500,5600,5700,5800,5800,5900,5900,6000,6100,6100,6200,6300,6400,6500,6500,6600,6700,6700,6800,6900,6900,7100,7100,7200
508,200,300,300,400,500,500,600,700,700,800,900,1000,1000,1100,1100,1200,1300,1300,1400,1500,1600,1700,1700,1900,1900,2000,2100,2100,2200,2200,2300,2400,2500,2500,2600,2600,2700,2800,2900,3000,3000,3100,3200,3200,3300,3300,3500,3400,3600,3700,3700,3800,3800,4000,4600,4700,4700,4700,4900,5000,5100,5100,5100,5300,5200,5400,5400,5500,5600,5600,5700,5200,5300,5300,5400,5400,5500,5600,5800,5700,5800,5900,5900,6000,6100,6200,6200,6300,6300,6500,6600,6600,14500,6800,6800,6900,6900,7000,7100,7100
509,200,300,400,400,400,500,600,700,800,800,900,900,1000,1100,1200,1200,1400,1400,1400,1500,1200,1700,1700,1800,1900,2000,2000,2100,2100,2200,2300,2300,2500,2400,2600,2700,2700,2800,2900,2900,2900,3000,3100,3200,3300,3300,3400,3500,3500,3600,3700,3700,3800,3900,3900,4000,4100,4200,4300,4300,4400,4500,4600,4600,4700,4800,4800,4900,5100,5100,5100,5100,5200,5400,5400,5500,5500,5700,5800,5800,5800,5800,6000,6100,6100,6200,6200,6200,6400,6500,6500,6600,6700,6800,6800,6900,6900,6900,7100,7100
510,300,300,400,500,500,600,600,700,800,800,900,1000,1000,1100,1100,1200,1300,1300,2000,1900,2000,2100,2500,2600,2600,2500,2700,2700,3000,2900,2900,2900,2600,2500,2500,2600,2700,2800,2800,2900,2900,3000,3200,3200,3300,3400,3400,3500,3600,3700,3700,3800,3800,3900,4000,4100,4100,4300,4300,4400,4400,4500,4500,4600,4700,4800,4800,4900,4900,5000,5100,5200,5300,5300,5400,5400,5600,6800,5800,5700,5800,5900,6000,8000,6100,6200,6300,6300,6400,6500,6500,6600,6700,6800,6800,6900,7000,16600,7100,7200
511,200,300,400,400,400,700,400,700,800,800,900,900,1200,1200,1200,1300,1200,1300,1400,1600,1600,1600,1700,1800,1900,2000,2000,2100,2100,2200,2300,3400,2500,2500,2500,2600,2700,2800,2900,2900,3000,3900,3900,3300,3200,3300,3400,3500,3600,3700,3700,3700,3800,3900,4000,4000,4100,15400,4300,4400,4500,4500,4600,4600,4700,4700,4900,4900,4900,5000,5100,5200,5300,5400,5400,5500,5500,5700,5700,5800,5900,5900,6000,6000,6200,6100,6200,3800,6400,6500,6500,6500,6700,6800,6800,6800,6900,7000,7100,7100
512,200,300,400,400,500,600,600,700,700,700,900,900,900,1000,1200,1200,1300,1400,1400,1500,1600,1700,1700,1800,1800,1900,2000,2000,2200,2200,2300,2400,2500,2600,3000,2700,2700,1600,2800,2900,3100,3000,3100,3200,3200,3300,3400,3400,3500,3600,3700,3800,3900,3900,3900,4100,4200,4200,4300,4300,4400,4400,4400,4600,4600,4900,4700,4900,5000,5000,5100,5200,5300,5400,3100,5400,3900,5600,5600,5800,5800,5900,6000,6000,6100,6200,6200,6300,6400,6500,6500,6600,6600,6700,6900,6900,7000,7000,7000,7200
513,200,300,300,400,400,500,600,700,700,800,900,1000,1000,1200,1200,1200,1400,1400,1500,1800,1600,1700,1700,1800,1900,1900,2000,2100,2100,2200,2400,2400,2500,2600,2600,2600,2800,2800,2900,2900,3100,3100,12500,3200,3300,3300,3700,3500,3500,3600,3700,3800,3800,3900,4000,4100,4400,4200,4200,4400,5200,4500,7100,4800,3200,4800,4800,4900,4900,5100,5100,5300,5300,5300,5400,5500,5500,5600,5700,5700,5800,5900,5900,6000,6200,7800,7800,8000,8000,8000,8200,8300,8400,8500,8600,8600,8800,7100,7100,7200
514,100,300,400,400,600,500,600,600,800,800,900,900,1000,1000,1100,1200,1200,1400,1400,1600,1600,1600,1800,1800,1900,2000,2100,2100,2200,2200,2300,2400,2400,2500,2500,2700,2700,2700,3000,2800,3000,4000,3200,3200,3700,3300,3400,3500,3600,3600,3700,3800,3900,13800,4000,4100,4100,4200,4300,4300,4400,4500,4500,4600,4700,4800,15200,4900,4900,5100,5200,5200,5200,6400,5500,5400,7000,7000,7200,7200,7300,7400,7400,7600,7600,7700,7900,7800,8000,8100,6600,6600,7100,6800,6900,6900,6900,8700,8800,9000
515,300,400,500,500,600,800,1200,800,900,1000,1100,1200,1200,1400,1500,1500,1200,1200,1000,1300,1000,1700,2400,2200,2000,1900,2000,2600,2700,2800,2900,3000,3100,3100,3200,3300,3400,3600,4000,3700,3800,3100,3200,4000,4100,4200,4300,4300,21100,4600,4600,4700,4800,4900,5000,5000,5100,5200,5200,5400,5500,5600,5700,5800,5800,6000,6000,6200,6200,6300,6400,6500,6600,6700,6700,6800,6900,7000,7100,7200,7300,7400,7400,7500,8000,7700,10300,7900,8000,8700,8700,6600,6700,6800,6900,6900,7000,7100,7200,7200
516,200,300,400,500,600,600,800,900,900,1000,1100,1200,1200,1400,1400,1600,1600,1700,1800,1900,2600,2100,1800,1900,1900,2000,2000,2100,2200,2200,2400,2400,2500,2500,2600,2600,2700,2800,2800,3300,3000,3100,3200,3200,3300,3300,3400,3500,3500,3600,3700,3800,3800,3900,4000,4000,4000,4200,12400,4400,4400,4400,5300,4600,4700,4800,4900,4900,5000,5000,5100,5200,5300,5300,5500,5500,5500,5600,5700,5800,3800,5900,6200,6800,6300,6200,6300,6400,6400,6500,6500,6600,6700,6800,6800,6900,7000,7000,7200,7200
517,200,300,400,400,500,600,900,700,700,800,1100,800,1100,1100,1200,1300,1400,1400,1500,1600,1600,1700,1800,1800,1900,1900,1900,2000,2200,2200,2200,2400,2500,2500,2600,2700,2800,2800,2800,2900,3100,3000,3100,3200,3300,3400,3400,3500,3600,3600,3600,3700,3800,3900,4000,4100,4100,2500,4300,4400,3000,4400,4500,4600,4600,4800,4800,4900,4900,5100,5600,5800,5800,6100,5900,6100,6100,6100,6200,6300,6400,6400,6600,6700,6600,6800,7000,6900,6900,7000,7000,7100,7300,7300,7400,7400,7500,7600,7600,7900
518,300,400,500,500,600,700,1000,900,900,1100,1100,1200,1300,1300,1400,1200,1300,1400,1400,1500,1600,1700,1800,1800,1900,1900,2000,2000,2100,2200,2300,2400,2400,2600,2600,2700,2700,2800,2800,10400,3100,3000,3100,3200,3400,3400,3400,3500,3500,3700,3700,4400,3900,3900,4000,4100,4100,4200,4600,4300,4400,4500,5300,4700,4800,4800,4800,4800,15600,5000,5100,5200,5300,5300,5400,5400,5600,5500,5600,5700,5800,5800,6000,6100,6200,6100,6200,6400,6400,6500,6500,6500,6700,6800,6700,7000,6900,7100,7100,7200
519,100,200,300,500,500,600,600,700,500,800,900,1000,1100,1100,1200,1200,1300,1300,1500,1500,1700,1600,1700,1800,1800,2000,2000,2200,2200,2400,2300,2300,2400,2600,2700,2600,2700,2800,2800,3000,3000,3100,3500,3300,3600,3300,3500,3500,4700,3600,3700,3800,3900,4000,3300,5300,4100,4200,4300,4300,4400,4500,4600,4700,4600,4800,4800,4900,5000,5000,5100,5200,5300,5400,5400,5500,5600,5600,5700,5800,5900,6000,6000,6100,6100,6300,6300,6300,6400,6400,6600,6700,6700,6800,6800,6900,7000,7100,7200,7200
520,100,200,400,500,600,600,600,600,700,800,900,1000,1000,1100,1100,1200,1300,1300,1400,1600,1600,1600,1800,1800,1900,1900,2000,2000,2200,2200,2300,2300,2500,2500,2600,2700,2700,2800,2800,2900,3000,3000,3100,3200,3200,3400,3500,6000,3600,3600,3700,3800,3900,3900,4000,4100,4100,4200,4400,4400,4400,4400,4500,4600,4600,4700,4800,5000,5000,5000,5100,5200,5200,5400,5400,5500,5600,5600,13000,5700,5900,6000,6000,6100,6200,6300,6300,6300,6400,6500,6500,6600,6700,12600,6800,6900,7000,7000,7100,7200
521,200,300,300,400,500,600,600,700,800,800,900,1000,1000,1100,1200,1300,1300,1400,1500,1500,1600,1700,1800,1900,1900,2100,2000,2100,2100,2200,2300,2400,2500,2500,2600,8900,2700,2900,2800,3000,3100,3100,3100,3200,3300,3400,3500,3600,3600,3600,3700,2200,3900,3900,4100,4100,4100,4200,4300,4200,4300,4400,4500,4500,4700,4700,4800,4900,5000,4900,5100,5100,5300,5300,5400,5500,5600,5600,3400,5800,5800,5900,6000,6000,6100,6300,6200,6300,6500,6600,3900,6600,6700,4300,6800,6900,7000,7000,7100,7200
522,100,300,300,500,500,500,600,700,800,800,900,1000,1000,1100,1200,1200,1300,1400,1400,1500,1600,1700,1800,1800,1800,1900,25600,2700,2700,2800,2800,3000,3000,3100,3200,3200,3300,3400,3500,3000,3000,3000,3100,3200,3300,3300,3400,3400,3500,3700,3600,3700,3800,3900,3900,4100,4100,4200,4200,4400,4400,4500,4600,4600,4700,4800,4800,4900,5000,5000,5100,5200,5300,5300,5400,5500,5600,5600,5700,5800,5800,5900,6000,6000,6200,6200,6300,6400,6400,6500,6600,16800,6600,6700,6800,6900,6900,7000,7100,7200
523,100,300,400,500,500,600,600,700,700,800,1000,1000,1000,1100,1200,1300,1300,1400,1400,1600,1600,1700,1700,1800,1900,1900,2000,2100,2200,2300,1700,2400,2400,2500,2500,2600,2700,2800,2800,3000,3000,3000,3100,3200,3300,3300,3400,3500,3600,3600,3700,3700,3900,3900,4000,4100,4200,4200,4300,4300,4400,4400,4500,4600,4700,4700,4800,4900,5000,5000,5100,5100,5300,5400,5400,5500,5700,5600,5700,5800,5800,5900,6000,6100,6200,6100,6300,6400,6500,6500,6500,6700,6700,6800,6900,6900,6900,7100,7000,7200
524,100,300,400,400,500,500,600,600,700,900,900,1000,1000,1100,1200,1200,4300,1400,1500,1600,1600,1600,1700,1800,1900,2000,2000,2200,2200,2200,2300,2300,2400,2400,2500,2700,2700,2800,2800,3000,3000,3100,3200,3200,3300,3300,3500,3500,3500,3600,3700,3800,3800,4000,4000,4100,4200,3200,4200,4300,4400,4400,4600,4600,4700,4800,6700,6500,5000,5100,5100,5200,5300,6800,6800,6800,7000,20100,7100,7200,7300,7400,7500,7600,7600,7800,7900,7900,8000,8200,8200,8300,8300,6700,4000,4000,4100,7700,7900,7700
525,100,400,500,600,600,700,800,900,1000,1000,1100,1200,1300,1400,1400,1500,1600,1700,1700,1900,2200,2300,2100,2500,2400,2500,2600,2700,2800,2800,2800,3000,3200,3000,3100,1800,3300,3500,3800,3000,3800,3100,3100,3200,3300,3400,3400,3500,17900,3600,3600,3800,3800,3800,3900,4100,4100,4100,4300,4300,4400,4500,4600,4600,4700,4700,4900,4900,5000,5000,7000,5300,5200,5400,5400,5500,5600,5700,5700,5800,5800,5900,6000,3900,6200,6200,6200,6400,6400,6400,6400,6600,6600,6800,6900,6800,7100,7000,7000,7200
526,200,300,300,500,500,500,600,700,800,800,900,1000,1000,1200,1100,1300,1300,1400,1400,1600,1500,1700,1700,1800,1800,2000,2000,2200,2100,2200,2300,2400,2400,2500,2700,2700,2700,2800,2900,2900,3000,3200,3100,3200,3300,3400,3400,3500,3600,3700,3700,3800,3800,4000,4000,4100,4200,4200,4300,4400,4500,4400,4500,4600,5600,5200,5400,5600,4200,5100,5100,5200,16800,5300,5400,5500,5600,5600,5700,5700,5800,6000,6000,6100,6100,6300,6300,6300,6400,6500,6500,6600,6700,6800,6800,6900,7000,7000,7100,7200
527,200,300,300,500,500,500,600,1000,1000,1100,900,700,700,1100,1200,1200,1300,1400,1500,1500,1500,1700,1700,1700,1800,1900,2000,2100,2200,2300,2300,2400,2400,2500,2600,2700,2700,2800,2900,3000,3000,3100,3100,3200,3300,3400,2000,3600,2100,3600,2200,2200,7200,3900,3900,4000,4200,4300,4200,4300,4300,4500,4500,4600,4700,4800,4800,4800,5000,5000,5100,5200,5300,5400,5400,5500,5500,5700,5700,5800,5800,5800,6000,6000,6100,6200,4700,6300,6400,6500,6500,6600,6700,6700,7300,6900,6900,8800,8800,9000
528,200,400,400,500,600,600,700,900,900,1000,1100,1100,1200,1400,1300,1600,1700,1700,1900,1900,2000,2100,2200,2200,2300,2400,2500,2600,1300,2300,2200,3200,3300,2600,2600,2700,2700,2700,2800,2900,3000,3100,3200,3200,3300,3400,3500,3500,3500,3600,3700,3800,3800,3900,4000,4100,4100,4200,4300,4500,4400,4500,4600,4600,4700,4800,4800,5000,5000,5000,5100,3400,5300,5400,5500,5500,5600,5600,5600,5800,5800,5900,6000,6100,6100,6100,6200,6300,6300,6400,6600,6600,6700,6800,6800,7000,6900,7100,7100,7200
529,200,200,300,400,500,500,500,700,800,800,900,900,1000,1100,1200,1200,1300,1400,1400,1600,1700,1700,1700,1800,1900,2500,2700,2700,2800,2700,2900,2800,3000,3200,3300,3300,3200,3400,3600,3400,3700,3600,3700,3800,3900,4000,4100,4200,4200,4200,4400,4500,4500,4500,4600,4700,4800,4700,4900,5000,5000,5100,2800,4700,4700,4900,4800,4900,5000,5100,5200,5300,5300,5300,5400,5400,5600,5700,5700,5800,5800,5900,6000,6000,6100,6200,6200,6300,6400,6500,6600,6600,6700,6800,6900,6800,7000,7100,7100,7200
530,200,300,300,400,500,400,700,800,700,800,900,1000,1100,1100,1200,1200,1300,1400,1500,1600,1600,1700,1700,1900,1900,1900,2000,2100,2200,2200,2300,2300,2500,2500,2600,2600,2700,2800,2800,2900,3000,3100,3100,3200,3200,3400,3400,3500,3600,3600,5200,3800,3800,3900,4000,4100,4100,4200,4300,4400,4400,4500,4500,4600,4700,4700,4800,4900,5900,5100,5100,5200,5300,5400,5500,5500,5500,5700,5700,5800,5900,6000,6000,6100,6200,6200,6200,6300,6400,6500,6500,6600,6600,6700,6900,7000,6900,17300,7100,7200
531,200,300,400,400,500,500,500,600,700,800,800,1000,1100,1100,1100,1200,1300,1300,1500,1500,1600,1700,1700,1800,1800,1900,2000,2100,2100,2200,2200,2400,2400,2500,2600,2600,2700,2700,2900,3000,3000,3000,3500,3200,3300,3400,3400,2000,3600,3600,3700,3800,4800,3900,3900,4100,5200,5300,5400,5400,5500,5600,5600,5800,5800,5900,6000,6100,6300,6300,6400,6500,6600,6700,6700,6900,6900,7000,7200,7200,7300,7400,7400,7600,7600,7700,7800,8000,8000,8100,8100,8300,8300,8400,8500,8600,8600,8800,8800,8900
532,300,300,500,500,600,700,800,900,900,1100,1000,1000,1400,1400,1500,1600,1700,1700,1900,1900,2000,2200,2200,2200,2400,2400,2500,2600,2700,2800,2800,3100,3000,3100,3300,3700,3500,3500,4100,3700,3800,4400,4000,4000,21100,2000,3400,3500,3600,3700,3700,3800,3900,3900,5800,4100,4100,4100,4300,4400,4500,4500,4600,4600,4700,4800,4900,4900,5000,5000,5200,5300,5300,5400,5500,5500,5500,5700,5700,5800,6900,5900,5900,6100,6100,6200,6200,6300,6400,6500,6600,6600,6700,6800,6700,6800,7000,7000,7100,7200
533,100,300,300,400,400,500,600,700,700,800,1200,1000,1000,1100,1100,1200,1300,1400,1500,1600,1600,1700,1700,1800,1900,1900,2100,2100,2200,2200,1700,2400,2500,2500,2600,2700,2700,2900,2900,3000,3100,3100,3200,3200,3300,3400,3400,3500,3600,3700,3700,3700,3900,3900,4000,4100,4200,4300,4300,4300,4400,4500,5500,4600,4600,4700,4900,4900,4900,5000,3700,5200,5300,5400,5400,5500,5500,5700,5700,5800,5800,5900,6000,6100,6100,6200,6300,6400,6500,6500,6600,6600,6700,6800,6800,6900,7000,7000,7200,7100
534,200,400,400,400,600,500,700,700,700,800,900,900,1000,1100,1200,1200,1300,1400,1400,2300,1600,1700,1700,1800,1900,2000,2000,2100,2200,2300,2300,2400,2500,2600,2600,2600,2800,2800,2800,3000,3100,3100,3200,3200,3300,2100,3400,3500,3600,3700,3700,3800,3900,4000,4100,4100,4100,4200,4200,2700,4400,4500,4500,4600,20900,4800,4800,4900,5000,5000,5100,5200,5300,5400,5400,5500,5500,5700,5700,5700,5800,5900,6000,6000,6200,6100,6300,6300,6400,6500,6600,6600,6600,6800,6800,6900,6900,7000,7100,7100
535,100,300,500,400,500,500,600,700,800,800,1000,1000,1100,1100,1300,1300,1400,1400,1500,1600,1600,1700,1800,1900,1900,2000,2100,2100,2200,2200,2300,2500,2500,2600,2600,2700,2700,2800,2800,2900,3000,3100,3100,3200,3300,3500,4100,4100,2400,3700,3700,3800,3800,3900,4000,4100,4100,4200,4300,4400,4400,4600,4600,4600,4600,4800,4900,4900,4900,5100,5100,5200,5200,5300,5300,5500,5600,5600,5700,5800,5800,5800,5900,6000,6200,6200,6300,6400,6400,6500,16100,7100,6700,3900,6800,4000,7000,7000,7100,7100
536,300,300,400,400,500,500,700,700,800,900,1100,1300,1600,1400,1500,1600,1600,1800,2100,2200,2000,2200,2300,2400,2600,2600,2600,2700,2700,2800,2900,2900,3000,3100,3200,2700,3200,3300,3700,3000,3000,3000,3100,3100,3300,3400,3400,3400,3600,3700,3700,3800,3800,3900,4000,4000,4200,4200,4300,4300,4400,4400,4600,4600,4700,4800,4800,4900,4900,5000,5100,5200,5300,5400,5400,5500,5600,5600,5600,5700,5800,5900,4200,6100,6500,6500,6300,6400,6400,6400,6600,6600,6700,6700,6800,6900,7000,7000,11800,7200
537,200,200,400,400,500,500,600,700,800,800,900,1000,1000,1200,1200,1300,1400,1400,1500,1500,1600,1600,1800,1800,1900,1900,2000,2100,2200,2300,2300,2400,3100,2600,2600,2700,2700,2800,2800,3000,3000,3100,13500,3200,3200,3300,3400,3500,3500,3600,3800,3700,3800,3900,3900,4000,4100,4200,4300,4400,4400,4500,4600,4700,4700,4700,4800,4900,4900,5000,5000,5200,5200,5400,5500,5400,5500,5600,5800,5900,5900,5900,6000,6100,6100,6100,6300,6300,6500,6400,6600,6600,6700,6700,6800,6900,6900,16400,7100,7100
538,200,300,300,400,600,600,600,600,700,900,900,900,1000,1100,1200,1200,1300,1400,1500,1500,1500,1700,1800,1800,1800,1900,2000,2100,2100,2200,2300,2400,2200,2500,1600,2600,2700,2800,2900,2900,3000,3100,3100,3200,3200,3400,3400,3500,3500,3700,3700,3900,3800,3800,4000,4000,4100,4100,4200,4300,4400,4500,4500,4600,4800,4800,4800,4900,5000,5000,5200,5300,5200,5400,7500,5500,5900,5600,5700,5800,5800,5800,6000,6000,6100,6200,6300,6400,6400,6500,13600,6600,6700,6700,6800,6900,7000,7000,7000,7100
539,200,300,500,300,500,600,600,600,800,900,900,1000,1100,1100,1100,1200,1400,1300,1400,1500,1600,1700,1700,1900,1900,2000,2000,2100,2200,2300,2300,2400,2500,2500,2600,2700,2800,2900,2900,3000,3100,3100,3200,3200,3200,3300,3500,3500,3600,3700,3800,3800,3900,4000,4100,4100,12200,4100,3500,4400,3200,4500,4500,4700,4700,4800,4800,4900,5000,5000,5200,5200,5300,5300,5400,5500,5500,5600,5700,5800,5800,6000,6000,6100,6100,6100,6300,6400,6400,6400,6500,6600,6700,6800,6800,6800,7000,7000,7100,7300
540,300,200,300,400,400,600,700,700,700,800,1000,1000,1100,1100,1200,1200,1400,1400,1400,1500,1700,1700,1800,1800,1900,1900,2100,2100,2100,2200,2400,2300,2400,2600,2600,2600,2800,2800,2900,3000,2900,3100,5400,3200,3400,2300,3400,3500,3600,3600,3700,3700,3900,3900,4000,4000,4100,4100,4200,4300,4400,4600,4500,4600,4600,4800,4800,4900,5100,5000,5200,5100,5300,5300,5300,5500,5500,5700,5800,5700,5900,5900,5900,6000,6100,6200,6300,6300,6300,6500,6500,6600,6700,6800,6800,6900,6900,7000,7100,7100
541,300,200,300,500,400,600,600,700,700,800,900,1000,1000,1100,1100,1300,1300,1400,1500,1600,1600,1700,1800,1900,1900,1900,2000,2000,2200,2200,2300,2500,2400,2500,2700,2700,2800,2700,2800,2900,3100,3100,3100,3300,3200,3300,3400,3500,3600,3600,3700,3700,3900,3900,4000,4100,4200,4200,4200,4300,4400,4500,4600,4600,4800,4800,4800,4800,5000,5000,21700,5200,5300,5400,5400,5500,5500,5600,5600,5700,5800,5900,15600,6000,6100,6200,6200,6400,6400,6400,6500,6600,6600,6700,6800,6800,7000,7000,7100,7200
542,200,300,400,400,500,600,600,600,700,800,1000,1000,1100,1100,1200,1200,1400,1400,1500,1500,1700,1700,1800,1800,1900,1900,2000,2000,2200,2200,2300,2300,2400,2600,2700,3000,2700,2800,2900,3500,3700,3700,3900,3900,4000,4000,13700,4100,4200,4200,4400,4300,4400,4500,4600,5000,4200,4200,4300,4400,4400,4500,4600,4600,4700,4700,4800,4900,4900,5000,5200,5200,5300,5300,5400,5500,5500,5600,5700,5700,5900,5900,6000,6100,6100,6200,6200,6400,6400,6500,6600,6600,6700,6700,6800,6800,7000,4100,7200,7200
543,100,200,400,400,400,500,500,700,800,800,900,1000,1000,1100,1200,1200,1300,1300,1400,1600,1600,1000,1700,1800,1900,1900,2000,2100,2300,2300,2400,2300,2500,2500,2600,2600,2700,2800,3300,3000,3100,3100,3100,3200,3300,3300,3400,3500,3600,3700,3600,3800,3800,3900,3900,4100,4100,4200,4300,4300,4400,12000,4500,4700,4700,4800,4800,4900,5000,5000,5200,5200,5200,5300,5400,3400,5600,5600,5700,5700,5800,6600,5900,6100,6100,6100,6200,6300,6400,6400,6500,6600,6600,6700,6800,6900,6900,7000,7100,7100
544,200,300,300,400,500,500,600,600,700,900,900,1000,1400,600,1100,1400,1300,1400,1500,1500,1600,1700,1800,1800,1900,1900,2000,2100,2200,2200,2300,2300,2400,2500,2600,2600,2700,2800,2800,2900,3000,3000,3100,3200,3300,3300,3500,3500,3600,3600,3700,3800,3900,3900,3900,4000,4100,3100,4200,4300,4500,5000,5100,5200,5300,5400,5300,5400,5100,5000,5200,5200,5200,5300,5300,5500,5500,5700,5700,5700,5800,5900,6000,6100,6100,6100,6200,6300,6400,6500,6500,6600,6700,6700,6800,6900,6900,7000,7100,7200
545,200,300,300,400,300,600,600,400,800,900,900,1000,1000,1100,1100,1200,1300,1400,1400,1600,1600,1700,1700,1800,1800,2000,2000,2100,2100,2200,2300,2400,2400,2500,2600,2700,2700,2800,2900,2900,3000,3100,3200,3300,3300,3300,3400,3600,3500,3600,3800,3800,3900,4000,4000,4100,4200,4200,4300,4300,4400,4500,4600,4600,4800,13800,4800,4900,4900,5000,5100,5100,5300,5300,5400,5400,5500,15800,5700,5800,5800,6000,6000,6000,6100,6200,6300,6300,6400,6400,7800,8400,8400,8400,8500,8000,8600,8700,8800,9000
546,300,300,500,500,700,600,700,800,900,1000,1000,1100,1200,1300,1300,1400,1500,1700,1700,1700,2300,1900,1700,1800,1800,1900,2600,2100,2200,2200,2300,2400,2500,2500,2600,2700,2800,2800,2900,2900,3300,3100,3200,3300,3300,3300,3500,3500,3600,3700,3700,3900,3800,3900,4000,4400,4100,4300,4400,4400,4500,4700,4600,4600,4800,4800,4800,4900,5000,5100,5100,5200,5200,5300,5500,5500,5500,5700,5800,5800,5900,6000,6000,6100,6200,6200,6200,6300,6500,6500,6600,6600,6700,6800,6900,6900,7000,7000,7100,7200
547,400,300,300,400,600,500,400,700,800,900,800,1000,1000,1100,1100,1300,1400,1400,1500,1500,1700,1700,1800,1800,1900,1900,2100,2200,2100,2200,2400,2500,2500,2600,2600,2700,2700,2800,2800,4000,3000,3000,3100,3300,3300,3300,3400,3500,3500,3600,3800,3800,3800,3900,4000,4000,4100,4300,4200,4400,4300,4400,4500,4600,4700,4800,4900,4900,5000,5000,5100,5200,5300,5300,5400,5500,5500,5600,5700,6300,5800,5900,6000,6100,6100,6100,6300,6400,6400,6400,6500,6600,6700,6700,6800,7700,7000,7000,7100,7200
548,200,300,400,400,500,600,600,600,800,800,900,900,1100,1100,1200,1200,1300,1400,1500,1600,1600,1600,1800,1800,1900,1500,2100,2200,2200,2300,2400,2400,2400,2500,2700,2700,2700,2800,2900,3000,3000,1900,3100,3300,3300,3300,3400,3500,3600,3600,3700,3800,3800,3900,3900,4000,4100,4100,4300,4300,4400,4500,4500,4600,4700,4800,4800,5000,5000,5100,5100,5200,5300,5300,5500,5400,5600,5900,5600,5800,5800,8100,5900,6000,6200,6200,6200,6300,6400,6600,6600,6700,6700,6700,6800,6900,6900,7000,7100,7200
549,200,300,400,400,500,400,300,400,400,500,500,500,1000,2300,700,800,800,1500,900,900,1000,1000,1000,1100,1100,1100,2100,1300,2200,2200,2300,2400,2500,2600,1600,2700,2700,2800,2900,2900,3000,3100,3100,3200,3300,3400,3400,3500,3600,3600,2200,2200,2200,3900,2400,2400,2400,2400,3500,2600,2500,2600,4500,4600,2800,20800,5500,5500,5600,5700,5800,5800,5900,6000,6100,6100,6100,5700,5700,5700,5800,6000,6000,6100,6100,6100,6300,6300,6400,6500,6500,6700,6600,6800,7400,7400,7500,7600,7700,7800
550,200,400,500,500,700,700,700,900,900,1100,1200,1300,1300,1200,1400,1200,1600,1600,1800,2100,2100,2300,2400,2500,2600,1200,2100,2100,2100,2300,2300,2400,2500,2500,2600,2700,2700,2800,3000,1700,1800,1800,3200,3200,3400,3400,3400,3500,3500,3600,3700,3800,3800,3900,4000,4000,4200,4300,4300,4400,4400,4400,4500,4600,6600,4700,3300,4500,2900,2900,3000,3000,3100,5300,3200,3200,4700,5700,5700,5800,5900,6000,6000,6100,6200,6200,6200,6400,6300,6600,6500,6700,6700,6800,6900,7000,6900,7000,7100,7200
551,200,300,300,400,400,500,600,700,800,800,900,900,1100,1000,1200,1200,1300,1400,1500,1500,1600,1700,1800,1800,1900,1900,2000,2100,2100,2200,2300,2300,2500,2500,2600,2600,2700,2800,2900,2900,3100,3000,3100,3300,3300,3300,3400,3500,3600,3600,3700,3800,3800,3900,4000,4000,4100,3200,4400,4300,4500,4400,4600,4600,4600,4700,4800,4800,5000,5100,5100,5200,5200,5400,5400,5500,5600,5600,5600,5700,5900,5900,6000,6000,6100,6200,6200,6300,6400,6400,6600,6500,6600,6800,6800,6900,7000,7100,7100,7200
552,200,300,400,400,600,600,600,600,800,900,900,1000,1000,1100,1200,1300,1300,1400,1400,1500,1600,1700,1800,1800,1900,1900,2000,2000,2200,2200,2300,2400,2400,2500,2600,2700,2700,2800,2800,2900,3000,3000,3200,3200,3300,3400,3400,3600,3600,4500,4600,4700,4800,4900,5000,5000,5200,5300,5400,5400,5600,5600,5600,5800,5900,6000,5600,5700,5900,6000,6000,6100,6100,6300,6400,6400,6600,6600,4300,5800,7500,6000,6000,6100,6100,4300,6300,6300,6400,6500,6600,6600,6700,6800,21200,6900,6900,7100,7100,7200
553,200,300,400,400,300,300,400,700,700,800,1000,1000,1100,1200,1200,1300,1300,1400,1500,1600,1600,1700,1700,1800,1900,2000,2000,2100,2200,2200,2300,2500,2400,2600,2700,2700,2800,2800,2900,2900,3000,3100,3100,3200,3300,3400,3400,3400,3500,3600,3700,3800,3800,3900,4000,4100,4200,4200,4300,4300,4400,4400,4600,4600,4700,4800,4800,4900,5000,5100,5100,5100,5300,5300,5400,5500,5500,5600,5700,5800,5900,5900,5900,4500,6100,6200,6200,6300,6500,6500,6500,6600,6700,6800,7500,6900,7000,7100,7100,7100
554,100,300,400,500,500,500,600,700,800,800,900,1000,1000,1100,1200,1200,1300,1400,1500,1500,1600,1700,1800,1800,1900,1900,2100,2500,2100,2200,2300,2800,2500,1600,2600,2700,2700,2800,2800,3000,3000,3100,3200,3200,3300,3400,3400,3400,3500,3600,3700,3800,3900,3900,4000,4100,4100,4200,4300,4300,4400,4500,5300,4700,4700,4800,4800,5000,5000,5100,5100,5200,5300,5400,5400,5500,5500,5700,5800,3900,5900,5800,6000,6100,6100,6200,6200,6300,6400,6500,6500,6600,6700,6700,6800,6900,6900,7000,14300,7200
555,200,300,400,400,500,500,700,700,700,900,900,1000,1100,1800,1200,1200,1300,1400,1400,1500,1600,1600,2100,1800,1800,2000,2000,2100,2200,2200,2300,2400,2500,2500,2600,2700,2800,2800,2900,2900,3000,3000,3100,3200,3300,3400,3500,3500,3600,3600,3700,3800,3900,3900,4000,4100,4100,4200,4300,4400,4400,4500,4600,4600,4800,4700,3100,5100,5000,5000,5100,5200,5400,5300,5500,5500,5600,16500,5700,5800,5800,5900,6100,6800,6100,6200,6200,6400,6400,6500,6600,6600,6700,6700,6900,6800,7000,7000,7100,7100
556,200,300,400,400,500,600,600,700,700,800,900,1000,1000,1200,1200,1200,1300,1400,1400,1600,1500,1700,1800,1800,2000,1900,2000,2100,2100,2800,2300,2400,2500,2500,2600,2600,2700,2800,2900,2900,3000,3000,3100,3300,3300,3400,3500,3400,3500,3600,3700,3700,3900,3900,4000,4100,4100,4200,3900,4400,4400,4500,4500,4700,4600,4800,4800,4900,5000,6300,6400,6600,6700,6600,5500,5500,5500,5600,5700,5800,5800,5900,6000,6000,6100,6200,6300,6300,6400,6500,6500,6600,6700,6800,6800,6800,6900,7000,7100,7100
557,200,200,400,400,400,500,600,600,700,800,900,1000,1000,1500,1400,1600,1700,1800,1800,2000,2000,2000,2200,2800,2300,2500,2400,2200,2300,2300,2400,2500,2600,3200,2700,2800,2900,3400,3000,3100,3200,3200,3300,3400,3600,3500,4700,3500,3500,3600,3700,3800,4400,3900,4000,4100,4200,4300,4300,4300,4500,4500,4600,4700,4700,4800,4800,5000,5100,5100,5200,5200,5300,5300,5500,5500,5500,5700,5600,5800,5800,5900,6000,6100,7600,6200,6300,6300,7000,6500,7200,7000,7200,6800,6800,6900,7300,7100,7100,17200
558,200,300,400,500,400,600,900,700,900,900,1100,1000,1000,1100,1700,1200,1700,1400,1400,1500,1600,1700,1800,1800,1900,2000,2000,2100,2200,2300,2400,2400,2500,2500,2700,2700,2800,2800,2900,3000,3100,3100,3200,3200,3300,3300,3500,3500,3600,3700,3700,3800,3800,3900,4000,4100,4100,4200,2600,4400,4400,4500,4500,4700,4700,4700,4800,5000,5000,5000,5200,5200,5300,5400,5500,5400,5500,5700,5700,5800,5900,6000,6000,6100,6200,6200,6300,6400,6400,6400,6600,6700,6700,6800,6900,7000,7000,7100,4200,7100
559,200,400,400,500,500,600,600,700,800,800,900,1000,1100,1100,1200,1300,1300,1400,1400,1500,1600,1700,1700,1800,2000,2000,2000,2100,2200,2300,2300,2400,2500,2500,1600,2600,2700,2800,2900,2900,2900,3000,3100,3200,3200,3300,3400,3400,3600,3600,3700,3800,3900,4000,4000,4000,4100,4200,4200,4400,4400,4500,4500,4600,4700,4700,4900,4900,5000,5100,5100,5200,5400,5300,5400,5400,5500,5600,5800,5700,6400,6700,6600,6700,6800,6800,6900,17900,7000,7200,7100,7300,7200,7300,7400,7500,7600,7500,7700,7700
560,200,400,500,600,700,700,800,1000,1000,1000,1200,1100,1300,800,1200,1200,1300,1400,1500,1600,1700,1700,1700,1800,1900,2000,2100,2100,2100,2200,2200,2300,2500,2500,2600,2600,2700,2800,2900,2900,3000,3000,3100,3200,3300,3300,3500,3500,3600,3600,3600,3800,3800,3900,4000,4100,4200,4200,4300,4300,4300,4400,4500,4600,4700,16900,4800,4900,4900,5000,5300,5200,5300,3200,5500,5400,5600,5700,5800,5800,5800,5900,6000,6000,6200,6200,6300,6400,6400,6600,6500,6600,6700,6800,6900,6900,7000,7100,7100,7200
561,200,300,400,500,500,700,600,700,700,800,1000,900,1000,1100,1100,1200,1300,1400,1500,1500,1600,1600,1700,1800,1800,1900,2100,2100,2100,2200,2400,2400,2400,2500,2600,2600,3400,3500,3500,3700,3700,3900,4000,3900,4100,3400,3400,3500,3600,3600,3700,3800,3900,3900,4000,4100,4200,4200,4300,4400,4400,4500,4500,4600,4700,4800,4900,4900,5000,5000,5100,5200,5200,5300,5400,5400,5600,5600,5700,5700,5800,5900,6000,6000,6100,6200,6200,6400,6500,3700,3700,3800,4000,6700,4000,4000,4100,4100,5700,4200
562,200,400,400,600,700,800,700,900,900,1100,1200,1000,800,1700,1400,1500,1600,1600,1800,1800,2000,2000,2300,2400,2400,2500,2700,2700,2700,2800,2800,3000,2900,3200,2700,2700,2700,2700,2900,2900,3000,3000,3100,3200,3300,3300,3400,3400,3600,3600,3700,3800,3800,3900,3900,4000,4100,4100,4300,2800,4300,4500,4500,4700,4700,4700,4900,4900,4900,5000,5100,5200,5300,5300,5400,5400,5500,5700,5700,5800,6000,6000,6000,6000,6100,6100,6200,6300,6400,6400,6700,6700,6700,6700,6800,6900,6900,7000,7100,7200
563,200,200,300,400,400,600,600,600,800,600,900,1000,1000,1100,1100,1200,1300,1300,1400,1500,1500,1600,1700,2500,2600,2600,2600,2700,2800,2800,2900,2900,3100,3100,3100,3300,3200,3300,3500,3400,3600,3800,3800,3900,3800,3800,4100,4200,4000,4200,4300,4300,4500,5300,4600,4700,4700,4300,4300,4400,4400,4500,4600,4600,4700,4800,4900,4800,5000,5100,5200,5200,5200,5300,5400,5600,5500,5600,6500,5800,5800,5900,5900,6000,6100,6200,6200,6300,6400,6500,6500,6600,6700,6800,6800,6900,7000,9300,8900,8900
564,300,300,400,900,500,500,600,900,1000,1100,1200,1200,1200,1800,1500,1500,1600,2400,1800,1900,2100,2000,2300,2300,2400,2400,2600,2700,2700,2700,2900,3000,3100,3200,3300,3300,3400,3500,3600,3600,3700,3800,3900,4000,4100,4100,4300,4300,4500,4500,4600,4700,4800,5000,4900,5000,5200,5300,5300,5500,5500,5600,6000,4600,4700,6500,6100,6100,6200,6300,6400,6500,6600,6600,6800,6900,6900,7000,7100,7200,7300,7300,7500,7600,7600,7700,7800,7900,8000,8100,8200,8400,8400,8500,8500,8700,8700,8900,8800,9000
565,200,300,500,500,700,700,800,800,1000,1000,1100,1200,1300,1400,1500,1600,1600,1800,1800,1900,1700,1800,1800,2000,2000,2100,2200,2200,2300,2300,2300,2400,2400,2500,2600,2700,2800,2800,2800,2900,3000,3100,3200,3200,3300,3300,3400,3500,3500,3600,3700,3800,3800,4000,4000,4000,4100,4100,4300,4300,4400,4500,4500,4600,4700,4900,4800,5000,4900,5100,5200,5200,5200,5400,5500,5400,5600,5700,5700,5700,5800,5900,6000,6000,6100,6200,6200,6400,6400,6400,6600,6600,6700,6800,6800,6900,7000,7100,7100,7200
566,100,400,300,400,500,800,800,800,1000,1100,1200,1200,1300,1400,1400,1300,1300,1400,1400,1600,1600,1600,1800,1800,1800,2000,2100,2100,2200,2200,2200,2400,2500,2500,2500,2600,2700,2700,2800,2900,3000,3100,3100,3200,3200,3300,3400,3500,3600,3600,3700,3700,3900,4300,4000,4100,4100,4100,4200,4300,4400,4400,4500,4600,4700,4700,4800,4900,5000,5100,6400,6500,6600,5400,5500,5500,5600,5700,5700,5800,5900,16000,6000,6100,6400,6200,6300,6400,6400,6500,6500,6600,6700,6800,6800,7000,7000,7100,7100,7500
567,200,300,400,700,500,800,600,700,800,800,1000,900,1000,1100,1200,1300,1300,1400,1500,1600,1600,1700,1700,1800,1900,1900,2100,2100,2100,2300,2300,2400,2500,2500,2600,1600,2800,2800,2900,3000,3000,3100,3100,3300,3300,3400,3400,3500,3500,3600,3700,3800,3800,3900,4000,4000,4100,4200,4300,4400,4400,4500,4500,4600,4600,4800,4800,4900,5000,5000,5100,5200,5300,5300,5400,6800,5600,5600,5700,5800,5900,5900,6000,6000,6100,6200,6300,6300,6500,6500,6600,6900,5000,8100,6800,6900,6900,7000,7100,7100
568,200,200,300,500,500,500,600,800,800,800,900,1000,1000,1000,1300,1200,1400,1100,1500,1500,1600,1700,1800,1800,1800,2000,2000,2100,2100,2200,2400,2400,2400,2500,2600,2600,1600,2800,2900,3000,3000,3000,3100,3300,3400,3300,3400,3500,3600,3700,3600,3800,3800,5300,3900,4000,4100,4200,4200,4400,4400,4400,4500,4600,4700,4800,4800,4900,5000,5000,5100,5100,5300,5300,5400,5500,5500,5600,5800,5700,5800,5900,6000,6000,6100,6200,6200,6200,6400,6400,6500,6600,6600,6700,4000,7000,6900,7000,7000,7200
569,200,300,300,500,500,500,600,700,700,800,900,900,1000,1400,1100,1200,1300,1300,1400,1500,1300,1700,1700,1900,1900,1400,2000,2200,2200,2200,2300,2500,2400,2500,2600,2600,2700,2800,2800,2900,3100,3100,3200,3300,3300,3300,3500,3500,3500,3600,3800,3700,3900,4000,3900,4100,4100,4200,4300,4400,4500,4600,4600,4700,4700,4700,4800,4900,4900,5100,6500,6100,6600,6700,6800,6900,7000,7100,7100,7200,7300,7400,7500,7600,7600,7700,7900,7900,8000,8100,8200,8300,8300,8400,8500,8600,8700,8800,8800,11400
570,100,300,400,300,400,500,600,700,800,800,900,900,1000,1100,1200,1200,1300,1700,1500,1600,1600,1600,1800,1900,1900,2500,2000,2100,2200,2300,2300,2400,2500,3000,3100,2600,2700,2800,2900,3000,3000,3000,3200,2800,5300,3400,3500,3600,5800,3700,3700,3800,3900,4000,4000,4000,4100,4200,4300,4400,4500,4500,4600,4700,4700,4800,4900,4900,5000,5000,5200,5200,5200,5400,5400,5500,5600,5700,5700,5800,5800,5900,5900,6000,6100,6300,6300,6300,6400,6500,6500,6500,6600,6700,6800,6800,6900,7000,7100,7200
571,200,200,400,400,500,500,600,600,700,800,800,900,1000,1100,1100,1200,1300,1300,3300,1600,1700,1700,1800,1800,1900,2000,2000,2100,2100,2200,2300,2300,2400,2500,5300,2700,2800,1700,2900,2900,2900,3000,3100,3200,3200,3400,3400,3500,3500,3600,3600,3800,3800,3900,4000,4000,4000,4200,4300,4300,4400,4500,4600,4600,4600,4800,4800,4900,5000,5000,5100,5200,5300,5300,5300,5500,5500,5600,5700,5700,5800,5900,6000,6100,6100,6200,6200,6300,6400,6400,6600,6600,6700,6800,6900,6900,7000,7100,7100,7200
572,200,300,400,400,500,500,600,700,800,800,900,900,1100,1100,1100,1200,1300,1300,1400,1600,1600,1700,1700,1800,1800,2000,2000,2100,2200,2300,2300,2400,2400,2500,2600,2600,2700,2800,2800,2900,3000,3000,3200,3200,3300,3300,3500,3400,3600,3600,3700,3800,3800,3900,4000,4000,4100,4200,4300,4400,4400,4500,4500,4600,4700,4800,4900,4900,4900,5000,5100,5500,5300,5400,5500,5400,5600,5600,3400,9800,5900,5900,5900,6000,6100,6200,6300,6300,6400,6400,6500,6600,6600,6700,6900,7000,6900,15900,7100,7200
573,200,400,400,400,500,600,600,700,800,900,900,1000,1000,1500,1200,1700,1600,1800,1900,1900,2000,2100,1800,1800,1900,1900,1700,2100,2200,2200,2300,2300,2500,2500,2600,2600,2700,2800,2900,2900,2900,3100,3100,3200,3300,3400,3400,3500,3600,3700,3700,3700,3800,3900,4000,4100,4100,4200,4200,4400,4400,4400,4500,4700,4700,4800,4800,5000,5000,5000,3800,5100,40300,5300,5400,5400,5500,5600,5700,5700,5800,5900,5900,6000,6100,6200,6200,6300,6400,6400,6500,6600,6600,6800,6800,6900,6900,4100,7000,7100
574,200,400,400,500,500,600,700,700,800,800,1000,1000,1000,1200,1200,700,1900,800,1400,800,900,2500,1000,1000,1100,1100,1100,2100,2100,1300,1300,1300,1400,1400,2500,2600,1600,1700,1600,1700,3100,3100,3200,3200,3300,3400,3400,3500,3500,3600,3700,3800,3900,3900,4000,4100,4200,4200,4300,4300,4400,4500,4500,4600,4700,4800,4900,4900,5000,5000,5200,5200,5200,5300,5400,5500,5600,5600,5700,5800,5800,5900,6000,6100,6200,6200,6200,6300,6400,6500,6500,6700,6700,6800,6800,6800,6900,7500,7700,7800
575,200,300,300,400,300,500,700,700,700,800,900,1000,1000,1100,1200,1300,1300,1400,1500,1500,1600,1600,1700,1800,1900,1900,2000,2100,2100,2200,2300,2400,2500,2500,2500,2600,2700,2700,2800,2900,3000,3100,3100,3200,3200,3300,3400,3500,3500,3700,3700,3200,3900,4400,2400,4100,4100,4200,4200,4300,4400,4400,4600,4600,4600,4700,4800,4900,5000,5000,5200,5200,5300,5400,5400,5500,5500,5700,5700,5800,5900,6000,6000,6100,6200,6200,6300,6300,6300,6500,6600,6700,6800,6800,6800,7000,6900,7000,7000,7200
576,200,300,400,400,400,500,600,600,700,800,900,1000,700,1200,1100,1200,1400,1400,1500,1600,1600,1700,1800,1800,1900,1900,2000,2100,2200,2300,2300,2400,2500,2600,2700,2700,2700,2800,2900,2900,3000,3000,3100,3300,3200,3400,3400,14400,3600,3700,3800,3800,3900,4000,4000,4100,4600,4200,4300,4300,4400,4500,4600,4600,4700,4800,4800,4900,5000,5100,5100,5200,5300,5400,5400,5400,5500,7000,7100,7200,7300,7400,7400,7600,7700,7700,7800,7900,8100,8000,8200,8300,8400,8500,8600,8700,8700,8800,8900,9000
577,300,400,500,500,600,700,800,800,1000,1000,1100,1100,1300,1800,1500,1500,1600,1400,1500,1500,1600,1700,1800,1800,1900,1900,2000,2100,2100,2300,2300,2400,2500,2500,2600,2700,2700,2800,2900,2900,3000,3100,3100,3300,3300,3400,3400,3600,3600,3600,3700,3800,3900,4000,4000,4100,4100,4200,4300,4500,4300,4600,4500,4600,4700,4800,4900,5000,5000,5100,5100,5200,5400,5300,5500,5500,5500,5600,5700,5800,5900,5900,6000,6100,6100,6200,6700,6300,6400,6500,8900,6600,6700,16500,6800,6900,7000,7000,7100,7200
578,300,300,400,700,500,600,700,800,800,900,900,1000,1000,1100,1100,1300,1300,1500,1500,1500,1500,10800,1700,1800,1900,1900,2000,2000,2100,2300,2300,2400,2900,2500,2500,2600,2700,2700,2900,2900,3000,3100,3500,3200,3300,3300,2800,3500,3600,3700,3700,5200,3900,4000,4100,4100,4100,4300,4300,4400,4400,4600,4500,4600,4700,4800,4900,5000,5000,5100,5600,5900,6000,6000,6100,6000,6100,6200,6200,6400,6300,6400,6000,6100,6200,7500,6300,6600,6400,6500,6600,6600,6700,6800,6800,6800,7100,7100,7100,7600
579,200,300,500,500,600,500,600,700,800,900,900,1000,1100,1100,1200,1300,1300,1400,1500,1500,1600,1600,1800,1800,1800,2000,2000,2000,2200,2300,2200,1700,2400,2500,2600,2700,2700,2800,2800,2900,3000,3100,3200,3200,3300,3300,3500,3500,3600,3600,3600,3700,3800,3900,4000,4000,4200,4200,4300,4300,4400,4500,4500,5400,5000,4800,4900,4900,5000,5000,5100,5200,5400,4200,5400,5500,5500,5600,5700,5800,5800,5900,6100,6000,6100,6200,6300,6400,6400,6500,6500,6600,6700,6800,6900,6900,7000,7100,7100,7300
580,200,400,400,500,500,600,700,700,700,800,900,900,1000,1100,1200,1200,1300,1400,1500,1500,1500,1600,1700,1800,1800,2000,2100,2100,2200,2200,2200,2400,2400,2500,2600,2600,2700,2800,2800,2900,2900,3000,3200,3200,3200,3400,3400,3500,3600,3600,3700,3700,3800,3900,3900,4100,4100,4200,4200,4400,4300,4500,5500,5200,4700,4800,4800,4800,5000,5000,5100,5200,5200,5300,5300,5400,5500,5600,5700,5700,5800,5900,6100,6000,6100,6200,6300,6400,6400,6500,6600,6600,6700,6700,6800,6900,6900,7100,7400,7200
581,100,400,400,400,500,600,600,600,700,800,1000,1000,1000,1100,1200,1300,1300,1400,1400,1500,1600,1700,1700,1900,1800,1900,2000,2100,2100,2200,2300,2300,2400,2500,2600,2600,3300,3400,3400,3600,3500,3600,3800,3800,4000,3900,4100,4100,4100,4200,4200,4500,4500,4600,4600,4700,4600,4700,4800,4900,5000,4900,4600,4600,4700,4800,4800,5000,4900,5100,5200,5200,5300,5300,5400,5400,5500,5600,5700,5800,6000,5900,6000,6100,6100,16300,6300,6300,6400,6400,6500,6600,6700,6800,6800,6900,7000,14600,7100,7200
582,200,300,300,500,500,500,600,700,800,800,900,1000,1000,1100,1100,1300,1300,1400,1400,1500,1600,1700,1700,1800,1800,2000,2100,2100,2200,2200,2300,2400,2400,2500,2500,2600,2700,2800,2800,2900,3000,3000,3100,3200,3200,3400,3400,3500,3600,3600,3700,3800,3800,3900,4000,4100,4100,4300,4300,4300,4400,4500,4600,4600,4700,4700,4900,5000,4900,13700,5100,5200,5900,6000,6000,6100,6200,6200,6200,6300,6400,6400,6600,6700,6700,6800,6900,6900,7000,7100,7100,7200,7300,7300,16300,10100,7000,7100,7100,7200
583,100,300,300,500,500,500,600,700,700,900,900,900,1000,1100,1200,1500,1300,1300,1400,1500,1500,1600,1700,1800,1800,1900,2000,2200,2100,2200,2200,2300,2400,2500,2600,2600,2700,2800,2800,2900,3000,3500,3200,3300,2100,3400,3400,3500,3500,3600,3600,3700,3800,3800,2500,2400,2400,2500,4300,2600,2600,4500,4700,2800,2800,4700,2800,2900,2900,5100,5100,3300,3200,3200,4800,3200,3300,3200,5700,5800,3400,3500,3600,6000,3600,3600,5300,6400,6400,6500,4600,6700,6700,6700,6800,4900,7000,7000,7100,7100
584,200,300,400,400,400,500,600,700,800,800,900,900,1000,1100,1200,1300,1300,1300,1400,1600,1600,1700,1700,1800,1900,1900,2100,2100,2200,2200,2300,2300,2400,2400,2600,2700,2800,2800,3000,3000,3000,3100,3100,3300,3300,3400,3400,3500,3600,3600,3700,3800,3900,3900,4000,4000,4200,4300,4300,4400,4400,4600,4500,4600,4700,4700,4800,4900,5000,5100,5200,5200,5300,5400,5400,5800,5000,5700,5700,5800,5800,5800,5900,6000,6100,6200,6200,6400,6400,6400,6600,6700,6600,6700,6800,6900,7000,7000,7100,7100
585,100,200,300,400,400,600,600,700,700,900,900,900,1000,1100,1100,1300,1300,1400,1500,1500,2000,1000,1700,2600,1900,2300,2000,2100,2100,2200,2300,2400,2400,2500,2500,2600,2700,2700,2800,2900,3000,3000,3100,3200,3300,3300,3400,3500,3500,3600,3700,3800,3800,3900,4000,4100,4200,4300,4300,4400,3100,2600,2700,4700,2800,4800,2900,4900,5000,5900,5600,5300,5300,5300,5400,5500,5600,5900,7600,5800,5800,5900,6000,6100,6100,6200,6200,6300,6400,6500,6400,6600,6700,6700,6800,6900,7000,7000,7100,7100
586,200,200,400,400,500,600,600,600,700,800,900,1000,1000,1100,800,1300,1400,1400,1500,1500,1500,1700,1700,1800,1900,1900,2000,2100,2100,2200,2400,2300,2500,2600,2500,2700,2800,2800,3000,3000,3100,3100,3200,3200,3300,3300,3500,3600,4000,3600,3700,5000,4800,4900,5000,2900,5200,5300,5300,5500,5500,5600,5800,5700,5800,6000,6100,6100,6300,6300,6400,6400,6600,6700,6800,6900,7000,7000,10300,7200,20700,7400,7500,7600,7600,7700,7800,6400,6400,8100,8100,8200,8300,8400,8500,8600,8700,8700,8800,8900
587,200,300,400,500,600,600,700,800,1000,1000,1200,1200,1300,1400,1500,1600,1600,1700,1800,1800,1800,2000,2200,2200,2400,2500,2400,2600,2700,2300,2400,2500,2600,2700,2700,2700,2800,2900,3100,3100,3100,2100,3200,3200,3300,3400,3400,3500,3500,3600,3700,3700,3900,3900,3900,4100,4200,4200,4300,4400,4900,5800,5700,5800,4700,4800,4800,4900,5000,5000,5100,5200,5300,5300,5400,5400,5600,5600,5700,5800,5900,5900,5900,6000,6100,6200,6200,6300,6400,6500,6500,6600,13800,6800,6800,6900,6900,7100,7100,4200
588,100,300,300,400,600,600,600,700,800,800,900,1000,1000,1100,1200,1200,1300,1300,1500,1500,1600,1700,1800,1800,1900,2000,2000,2000,2200,2200,2300,2400,2500,2500,2500,2900,2700,2800,2800,2900,3000,3000,3100,3200,3300,3400,3700,3400,3600,3600,3700,3800,3900,3900,3900,4000,4100,5500,4300,4300,4400,4500,4500,4600,5700,4800,4900,4900,5000,5000,5100,5100,5300,5300,5400,5500,5600,5600,5700,5800,5800,5900,6000,6000,6100,6100,6300,6300,6400,6400,6500,8200,8400,6800,6800,6900,7100,7000,7000,7100
589,200,300,300,400,500,900,600,700,800,800,900,1000,1000,1100,1200,1200,1400,1400,1400,1500,1500,1700,1700,1800,1900,2000,2000,2100,2200,2300,2300,2400,2500,2500,2600,2600,2700,2800,2900,3000,3000,3000,3100,3200,3300,3400,3400,3400,3600,3700,3600,3700,3900,3800,4000,4100,4200,4200,4200,4300,4400,4600,4600,4700,4700,4800,4800,4900,5000,5100,5100,5100,5300,5400,5300,5400,5500,5600,5700,5800,5900,5900,6000,14600,6100,6100,6200,6400,6300,6500,6500,6600,6700,4400,6800,6900,7000,7000,7100,7200
590,300,400,400,400,500,600,1000,700,700,800,900,1000,1000,1400,1200,1200,1300,1400,1400,1600,1500,1700,1700,1800,1900,2000,2100,2100,2200,2300,2300,2400,2400,2800,2600,2700,3100,2800,2900,2900,3000,3000,3200,3200,3300,3300,3500,3500,3500,3700,3700,3800,3800,3900,3900,4100,4100,4100,4300,4300,4400,4400,4500,4500,4700,4700,4800,4900,5000,5100,5100,5100,5200,5400,5300,5500,5600,5600,5700,3400,5900,5900,6000,6000,6100,6200,6200,6300,6300,6400,6500,6600,6600,6700,6800,6900,7000,7000,7100,7100
591,200,300,300,500,500,500,600,700,700,800,900,1000,1000,1100,1200,1300,1300,1300,1500,1500,1600,1700,1700,1900,2000,1100,2000,2200,2100,2200,2300,2300,2500,2500,3200,3200,3300,3500,3400,3600,3600,3700,3800,3800,3900,4000,4000,4000,4200,4200,4400,4400,4600,4500,4600,4600,5100,4700,4800,4900,5100,5200,5200,5200,5300,5300,5300,5000,4900,5000,5100,5200,5200,5400,5500,5400,5600,5600,5700,5700,5900,5900,6000,6000,6100,6200,6200,6300,6400,6500,6500,6600,6600,6700,6900,6900,6900,7000,7100,7100
592,200,300,400,400,400,500,600,700,800,900,1000,1000,1200,1300,1500,1300,1300,1400,1500,1500,1600,1600,1700,1800,1800,2000,2000,2100,2200,2200,2400,2300,2500,2500,2600,2600,2700,2800,2900,2900,3000,3100,3400,3300,3300,3400,3400,3500,4500,4500,4400,4600,4800,7200,7700,5100,4100,4200,4300,4400,4500,4500,4600,4600,4700,4800,4900,5000,5100,5000,5100,5300,5400,5400,5500,5500,5600,5600,5700,5800,5900,5900,5900,6100,6100,6600,6800,6900,7000,7100,7100,7300,7200,7400,6900,7400,7600,4600,7100,7200
593,200,200,400,500,400,600,600,600,700,900,900,1000,1000,1100,1100,1300,1300,1300,12100,1500,1600,1700,1700,1800,1800,1900,2000,2100,2700,2900,2900,3000,3000,3100,3100,15300,3400,3300,3500,3500,3700,3700,3800,3800,3400,3400,3500,3500,3600,3600,3700,3700,3800,4000,4000,4000,4200,4200,4300,4300,4500,4400,4500,4700,4700,17200,4800,5000,5000,5300,5100,5200,5300,5400,5400,5500,5600,5600,5600,5800,5800,5900,6000,6000,6200,6200,6800,4800,6400,6500,6600,6600,6700,7000,6800,6900,6900,7000,7100,7200
594,300,300,400,400,500,500,600,700,800,900,800,1300,1600,1300,1400,1500,1700,1700,1700,2100,2000,2300,2400,2400,2700,2600,2600,2700,2800,2800,2800,2900,3000,3200,2700,2600,2800,2700,2900,3000,3100,3100,3100,3200,3200,3300,3400,3400,3500,3600,3700,3800,3800,3900,4000,4000,4100,4200,4200,4400,4400,4500,4500,4600,4700,4700,4800,4900,5000,5100,5200,5200,5300,5300,5400,5500,5500,5700,5800,6400,6400,6000,5900,6100,6100,6200,6200,6300,6400,6500,6600,6600,6700,6700,6800,6900,6900,7000,7100,7200
595,200,300,300,400,500,600,600,600,800,800,900,900,1000,1100,1100,1200,1300,1400,1400,1500,1600,1600,1700,1700,1900,1900,1400,2100,2200,2200,2300,2300,2400,2500,2600,2700,2700,2800,2800,3000,3000,3100,1800,2300,3400,3300,3400,3600,3600,3700,3700,3800,3900,3900,4000,4100,4100,4300,4200,4300,4400,4500,4600,4700,4700,4800,4800,5000,5000,5100,5100,5200,5300,5300,5400,5500,5500,5600,5700,5800,5800,5900,6000,6000,6000,8600,6900,7100,7000,7000,7200,7200,7200,7400,7500,7500,7600,7600,7800,7800
596,300,300,500,500,600,700,800,900,1000,1000,1100,1200,1300,1400,1400,1500,1600,1700,1800,2400,1600,1700,1800,1900,1800,1900,2000,2100,2200,2200,2400,2400,2400,2500,2600,2600,2700,2800,2900,2900,3000,3000,3100,3200,3200,3400,3400,3400,3500,3600,3700,3800,3800,3900,4000,4000,4000,4100,4300,4300,4300,4500,4600,4600,4700,4700,6700,5000,6000,5200,5100,3900,5200,5300,5400,5500,5600,5700,5700,5800,5800,6000,5900,6000,6100,6100,6200,6400,6400,6400,6500,6600,6600,6700,6800,6900,6900,7000,7100,7100
597,100,300,300,600,600,700,900,800,1000,500,900,1000,1000,1000,1300,1300,1400,1400,1400,1500,1600,1700,1700,1900,1900,2000,2000,2100,2100,2200,2300,2300,2400,2500,2600,2600,2800,2800,2900,3000,3000,3100,3100,3200,3300,3300,3400,3500,3600,3700,3700,3800,3900,3900,3900,4000,4100,4300,4300,4300,4500,4400,4500,4600,4700,4700,4800,4900,4900,5000,5100,5200,5300,5300,5300,5500,5500,5600,5700,5700,5800,5900,6000,6000,6100,6100,6300,6300,6400,6500,6500,6600,6700,6700,6800,6900,6900,7000,7000,7200
598,200,200,300,300,500,500,600,600,700,800,900,900,1100,1200,1100,1200,1300,1400,1400,1500,1600,1600,1700,1800,1800,1900,2000,2100,2200,2300,2300,2400,2400,2500,2600,2700,2700,2800,2900,3000,3000,3000,3100,3200,3300,3300,3500,3500,4100,3600,3700,2700,3800,4000,4000,4100,4100,4200,4300,4400,4500,4500,4600,4600,4800,4800,4900,4900,5000,5000,5100,5200,5300,5400,5400,5500,5600,5700,5700,5800,5800,5900,6000,6000,6100,6200,6300,6400,6300,6400,6600,6600,6600,13700,6900,6900,7000,7100,7100,7200
599,300,200,300,400,200,500,600,400,400,800,500,1000,600,600,700,700,700,800,800,1500,900,1000,1700,1100,1100,1100,1200,1200,1200,1300,1300,1400,1400,1500,1500,2800,1600,2800,1700,2900,3000,1700,3100,3300,3300,3400,3400,3500,3600,3700,3700,3700,4000,3900,3900,4000,4100,4200,4300,4400,4400,4400,4500,4600,4600,4700,4800,4900,5000,5100,5100,5200,5300,5300,5300,5500,5500,5600,5600,5700,5800,6000,3500,6100,6100,6100,6200,6300,6400,6500,6500,6500,8500,6700,9600,7300,7000,7100,7100,7200
600,200,300,300,400,500,600,600,700,800,800,900,900,1000,1100,1200,1300,1300,1400,1400,1500,1500,1700,1700,1800,1900,2000,2000,2100,2200,2200,2300,2400,2500,2600,2600,2700,2700,2800,3000,2900,3100,3100,3100,3300,3300,3300,3400,3500,3500,3600,3700,3900,3900,3900,4000,4000,4100,4300,4200,4300,4400,4500,4600,4600,4600,4800,4800,4900,5000,5100,5200,5200,5300,5300,5400,5500,5500,5500,5600,5800,5900,5900,6000,6000,6100,6200,6200,6300,6400,6500,6600,6600,6600,6700,6800,6900,6900,7000,7000,7100
601,200,300,400,400,300,300,400,500,500,400,500,2200,600,700,700,1200,700,800,900,900,1600,1700,1800,1300,1900,1900,2000,2000,2100,2200,2200,2400,2400,2500,2600,2600,2700,2800,2800,2900,2900,3100,3100,3200,3300,3300,3500,3500,3500,3600,3700,3800,3800,3900,3900,4100,4100,4200,4300,4300,4400,4500,4600,4600,4700,4700,4900,6100,5000,5100,5100,5200,5200,5400,5500,5500,5600,5700,5600,5800,5900,5900,6000,6100,6100,6200,6300,6300,6400,6500,6500,6600,6700,6700,6800,7000,6900,7100,7000,7100
602,200,300,400,400,400,600,600,700,800,900,800,500,1000,1100,1200,1300,1300,1400,1500,1600,1600,1700,1800,1800,1900,1900,2000,2100,2200,2600,2300,2400,2400,2500,2600,2600,2700,2800,2900,2800,3000,3100,3100,3200,3300,3400,3400,3500,3600,3600,3600,3800,3900,3900,4000,4000,4100,4500,4300,5400,13400,2600,4600,4600,4700,4800,4800,4900,5000,5000,5100,5200,5300,5400,14200,5400,5500,5600,5700,5700,5900,5900,6000,6100,6100,6200,6200,6300,6400,6400,6500,6600,6700,6700,6800,6900,6900,7000,7000,7100
603,200,300,400,300,500,500,700,700,700,800,900,1000,1000,1100,1200,1200,1300,1500,1400,1500,1600,1600,1700,1800,1900,2000,1900,2000,2700,2800,2900,2900,3000,3200,3300,3200,3400,3400,3400,3500,3600,3700,3800,3700,3900,4000,4000,4200,4100,4200,4300,4200,4400,4600,4400,4100,4100,4200,4200,4300,4400,4500,4500,4700,4700,4800,4800,4900,4900,5100,5100,5200,5200,5300,5400,5400,5500,5600,5700,5800,5800,5900,6000,6000,6100,6200,6300,6300,6400,6400,6600,6600,6700,6700,6800,6900,7000,7000,7100,7100
604,200,200,300,400,400,500,600,2000,700,900,900,1000,1100,1100,1200,1300,1300,1400,1400,1600,1600,1700,1700,1800,1900,1900,2700,2100,2200,2300,2300,2400,2500,2600,2600,2700,2700,2800,2900,2900,3000,3100,3200,3200,3300,3300,3400,3500,4200,3600,3700,3800,3800,3900,4000,4000,4200,4200,4300,4300,4400,4400,4600,4600,4700,4800,4800,4900,5000,5000,5100,5200,5300,5300,5500,5400,5600,5600,5700,5800,5800,5900,6000,6000,6200,6100,6200,6300,4600,8700,6600,6600,6800,6800,6800,6900,6900,7000,7000,7200
605,100,300,300,400,400,500,600,600,700,800,900,1000,1000,1000,1200,1200,1300,1400,1500,1500,1600,1700,1700,1900,1900,1900,1900,2100,2200,2300,2300,2900,2500,2500,2500,2600,2800,2700,2900,3000,3000,3100,3100,3200,3300,3400,3400,3500,3500,3600,3700,3800,3900,3900,4000,4000,4100,4200,4200,4300,4400,4500,4500,12600,4800,4700,4800,4900,5000,3000,5100,5200,5300,5400,5500,5500,5600,5600,5700,5800,5900,5900,6000,6000,6100,6200,6300,6300,6400,6500,6500,6700,6600,6800,6700,6900,6900,7000,7100,7100
606,200,300,400,400,500,500,600,1100,800,800,1000,900,1100,1200,1100,1200,1300,1400,1500,1600,1600,1700,1800,1900,1900,1900,2000,2000,2200,2200,2300,2400,2400,2500,2600,2700,2800,2800,2800,3000,3000,3100,3200,3200,3300,3500,3800,3500,3500,3700,3600,3700,3900,3900,4100,4000,4200,4500,4300,4400,4400,4400,4500,4600,4700,4800,4800,4900,5000,5000,5100,5200,6600,6700,6800,6800,6900,7000,7100,7200,7300,7300,3500,6000,6200,6200,6200,6300,6300,6500,6500,6600,6700,6800,6900,8600,8800,8900,8900,9000
607,200,400,500,500,700,700,800,900,900,1100,1200,1200,1300,1400,1400,1500,1700,1400,1500,1600,1600,1700,1800,1800,1900,2000,2000,2100,2100,2200,2200,2300,3000,3200,3300,2600,2800,2800,2900,3000,3000,3100,3200,3200,3300,3300,3400,3500,3500,3600,3600,3700,3900,3900,5000,4100,4100,4100,4300,4300,4400,4400,4500,4600,4700,4800,4800,4900,4900,5100,5100,3900,5200,5400,6000,6100,6200,6300,6200,6400,6400,6500,6700,6700,6700,6800,6900,7000,7000,7000,7200,7200,7200,7400,7400,7400,7500,7600,7600,7700
608,200,400,400,500,600,700,800,900,900,1000,1200,1300,1200,1300,1500,1400,1600,1700,1500,2500,2200,1000,1800,1800,1900,2000,2000,2100,2200,2200,2300,2400,2500,2500,4500,2600,2700,2900,2900,2900,3100,3100,3200,3200,3300,3400,3400,3500,3600,3600,3800,3800,3900,3900,4000,4100,4200,4200,4300,4400,5900,4600,4500,4600,4700,4800,4800,4900,4900,5000,5100,5300,5300,5300,5400,5500,5500,5600,5700,5800,5900,5900,6000,6000,6100,6200,6300,6300,6300,6500,6600,6700,6700,6800,6800,6900,7100,7100,7100,7200
609,300,400,400,300,300,300,600,700,800,800,900,1000,1000,1000,1200,1200,1400,1400,1500,1400,1500,1700,1700,1800,1900,2000,2000,2000,2200,2200,2300,2400,2500,2500,2600,2600,2800,2800,2800,2900,3000,3000,3100,3200,3200,3300,3400,3400,3500,3600,3800,3800,5000,3900,4000,4000,4100,4200,4300,4400,4400,4400,4600,4700,5200,5300,5400,5500,5600,5700,5700,5900,5800,6000,6100,6000,6100,6200,6300,6400,6400,6500,6500,6600,6700,6600,6900,7700,7600,7700,7900,8100,8000,8200,7600,8700,8700,8800,9000,9000
610,300,500,400,500,500,600,600,700,800,900,900,1000,1000,1100,1200,1300,1300,1400,1400,1600,1600,1700,1700,1800,1900,2000,2000,2100,2200,2200,2300,2400,2500,2500,2600,3100,2700,2800,3600,3700,3800,3500,3800,3700,3900,3900,3900,4000,4100,4300,4400,4400,4400,4400,4400,4700,4800,4800,4700,4900,5100,5000,5000,5200,5300,5300,5400,5400,5400,5600,5700,5700,5900,5800,6600,5900,5600,5700,5800,5800,7300,7400,7500,7500,7700,7700,7800,7900,8000,8100,8200,8300,8300,7300,7500,7600,7700,7700,7700,7800
611,200,300,400,500,700,800,700,1000,900,1100,10400,1200,1300,1300,1300,1100,1300,1400,1500,1600,1600,1700,1800,1700,1800,1900,2100,2100,2100,2300,2300,2400,2400,2500,2600,2600,2700,2800,2900,2900,3000,3100,3200,3200,3300,3300,3400,3500,3600,3600,3800,3800,3900,3900,4100,4100,4200,4200,4300,4300,4400,4500,4500,4700,4700,4700,4800,19600,4900,5100,5100,5200,5300,5300,5400,5500,5500,5600,5600,5700,5700,5900,5900,6000,6100,6100,6200,6400,6400,6500,6600,6600,6700,6800,6800,6900,7000,7000,7100,7200
612,100,300,400,400,400,500,600,800,700,800,900,1000,1000,1100,1100,1200,1400,1400,1900,2000,2400,2200,2500,2500,2500,2500,2800,2700,2700,2800,2800,3000,3000,3000,3100,3200,3300,3300,3300,3400,3100,3000,3100,3800,3300,3400,3400,3500,3600,3600,3700,3800,3800,3900,4000,4000,4100,4200,4300,4300,4500,4500,4500,4600,4700,4800,4900,5000,5000,5000,12400,5300,5300,5400,5400,5500,5600,5900,5700,5700,5900,5900,6000,6100,7700,7700,7300,7400,7500,8000,8100,8300,8300,8500,8500,6900,8800,8800,8900,9000
613,200,400,500,600,700,700,800,800,800,800,800,1000,1000,1100,1200,1200,1300,1400,1400,1600,1600,1700,1700,1800,1900,1900,2000,2000,2100,2300,2300,2300,2500,2500,2600,2700,2700,2700,2900,3000,3000,3000,3100,3200,3300,3300,3400,3500,3600,3600,3600,2800,3900,4300,3900,4000,4100,4200,4300,4400,4400,4500,4600,4600,4700,4800,4900,4900,5000,5100,5200,5100,5200,5300,5500,5500,5600,5600,5700,5800,5800,5900,5900,6000,6100,6200,6300,6300,6300,6500,6600,6600,6700,6700,6800,6900,7000,7000,7100,7200
614,200,300,400,400,500,500,600,900,900,1100,1100,1200,1200,1300,1400,1500,1600,1700,1800,1900,2000,2100,2000,2200,2200,2400,2400,2500,2600,2700,2800,2800,2900,2900,3100,3100,3200,3400,3400,3000,3100,3100,3100,3200,3300,3400,3400,3500,3600,3700,13500,3800,3800,3900,4000,4000,4100,4200,4300,4400,4400,4500,4500,4700,4700,4800,4900,4900,5000,5100,5100,5200,5300,5400,5400,5500,5500,5600,5700,5800,5900,5900,6000,6000,6200,6200,6300,6300,6400,6500,6500,6600,7200,6700,6800,6900,6900,7000,7100,7200
615,200,300,400,500,500,600,600,700,700,800,500,900,1100,1100,1200,1200,1300,1400,1500,1500,1600,1600,1700,1700,1900,2000,2000,2500,2200,2200,2200,2300,2500,2500,2600,2700,2800,2800,2800,3000,3000,3100,3200,3200,3300,3400,3400,3500,3600,3600,3700,3800,3900,3900,4100,5800,4200,4200,5700,5600,4500,6900,5900,6800,6600,4800,7300,6500,5100,8100,6500,8000,6200,7500,6200,7600,7400,5600,6800,7900,8200,8100,8300,8400,8400,8600,8600,8800,9100,9100,9200,9200,9400,9500,9600,9500,9600,9500,8500,7500
616,200,300,400,400,500,600,700,700,600,700,700,1000,1100,1100,1200,1300,1700,1800,1500,1600,1600,1700,1700,1700,1900,1900,2000,2100,2200,2200,2300,2300,2500,2500,2500,2700,2700,2800,2900,2900,2900,3100,3100,3200,3200,3400,3400,3500,3600,12700,3700,3800,3900,3900,4000,4100,4200,4200,4300,4400,4400,4500,4500,4600,4700,4800,4800,4900,5000,5000,5100,5200,5200,5300,5400,5500,5600,5600,5700,5800,5800,5900,5900,6100,6100,6100,6300,6300,6400,6500,6500,6600,6600,6700,6800,6900,6900,7000,7100,4300
617,200,200,300,400,500,600,600,700,700,900,900,1000,1000,1100,1100,1200,1300,1400,1400,1500,1500,1600,1700,1800,1900,1900,2000,2100,2100,2200,2300,2300,2400,2500,2500,2600,2800,2800,2800,2900,2900,3000,3100,3200,3300,3400,3400,3400,3500,3700,3700,3900,3800,3900,4100,4100,4200,4200,4300,4300,4400,4500,4500,4700,4700,4800,4800,4900,5000,5100,5100,5100,5300,5300,5400,5500,5500,5600,5700,5800,5900,6000,6000,6000,6100,6200,6200,6300,6400,6500,6500,6600,6700,6800,6800,6800,7000,7000,7100,7200
618,200,200,300,300,500,500,600,600,700,800,800,900,1000,1100,1200,1200,1300,1300,1500,1500,1600,1700,1800,1800,1900,2000,2100,2000,2200,2200,2300,2400,2400,2500,2600,2600,2700,2800,2900,3000,3000,3500,3100,4100,3400,3400,3500,3500,3600,3600,3700,3700,3900,4000,4000,4000,4100,4200,4200,4300,4400,4400,4500,4700,4600,4800,4900,4800,5000,5000,5000,5200,5300,5400,5400,5500,5500,5600,5700,5800,5800,5900,5900,6000,6200,6200,6200,6300,6400,6500,4500,6700,6700,5400,6800,6800,7000,7000,7100,7100
619,200,200,300,500,400,500,600,700,700,800,900,900,1000,1100,1200,1200,1300,1400,1400,1500,1500,1600,1600,1800,1900,2000,2000,2000,2200,2200,2300,3200,2500,2600,2600,2600,2700,2800,12600,2900,3000,3000,3100,3900,2300,3300,3300,3400,3600,3600,3600,3800,3900,4000,3900,4000,4100,4100,4300,4300,4300,4500,4600,4700,4700,4800,4900,4800,5000,5100,5100,5300,5200,5300,5400,5500,5600,5700,5700,5700,5800,5900,6000,6100,6100,6200,6200,6400,6400,6500,6500,6600,6700,6700,6800,6800,7000,7000,7100,7200
620,200,300,400,400,500,600,700,700,800,900,900,1000,1000,1100,1200,1300,1300,1400,1500,1600,1600,1700,14500,1900,1900,2000,2000,2100,2200,2200,2300,2400,2500,2500,2500,2600,2700,2800,2900,2900,3100,3100,3100,3300,3200,3300,3400,3600,3600,3700,3800,3800,3900,4000,4000,4000,4100,4200,4300,4400,4400,4500,5200,5300,5400,5400,5400,5600,5700,5600,5800,5700,5900,5900,5900,6100,6100,6200,6300,6300,5200,6300,6000,6100,6100,6200,6300,6300,6400,6400,6600,6600,6700,6700,6800,6900,6900,7000,7100,7200
621,200,300,400,500,400,500,600,700,800,800,900,1000,1100,1100,1200,1200,1300,1400,1400,1500,1600,1700,1700,1800,1800,2000,2000,2300,2100,2200,2300,2300,2400,2600,2500,2600,2800,2700,2900,3000,3000,3000,3100,3200,3200,3300,3400,3500,3500,3700,3900,3800,3900,4000,4000,4000,4200,4200,4300,4400,4400,4400,4500,4600,4700,4700,4900,5400,6700,5000,5600,6400,5300,5400,5400,5500,5500,5700,5800,5800,5800,5900,6000,6000,6000,6200,6300,6300,4500,6500,6500,6700,6700,6800,6900,6900,6900,7000,7100,7200
622,200,300,400,400,500,500,700,700,700,900,900,1300,1100,1100,1500,1200,1300,800,1400,1500,1600,1600,1800,1700,1800,1900,2000,2000,2100,2200,2200,2400,2400,2500,2600,2700,2700,2700,2900,2900,3100,3100,3100,3200,3200,3300,3400,3500,3500,3600,3800,3800,3900,3900,4000,4100,4100,4300,4200,4300,4400,4400,4500,4700,4700,4800,4800,4900,5000,5000,5100,5200,5200,5300,5300,5600,5600,5700,5700,6000,5800,5900,5900,6000,6100,6200,6600,6300,6500,6500,7400,6600,6800,6800,6800,6900,6900,7000,7100,7500
623,300,300,600,500,500,700,700,700,800,900,900,1000,1000,1100,1100,1200,1400,1500,1500,1600,1600,1700,1700,1800,1900,1900,2000,2100,2400,2300,2300,2400,2500,2500,2600,2600,2700,2800,3500,3600,3700,3900,4000,4000,4100,4200,4300,4300,4400,4500,4600,4700,4800,4900,5700,5100,5100,5200,5300,5500,5600,5600,5700,5800,5900,5900,5100,5200,5200,5400,5400,5500,5600,6200,6100,5700,5800,5900,6400,6100,6100,6200,6300,6400,6400,6200,6300,7500,6400,6400,6600,6600,6700,6700,6900,6900,6900,7100,7100,7200
624,200,300,400,400,500,500,600,700,800,900,900,900,1100,1100,1200,1300,1300,1400,1400,1600,1600,1700,1700,1800,1900,1900,2000,2100,2100,2300,2200,2400,2400,2500,2700,2700,2600,2700,2900,2900,3000,3100,3200,3200,3300,3400,3400,3500,3500,3700,3700,3800,3900,3900,4000,4000,4100,4200,4200,4300,4400,4500,4600,4600,6100,4800,4800,4900,5000,5000,5100,5100,5200,5400,5400,5500,5500,5600,5700,5800,5800,6000,6000,6000,6100,6100,6200,6400,6400,6500,6600,6600,6700,6700,6800,6900,6900,7100,7100,21800
625,200,400,400,500,500,600,700,700,700,800,900,1000,1100,1100,1200,1200,1600,1500,1500,1500,1600,1700,1700,1800,1900,1900,2000,2100,2200,2200,2300,2400,2400,2500,2600,2700,2700,2800,3100,3300,3000,3100,3200,3200,3300,3400,3400,3500,4300,3600,3800,3800,3800,3900,4000,4100,4100,4200,4200,5100,2600,4500,4500,2700,2800,2800,2800,2900,2900,3000,12800,3000,5300,5400,3200,3200,3300,3200,5700,3400,3400,3400,3500,3600,6000,3700,3700,3700,5200,3800,3800,3900,6600,4000,4000,4200,7000,7000,7100,7200
626,200,300,400,400,500,700,600,700,800,800,1000,1000,1100,1000,1100,1300,1300,1400,1600,1600,1600,1600,1800,1800,1900,1900,2000,2100,2200,2200,2300,2400,2500,2500,3400,2700,2700,1700,2900,2900,3000,3000,3100,3200,3300,3400,3500,3500,3600,3600,3700,3800,3900,3900,3900,4000,4200,4200,4300,4400,4400,4400,4500,4600,4700,4800,4800,4900,4900,5100,5100,5200,5300,5300,5400,5500,5500,5600,5700,5800,5800,10700,6400,6100,6100,6100,6300,6300,6400,6700,6500,6600,8300,9300,8500,8600,7000,7100,7100,7100
627,200,300,300,400,500,600,700,700,800,800,1000,1000,1000,1100,1200,1200,1300,1400,1500,1600,1600,1600,1700,1900,1900,2000,2000,2100,2200,2300,2300,2400,2400,2500,2600,2600,2700,2800,2800,2900,2900,3100,3200,3200,3200,3300,3400,3500,3500,3600,3700,3800,3800,3900,3900,4100,4100,4200,4300,4300,4300,4400,4500,4600,3600,4800,7800,4900,5000,5000,5200,5200,5400,5400,5500,5500,5500,5700,5700,5900,4900,4700,4900,4700,6100,6100,6300,6400,6300,6500,6500,6600,6700,6800,6900,6900,6900,7000,7200,7300
628,200,300,600,400,500,500,600,700,800,800,900,1000,1100,1000,1100,1300,1300,1400,1500,1500,1600,1700,1800,1900,1900,1400,2100,2100,2100,2200,2300,2400,2400,2500,2600,2600,2700,2800,2800,2900,3000,3000,3200,3200,3300,3300,3500,3400,3500,3600,3700,3800,3800,3900,4000,4000,4100,4200,4300,4400,4400,4400,4500,4500,4700,4700,4800,4900,5000,5100,5100,5200,5300,5300,5400,5400,5500,5600,5600,5800,5700,5900,6000,6100,6100,6200,6300,4400,6400,6500,6500,6600,6700,6700,6700,6800,6900,7000,7100,7200
629,200,300,400,400,500,600,600,700,700,800,900,1000,1100,1400,1200,1200,1300,1500,1500,1500,1600,1700,1700,1800,1800,1900,2000,2100,2200,2300,2400,2300,2500,2600,2600,2700,2700,2800,2900,2900,3000,3000,3100,3200,3200,3300,3400,3400,3600,3700,3700,3800,3900,3900,4000,4100,4200,4200,4200,4300,4300,4500,4500,4700,4800,4800,4800,4900,5000,5100,5100,5200,5300,5300,5400,5500,5500,5700,5700,5800,5900,5900,6000,6100,6100,6200,6200,6300,6400,6500,6500,6600,6700,6700,6800,6900,6900,7000,7100,7200
630,200,200,300,400,400,500,600,700,800,800,800,900,1000,1100,1200,1200,1300,800,1400,1600,1700,1700,1700,1800,2000,2000,2000,2100,2100,2200,2300,2300,2500,2400,2600,2600,3300,3300,3400,3600,3600,3800,3700,3800,3900,4000,4000,4200,4200,4200,4300,4400,4400,4600,4500,4700,4700,4700,4800,4900,5000,5100,5000,6200,5300,5400,2900,4900,5000,5100,15900,5200,5300,5300,5400,5500,5600,5600,5700,5800,5800,5900,6000,6000,6100,6200,6300,6300,6400,6400,6500,6600,6700,6800,6800,6900,6900,7000,7100,7200
631,200,300,400,400,500,600,600,700,800,800,900,1000,1300,600,1200,1200,1300,1400,1400,1500,1500,1600,1700,1800,1900,1900,2000,2100,2100,2200,2300,2300,2500,2500,2600,2700,2700,2800,2900,2900,3000,3000,3100,3200,3200,3300,3400,3500,3600,3600,3700,3700,3900,3900,3900,4000,4100,8100,4300,5400,4500,4500,4600,4600,4800,4800,4900,4900,4900,5000,5100,5200,5300,5400,5400,5500,5500,5500,5700,5800,5900,5900,6000,6000,6100,6200,6200,6300,6400,6400,6500,6700,6700,6800,6800,6900,7000,7000,7100,7100
632,200,300,400,400,500,500,600,700,800,800,1000,1000,1000,1100,1100,1200,1300,1400,1400,1500,1600,1600,1700,1800,1900,1900,2000,2100,2200,2200,2300,2400,2400,2400,2500,2600,2700,2800,2900,2900,3000,3000,3100,3300,3200,3500,3500,3400,3600,3600,2700,3800,3900,3000,4000,4000,4200,4200,4300,4300,4400,4500,4600,4600,4700,4700,4900,4900,5000,5100,5100,5200,5300,5300,5400,5500,5600,22100,5700,5800,5900,5900,6000,6000,6100,6200,6200,6300,6300,7100,6600,6600,6700,6800,4000,6900,7000,7000,7100,7200
633,200,300,400,400,500,600,600,700,700,800,900,900,1100,1100,1100,1200,1300,1400,1500,1500,1600,1600,1800,1800,1900,1900,2000,2100,2200,2300,2300,2300,2500,2700,2600,2600,2700,2800,2800,2900,3000,3100,3200,3200,3200,3300,3400,3500,3600,3600,3700,3700,3800,3900,4000,4100,4200,4200,4200,4400,4400,4500,4500,4600,4700,4800,4700,4800,5000,5100,5100,5200,5200,5400,5400,5500,5600,5700,5600,5800,5900,5900,6000,6000,6100,6200,6300,6300,6400,6400,6500,6600,6700,6700,6800,6900,6900,7000,7100,7200
634,100,300,400,400,500,600,600,700,700,800,800,1000,1000,1100,1200,1200,1300,1400,1500,1600,1600,1600,1800,1800,1900,1900,2100,2100,2200,2200,2300,2400,2400,3400,2600,2700,2800,2700,3400,4400,4700,4500,4600,4700,4700,5000,22300,5100,5100,4800,5000,5000,5500,5500,5800,5800,5800,5900,5800,6100,5500,5600,5700,5700,6000,6000,22400,6200,6300,5000,5100,5200,5200,5400,5400,6900,7000,7000,7100,7200,7300,7300,7400,7500,7600,7700,7800,7800,8000,4400,9300,9500,9100,8700,9200,9300,9500,9400,9500,9700
635,300,400,500,600,700,800,800,1000,1100,1300,1400,1500,1600,1700,1700,2200,1900,2500,2500,2300,2700,1600,1800,1900,2000,2000,2000,2100,2200,2300,2300,2400,2500,2600,2600,2600,2700,2800,2800,3000,3000,3000,3100,2600,3300,3400,3400,3500,3500,3600,3700,3800,3800,3900,3900,4000,4100,4200,4200,4400,18700,4500,4700,4600,4700,4800,5100,4900,5000,5100,5100,5200,5200,5600,5400,5500,5600,5700,5700,6000,5900,5900,6100,6000,6300,6100,6300,7300,6400,6500,8500,4300,4400,6700,4400,4500,7000,4100,7000,4200
636,100,200,200,400,400,600,600,700,800,800,900,1000,1000,1100,1100,1200,1300,1300,1400,1500,1600,1700,1800,1800,1800,1900,2100,2100,2200,2300,2300,2400,2500,2500,2600,2700,2700,2800,2800,2900,3000,3000,3100,3200,3200,3300,3400,3500,3600,3600,3800,3800,5100,4900,4900,5100,5100,5300,5300,5500,5500,5600,5700,5800,5800,6000,6100,6100,6300,6400,6400,6500,6700,6600,6800,6500,8000,5700,5700,5800,5800,5900,6000,6000,6200,6300,6300,6400,6400,6500,6600,6600,6700,6800,6900,6900,7000,7100,7100,7200
637,200,300,400,500,500,500,700,600,1000,800,900,900,1000,1100,1200,1200,1400,1400,1400,1500,1600,1700,1700,1800,1900,2000,2000,2100,2100,2200,2300,2400,2400,2500,2500,2600,2700,2800,2900,2900,3000,3000,3100,3200,3300,3300,3400,3500,3500,3600,3700,3900,3800,3900,4000,4100,4100,4300,4300,4400,3200,4400,4500,6300,4800,5200,4800,4900,5000,5100,5100,5100,5200,5300,15300,5500,5500,5600,5700,5800,5900,5900,6000,6000,6200,6100,6200,6300,6400,6500,6500,6600,6700,6700,6800,6900,6900,7000,7100,7200
638,100,300,300,400,500,600,600,700,800,800,800,700,1000,1200,1100,1200,1300,1300,1400,1400,1600,1700,1700,1800,1800,1900,2000,2100,2100,2300,2300,2300,2400,2500,2500,2600,2700,2800,2900,3000,3000,3000,3100,3200,3300,3300,3500,3800,3500,3600,3700,3800,3900,3900,4000,4100,4200,4200,4300,4300,4400,4400,4600,4600,4600,4800,4900,4900,4900,5000,5100,5200,5300,5400,5400,5500,5500,7000,7100,7200,7300,7300,7500,7600,7600,7200,10400,7900,8000,8100,8200,6700,6700,6800,6900,6900,7000,7100,7200,7100
639,200,300,400,400,500,500,600,700,700,800,900,1000,1000,1100,1200,1300,1400,1400,1500,1500,1600,1600,1700,1800,2000,1900,2000,2100,2300,2200,2300,2400,2400,2500,2500,2500,1600,2800,2900,2900,1800,1800,1900,1900,2000,2000,2000,2100,2200,2100,2200,2300,3800,2300,2400,4100,2400,4200,2500,2600,4400,2700,2700,2700,2700,2900,4800,2900,4600,2900,5800,3000,4600,3100,3200,3200,3300,5600,3300,5700,5800,5800,6000,6000,6100,6200,17800,6300,6400,6400,6500,6600,6700,6700,6700,6800,7000,7000,16600,7200
640,100,300,300,400,400,500,600,700,700,900,800,900,1100,1200,1300,1300,1300,1300,1400,1500,1600,1600,1700,1800,1900,2000,2000,2100,2100,2200,2200,2400,2400,2500,1500,1500,1500,2700,1600,1700,1700,1800,3400,1800,1900,2000,2000,2000,2000,2100,2200,2200,2300,3900,2400,4100,4300,2400,2500,2600,2600,2700,2700,2700,2800,4700,4500,4900,2900,3000,3000,3100,3100,3200,3200,4900,3300,3300,5000,6700,5900,5900,3600,3600,5100,5300,3700,3700,6300,3800,5600,3900,6700,4000,4000,6900,4100,7100,4200,4200
641,100,200,300,400,500,500,300,600,700,900,900,900,1000,1100,1200,1300,1300,1500,1400,1600,1700,1700,1800,1900,1900,2000,2100,2100,4100,2200,2300,1900,2500,1500,2700,1500,2700,1600,2900,1700,1800,1900,3100,1900,3300,2000,3400,2100,2100,2100,3800,2300,3800,2300,2300,4200,4100,4500,4300,4300,4400,4500,4500,4600,4700,4800,4900,5100,5000,5000,5100,5200,5500,5400,5500,5500,5800,5600,5700,6200,5800,5900,6000,6100,6100,6200,6200,6300,6400,6500,6500,6600,6700,6700,6800,6900,7000,7000,15200,7200
642,200,300,300,400,500,500,600,700,700,800,900,1000,1000,1100,1200,1200,1300,1300,1400,1500,1600,1600,1700,1800,2100,1900,2000,2100,2200,2200,2300,2400,2500,2500,2500,2700,2800,2800,2900,2900,3000,3100,3100,3300,3300,3400,3400,3400,3600,3600,3700,3800,3800,3900,3900,4100,4100,4100,4300,4300,4400,4400,4500,4600,4700,4700,4800,4800,4900,5100,5100,5100,5300,5400,5500,5600,5600,5800,5700,5700,5900,5900,6000,6000,6100,6100,6200,6200,6400,6400,8900,6600,6700,6700,7100,6900,7000,9100,7600,19200
643,200,400,500,500,500,800,800,900,900,1000,1100,1200,1200,1400,1400,1500,2000,1500,1800,1700,2200,2200,2300,2400,2400,2300,1500,1500,2200,1700,1700,1800,2500,1500,1600,5200,2700,2800,2800,3000,2900,3000,3500,3600,3300,3300,3400,3600,3600,3600,3700,3800,4000,3900,4000,4300,4100,4200,4300,4400,4400,4500,4600,5000,4700,4800,4800,4900,5000,5400,5100,5500,5300,5300,5400,5500,5500,5600,5700,5800,5800,5900,6000,6100,6100,6100,6200,6300,6300,6400,6500,6600,6800,6700,6900,6900,7000,7000,7100,7200
644,100,200,400,400,400,500,700,800,800,800,800,900,1000,1100,1200,1200,1300,1400,1500,1500,1000,1700,1700,1800,1900,2000,2000,2200,2200,2200,2300,2300,2400,2500,2500,2600,2700,2800,2800,3000,2900,3000,3100,3200,3300,3400,3400,3500,3500,3600,3700,3800,3800,3900,4000,4000,4200,4200,4300,4300,4400,4500,4600,4700,4700,4700,4800,4900,5000,3000,5000,5300,5800,5900,5800,6000,6000,18100,6200,6300,6400,6400,6500,6600,6600,6700,6700,6900,6900,6900,7000,7200,7200,7300,7400,7500,7400,7600,7700,7800
645,300,400,400,600,600,700,800,900,900,1000,1100,1200,1300,1400,1400,1200,1300,1800,1100,1500,1600,1700,1700,1800,1800,1900,2100,2100,2100,2200,2400,2400,2400,2500,2600,2600,2700,2800,2900,2900,2900,3100,3200,3200,3200,3300,3400,3400,3500,3600,3700,3800,3800,3900,4000,4100,4100,4200,4300,4400,4400,4500,4500,4600,4600,4700,4800,4900,5000,5100,3900,5200,5300,5300,5400,5400,5500,5500,5600,5700,5800,5800,6000,6100,6000,6200,6300,6300,6400,6500,6500,6700,6800,6700,6700,6900,7000,7100,7100,7200
646,200,300,400,400,500,500,700,700,800,800,700,1000,1000,1000,1200,800,1300,1300,900,900,900,1000,1000,1100,1100,1100,1100,2100,2900,1300,1400,1400,2800,1500,1500,1500,3200,1700,1700,2900,1700,1800,1900,3300,3300,1900,2100,2000,2100,3600,3700,3800,3800,3900,4000,4000,4200,4200,4300,4300,4400,4500,4500,4700,4700,4800,4800,4900,5000,5100,5100,5200,5300,5400,5400,5500,5600,5700,5700,5800,6400,5900,5900,6000,6100,6600,6300,6400,6700,6500,6500,6700,6700,7300,7300,7500,7500,7500,7600,7700
647,200,400,400,600,600,700,800,400,800,800,900,1000,1100,1100,1200,1300,1400,1400,1500,1600,1600,1600,1800,1900,1900,2000,2000,2100,2200,2300,2600,3100,2700,2800,2600,2700,2800,2800,2900,3000,3000,3100,3100,3200,3300,3300,3400,3500,4500,4600,4600,4700,4800,4800,5000,5000,5100,20300,5300,5400,5500,5500,5700,5700,5900,6000,4900,4900,6200,6300,6400,6400,6600,6700,6600,6800,6900,7100,7200,5900,3300,3500,3600,3500,6200,3600,3700,3800,6400,3900,3900,3900,6700,4000,4100,4000,4100,7100,7200,7200
648,300,300,400,400,600,500,700,700,800,800,900,1000,1000,1200,1100,1300,1300,1500,1400,1600,1700,1700,1800,1800,1900,1900,2000,2100,2100,2200,2300,12700,2400,2500,2500,2600,2800,2800,2800,2900,3000,3100,3100,3200,3300,3400,3500,3400,3500,3600,3600,3800,3800,4000,4100,4100,4000,4200,4300,4300,13100,4400,4500,4600,4700,5800,4800,4800,3700,5000,5100,5200,5300,5300,5400,5500,5500,5600,5700,5800,5800,5900,5900,6000,6100,6100,6200,13500,6400,8400,3900,6600,6700,6700,6800,6800,6900,7100,7000,7100
649,200,300,300,400,400,500,600,600,700,800,900,900,1000,1000,1200,1300,1300,1300,1400,1600,1600,1600,1800,1800,1800,1900,1900,2100,2100,2100,2300,2300,2500,2400,2500,2600,2800,2800,2900,3000,3000,3200,3200,3100,3300,3300,3500,3600,3500,3600,3700,3800,3900,4000,4000,4000,4000,4200,4200,4400,4400,4800,3400,4600,4700,3600,4800,5000,5000,5000,5100,5200,5200,5300,5500,5500,5600,5500,5700,5800,5900,5900,6000,6100,6200,6200,6200,6300,6400,6500,6600,6600,6600,6700,6800,6900,7000,7000,7100,7200
650,200,200,400,500,500,600,700,700,700,900,900,1200,1000,1100,1200,1200,1400,1400,1400,1600,2200,2300,2000,2500,2600,2400,2600,2700,2700,2800,3000,3000,3000,3100,3200,2800,3300,3300,3500,3600,3500,3600,3800,3700,3700,3900,3900,4100,4200,4200,4300,4300,4400,4500,4600,4600,4600,4700,4900,4300,4400,3200,4700,4600,3600,3700,5100,4900,4900,5000,5100,6500,6600,6700,6800,5500,5500,5600,7100,5800,5900,6300,6000,6000,6100,6200,6300,6300,6400,6500,6600,6600,6700,6800,8500,8100,8200,8800,9000,9100
651,300,400,500,500,600,700,800,900,900,900,1100,1200,1300,1400,1500,1500,1700,1700,1800,1900,2000,2100,2200,2300,2300,2400,2700,2600,2800,2300,2300,2400,2500,2500,2600,2600,2700,2800,2900,3000,3000,3000,3200,3200,3200,3300,3400,3500,3500,3600,3700,3800,3800,4000,3900,4000,4100,4300,4300,4400,15900,4500,4600,4600,4700,4700,4800,5200,4900,5100,4500,5200,5300,5300,5400,5500,5600,5600,5700,5700,5900,5900,5900,6100,6100,6300,6200,6400,14900,6400,6500,6600,6600,6800,6800,6900,6900,7000,7000,7200
652,100,300,300,500,500,500,700,700,800,800,800,900,900,1000,1200,1200,700,1800,1400,1500,2000,1800,1800,1000,1900,2000,2000,2100,2200,2200,2300,2400,2500,2600,2600,2700,2700,2800,2900,3000,3000,3100,3100,3200,3300,3300,3400,3500,3600,3700,3800,3800,3900,3900,4000,4100,4200,4200,4300,4400,4400,4500,4600,4700,4700,4800,4800,5000,4900,5000,6400,5100,5300,5300,5400,5500,5600,5600,5700,5700,5900,5900,6000,6000,6100,6100,8700,6400,6400,6500,6500,6700,6700,6700,6900,6900,7000,7100,7100,7200
653,200,300,300,400,500,500,700,1000,1100,1100,1100,1200,1300,1300,1500,1500,1600,1600,1800,1500,1600,1700,1700,1800,1900,2000,2000,2100,2200,2300,2300,2400,2400,2500,2600,2700,2700,2800,2800,3000,3000,3100,3200,3200,3300,3400,3400,3500,3600,3600,3700,3800,3800,4000,5300,2700,12600,3400,4300,4600,4400,4500,4500,4700,4800,4700,2900,4900,5000,5100,5100,5200,5200,5400,5400,5400,5600,5600,5700,5700,5800,5900,5900,6000,6100,6100,14100,6300,6400,6500,6500,6600,6700,6700,6800,6800,7000,7800,7200,4800
654,200,300,300,400,500,600,500,800,700,800,900,600,1100,1100,1200,1300,1300,1400,1400,1500,1600,1600,1800,1800,2000,2000,2000,2100,2200,2300,2300,2400,2400,2500,2600,2700,2700,2800,2900,3000,3000,3800,3100,3200,3300,3300,3400,3500,3500,3500,3600,3700,3800,3900,4000,4000,5300,4300,4300,4400,4400,4500,4600,4600,4700,4800,4800,4900,5000,5000,5100,5100,5300,5300,5300,5400,5600,5600,5700,5700,5800,5800,6000,6000,6000,6100,6200,6400,6400,6400,6500,6600,6700,6800,6800,6800,7000,7100,7100,7100
655,200,200,300,300,500,500,500,800,700,700,700,1000,1000,1000,1100,1200,1300,1400,1500,1500,1600,1700,1700,1800,1800,1900,2000,2100,2200,2200,2300,2400,2500,2500,2700,2700,2700,2800,2900,2900,3000,3100,3100,3200,3300,3400,3400,3500,3600,3700,3700,3700,3800,3900,4000,4000,4100,4300,4300,4300,2600,4400,4500,4500,4600,4700,4800,4900,5000,5000,5100,5100,5300,5300,5400,5400,5600,5600,5700,5700,5900,5900,6000,6000,6100,6200,6300,6300,6300,6400,6600,6600,6700,6700,6800,6800,6900,7000,7200,7200
656,200,300,300,400,500,500,700,500,800,800,900,900,1000,1100,1200,1200,1300,1400,1400,1600,1600,1600,1700,1800,1900,1900,2000,2100,2200,2200,2300,2400,2400,2500,2500,2600,2700,2800,2800,2900,3000,2000,3100,3200,3300,3400,3400,3400,3500,3600,3700,3800,3800,3900,4000,4000,2500,4200,4300,5700,4400,4400,4600,4500,4600,4700,4800,4900,5000,5100,5100,5100,5300,5300,5400,5500,5500,5600,5700,5800,5900,5800,6000,6000,6100,6300,6300,6300,6400,6500,6500,6600,6600,6800,6800,6900,7000,7000,7100,7200
657,200,200,300,400,500,500,600,700,800,800,900,600,1000,1100,1200,1200,1300,1400,1400,1600,1700,1600,1800,1800,1900,2000,2000,2100,2200,2200,2400,11700,2400,2500,2600,2600,2700,2800,2800,2900,3000,3100,3200,3200,3200,3300,3500,3500,3600,3600,3700,3800,3900,3900,5100,4000,4100,4200,4200,4300,4400,4500,4500,4700,4700,4700,4900,4900,5000,5100,5100,5300,5300,5300,5400,5500,5600,5700,5700,5700,5800,5900,6000,6000,6100,6200,6200,6300,6400,6400,6500,6600,6700,6700,6800,6900,7000,7000,7100,7200
658,200,300,400,400,600,600,600,700,700,900,800,900,1000,1400,1400,1500,1600,1700,1800,1900,2000,2200,2200,2200,2400,2400,2500,2600,2600,2800,2900,2900,3100,3100,3300,3400,3400,3500,3500,3600,1900,3100,3200,3200,3300,3300,3500,3500,3500,3600,3600,3800,3900,3900,4000,4000,4100,4200,4300,4300,4400,4600,4500,4600,4700,4800,4800,4900,5000,5000,5100,5200,5200,5400,5400,5400,5600,5600,7200,5800,3900,5800,6000,6100,6100,6300,6200,6300,6400,6600,6500,6600,6700,6700,6800,6900,16900,7100,7100,7200
659,300,400,300,400,500,500,600,600,700,900,900,900,1000,1200,1200,1300,1200,1500,1500,1500,1600,1700,1800,1800,1900,2000,2000,2100,2200,2200,2300,2400,2400,2500,2600,2600,2700,2800,2800,2900,3000,3100,3200,3200,3300,3400,3500,3500,3600,3600,3700,3800,3900,4000,4000,4000,4100,4200,4300,4400,4400,4500,4500,4600,4700,4800,2800,4900,5000,5000,5100,6300,5300,5300,5500,5400,5500,5600,5700,5700,5900,5900,6000,6000,6100,6200,6200,6300,6400,6500,6500,6600,6700,6700,6800,6900,6900,7000,7100,7200
660,300,200,400,400,500,500,600,400,800,800,900,700,1500,1500,1400,1500,12800,1600,2100,1800,2200,2000,2300,2400,2500,2600,2500,2600,2700,2700,2800,2900,3000,3100,3100,3100,3300,3400,3500,3500,3500,3700,3700,3800,3800,3900,3900,4100,13100,4200,4200,4300,4400,4400,4500,4600,4700,4700,4300,4400,4400,4500,4600,4600,4800,4800,4800,4900,4900,5100,5100,5200,5300,5300,5400,14800,5500,5700,5700,5700,5800,5900,6000,6100,6100,6200,6300,6300,6500,6500,6600,6600,6700,6800,6800,7000,7000,7100,7100,7200
661,200,300,400,500,500,600,700,700,700,900,900,1000,1000,1100,1200,1200,1300,1500,1400,1500,1700,1700,1700,1900,1800,1900,2000,2100,2200,2200,2200,2400,2500,2500,2600,2600,2700,2800,2800,2900,3000,3100,3100,3100,3200,3300,3400,3500,3600,3700,3700,3800,3900,3900,3900,4100,4100,4200,4300,4400,4400,4500,4600,4700,4700,4800,4900,5000,5000,5000,5100,5100,5300,5400,5500,5500,5600,5600,5700,5700,5800,6000,6000,6000,6100,6200,6300,6400,6400,6500,6600,11400,6600,6700,6800,6900,6900,7100,7000,7200
662,200,300,300,500,400,600,500,800,700,700,700,1000,1000,800,1200,1300,1300,1300,1500,1600,1600,1700,1700,1700,1800,1900,2000,2200,2200,2200,2300,2400,2400,2500,2500,2600,2800,2800,2900,2900,3000,3100,3200,3300,3300,3400,3500,3600,3600,3700,3700,3800,3900,4000,4100,4100,4100,4900,4300,4400,4400,4400,4500,4600,4600,4700,4800,4900,5000,5000,5200,5200,5300,5300,5400,5500,5500,6500,6200,6400,6500,5900,8600,6600,6900,8300,7000,7400,7500,7700,7900,7700,6700,7300,6800,6900,6900,7000,7100,7200
663,200,500,200,200,300,300,600,400,700,500,500,500,1000,1100,1100,700,1300,1100,900,900,1700,1600,1700,1800,1900,1900,2000,2100,2100,2200,2300,2500,2500,2500,2600,2600,2700,2800,2900,3000,3000,3000,3200,3200,3300,3300,3100,3600,3000,2900,2500,2400,3800,3900,4000,4000,4100,15100,4200,4300,4400,4400,4500,4300,4700,4800,4800,4900,5000,5100,5200,5200,5300,5300,5400,5400,5600,5600,5700,5800,5800,15000,6000,6000,6100,6200,6300,6400,6400,6500,6500,6700,6600,8600,6800,6900,7100,7100,7100,7200
664,200,300,400,400,500,600,700,800,700,800,900,1000,1000,1100,1200,1200,1400,1400,1400,1600,1600,1700,1800,1800,1900,1900,2000,2000,2200,2200,2300,2400,2400,2500,2600,2700,2800,2800,2800,3000,3000,3100,3200,3200,3300,3300,3400,3500,3600,3600,3700,3800,3800,3900,4000,4100,4200,4200,4300,4300,4300,4900,4500,4600,4600,5200,4900,4800,5000,5000,5100,5200,5300,5300,5400,5400,5600,5500,5600,5700,5800,6000,6000,6000,6200,6200,6300,6300,6400,6500,6600,6600,6700,6800,6800,6900,6900,7100,7200,17300
665,200,300,300,400,500,500,600,700,800,800,900,1000,1100,1100,1200,1300,1400,1400,1500,1500,1600,1100,1700,1800,1600,1900,2000,2200,1300,1300,1400,2400,1400,1500,2600,1500,1600,3300,2900,1700,1800,3100,3100,1900,1900,1900,2000,3600,2100,2100,3800,3800,3800,3900,4000,4000,4200,4200,4300,4400,4400,4500,4600,4600,4700,4800,4800,4900,4900,5000,5100,5100,4100,5300,5500,5400,5600,5600,5700,3500,5900,5900,6000,6000,6100,6100,6300,6300,3800,6500,19600,7100,6700,6800,6800,6900,9000,7100,7100,7200
666,100,300,300,400,500,500,600,700,700,800,900,900,1000,1100,1200,1200,1600,1400,1400,1500,1700,1600,1800,1800,1800,2000,2000,2100,2200,2300,2300,2300,2500,2500,2600,2700,2700,2800,2900,3000,3100,3100,3200,3200,3300,3300,3400,3500,3500,3600,3700,3800,3900,3900,4100,4100,4100,4200,4300,4400,4400,4500,4600,4700,4800,4800,4800,3800,4900,5100,5200,5100,5300,5300,5400,5500,5500,5600,5600,5700,5900,5800,5900,6000,6100,6100,6300,6300,6300,6400,6500,6600,6700,6700,6900,6900,7000,7000,7100,7100
667,200,300,300,400,500,500,600,700,700,800,800,900,1000,1100,1100,900,1400,1400,1500,1500,1600,1700,1800,1900,1900,2000,2000,2100,2100,2300,2300,2300,2400,2500,2600,2700,2700,2800,2900,2900,3000,3000,3100,3200,3200,3300,3400,3500,3500,3700,3700,3800,3800,3900,4000,4100,4200,4200,4300,4300,4400,4500,2600,4600,4700,3600,4900,4900,5000,5000,5100,5200,5300,5300,5400,5400,5600,5600,5600,5700,5800,5900,6000,6000,13300,6200,6300,6300,6400,6500,6600,6700,6700,6800,6800,6900,14300,7100,5200,7200
668,100,300,300,400,600,500,600,700,800,900,1200,1000,1000,1100,1200,1300,1300,1400,1500,1500,1600,1700,1800,1800,1900,2000,2100,2100,2200,2200,2400,2300,2500,2600,2600,2700,2700,2800,2900,2900,3000,3100,3200,3200,3300,3400,3500,3500,3600,3600,3700,3800,3900,3900,4000,4100,4100,4200,4300,4400,4500,4500,4600,4700,4700,4700,4900,4800,5100,5100,5100,5200,5200,5300,5400,5500,5600,5600,5600,5800,5900,6000,6000,6000,6200,6300,6300,6400,6300,19900,6500,6700,6700,6800,6700,6800,6900,7000,7100,7200
669,200,200,300,400,500,500,700,700,800,800,900,600,1100,1200,1100,1200,1300,1400,1400,1500,1700,1700,1700,1800,1900,2000,2000,2100,2100,2300,2300,2400,2500,2500,2500,2700,2700,2800,2900,3000,3000,3100,3100,3200,3400,3400,3400,3500,3600,3700,3700,3900,3900,4000,4000,4000,4100,15300,4300,4300,4400,4500,4600,2800,4700,4800,4800,5000,5000,5100,5100,5200,5300,5400,5400,5500,5600,5700,5700,5700,5800,5900,6000,6000,6100,6200,6300,6300,6400,6500,6600,6600,6600,6700,6800,6800,7000,7000,7100,7200
670,100,300,300,400,400,500,600,600,700,900,900,1000,1000,1100,1100,1300,1300,1300,1500,1500,1600,1700,1700,1800,1900,2000,2100,2100,1300,2300,2600,2400,2400,2500,2700,2600,2800,2800,2900,3000,3000,3100,3100,3300,3300,3400,3400,3500,3700,12700,3800,3800,3900,4000,4000,4100,4100,4200,2600,2500,2600,4500,2700,2800,2700,4900,2800,2900,2900,3000,19900,5200,5300,5300,5400,5500,5500,5600,5800,5800,5800,5900,6000,6000,6100,6100,6200,6300,6400,6500,18000,6600,6700,6800,6800,6900,7000,7000,7100,7200
671,200,300,400,800,600,700,600,700,700,900,14500,1000,1000,1100,700,1300,1300,1400,1400,1500,1600,1600,1700,2100,1900,2000,2000,2100,2200,2200,2300,2400,2700,2400,3200,2700,2700,3100,2900,2900,3100,3100,3200,3200,3300,3500,3500,3500,3600,3600,3700,3800,3900,3900,4000,4000,4200,4200,4300,4400,4400,4500,4600,4600,4700,4700,4800,4900,5000,5100,5100,5200,5300,5400,5400,5400,5500,5600,5700,5700,5800,6100,5900,6100,6200,6200,6300,6300,6400,6500,6500,6600,7000,6800,6800,6900,7000,7100,7100,7200
672,200,300,400,400,500,500,600,700,700,800,900,900,1000,1000,1200,1200,1300,1400,1400,1600,1600,1700,1700,1800,1900,1900,2000,2000,2200,2200,2300,2400,2500,2500,2600,2700,2800,2800,2800,2400,3000,3100,3200,3200,3300,3400,3500,3500,3600,3600,3800,3800,3900,3900,3900,4000,4100,4200,4200,4300,4400,4500,4500,4600,4700,4700,4800,4900,5000,5000,5100,5200,5300,5400,5500,5500,5500,5600,5700,5700,5800,5800,5900,6100,6100,6300,3700,3800,6300,3900,5200,6600,5400,6700,4000,4000,4100,4100,4100,4300
673,100,100,200,400,500,300,400,400,400,500,500,600,600,600,700,1200,1300,800,1400,1500,900,1600,1000,1000,1100,1100,1200,1200,1300,1300,2300,2400,2500,1500,2600,2700,2700,2800,2900,3000,3000,3000,3100,3300,3300,3400,3400,3600,3600,3600,3700,3700,3800,3900,4000,4100,4200,4200,4200,4400,4400,4500,4600,4600,4800,4800,4800,5000,5000,5000,5100,5200,5300,8900,5500,5400,5600,5700,5800,5800,5900,5900,6100,6000,6100,6200,6300,6300,6400,6400,6500,6600,6700,6800,6900,6900,7000,7100,7100,7100
674,200,300,300,400,500,500,600,600,700,800,900,1000,1000,1100,1200,1300,1300,1400,1700,1800,2100,1700,1700,1800,2000,2000,2000,2300,2400,2200,2300,2300,2700,2500,2500,2600,2800,2800,2900,2900,3000,3100,3100,3200,3300,3400,3400,3500,3600,3700,3700,3800,3900,3900,4000,4000,4100,4200,4200,4300,4400,4500,4500,4600,4700,4700,4800,4800,4900,6900,5100,5200,5200,5300,15200,5500,5500,5600,5700,5800,5800,5900,6000,6000,6100,6200,6200,6300,6400,6500,6500,6600,6600,6800,6800,6900,7000,7000,7100,7200
675,200,300,300,500,500,600,600,600,800,1100,900,1000,1600,1100,1200,1000,1400,1400,900,1600,1600,1600,1700,1800,1900,2000,2000,2100,2100,2200,2300,2400,2400,2500,2600,2700,2700,2800,2800,3000,3000,3100,3100,3200,3300,3300,3400,3500,3500,3600,2200,3800,3900,3900,3900,4000,4100,4200,4300,4300,4400,4500,4500,4600,4700,4800,6100,4900,4900,6200,5100,5200,13800,3100,3100,3200,4600,5700,3300,3400,3400,3400,3500,3600,3600,3600,5100,3800,6500,3900,3800,5600,7100,6800,6800,9700,7000,7000,7100,7100
676,200,400,400,400,500,500,600,600,700,800,900,1000,1000,1500,1100,1200,1300,1400,1800,1500,1500,1600,1700,1800,1900,2000,2100,2000,2200,2200,2200,2300,2400,2500,2600,2700,2700,2800,2900,3000,3100,1800,3100,3100,3300,3300,3500,3600,3600,3700,3700,3800,3900,4000,4000,4100,4100,13100,4200,4400,4400,4400,4600,4600,4700,4800,4800,4900,4900,5000,5100,5300,5300,5400,5400,5500,5600,5600,5600,5800,5800,5900,5900,6000,6200,6100,7300,8200,6400,3600,3800,3900,3900,4000,4000,4100,4000,12300,4200,4200
677,100,100,100,300,300,300,300,1800,500,500,500,1100,1000,1100,1100,1300,1400,1300,1500,1600,1600,1700,1800,1800,1900,2000,2100,2100,2200,2200,2300,2300,2400,2400,2700,2700,2900,2800,2900,3000,3000,3000,3100,3200,3200,3300,3400,3500,3600,3700,3700,3800,3800,4000,3900,4000,4200,4200,4200,4300,4300,4500,4500,3300,4700,13600,4800,4900,5000,5100,5100,5200,5300,5400,5400,5500,5600,5600,3900,5800,5900,6000,6000,6100,6200,6200,6400,6300,6500,6500,6500,6600,6700,6800,6800,6900,7000,7000,7100,7200
678,200,300,300,500,500,500,600,700,800,800,900,1300,1000,700,700,700,1400,1400,1500,1500,1600,1700,1700,1800,1900,1900,2000,2100,2100,2200,2300,2400,2400,2500,2500,2600,2700,2700,2800,2900,2900,3000,3100,3200,3200,3300,3400,3500,3500,3600,3700,3800,3800,3900,3900,4000,4100,4200,4300,4300,4300,4500,5200,4700,4700,4700,4900,4900,5000,5100,5100,5100,5300,5400,5400,5500,5500,5600,5700,5700,5800,5800,6000,6000,6100,14500,6200,6400,6400,6500,6500,6600,6700,6800,6800,6800,7000,13900,7000,7200
679,200,200,300,400,500,500,500,600,800,900,800,900,1000,1400,700,700,1300,800,800,900,1600,1700,1700,1800,1900,1900,2000,2100,2100,2300,2300,2300,2400,2500,2500,2700,2700,2700,2800,2900,3000,3100,3100,3300,3200,3400,3400,3500,3600,3700,3700,3800,3800,3900,4000,4100,4200,4300,4300,4400,4500,4600,4600,4600,4700,4800,4800,4900,4900,5000,5100,5200,5200,5400,5500,5500,5500,5600,5700,5800,5800,5900,5900,6000,6100,6100,6300,6300,6300,6500,6500,6600,6600,6700,6800,6800,7000,7000,7100,7200
680,200,200,400,400,500,600,600,700,800,800,900,900,1000,1000,1200,1300,1300,1300,1400,1500,1600,1700,1800,1800,1800,1900,2000,2000,2100,2300,2200,2400,2400,2500,2600,2600,2700,2800,2800,2900,3000,3000,3100,3200,3200,3300,3400,3500,3600,3600,3600,3700,3800,3900,4000,4000,4100,4200,4200,4300,4400,5000,4600,4600,6000,4800,4900,4900,4900,5000,5100,5300,5200,5300,5300,5400,5600,5600,5600,5700,17600,5900,5900,6000,6100,6200,6200,6300,6400,6500,6500,6600,6700,6900,6900,6900,6900,7000,7100,7200
681,200,300,300,500,400,500,700,700,800,600,900,900,1000,1100,1100,1300,1300,1400,1400,1600,1600,1600,1700,1800,1800,1900,2000,2200,2100,2200,2300,2300,2400,2600,2600,2700,2700,2800,2900,2900,3000,12100,3100,3200,3300,3300,3400,3500,3500,3600,3600,3800,3900,5300,4000,4100,4100,4200,4300,4400,4400,4500,4600,4600,4700,4700,4800,5000,5000,5100,15800,5100,5300,5400,5400,5400,5500,5600,5600,5800,5800,5900,5900,6100,6100,6200,6300,6400,6400,6500,6500,6600,6700,6700,6800,6900,7000,7000,9000,7700
682,200,200,400,400,500,600,600,800,700,800,900,900,1000,1100,1200,1200,1300,1300,1500,1600,1700,1700,1800,1900,1900,2000,2100,2200,2200,2300,2400,2300,2400,2600,2600,2700,2800,2800,3000,3000,3000,3000,3200,3200,3300,3400,3400,3500,3500,3600,2200,2200,2300,2300,6400,4100,5000,4200,4300,4400,4300,4500,4500,4600,4700,4700,4800,4900,5000,5000,5100,5100,5200,5300,5400,5500,5600,5600,5700,5700,13900,5800,6000,6100,6100,6200,6300,6300,6400,6500,6600,6600,6700,6800,6800,6900,7000,7000,7100,7100
683,200,300,400,400,500,600,600,700,800,800,900,1000,1100,1100,1200,1200,1300,1400,1400,1500,1600,1700,1700,1800,1900,2000,2000,2100,2100,2200,2300,2400,2500,2500,2600,2700,2700,2800,2800,2900,3000,3000,3100,3200,3300,3300,3400,3500,3500,3600,3700,3800,3900,3900,3900,4100,4100,2500,4300,4300,4400,4500,4500,4600,4700,4700,4800,4900,5000,5000,5200,5200,5300,5400,5400,5500,5600,5600,5700,5800,5800,5900,6000,6000,6200,6200,6300,6300,20500,6700,6600,6700,6700,6700,6800,6900,7000,7000,16900,7200
684,100,200,300,400,500,600,700,700,700,800,900,900,1000,1100,1100,1300,1300,1300,1500,1600,1500,10900,1700,1800,1900,2000,2100,2100,2200,2200,2300,2400,2700,2500,2600,2700,2700,2800,2800,2900,3000,3100,3200,3200,3300,3300,3400,3500,3600,3700,3800,3800,3900,2300,2300,4100,2500,2500,2500,2600,2500,4500,2600,3700,2700,2800,4800,2900,2900,5800,4900,4900,5200,3100,3200,3200,4800,4800,3300,3300,3400,3500,3500,5200,5300,6200,3700,3700,3700,3800,3800,3900,3900,3900,6900,6800,6900,7100,4200,7200
685,200,300,400,500,500,500,700,600,800,800,900,1000,1000,1100,1200,1200,1300,1400,1500,1500,1600,1600,1800,1800,1900,2000,2100,2100,2200,2300,2300,2500,2500,2500,2500,2700,2700,2800,2800,2900,3000,3100,3200,3300,3300,3400,3400,3500,3600,3600,3800,4600,3900,4500,3900,4100,4100,4200,4300,4300,4400,4700,4600,4700,4700,4800,4800,5000,5300,5100,5100,6600,6600,6700,6800,6900,6900,7100,7700,6700,6800,7000,7500,7600,7200,7800,7900,7900,8000,8100,8200,8200,8300,8500,8500,8600,8700,8300,8400,9000
686,200,300,500,500,600,600,700,800,900,900,1200,1100,1200,1200,1400,1500,2000,1800,1900,1900,2100,2000,2200,2300,2300,2500,2500,2600,2700,2800,2900,3000,2900,3000,3000,3200,3200,3200,3400,3500,3600,3600,3700,3800,3900,3900,4000,4600,4300,4300,3700,3800,3800,3900,4900,4000,4200,4200,4300,4400,4400,15300,4600,4700,5300,4700,4800,5000,5000,5100,5100,5200,5300,5300,5400,5400,5600,6100,6100,5700,6300,7100,6000,4600,6100,6200,6300,6300,6400,6500,6500,6600,6800,6700,6800,6900,7000,7000,7100,7200
687,200,300,400,400,500,600,600,700,700,800,900,1000,1000,1100,1200,1300,1300,1400,1400,1600,1600,1600,1800,1800,1900,1900,1300,1300,2200,3000,1300,1400,1400,1500,1500,1500,1600,1600,1700,2900,1700,1800,3100,3100,3900,1900,2000,2000,2100,2100,3600,2200,3800,2300,2400,2400,2400,2400,2500,2500,4100,4400,4100,4700,4700,4700,4900,4900,5000,5000,5100,17800,5300,5300,5300,5500,5600,5600,5700,5800,5800,5900,6000,6100,6100,6200,6300,6300,6400,6500,8100,8200,8400,8400,8500,8600,8700,8700,8900,8900
688,200,400,500,500,500,600,700,700,700,1500,1100,1200,1300,1400,1500,1600,1700,1800,1800,2000,2000,2100,2200,2300,2500,2500,2400,2500,2600,2600,2700,2900,3100,3100,3200,3300,1600,4000,1600,1800,1700,1800,1900,3200,3200,3400,3400,3500,3500,3600,3600,3700,3800,3800,4000,4000,4100,4200,4200,4300,4400,4500,4500,4600,4600,4700,4800,4900,4900,5000,5100,5100,5300,5300,5400,5400,5500,5600,5700,5700,3900,5900,6000,6100,6200,6100,6300,6300,6400,6500,6500,6600,7700,6700,6800,5100,6900,7000,7100,7100
689,200,300,300,400,500,500,600,700,700,700,900,1000,1000,1000,1100,1200,1300,1300,1400,1500,1600,1600,1700,1700,1800,1900,2000,2100,2100,2200,2300,2400,2400,2500,2500,2600,2700,2700,2800,3000,3000,3000,3100,4000,4100,4200,5100,4400,4500,4600,4700,4700,4800,4800,4700,5000,5100,5300,5300,5400,5500,5700,3000,5800,5800,5900,6000,6100,6100,6300,6300,6500,6600,6700,8100,6900,4500,5700,5600,5700,5800,5900,5900,6100,6100,6200,6200,6400,6400,6500,6500,6600,6600,6700,6800,6900,7000,7100,7200,7200
690,200,300,300,400,500,600,600,700,700,800,900,1000,1000,1000,1200,1200,1300,1300,2100,1500,1600,1700,1800,1800,1900,1900,2000,2100,2100,2200,2300,2300,2400,2500,2600,2700,2800,2800,2800,2900,3100,2000,3200,3300,3300,3300,3500,3600,3600,3700,3700,3800,3800,4000,4000,4100,4200,4200,4300,4400,4400,4600,4600,4600,4700,4700,2900,5000,4900,3100,5200,5200,5200,5300,5300,5400,5600,5600,5700,5700,5900,5800,6000,6000,6100,6100,6200,6400,6400,6500,6600,6600,6700,6800,6800,6900,7200,7000,7100,7200
691,200,400,400,500,800,500,600,700,700,800,900,1000,1100,1200,1200,1200,1400,1400,1400,1500,1600,1700,1700,1800,1800,2000,2000,2100,2100,2200,2300,2500,2500,2500,2500,2600,2700,2800,2800,2900,3000,3000,3100,3200,3300,3300,3400,3500,3500,3600,3700,3800,3800,3900,4000,4000,4100,4300,4300,4300,4400,4400,4600,3300,4700,4800,4900,4900,5000,5000,5200,5300,5300,5300,5400,5900,5600,5700,7000,5800,5900,5900,6000,6000,6100,6200,6200,6300,6400,6500,6600,6600,6700,6800,6900,6900,7000,7000,7100,7200
692,200,300,400,500,600,600,700,700,800,900,900,900,1100,1100,1100,1300,1300,1400,1500,1600,1600,1800,1700,1800,1900,1900,2000,2000,2200,2200,2300,2400,2500,2500,2500,2600,2700,2800,2900,3000,3000,3100,3100,3200,3300,3300,3400,3400,3500,3600,3700,3800,3900,3900,4000,4100,4100,4200,4200,4400,4400,4400,4500,4600,4700,4700,4800,4900,4900,5800,5200,5200,5300,5400,5400,5500,5500,5600,5700,5800,5800,5900,6000,6000,6200,6100,6300,6400,6500,17800,6500,6600,6700,6800,6800,6900,7000,7000,7100,7200
693,200,400,400,400,500,500,900,600,700,800,900,1000,1000,1100,1200,1200,1300,1400,1400,1600,1600,1700,1700,1900,1900,1900,2000,2000,2100,2200,2200,2300,2500,2500,2600,2700,2700,2800,2800,2900,3000,3100,3100,3200,3300,3400,3400,3500,3500,3600,3700,3700,3800,3900,4000,4000,4200,4200,4300,4400,2700,4400,4600,4500,4700,4700,4800,4900,4900,5000,5000,5200,5200,5300,5300,5500,5600,5600,5600,5800,5900,5800,6000,6100,6200,6100,6200,6400,6500,6400,6600,6600,6700,6800,6900,6900,6900,7000,7200,7100
694,100,300,400,300,500,500,600,700,500,900,900,600,600,1100,700,800,800,800,800,900,900,900,1100,1000,1100,1100,1200,2900,1300,2200,2300,2400,2400,2500,2500,2600,2700,2800,2800,2900,3000,3000,3100,3200,3200,3300,3400,3500,3600,3700,3800,3700,3900,3900,2400,4100,5200,2500,4300,4300,4500,4500,4600,4700,4700,4700,4800,4900,5000,5100,5100,5200,5300,5300,5400,5500,5600,5600,5700,5800,5800,5900,6000,6000,6200,6200,6300,6400,6400,6500,6600,9100,9200,6800,6800,6900,6900,7000,7100,7200
695,200,300,400,300,300,600,700,700,800,900,900,1000,1100,1100,1200,1300,1300,1400,1500,1600,1600,1700,1700,1800,1800,1900,2000,2100,2100,2200,2300,2400,2400,2600,2600,2600,2800,2800,2800,2900,3000,3100,3200,3200,3300,3400,3400,3500,2100,3700,3700,2200,3800,4000,4000,4100,4100,4200,4300,4400,4400,4500,4500,4700,4700,4800,4800,4900,5000,5000,5100,5200,5300,5300,5400,5500,5600,5700,5700,5700,5800,6000,6000,6100,6100,6200,6300,6300,6500,6600,6500,6600,6800,6800,6800,6900,7000,7000,7000,4800
696,200,1100,300,500,300,600,400,700,500,400,500,600,700,600,700,800,800,800,900,1000,2700,1000,1000,1800,1100,1100,2000,1200,1300,1400,1400,1400,3200,2500,2700,2700,2700,2800,2800,3000,3000,3000,3100,3200,3300,3400,3400,3500,3500,3600,3600,3800,3900,3900,4000,4100,4100,4100,4200,4300,4400,4500,4500,4600,4600,4800,4800,4900,5000,5000,5100,5200,5300,5300,5500,5400,5500,5700,5800,5800,5900,5900,6000,6000,6200,6200,6300,6400,6400,6500,6600,6600,6800,6800,6800,6900,7000,8100,7100,7200
697,200,300,300,500,500,500,600,600,800,800,800,1000,1000,1100,1100,1200,1300,1400,1400,1500,1600,1700,1700,1800,1800,1900,2000,2000,2100,2200,2200,2300,2400,2500,2500,2600,2700,2700,2800,2900,3000,1900,3100,3200,3900,3400,3400,3500,3500,3600,3600,3800,3900,3800,3900,4000,4100,4200,4400,4400,4300,4600,4500,4700,4700,4700,5000,4900,5000,5000,5100,7300,5400,5300,5400,5500,5500,5600,5800,5800,5900,5900,5900,6400,6200,6200,6300,6300,6400,8400,6500,6600,6700,6800,6800,6800,6900,7000,7100,7200
698,200,300,300,500,600,600,600,700,700,800,800,1000,1000,1000,1200,1200,1200,1400,1500,1500,1600,1600,1700,1900,1900,1900,2000,12800,2100,2200,2200,2300,2400,2500,2500,2600,2700,2800,2900,3000,3100,3000,1900,3200,3300,3300,3400,3500,3600,3700,3700,3900,3900,4000,4000,4100,4200,4300,4400,4300,4500,4500,4600,4700,4700,4800,4900,4900,5000,5100,5100,5200,5300,5400,5400,5600,5600,5600,5700,5800,5800,5900,6100,6000,6100,15300,6200,6300,6500,6400,6500,6600,6600,6800,6700,6900,7000,4800,7100,7100
699,200,200,300,400,500,600,600,700,700,800,900,1000,1000,1100,1200,1300,1300,1300,1500,1500,1600,1700,1800,1800,1900,2000,2000,2000,2100,2200,2200,2300,2400,2500,2500,3500,2700,2800,2900,2900,3000,3000,3100,3200,3200,3500,3400,3400,3600,3700,3700,3800,3900,3900,3900,4000,4000,4100,4300,4300,4400,4400,4500,4600,4800,4800,4800,4900,5000,5000,5100,5100,5300,5300,5400,5500,5600,5700,5700,5700,5800,5900,5900,6100,6100,6100,6200,6300,6300,6400,6500,6600,6600,6700,6800,6900,7000,7000,7100,7200
700,200,300,300,400,500,500,600,600,800,800,900,900,1000,1100,1100,1200,1300,1400,1400,1600,1600,1700,1700,1800,1900,2000,2000,2100,2100,2200,3100,2300,2400,2500,2600,2700,2800,2800,2800,3000,3100,3100,3200,3200,3300,3400,3500,3600,3500,3600,3700,3900,3800,3900,3900,4000,4200,4200,4300,4400,4500,4700,4800,4800,4900,5100,5200,5200,5200,5300,5400,5500,5500,5700,5700,5500,5600,5700,5700,5700,5800,5800,6000,6100,6100,6100,6300,6300,6400,6400,6500,6600,6700,6800,6800,6900,7000,7000,7100,7200
701,200,300,300,400,500,600,700,700,700,800,900,1000,1000,1200,1200,1200,1300,1400,1500,1500,1600,1700,1800,1800,1900,2000,2000,2000,2100,2200,2300,2400,2400,2500,2600,2600,2700,2800,2800,2900,3000,3100,3200,3200,3300,3400,3500,3500,3500,3700,3700,3800,3900,3900,4300,4100,4100,4300,4300,3100,4400,4500,3800,2700,2700,4600,2900,2900,3000,3000,5100,5200,3000,3100,3200,3300,5200,3200,3400,4500,5100,3500,5300,6000,3600,5200,3600,3700,3800,6500,3800,6600,6600,3900,5400,4400,5100,4100,4100,4200
702,1000,400,400,400,600,600,700,700,700,600,500,1000,700,700,600,800,800,800,1400,900,1500,1000,1000,1100,1100,1100,2000,1200,1300,1300,1300,1400,1500,1500,1500,1500,1600,1600,2900,1700,1700,1800,1800,5300,3300,3400,3400,3500,3600,3700,3700,3800,3900,4000,4000,4000,4200,4200,4300,4400,4500,4500,4500,4600,4800,4700,4800,4900,4900,5000,5100,5200,5200,5400,5400,5500,5600,5600,5700,5700,13900,5900,5900,6000,6100,6200,6200,6300,6900,6500,6500,6600,7500,6800,6900,7000,7000,7100,7100,7600
703,200,300,400,500,500,600,600,700,700,800,900,1000,1000,1100,1200,1300,1300,1300,1400,1500,1600,1700,1800,1800,1900,1900,2000,2100,2200,2300,2200,2400,2500,2500,15200,2700,2700,2800,2800,3000,3000,3100,3100,3200,3300,3300,3500,3500,3600,3600,3800,3800,3800,3900,4000,4100,4100,4200,4300,4300,4400,4500,4600,4600,4600,4800,4800,4900,5000,5100,5100,5100,12700,5300,5400,5400,5500,5600,5700,5900,5900,5900,5900,6000,6100,6100,6300,6300,6400,6400,6600,6600,6700,6700,6800,6900,6900,7100,7100,8300
704,300,400,200,300,800,600,700,700,800,900,800,1000,1000,1100,1100,1300,1300,1400,1500,1500,1600,1600,1700,1800,2000,1900,2000,2100,2200,2300,2300,2400,2500,2600,2600,2700,2700,2800,2900,2900,3000,3100,2400,3200,2900,3400,3400,3500,3600,3700,14000,3900,3800,3900,4000,4000,4100,4200,4300,4400,4400,4500,4600,4600,4700,17000,4800,2900,5000,5200,5300,5100,5200,5300,5400,5500,5500,5600,5600,5700,5800,5900,6000,6000,6100,6200,6200,6300,6400,6400,6600,6600,6600,6700,6800,6900,7000,7000,7100,7100
705,200,300,400,400,500,500,600,600,800,800,900,1000,1000,1200,1200,1300,1300,1300,1400,1600,1900,1900,1800,1800,1800,2000,2300,2100,2200,2200,2400,2400,2700,2500,2900,2700,2700,2800,2900,2900,3000,3100,3200,3300,3300,13400,3400,3900,3600,3700,3700,3800,3800,3900,4000,4100,4200,4300,4300,4400,4500,4500,4600,4700,4800,4800,4900,5000,5000,5000,5100,5200,5200,5300,5400,5500,5500,5600,5600,5700,5800,5800,6000,6000,6200,6300,6300,4400,6400,6500,6500,6600,6700,6800,6900,6900,7000,7100,7000,7100
706,200,300,400,400,600,500,600,700,800,900,1000,1000,1100,1000,1100,1300,1300,1400,1500,1500,1600,1600,1800,1900,1800,1900,2000,2100,2200,2200,2300,2400,2400,2500,2600,2600,2900,2700,2900,2900,3000,3100,3100,3300,3300,3400,3500,3500,3600,3600,3700,3700,3800,3900,4000,4000,4100,4200,4300,4300,4400,4500,4500,4600,4700,4700,4800,4900,4900,5100,5000,5200,5300,5300,5400,5400,5500,5700,5600,5700,5800,5900,6000,3600,6100,7700,6400,6300,6400,6500,6500,6700,6700,4900,6900,6900,7000,7000,7100,7100
707,100,200,400,400,500,600,600,700,700,800,800,900,1000,1000,1100,1200,1200,1300,1400,1500,1600,1600,1700,1700,1900,1900,2000,2100,2100,2200,2200,2400,2400,2500,2600,2700,2800,2800,2900,3000,3000,3100,3100,14600,3300,3300,3500,3500,3600,3600,3700,3700,3900,3900,4000,4100,4200,4200,4300,4300,4400,4500,4500,4700,4700,4800,4900,4900,4900,5100,5200,5300,5300,5400,5500,5500,5600,5700,5800,5700,5900,5800,6000,6000,6200,6200,6300,6400,6400,6400,6600,6600,6700,6700,6800,6900,6900,7000,7100,7100
708,200,300,400,400,500,600,700,700,700,800,900,900,1000,1100,1100,1200,1300,1400,1400,1500,1500,1600,2000,1800,1900,1900,2000,2000,2200,2300,2300,2400,2600,2500,2600,2600,2700,2800,2800,3000,3100,3100,3100,3100,3300,3300,3400,18000,3600,3700,3600,3700,3900,3900,4100,4100,4200,4200,4200,4300,4400,4500,4500,4600,4600,4800,4800,5000,5100,5000,5100,5200,5300,5300,5400,5400,5700,5500,5700,5700,5900,5900,6000,6000,6100,6200,6300,6300,6500,6500,6500,6600,6600,6800,6800,6800,7000,7000,7200,7100
709,200,200,300,400,500,500,500,800,700,800,800,900,1100,1000,1200,1200,1300,1300,1400,1500,1600,1700,1700,1800,1900,1900,2200,2200,2100,2200,2300,2300,2400,2500,2600,2600,2700,2800,2800,2900,2900,3100,3100,3200,3200,3400,3400,3400,3500,3600,3700,3700,3900,3900,4000,4000,4100,4200,4300,4300,4400,4500,4600,4700,4700,4700,4900,5000,4900,5000,5100,5200,5300,5400,5400,5500,5600,5600,5700,5700,5800,5900,6000,6000,6100,6100,6200,6400,6400,6400,6500,6600,6700,6800,6800,6900,6900,7000,7100,7100
710,200,300,300,400,500,600,600,700,800,800,800,1000,1000,1100,1100,1200,1600,1400,1400,1500,1700,1700,1700,1800,1900,1900,2000,1200,2100,2200,2200,2300,2400,2500,2600,2600,2800,3000,2900,2900,3000,3000,3200,3200,3400,3400,3400,3500,3600,3900,3700,3800,3900,3900,4000,4000,4200,4400,4300,4300,4500,4500,4600,4600,4700,4800,4900,5000,5000,5100,5100,5300,5300,5300,5400,5500,5600,5600,5700,5800,5800,5900,6000,6100,6100,6200,6300,6400,6400,6500,6500,6700,6700,6700,6900,6900,7000,7100,7200,7100
711,200,400,400,500,500,600,600,700,700,900,900,1000,1000,1200,1400,1300,1300,1400,1500,1800,1600,1700,1800,1800,1900,1900,2000,2100,2100,2200,2300,2400,2400,2500,2600,2600,2700,2800,2800,3000,3000,3000,3100,3300,3300,3400,3400,3500,3600,3700,3800,3800,3900,14400,4000,4100,4200,4200,4300,4400,4400,4500,4500,4600,4800,4800,4900,5000,5000,5100,5100,5200,5200,3600,5400,5500,5500,5600,5700,5700,5800,5900,5900,6000,6100,6200,6200,6400,6400,6500,6500,6600,6700,6800,7300,7600,19200,7600,7700,7800
712,300,300,400,400,600,700,800,800,900,1200,1100,1200,1300,1300,1400,1500,1900,1500,1800,2100,2200,2200,2400,2400,2500,2400,2700,2500,2600,2700,2800,2900,3000,3100,3200,3100,3300,3400,3400,3500,3600,3000,3100,3200,3200,3400,3500,3400,3500,3600,3700,3800,3900,4000,3900,4000,4100,4200,4200,4300,4300,4400,4600,4600,4700,4800,4900,4900,5000,5100,3800,5200,5200,5400,5400,5500,5500,5600,5700,5700,5800,5900,6000,6000,6100,6200,6200,6400,6400,6500,6600,6700,6700,6800,6800,6900,7000,7000,7200,7100
713,200,300,300,500,500,500,600,600,700,800,900,900,1000,1100,1200,1200,1300,1400,1500,1100,1600,1700,1700,1800,1900,2000,2000,2000,2100,2200,2400,2300,2500,2500,2600,2600,2800,2800,2900,2900,2900,3100,3100,3200,3300,3300,3400,3500,3600,3600,3700,11400,3800,3900,4000,4000,4100,4200,4200,4400,4300,4400,4500,4600,4700,4800,4800,4900,5000,5100,5100,5200,5300,5400,5400,5500,5600,5600,5700,5800,5800,5900,6000,6000,6100,6200,6200,6400,6400,6500,6500,6600,6700,6700,6800,6900,7000,7000,7300,7100
714,200,200,300,400,500,500,600,700,800,800,900,1000,1000,1100,1200,1300,1300,1400,1500,1500,1600,1700,1800,1800,1800,1900,1900,2000,2200,2200,2300,2300,2500,2500,2600,2600,2700,2700,2800,2900,2900,3000,3100,3200,3300,3400,3400,3500,3600,3600,3700,3800,3800,3900,3900,4100,4100,4300,4300,4400,4500,4400,4600,4600,27500,4800,4800,4900,5000,5100,5100,5200,5300,5300,5400,5500,5600,5600,5700,5700,5900,5900,5900,6000,6200,6600,6300,6400,6400,6400,6500,6600,6700,6700,6800,7000,6900,7000,7100,7200
715,200,300,300,400,400,500,600,700,800,900,900,1000,1100,1100,1200,1200,1400,1300,1500,1600,1600,1700,1700,1800,2300,1900,2000,2100,2100,2300,2400,2400,2400,2500,2500,2600,2700,2900,2900,2900,3000,3100,3100,3200,3300,3300,3400,3500,3600,3700,3700,4200,3800,3900,4000,4000,4100,4200,4200,4400,4400,4500,4500,4600,4700,4800,4800,4900,5000,5000,5100,5200,5300,5300,5500,5500,5500,5600,5600,5800,5800,5900,6000,6000,6100,6200,6200,6300,6300,6500,6600,6600,6700,6700,6800,5200,6900,7000,7000,7100
716,100,300,300,300,500,500,500,800,700,800,900,1000,1000,1200,1300,1200,1200,1300,1400,1600,1600,1600,1800,1900,1800,2000,2100,2000,2200,2200,2200,2300,2400,2600,2600,2600,3200,3300,3400,3500,3700,3600,3800,4700,3400,3300,3500,14300,3500,3700,3700,3800,3900,3900,4000,4000,4100,4100,4200,4300,4400,4500,4500,4600,4800,4800,4800,5000,5000,5100,5100,5200,5300,5300,5400,5500,5500,5700,5600,5800,6300,6600,6500,6700,6700,6800,17200,6400,6800,7100,6600,6600,6700,6800,6800,6900,7000,7100,7100,7200
717,200,300,400,400,500,600,600,700,800,800,900,1000,1000,1100,1200,1200,1400,1300,1500,1600,1600,1600,2200,2300,2400,2400,2500,2600,2700,2800,2800,3900,2500,2500,2600,2600,2800,2800,2900,3000,3100,3100,3100,3200,3300,3400,3500,3500,3600,3600,3700,3800,3800,3900,4000,4100,4100,4200,4300,4400,4400,4500,4500,4600,4700,4800,4900,4900,5000,5000,5100,5200,5300,7300,5400,5500,5500,5500,5600,5700,5800,5900,5900,6000,6200,6200,6300,6400,6400,6500,6600,6600,6700,6800,6800,7000,7000,7100,7000,15300
718,200,300,300,200,500,500,700,700,700,900,800,1000,1000,1100,1100,1300,1400,1400,1400,1600,1700,1100,1700,1800,1300,2000,2300,2100,2200,2200,2300,2300,2400,2500,2600,2600,2700,2800,2800,2900,3000,3100,3100,3200,3300,3300,3400,3500,3600,3700,3700,3800,3900,3900,4000,4000,4100,4200,4300,4400,4400,4400,4500,4600,4600,4800,4800,4900,4900,5100,5200,5100,5200,5400,5500,5400,3300,5600,5600,5800,5900,5900,6000,6000,6100,6200,6300,6300,6400,6400,6600,6600,6600,6800,6800,6800,6900,7000,7100,7200
719,200,200,300,400,600,500,600,700,700,800,800,900,1100,1100,1200,1200,1300,1300,1400,1500,1600,1700,1700,1800,1600,1900,2000,2000,2100,2200,2300,2300,2500,2600,2600,2600,2700,2700,2800,2900,3000,3100,3200,3200,3600,3400,3400,3400,3500,3700,3600,3800,3900,3900,4000,4000,4100,4200,4300,4400,4500,4400,4600,4600,4700,4800,4900,4900,4900,3100,5100,5200,5200,5300,5400,5500,5600,5700,5700,5700,5800,5900,6000,6000,6200,6200,6300,6300,6400,6500,6600,6600,6700,6800,6800,6900,7000,7000,7100,7200
720,200,200,400,400,500,500,600,700,800,900,900,1000,1100,1100,1100,1500,1400,800,800,1500,1700,1600,1800,1900,1900,2000,2000,2100,2200,2200,1400,1400,1400,2500,1500,1500,1600,1700,1700,2900,1700,1800,1800,1900,1900,3400,2000,3500,2100,2100,2100,3700,3700,2200,4000,4100,4100,2500,4300,3100,2600,4200,4600,4600,4700,3000,3000,4900,5000,5100,5200,5200,5300,5400,5400,6100,6100,6100,6300,6200,6300,6400,6500,6600,6600,6600,6800,7000,6900,7100,7200,7200,7300,7300,7400,7400,7500,7500,7700,7700
721,200,400,500,500,600,800,700,800,1000,1000,1100,1200,1300,1300,1500,1000,900,900,1800,1600,1600,1400,1700,1900,1900,2000,2100,2100,2200,2300,2300,2400,2500,2600,2600,2700,2700,2800,2900,3000,3100,3100,3200,3200,3300,3400,4400,4400,4400,4500,4700,4800,4800,4900,4700,4800,2500,5300,6700,4400,4400,4400,18000,4600,4700,4800,4800,4900,4900,5100,5100,5200,5300,5400,5400,5400,5600,5600,5800,5800,5800,5900,6000,6100,6100,6200,6300,6300,6400,6400,6500,6700,6800,6800,6800,6900,7000,4100,7100,7100
722,200,200,400,400,500,500,700,700,700,800,900,1000,1000,1100,1200,1300,1400,1400,1500,1500,1600,1700,1700,1900,1800,2000,2000,2100,2200,2300,2600,2400,2400,2600,2600,2600,2800,2800,2900,3000,3100,3100,3200,3200,13100,3300,3500,3500,3500,2400,3700,3800,3800,3900,4000,4000,4200,4200,4200,4400,4400,4500,4500,4700,4700,4700,4900,5000,4900,5000,5000,5100,5300,5300,5400,5500,5700,5700,5700,5800,5800,5900,5900,6000,6000,6200,6300,6400,6400,6400,6500,4200,5000,6800,6900,6900,9000,7100,7100,7200
723,200,300,400,500,400,500,700,700,800,800,900,1000,1000,1100,1100,1300,1400,1400,1400,1500,1600,1700,1800,1800,1900,2000,2100,2200,2200,2200,2300,2300,2400,2500,2400,2700,2700,2800,2900,3000,3100,3100,3100,3200,3200,3400,3500,3500,3600,3600,3800,3700,3800,3900,4000,4000,4100,4200,4200,4400,4500,4500,4500,4600,4600,4800,4800,5000,4900,5000,5100,5200,5200,5300,5400,5500,5900,5600,5800,5800,5800,6000,6000,6000,6100,6200,6300,6400,6500,6400,6500,6600,6700,6800,6800,15200,7100,7100,7100,7200
724,200,400,400,400,400,600,600,700,700,900,900,1100,1000,1100,1200,1200,1300,1400,1500,1600,1600,1700,1700,1800,1800,1900,2100,2000,2200,2200,2400,2400,2500,2500,2600,2700,2800,2800,2900,2800,3000,3000,3100,3200,3300,3400,3400,3400,3500,13700,3700,3700,3800,4000,4000,4100,4100,4100,4200,4300,4400,4500,4600,4600,4700,4700,4800,5000,5000,5100,5100,5100,5200,5300,5300,5400,5500,5600,5700,5800,5800,5900,6000,6000,6600,6200,3700,6400,6400,6400,6600,6600,6600,6800,17400,6900,6900,7000,7100,7100
725,100,200,400,400,500,600,600,700,800,800,800,900,1000,1100,1100,1200,1300,1400,1500,1500,1600,1600,1700,1800,1900,2000,2000,2100,2200,2300,2300,2400,2400,2500,2600,2600,2800,2800,2800,2900,3000,3000,3100,3100,3200,3400,3400,3500,3600,3600,3700,3700,3900,3900,4000,4000,4100,4200,4200,4400,4700,4500,4600,4600,4600,4700,4800,4900,5000,5100,5100,5200,5300,5300,5300,5500,5500,5700,9300,8000,6200,5900,6000,6000,6200,6200,6300,6300,6400,6500,6500,6600,6700,6700,6800,6900,6900,7000,7100,7200
726,200,200,400,400,500,500,600,600,700,800,900,900,1300,1100,1100,1300,1300,1400,1400,1600,1600,1700,1700,1800,1800,1900,1200,2100,2100,2300,2300,2400,2500,2500,2600,2600,2700,2800,2800,2900,3000,3000,3100,3200,3200,3300,3400,3500,3500,3700,3700,3800,3900,3900,4000,4000,4200,4300,4200,4300,4400,4500,4600,4600,4700,4800,4900,5000,4900,5000,5200,5200,5300,7500,5300,5500,5600,5600,3300,4800,3400,3400,4900,3600,3600,6100,3700,3800,3700,3800,3800,11400,6700,6800,6800,6900,7000,7000,7100,7200
727,200,200,400,400,500,500,600,700,700,900,800,1000,1000,1100,1100,1200,1400,1700,1400,1500,1600,1700,2000,1100,1900,1900,2100,2100,2200,2300,2300,2400,2500,2500,2600,2700,2700,2800,2900,2900,3100,3100,3200,3200,3300,3300,3400,3500,3500,3700,3800,3800,3900,4000,4100,4000,4200,4300,4300,4400,4400,4600,4600,4700,4700,4800,4900,2900,5000,5000,7100,5200,5200,5300,5400,5400,5600,5700,5600,5700,5800,5900,6000,6100,6100,6200,6200,6300,6400,6500,6600,6500,6600,6700,16600,6900,6900,7000,7000,7100
728,200,200,300,400,400,600,600,700,800,900,800,1000,1100,1100,1200,1200,1300,1300,1500,1600,1700,1700,1800,1800,1800,2000,2000,2000,2100,2200,2300,2300,2400,2500,2500,2600,2700,2800,2800,3000,3000,3000,3100,3300,3300,3300,3400,3500,3500,3600,3600,3700,3800,3900,4000,4000,4100,4200,4200,4300,4400,4400,4600,4600,4700,4800,4800,5000,5000,5000,5200,5200,5300,5400,5400,5500,5600,5700,5700,5700,5800,5900,6000,6100,6100,6200,6300,6300,6400,6500,6500,6600,6700,6800,6900,6800,7300,7000,7200,7200
729,300,300,400,400,500,500,600,700,800,800,900,900,1000,900,1200,1300,1400,1400,1400,1500,1500,1700,1800,1800,1800,1900,2000,2100,2100,2200,2300,2400,2400,2500,2500,2600,2700,2800,2900,2900,3000,3100,3200,3200,3300,3400,3400,3500,3500,3600,3700,3800,3800,3500,6300,4000,4100,4200,4300,4300,18000,4500,4600,4600,4700,4800,4900,4900,5000,5000,5100,5300,5200,5300,5400,5400,5600,5700,5700,5700,5900,5900,6000,6000,6100,6200,6200,6300,6400,6400,6600,6700,8100,6800,6800,5000,7000,7000,7100,7100
730,200,300,300,500,500,500,600,600,700,800,900,1000,1000,1100,1200,1200,1300,1400,1400,1600,1700,1700,1700,1800,1900,1900,2000,2100,2200,1600,2300,2400,2400,2600,2600,2600,2700,2800,2900,2900,3000,3100,3100,3200,3300,3400,3400,3500,3600,3600,3700,3700,3800,3900,4000,4100,4100,4300,4300,4300,4700,4500,4600,4600,4800,4800,4800,4900,5000,5000,5100,3900,5300,5300,5500,6900,7000,5900,5700,5800,3400,5900,6000,6100,6100,6200,6300,6300,6400,6500,6600,6700,6700,6800,6900,6900,7000,7100,7200,7200
731,200,300,400,500,500,600,600,700,700,800,900,1000,1100,1200,1200,1300,1400,1400,1400,1600,1600,1700,1700,1800,2100,2000,2000,2200,2100,2200,2200,2300,2500,2500,2500,2600,2800,2700,2900,2900,3000,3000,3100,3300,3300,3400,3400,3400,3500,3600,3700,3700,3800,3900,4000,4100,4200,4200,4400,4400,4400,4400,4500,4700,4600,4700,4800,4900,5000,5000,5100,5200,5200,5300,7200,5400,5500,5700,5700,5700,5800,5900,6000,6000,6100,6200,6300,6300,6400,6500,6600,6600,6700,6800,6900,6900,7000,7000,7000,7200
732,100,300,400,400,400,500,600,700,700,800,900,900,1000,1000,1200,1200,1300,1300,1400,1500,1500,1700,1700,1800,1900,2000,2000,2100,2100,2200,2300,2400,2400,2600,2500,2600,2700,2800,2900,2900,3000,3100,3100,3200,3200,3400,12200,3400,3500,3700,3800,3800,3800,3900,3900,4000,4100,4200,4200,4400,4400,4500,4500,4600,4600,4800,4900,4900,5000,5200,5100,5200,5400,5400,5400,5500,5500,5600,5700,5800,5900,5900,6000,6100,6100,6200,6800,6400,6300,6500,6500,6600,6700,8700,6800,6900,7000,4200,7100,7200
733,200,300,300,400,600,600,600,700,700,900,900,1000,1100,1100,1200,1200,1400,1400,1500,1500,1400,1700,1700,1800,1800,2000,2000,2100,2100,2200,2300,2400,2400,2500,2600,2700,2700,2800,2800,2900,3000,2500,3800,3900,10800,4600,3500,3500,3600,3600,3600,3700,3800,3900,4000,4000,4200,4200,4300,4400,4500,4500,4600,4600,4700,4700,4800,6900,5100,5000,5100,5100,5200,5300,5500,5500,5600,5600,5700,5800,5800,5900,5900,6100,11000,6200,6300,10600,6400,6500,6600,6600,6700,6700,6800,6900,6900,7100,7200,7200
734,100,300,400,400,500,600,700,700,700,900,900,900,1100,1400,1400,1400,1600,1800,1900,1900,2000,2200,2300,1900,1900,2000,2000,2100,2200,2200,2300,2400,2500,2600,2600,2700,2700,2800,2900,2900,3000,3100,3200,3200,3300,3400,3400,3500,3600,3700,3800,3800,3800,3900,3000,4100,4100,2900,2500,2500,4400,2600,2600,2800,2800,2700,2900,4500,4400,5100,5100,5200,5200,5300,5400,5400,5500,5600,5600,5700,5800,5900,5900,6000,6100,6200,6200,6300,6400,6400,6500,6600,6700,6700,6800,6800,7000,7000,7100,7200
735,100,200,300,400,400,600,600,700,800,900,600,1000,1000,1100,1100,1300,1300,1400,1400,1400,1500,1600,1700,1800,1800,1900,1900,2000,2100,1300,2300,2400,2400,2600,2500,2600,2800,2800,2800,2900,3100,3000,3100,3200,3200,3300,3500,3500,3600,3600,3700,3700,3800,3900,4100,4000,4100,4100,3200,4400,4400,4400,4600,4600,4700,4700,4800,4900,4900,5000,5200,5300,5300,5400,5300,5500,5600,5600,5700,5700,6100,15600,6000,6000,6200,6200,6300,6300,6400,6500,6600,6600,6900,6800,6800,6900,6900,7100,7100,7200
736,300,300,400,500,500,600,1400,800,800,800,900,1000,1000,1100,1200,1300,1400,1300,1400,1500,1600,1700,1700,1800,1900,2200,2100,2100,2200,2200,2300,2400,2500,2600,2600,5000,2800,2900,2900,3600,3700,3800,3900,4000,4100,4700,3500,3500,3600,3700,3700,3800,3900,3900,3900,4100,4200,4200,4200,4400,4400,4500,4600,4700,4700,4700,4900,5000,5000,5100,5100,5200,5300,5400,5500,5500,5600,5600,5700,5800,5900,5900,6000,6100,6200,6200,6500,5000,5200,5300,5300,6600,6700,6700,6900,6900,7000,7000,7000,7200
737,200,200,300,400,500,500,600,700,700,800,900,1000,1000,1100,1100,1300,1300,1300,1400,1500,1500,1700,1800,1800,1800,1900,2000,2000,2100,2200,2300,1500,2500,2500,2600,2600,2800,2200,2900,2900,3000,3100,3100,3200,3300,3300,3400,3400,3500,3600,3700,3800,3900,3900,4000,4000,4200,4200,4200,4300,4400,4400,4500,4600,4600,4700,4800,5000,5000,5100,5200,5200,3200,5300,5400,5500,5500,5600,5700,5800,5900,5900,3500,3600,3600,3600,3700,3700,3800,3800,3800,3800,3900,3900,4000,4000,4000,4800,4200,4200
738,100,200,200,200,200,300,300,400,500,400,500,500,800,1200,1200,1300,1300,1300,1500,1600,1600,2300,1700,1800,1600,1200,1200,2600,2100,3300,1300,1400,1400,1400,1500,1600,1600,1600,1700,1700,1800,1800,1900,1900,2000,1900,2100,2000,2100,2100,3600,3800,2300,2300,2300,2400,2400,5100,4200,4300,4400,4400,4500,4600,4700,4700,4900,4900,4900,5000,5100,5200,5300,5300,5400,5400,5500,5600,5700,5700,5800,5800,6000,6000,6100,6200,6200,6300,6300,6400,6500,6500,6600,6800,6800,6900,6900,7000,7100,7200
739,100,300,300,400,500,600,600,700,800,800,900,900,1100,1100,800,1200,1400,1400,1500,1500,1600,1600,1700,1100,1900,2000,2000,2100,2200,2300,2400,2300,2500,2500,2600,2700,2700,2800,2900,2900,3000,3100,3200,3300,3300,3400,3400,3500,3600,3700,3700,3800,3800,4000,4100,5700,4200,4200,4200,4400,4500,4500,4600,4700,4700,4800,4900,4900,5000,5100,5200,5300,5300,5300,5400,5500,5500,5600,5700,5700,5800,5900,5900,6000,6100,6100,6300,6300,6400,6400,6500,6600,6700,6800,6800,6900,7000,7300,7100,7100
740,200,300,500,400,500,600,600,700,800,800,900,1000,1300,1100,1200,1300,1300,1400,1500,1500,1500,1700,1800,1800,1900,2000,2100,2100,2200,2400,2300,2900,3100,3100,3200,3100,3300,3300,3000,2900,3000,3100,3100,3300,3300,3400,3500,3500,3600,3600,4000,3800,3900,3900,4000,4100,4100,4200,4200,4300,4400,4500,4500,4600,4700,3900,4800,4900,5100,5000,5200,5100,5300,5300,5400,5500,5500,5600,5600,5800,5800,5900,6800,6000,6100,6200,6200,6300,6400,6500,6500,6600,6700,6700,6800,6900,15900,7000,7100,7200
741,200,300,300,400,500,500,600,700,700,800,1000,1200,1100,1100,1100,1200,1300,1400,1400,1500,1600,1700,1800,1800,1800,2000,2000,2100,2200,2300,2300,2300,2400,2500,2500,2700,2800,2700,2900,2900,2900,3100,3100,3300,3200,3400,3300,3400,3600,3600,3700,3700,3800,4000,4000,4000,4100,4200,4300,4300,2500,4500,4600,2800,4800,4700,4900,4900,5000,5000,5100,5200,5300,5400,5500,5500,5600,5600,5600,5700,5900,5900,5900,6000,6100,6200,6200,6300,6300,6400,6500,6600,6700,6800,6800,6900,7000,7000,7100,7100
742,200,200,300,400,400,500,600,600,700,1100,900,900,800,1100,1100,1200,1300,1300,1400,1500,1600,1600,1700,1800,1800,2000,2000,2100,2100,2200,2300,2300,2400,2500,2500,2600,2700,2700,2900,2900,3000,3100,3100,3200,3300,3400,3400,3500,3500,3700,3700,3800,3900,3900,4000,4100,4200,4200,4200,5300,4500,4500,4600,4600,8000,4700,4800,4900,4900,5100,5100,5200,5300,5300,5400,5500,5500,5500,5700,5700,5800,5900,6000,6000,6100,6200,6200,6300,6400,6500,6600,6500,6600,6700,6800,6900,7000,7000,7000,7200
743,100,300,400,400,400,500,600,600,500,800,900,900,1100,1000,1100,1200,1300,1400,1400,1500,1600,1600,1700,1800,1800,2000,2000,2100,2100,2200,2300,2300,2400,2500,2600,2600,2700,2800,2800,2900,3000,3100,3200,3200,3300,3300,3400,3500,3500,3700,3700,3800,3800,3800,3900,4000,4200,4200,3500,4300,4400,4400,4500,4600,4600,4800,4800,4900,4900,5000,5100,5100,5300,5300,5400,5400,5500,5600,5700,5700,5800,5900,5900,6100,6100,6100,6300,6400,6300,6400,6600,6600,6600,6700,6800,6800,6900,7000,7100,7100
744,200,200,400,400,500,600,600,600,800,800,900,900,1100,1100,1100,1300,1300,1400,1500,1500,1600,1600,1800,1800,1900,1900,2000,2100,2200,2200,2300,2300,2400,2500,2700,2700,2700,2800,2900,2900,3600,3000,3200,3200,3200,3300,3500,3500,3600,3600,3700,3800,2800,3900,4000,4100,4100,4100,4400,4400,4300,4400,4500,4600,4700,4800,4800,4800,5000,5100,5000,5200,5300,5300,5400,5500,5500,5600,5700,5700,5800,5800,6000,6000,6100,6100,6200,6400,6500,6400,6600,6600,6700,6800,6800,6800,6900,7100,8300,17100
745,200,200,300,400,500,500,600,600,700,800,800,900,1000,1000,1100,1200,1300,1300,1500,1500,1500,1600,1700,1800,1900,2000,2000,2000,2100,2200,2300,2400,2500,2500,2500,2600,2700,2800,2800,2900,3300,3400,3200,3500,3300,3400,3400,3500,3500,4700,3700,3800,3900,3900,4000,4000,4100,4200,4300,4300,4500,4500,4600,4600,4700,4800,4800,4900,4900,5100,5100,5200,5200,5300,5400,5500,12700,5500,5700,5800,5800,5900,6100,6000,17200,6200,6300,6300,6400,6400,6500,6600,6700,6800,6900,6800,6900,7100,7200,7200
746,200,300,400,500,400,500,600,700,700,800,800,1000,1000,1000,1100,1200,1300,1300,1400,1500,1600,1700,1700,1800,1900,2000,2000,2000,2100,2300,2300,2300,2400,2500,2500,2600,2700,2700,2900,2900,3000,3000,3100,3200,3300,3300,3400,2200,3700,3600,3800,3800,3800,3900,3900,4000,4000,4200,4200,4300,4300,4400,4500,4600,4700,4700,4800,4800,5000,5000,5100,5200,5200,5300,5400,5400,5500,5600,5700,5700,5800,5900,6000,6000,6200,6200,6200,6300,6400,6400,6500,6600,6700,6700,6800,6800,6900,7000,5000,4300
747,200,300,200,300,300,300,300,400,400,500,500,600,600,700,700,800,700,800,1500,900,900,1000,1300,1800,13400,1900,2000,2100,2100,2300,2300,2300,2400,2500,2600,2600,2800,2800,2900,3000,11900,3000,3100,3200,3300,3400,3400,3500,3600,3600,3700,3700,3900,3900,4000,4100,4200,4200,4200,4300,4500,4500,4500,4600,4700,6000,4900,4900,4900,5100,5200,5200,5300,5300,5400,5400,5600,5600,5700,5800,5800,5900,5900,6000,6200,6200,6900,6900,7000,6600,6600,6700,6700,6800,6800,6900,7000,7000,7100,7100
748,200,300,300,400,400,500,600,700,800,800,1000,1000,1000,1100,1200,1200,1300,1400,1500,1500,1700,1700,1800,1800,1900,1900,2200,2100,2100,2300,2300,2300,2400,2600,2500,2700,2700,2700,2800,3000,3000,3100,3100,3200,3300,3300,3400,3500,3600,3700,3700,3700,3900,3900,4000,4000,4100,4200,4300,4300,4400,4500,4500,4700,4700,4700,4900,4900,5100,5000,5200,5200,5200,5400,19600,5500,5600,5700,5800,5800,5900,6000,6000,6000,6200,6200,6200,6400,6400,6500,14300,6600,6700,6700,6800,6900,7000,7100,7100,7200
749,200,300,300,300,600,500,500,400,400,500,500,500,700,600,1200,1300,1300,1400,1500,1600,1600,1700,2000,2100,1900,1900,2100,2100,2200,2400,2300,2400,2700,2600,2600,2900,2700,2800,2900,2900,3000,3100,3200,3500,3300,3400,3400,3500,3600,4000,3700,3800,3800,5400,2400,2500,4700,2500,4300,4300,4400,4500,4500,4600,4700,4700,4900,4900,5000,5000,5100,5200,5300,5300,5400,5400,5500,5600,5700,5700,5800,5800,6000,6000,6100,6100,6200,6400,6400,6500,6500,6600,6700,6700,6900,6900,6900,7100,7100,7100
750,200,400,400,400,500,500,600,700,800,800,900,1000,1000,1100,1100,1200,1300,1400,1400,1500,1500,1700,1700,1800,1900,2000,2000,2100,2100,2200,2300,2400,2400,2400,2500,2600,2700,2700,2900,2900,3100,3100,3200,3200,4100,4300,4300,4400,4500,3600,3700,3800,3800,4000,4000,4100,4100,4200,4200,4300,4400,4500,4500,4600,4700,4700,4800,4900,5100,5000,5100,5100,5300,5300,5400,5500,5500,5600,5700,5700,5800,5800,6000,6100,6100,6100,6200,6300,6900,6600,5200,6700,6700,6800,6900,6900,7000,7000,7100,7200
751,300,300,300,400,500,500,600,700,700,800,800,1000,1100,1100,1200,1200,1400,1400,1400,1500,1600,1700,1800,1800,1900,1900,2100,2200,2200,2200,2300,2300,2400,2500,2700,2600,2700,2800,2800,2900,2900,3100,3100,3100,3200,3400,3500,3400,3500,3600,3700,3800,3900,4000,4000,4100,4100,4100,4300,4300,4300,4400,4600,4600,4600,4800,4800,4900,4900,5000,5100,5200,5300,5400,5400,5400,5600,5600,5700,5800,5800,5900,6000,6000,7300,6200,6300,6400,6400,6400,6600,6600,6700,6800,6700,6900,6900,7000,7000,7100
752,300,200,300,400,500,500,500,600,800,800,800,900,1000,1100,1100,1200,1300,1300,1400,1500,1600,1700,1800,1800,1900,2000,2100,2100,2200,2300,2400,2400,2500,2500,2600,2600,2700,2800,2800,2900,3000,3100,3200,3200,3200,3300,3400,3500,3500,3600,3700,3800,3900,3900,4000,4000,4100,4200,4300,4400,4400,4400,4500,4700,4700,4800,5900,4900,4900,5000,5200,5200,5300,5300,5500,5700,5600,5600,5700,6400,5900,5900,6100,6000,6200,6200,6300,6300,6500,6400,6500,6700,6700,6800,6800,6900,7000,7100,7100,7100
753,200,400,400,500,500,500,700,700,700,900,900,1000,1000,1100,1100,1200,1300,1400,1500,1500,1600,1700,1700,1800,1800,1900,2100,2000,2300,2300,2300,2300,2500,2500,2600,2600,2700,2800,2800,2900,3000,3000,3100,3200,3200,3400,3400,3500,3500,3600,3700,3800,3800,3900,3900,4000,4300,4200,4300,4300,4400,4400,4600,4600,4700,4700,4800,4900,5000,5100,5100,5200,5300,5300,5400,5600,5600,5600,5700,5700,5800,5900,6100,6100,6100,6200,6200,6300,6400,6500,6600,6500,6700,6800,6800,6900,7000,7000,7100,7200
754,100,300,300,400,500,600,600,700,800,800,900,500,1000,600,700,700,800,800,900,900,900,1000,1000,1800,1900,1500,1200,2100,2100,2200,2200,2400,2400,2500,2500,2600,2700,2800,2800,3000,3000,3100,3100,3100,3300,3300,3400,3500,3500,3600,3700,3700,3800,3900,3900,4100,4200,4200,4300,4300,4400,4400,4600,4600,4600,4800,4800,5000,5000,5100,5100,5200,5200,5300,5400,5500,3700,5500,5700,5700,5800,5900,5900,6000,6100,6200,6200,6300,6400,6500,6500,6500,6600,6700,6700,6800,6900,7000,7100,7200
755,100,200,300,300,400,500,600,700,700,800,800,900,9100,1100,1200,1200,1200,1400,1400,1500,1600,1700,1700,1800,1400,1100,2100,2100,2100,2200,2300,2400,2500,2500,2600,2700,2700,2800,2900,3000,3000,3100,3100,3200,3300,3400,3400,4000,3800,3700,3700,3800,3900,3900,4100,4300,4100,4200,4200,4400,4400,4500,4500,4700,4700,4700,4800,4900,5000,5100,5200,5200,5300,5300,5400,5500,5500,5500,5700,5700,5800,5900,6000,6000,6100,6200,6200,6300,17400,6500,6500,6600,6700,6800,6900,6800,7000,7000,7100,7200
756,200,200,400,500,500,500,600,700,700,800,900,900,1100,1100,1200,1300,1300,1100,1400,1500,1600,1700,1700,1800,1800,1900,2000,2100,2100,2100,2300,2400,2500,2500,2600,2600,2700,2800,2800,2900,2900,3100,3100,3200,3200,3300,3400,3400,3600,3600,3700,3800,3800,3900,3900,4000,4100,4200,4300,4400,4400,4500,4600,4600,3200,4700,4800,4200,5000,5000,5200,5100,5200,5400,5400,5500,5500,5600,5700,5800,5900,5900,5900,6000,6100,6200,6200,6300,6400,6500,6500,6600,6700,6700,6800,7000,7000,7000,7100,7200
757,200,300,300,400,500,600,700,700,700,800,600,600,600,1100,1200,1200,1300,1400,1400,1500,1600,1700,1700,1800,1900,2000,2000,2000,2100,2200,2300,2400,2400,2500,2500,2600,2700,2800,2900,3000,3000,3000,3100,3200,3300,3300,3500,3500,3600,3600,3700,3700,3800,3900,3900,4100,4100,4200,4200,2600,4400,4500,4400,5000,2800,4700,4800,4900,2900,2900,3000,3000,3000,3100,3200,3200,8200,3300,3300,4900,3500,5800,3400,3600,3600,3600,3700,3700,5500,6500,3800,3900,3900,3900,4100,6000,4100,7000,4100,7200
758,100,100,300,300,500,300,700,600,700,500,900,600,600,600,2200,700,800,800,900,900,900,1700,1000,1100,1100,15800,2100,2200,2200,2300,2300,2400,2500,2500,2500,2600,2800,2800,2800,2900,3000,3100,3100,3200,3300,3400,3500,3600,3500,3600,3700,3800,3800,4000,4000,4100,4100,4200,4400,4400,4400,4500,4600,4600,4700,4800,4900,4900,5000,5100,5100,5200,5300,5400,5400,5500,5500,5900,5700,5700,5800,5900,6000,6100,6100,6200,6300,6600,15900,6500,6600,6600,6700,6800,6800,6900,6900,7000,7100,7200
759,200,300,300,400,500,500,600,700,700,800,800,900,1000,1000,1100,1200,1200,1400,1500,1500,1500,1700,1700,1700,1900,1900,2000,2100,2200,2200,2400,2400,2400,2500,2600,2700,2800,2800,2900,3000,3000,3000,3200,3300,3300,3400,3500,3500,3600,3700,3700,3700,3800,3900,4000,4000,4100,4200,4200,4300,4400,4500,4500,4600,4700,4700,4900,4900,5000,5000,5100,5200,5300,5300,5300,5400,5500,5600,5600,5700,5800,5900,6000,6000,6100,6200,6300,6300,6500,6500,6600,6600,6700,6800,6900,4100,6900,7000,5300,7100
760,200,300,300,400,500,500,600,700,700,900,800,1000,1100,1100,1100,1300,1300,1300,1500,1500,1600,1700,1700,1800,1800,1900,2000,2100,2200,2200,2300,2400,2500,2500,2600,2600,2700,2800,2900,3000,3000,3100,3100,3200,3400,3400,3500,3500,3600,2400,3800,3800,3800,3900,4000,4000,4100,4100,4200,4400,4500,4400,4500,4700,4700,4700,4800,4800,5000,5100,5100,5300,5200,5300,5300,12700,3300,5600,5700,5700,5900,5900,6000,6000,6200,6200,6300,6400,6400,6500,6600,6600,6700,6700,6700,6900,6900,7000,7100,4300
761,100,200,1300,200,300,300,300,400,800,800,2100,1000,1000,1100,700,2300,1300,800,800,2300,900,1100,1700,1800,1800,2600,2200,2100,2100,2300,2300,3000,1400,1500,3700,1600,1600,1600,1700,3000,3100,3900,3200,3200,3300,3300,7000,2100,3600,3500,2100,3700,3800,2300,2400,2400,2400,2500,2500,4300,4600,2600,2700,2700,2700,6400,10400,6200,7000,6600,5200,5200,5300,5300,5400,5400,5500,5600,5700,5800,5800,6600,5900,6100,6100,6200,6300,7200,6400,6400,6800,6600,6700,4000,6800,18400,6900,6900,7100,7100
762,200,200,300,400,500,500,700,700,600,900,1000,1000,1000,1100,1700,1300,1300,1400,1400,1600,1500,1700,1800,1800,1800,2000,2000,2100,2100,2200,2300,2300,2400,2500,2600,2600,2700,2800,2800,3000,3000,3100,3200,3200,3300,3400,3500,3500,3500,3600,3700,3800,3900,3900,4500,4600,4700,4700,4900,4900,5000,5000,5200,5200,5100,5300,5500,5500,5700,5600,5600,6600,5200,5300,5400,5400,5600,5600,5700,5800,5900,5900,6000,6300,6100,6200,6300,6400,6400,6500,6600,6600,6700,6700,6800,6900,6900,9300,7000,7200
763,200,200,300,400,500,500,500,600,700,800,800,900,1000,1000,1100,1200,1400,1400,1400,1600,1600,1700,1800,1800,1800,1900,2000,2000,2200,2300,2400,2400,2400,2500,2600,2700,2700,2700,2200,2900,3000,3000,3100,3200,3300,3400,3500,3500,3600,3600,3700,3800,3800,3900,4000,4100,4100,4200,4200,4300,4400,4400,4500,4600,4700,4800,4800,5000,5000,5100,5100,5200,5300,5400,5400,5500,13000,5600,5700,5800,5900,6000,6000,6100,6200,6100,3900,6300,6400,6600,6500,6600,6700,6700,6800,6900,7000,7000,7100,7100
764,100,300,300,400,500,500,600,600,700,800,900,900,1000,1100,1100,1200,1300,1400,1400,1500,1600,1700,1700,1800,1800,1900,1900,2200,2200,2200,2300,2400,2500,2500,2600,2700,2700,2700,2800,3000,3000,3100,3100,3200,3300,3300,3400,3500,3600,3600,3700,3700,3900,3900,4100,4000,4100,4200,4200,4300,4500,4500,4500,5100,4700,4700,4800,4900,5000,5000,5600,5200,5300,5400,5400,5500,5600,5600,8400,5900,5800,6000,5900,6000,6200,6200,6200,6300,6400,6400,6500,6700,6700,6700,6800,6900,6900,25500,7100,7200
765,300,300,400,500,400,500,600,900,900,1000,1100,1200,1300,1400,1500,1500,1300,1400,900,1500,1600,1600,1800,1900,1800,2000,2100,2100,2100,2300,2300,2300,2400,2500,2600,2600,2700,2800,2900,2900,3000,3100,3100,3200,3300,3600,3400,3500,3600,3600,3700,3800,3800,4000,4000,4100,4100,4000,4300,4400,3000,4500,4600,4600,4700,4900,4900,4900,4900,5100,5100,5200,5300,5400,5400,5500,5600,5600,5700,5800,5800,5900,5900,6000,6100,6200,6200,6300,6400,6500,6500,6600,6600,6700,6800,6900,7900,7000,7200,5300
766,200,300,400,400,500,600,600,800,700,800,900,1100,1300,1400,1400,1400,1500,1600,1700,1800,1900,1900,2000,2100,2200,2400,2300,2500,2200,2200,2300,2400,2400,2500,2600,2600,2700,2800,2900,2900,3000,3100,3200,3200,3300,3300,3400,3500,3500,3600,3600,3700,3800,3900,4000,4000,4200,4200,4200,4400,4400,4400,4600,4600,4600,4700,4800,4900,5000,5000,5100,5200,5300,5300,5400,5400,5600,5600,5700,5800,3400,5900,6000,4000,16100,6200,6200,3700,3800,6500,3900,3900,3900,4000,4000,6900,6400,4100,4200,4200
767,200,300,200,200,500,600,600,400,500,500,1000,1000,1100,1100,1100,1200,1300,1400,1500,1500,1500,1600,1700,1800,1800,2000,2000,2100,2200,2200,1300,1400,2500,2500,1500,1500,1600,1600,1700,1800,1700,1800,3100,1900,1900,1900,3400,2000,2100,2100,4100,2300,2200,2300,2300,2300,2400,4200,2500,4400,2600,2600,2700,2700,2800,4700,2800,2900,5000,3000,3000,3000,3100,5400,3200,5600,5500,5600,5700,5700,5900,5900,6000,6000,6100,6100,6200,8700,6400,6500,6500,6600,6700,6700,6800,6900,7000,7000,7100,7200
768,200,300,400,500,600,600,600,700,800,800,900,900,1000,1400,1200,1300,1200,1400,1400,1600,1700,1700,1700,1800,1900,2000,2000,2100,2100,2200,2700,2500,2400,2500,2600,2700,13200,2800,2900,3400,3600,3800,4000,4000,4100,4200,4200,4300,4500,4500,4600,4700,5200,4900,5000,5100,5200,5300,5400,5400,5500,2600,21000,4600,4700,4800,4900,4900,5000,5100,5100,5100,5200,5300,5400,5500,5600,5700,5700,5900,5900,5900,6000,6100,6100,6200,6300,6300,14100,6500,6500,6600,6700,6800,6900,6900,6900,8700,7100,7100
769,300,400,400,400,500,500,600,600,700,800,900,1000,1000,1100,800,1200,1400,1500,1400,1600,1600,1600,1700,1800,1900,1900,2000,2000,2100,2300,2300,2400,2400,2500,2500,2600,2700,2700,2800,3000,3000,3000,3200,3200,3300,3400,3400,3500,3600,3600,3700,3800,3800,3900,3900,4000,13400,4200,4300,4300,4400,5700,4600,4600,4700,4800,4800,4900,4900,5000,5100,5200,5300,5300,5300,5500,5600,5600,5700,5700,13300,5900,5900,6100,6100,6200,6200,6300,6400,6400,6500,6600,6700,6700,6800,6900,7000,7000,7000,7100
770,200,100,400,400,400,600,600,700,800,800,900,900,1100,1200,1100,1300,1400,1400,1400,1600,1600,1700,1700,1800,1900,2000,2000,2000,2200,2200,2300,2400,2400,2500,2600,2600,2700,2800,2900,3000,3000,3100,3200,3200,3300,3400,3400,3600,3500,2200,3700,3700,4200,4500,4500,4600,4800,4800,4800,4900,5000,5000,5100,5200,5200,5200,5300,5500,5500,5500,5700,5700,5400,5300,5800,5500,5600,5600,5600,5800,5800,5900,5900,6100,6200,6200,6200,6300,6400,6400,6600,6600,6600,5100,6900,7300,7000,7000,7300,7600
771,200,200,300,500,600,700,800,600,700,800,900,900,1000,1000,1500,1600,1700,1700,1800,1900,2100,2100,2200,2300,2400,2500,2500,2600,2700,2200,2300,2300,2500,2500,2500,2700,2700,2800,3000,3000,3100,3100,3200,3200,3300,3400,3500,3600,3600,3700,3800,3800,3800,4100,4000,4100,4200,4200,4300,4400,4400,4400,4600,4600,4700,4800,4800,4900,5000,5000,5100,5200,5200,5300,5400,5400,5600,5600,5700,5800,5900,5900,6000,6000,6100,6200,6300,6300,6400,6400,6500,6600,6600,6700,6800,6900,7000,7000,7100,7200
772,200,300,400,500,500,500,700,700,700,900,900,1000,1000,1200,1200,1300,1400,1400,1400,2000,1900,2000,2200,2200,2300,2400,2500,2600,2700,2800,2900,3000,3000,3100,3200,3300,3400,3400,3500,3700,3800,3800,3700,3700,3400,3400,3400,3400,3700,3600,5400,4700,4800,4900,5000,5100,5200,5300,5400,5500,2600,5600,5700,6100,5900,6000,6100,6100,6200,6300,6400,6500,6600,5400,5400,5500,5500,5600,5700,5800,5800,5900,6000,6100,6100,6100,6200,6200,6400,6400,6500,6600,6600,6800,6900,6900,6900,7000,7000,7100
773,100,200,300,400,400,500,600,600,700,800,800,900,1000,1600,1200,1300,1300,1400,1500,1500,1600,1700,1700,1800,1900,2000,2100,2100,3100,2300,2300,2400,2500,2500,2600,2600,2700,2800,2800,3000,3000,3100,3200,3200,3300,3400,3400,3500,3600,3600,3800,3800,3900,3900,4000,4000,4100,4200,4200,3400,4400,4500,4500,4600,4700,4800,4800,4900,5000,5000,5100,5200,5200,5300,5400,3200,5600,5600,4500,5800,5800,6000,6000,6000,6100,6200,6300,6300,6400,6500,6500,6700,6800,6700,6800,6900,6900,7000,7100,7500
774,200,300,400,400,500,600,600,700,800,900,900,1000,1000,1200,1100,1300,1400,1400,1500,1500,1700,1600,1800,1800,1900,2000,1400,2100,2100,2200,2300,2400,2400,2500,2500,2600,2700,2900,2800,3000,3000,3000,3100,3200,3200,3400,3500,3500,3500,3500,3700,3700,3800,4000,4000,4100,4100,4300,4300,4400,4400,4600,4600,4500,4700,4800,4800,4800,4900,5300,5400,5300,5300,5400,5400,4600,5500,5600,5600,5800,5800,5800,6000,6000,6100,6200,6200,6300,6300,6500,6500,6600,6700,6700,6900,6800,6900,7000,7100,7200
775,200,300,300,500,400,500,600,600,700,900,900,900,1100,1100,1100,1200,1300,1300,1400,1800,1600,1700,1700,1800,1900,2000,2100,2100,2200,2300,2300,2400,2500,2600,2600,2700,2800,2800,2900,2900,3100,3100,3100,3200,3200,3300,3400,3500,3500,3600,3600,3800,3800,3900,4000,4000,4200,4100,4200,4300,4400,4400,4600,4600,4700,4700,4800,4800,5000,5000,5100,5200,5300,5300,5400,5500,5600,5600,5700,5800,5900,5900,6000,6000,6100,6200,6200,6400,6400,6500,6500,6600,6700,6700,6900,6800,7000,7000,7000,7300
776,200,300,300,300,400,500,700,600,700,800,800,1000,1000,1000,1200,1200,1300,1500,1500,1500,1600,1700,1700,1900,1900,2000,2000,2100,2200,2300,2300,2400,2400,2400,2500,2700,2700,2800,2800,3000,3000,3100,3100,3200,3200,3300,3400,3400,3600,3600,3700,3700,3800,3900,4000,4000,4100,4200,4300,4300,4400,4400,4500,4600,4700,4800,4900,5000,5100,5000,5200,5200,5400,5300,5400,5500,5900,5700,5700,5800,5800,5900,6000,6000,6100,6200,6300,6400,6500,6600,6600,6600,6600,6700,6900,7000,7000,15500,7100,7100
777,300,300,400,400,500,500,600,700,800,1200,900,1000,1000,1100,800,1200,1400,1400,1500,1500,1600,1700,1700,1900,1900,2000,2000,2100,2200,2200,2300,2300,2500,2500,2600,2700,2700,2800,2800,2900,3000,3100,3100,3300,3300,3300,3400,3500,3600,3700,3700,3800,3800,3900,4000,4100,4100,4300,4200,4300,4400,5300,5400,4600,4700,4800,4900,4900,5000,5000,5100,5200,5400,5300,5500,5600,5600,5600,5700,5900,5900,5900,6000,6100,6100,6200,6300,6300,6400,6500,6500,6600,6700,6800,6900,7000,6900,7000,7100,7200
778,200,300,300,300,300,300,600,400,800,800,500,500,2000,600,600,800,700,800,800,1500,1000,1700,1700,1800,1100,1100,2000,1300,1300,1300,1300,1500,1500,2500,3700,1500,1700,1700,2100,1700,3000,1900,1900,1900,1900,2000,3400,2400,3600,3600,524100,2300,3800,3900,4000,4400,4200,4200,4200,4400,4400,4500,4600,4600,5800,5900,6000,6100,6200,6300,6400,6500,6600,6700,6800,6900,6900,7100,7100,7200,7500,6000,6000,6100,6100,6100,6200,6400,6400,6500,6500,6700,6700,6700,6900,7000,6900,7000,7100,7200
779,200,300,400,400,500,500,600,700,700,800,800,900,1000,1100,1200,1300,1300,1400,1400,1500,1600,1600,1800,1800,1900,2000,2000,2100,2300,2200,2300,2400,2400,2500,2700,2600,2700,2800,2800,2900,3000,3000,3100,3100,3300,3400,3500,3400,3500,3600,3700,3700,3800,3900,4000,4100,4100,4200,4300,4300,4300,4400,4400,4600,4800,4800,4800,4900,5000,5000,6600,16800,5300,5300,5400,5500,5600,5600,5700,5800,5800,6000,6000,6100,6100,6200,6200,6300,6300,6500,6500,6600,6600,6700,6800,6900,7000,7100,7100,7200
780,200,300,400,400,500,500,600,700,800,900,900,900,1000,1100,1200,1200,1300,1400,1400,1500,1600,1600,1700,1800,1900,2000,2000,2000,2200,2400,2300,2300,2400,2500,1600,2600,2700,2800,2900,3000,3000,3100,3100,3300,3200,3300,3500,3600,3500,3600,3700,3700,3800,3900,4000,4000,4000,4200,4200,4300,4400,4500,7100,4600,4700,4900,4800,5000,4900,13900,5100,5100,5200,5300,5400,5400,5500,5600,5700,5800,5900,3500,15100,6000,6100,6200,6300,6200,6400,6500,6500,7200,6700,6800,6800,6900,6900,7000,7800,7100
781,200,300,400,400,500,900,700,700,800,900,900,1000,1000,1100,1200,1300,1300,1400,1500,1500,1500,1600,1700,1800,1800,1900,2000,2100,2100,2200,2300,2300,2500,2500,12300,2600,2800,2800,2900,2900,3000,3100,3100,3300,3300,3300,3400,3600,3500,3600,3600,3800,3900,3900,4000,4000,4100,4200,4200,4300,5200,4500,4500,4700,4700,4700,4800,4900,5000,5000,5100,5200,5200,5300,5400,5500,5600,5700,3400,3300,5800,3500,3500,3600,3600,3600,3700,3700,3700,3800,6500,3900,4000,4000,8400,6900,7000,18700,7100,7200
782,300,200,400,400,500,600,600,700,700,800,900,1000,1000,1100,1100,1200,1300,1400,1500,1500,1600,1600,1800,1700,1900,1900,2000,2100,2200,2200,2300,2400,2400,2500,2600,2600,2700,2800,2900,2900,3000,3000,3200,3300,3300,3400,3500,3500,3500,3700,3800,3800,3800,3900,4100,4100,4200,4300,4300,4300,4400,4600,4500,4600,5900,4800,4800,2900,5000,5100,5100,5200,5200,5300,5500,5400,5600,5700,5600,5700,7600,5900,6000,6300,6600,6200,6300,6400,16700,6500,6600,6600,6700,6700,7000,6900,7000,7100,7100,7100
783,300,300,400,400,500,600,700,700,800,800,900,1000,600,1100,1100,1200,1300,1300,1400,1500,1600,1600,1700,1700,1900,1900,2000,2100,2200,2200,13500,2300,2400,2500,2600,2600,2700,2700,2800,2900,2900,3000,3100,3200,3200,3300,3300,3400,3500,3600,3700,3700,4400,4500,4600,4600,4600,4700,4800,5000,5000,5200,5800,4600,4700,4800,4800,4800,5000,5000,5000,5200,5300,5300,5400,5400,5500,5600,5600,5700,5800,5900,6000,6100,6100,6200,13600,6300,6300,6400,6600,6600,6700,6700,6800,6900,6900,7000,14200,7200
784,200,200,200,400,500,500,600,600,800,800,800,1000,1000,600,700,7400,800,1300,1500,1500,1600,1600,1700,1800,1800,2000,2000,2100,2100,2300,2300,2400,2500,2500,2600,2600,2700,2800,2800,2900,3000,3100,3200,3200,3200,3300,3400,3500,3600,3600,3700,3700,3900,3900,3900,4000,4100,4100,4300,4300,4400,4600,2600,4700,4700,4700,4800,4900,5100,5100,5200,5200,16700,5300,5400,5500,5600,5700,5700,5700,5900,5900,6000,6100,6100,6200,6300,6300,6400,6500,6600,6600,6700,6700,6800,6900,7000,7100,7100,7200
785,200,300,300,400,500,600,700,700,700,900,900,1000,1000,1100,1200,1200,1300,1400,1400,1600,1600,1700,1700,1800,1900,1900,2000,2100,2100,2300,2300,2400,2400,2600,2600,2700,2700,2800,2900,2900,3000,3100,3100,3200,3300,3400,3500,3500,3600,3600,3700,3800,3800,3900,3900,4100,4100,4200,4200,4400,4400,4500,4500,4600,4700,4700,4800,4900,4900,5000,5100,5200,5300,5400,5400,5500,5500,5600,5700,5800,5800,5900,5900,6000,6000,6100,6300,6300,6400,6500,6500,6600,6600,7500,6800,6900,6900,7000,7000,7200
786,200,300,300,400,500,600,600,700,800,800,900,1000,1000,1100,1200,1300,1300,1300,1500,1500,1600,1600,1800,1800,1900,1900,2000,2100,2200,2200,2300,2400,2400,2500,2600,2600,2700,2800,2900,3000,4200,3000,3200,3200,3300,3300,4900,3600,3500,4400,3700,4300,3900,2300,2400,2300,2400,4200,2500,4300,2600,2600,2700,2700,2800,2800,2900,2900,4900,4400,3000,3100,3100,3100,3200,3200,3300,5600,3300,5700,3400,3400,3500,6000,6100,4500,6300,6300,6400,6500,6600,6600,6700,6700,6900,6800,6900,7100,7200,7200
787,100,300,400,500,500,500,600,700,800,800,1000,900,1000,1100,1400,1600,1300,1600,1700,1600,1600,1700,1700,1800,1900,1900,2000,2100,2200,2300,2300,2400,2500,2600,2600,2700,2800,2800,2900,2900,3100,3100,3200,3300,2000,3400,2000,2100,3600,2100,2200,3600,3800,2300,2300,4100,5200,2400,2600,2500,2500,2600,4500,2700,2700,2800,4800,2800,2900,4600,3000,5100,5800,5300,6200,5500,3300,3400,3300,3400,3400,3500,3500,3500,6100,6100,3600,13700,6400,6500,4900,4000,6600,6500,6800,4100,4100,5500,4200,4200
788,200,100,200,300,500,500,400,400,400,500,500,500,600,700,700,800,800,800,1100,1500,1600,1700,1800,1800,1900,1900,2000,2100,2200,2200,2300,2400,2500,2500,2600,2600,3400,3500,16700,3700,3800,3900,3900,4000,4100,4200,4200,4400,4400,4600,4600,4700,4700,4900,5000,5000,5200,5200,5200,5400,5600,6000,5700,5700,5900,6000,6100,6100,6200,6300,6300,6500,6600,6700,6800,6800,6900,7000,7100,7300,7300,7400,7600,7500,7700,8300,7800,7900,8000,8000,8200,8200,8300,8500,8500,8600,8700,8800,8900,9000
789,200,400,400,500,600,700,700,800,900,1000,1000,1100,1300,1300,1400,1500,1600,1600,1700,1800,1900,2000,2100,2200,2300,2400,2100,2100,2200,2300,2300,2400,2400,2500,2600,2600,2800,2800,2900,3000,3100,3100,3200,3200,3300,3400,3500,3500,3500,2200,2200,2200,2200,2300,2300,2400,2400,4200,4300,2500,2600,2600,2600,2800,2800,2900,4400,2900,3000,5000,3000,5200,5300,5400,5400,5400,5500,5600,5700,4500,5800,5800,4700,6000,6100,6100,6300,6200,6400,6400,6500,6500,6600,6800,6800,7000,7000,7100,7100,7200
790,200,300,400,400,500,500,600,700,800,800,800,1000,1000,1100,1200,1200,1400,1400,1500,1500,1600,1600,1800,1800,1900,2000,2000,2100,2100,2300,2300,2300,2400,2500,2600,2600,2700,2700,2900,3000,3000,3100,3100,13700,3300,3300,3400,3500,3600,3600,3700,3800,3800,3900,4000,4100,4100,4200,4300,11800,4500,4400,4500,4700,4600,4700,4800,4900,5000,5100,5100,3900,5300,4500,3200,5600,5600,5600,5700,5800,5900,6000,6000,6100,6100,6200,6200,6300,6400,6400,6500,6600,6600,6700,6800,7000,6900,7100,7100,7200
791,200,300,400,500,500,500,600,800,800,900,900,1000,1100,1100,1100,1200,1300,1300,1300,1600,1600,1800,1700,1800,1900,1900,2100,2100,2200,2200,2300,2300,2500,2600,2500,2700,2700,2800,2900,2900,3000,3000,3100,3200,3300,3400,3500,3500,3500,3600,3600,3800,3800,12500,4000,4100,4100,4300,4300,4600,4500,4500,4500,4600,5900,5900,6100,5800,5800,6300,6400,6500,6600,6600,6700,6800,6900,7000,7100,7200,7300,7400,7500,7500,8300,7700,7800,7400,7600,7600,7600,7700,7800,8000,8000,8100,8200,7100,7100,7200
792,200,300,300,400,500,500,600,600,800,900,900,1000,1000,1100,1200,1200,1300,1300,1400,1500,1600,1600,1800,1700,1800,1900,2000,2100,2200,2200,2300,2400,2400,2500,2600,2700,2800,1700,2900,2700,3600,3100,3100,3200,3200,3300,3400,3500,3500,3600,3700,3800,3800,3800,3900,4000,4100,4200,4200,4400,4300,4400,4600,16700,4800,4800,4900,4900,5000,5100,5100,5300,5400,5400,5500,14500,5500,5600,5700,5900,6700,6600,6000,6100,6200,6200,5000,6300,6500,5100,6600,6600,6700,6800,6800,6900,7100,7100,7000,7300
793,200,200,400,400,500,600,600,700,800,800,900,1000,1100,1100,1200,1300,1300,1400,1500,1500,2300,2300,2300,1900,1900,2000,2000,2100,2100,2200,2300,2400,2500,2500,2600,1800,2800,2800,2900,2900,3000,3100,3200,3200,3300,3300,3400,3500,3600,3600,3800,3700,3800,3900,4000,4100,4100,4200,4300,4300,4400,4500,4600,4600,4700,4700,4800,4900,5000,5000,5100,5200,5300,5300,5400,5400,5500,5600,5700,5700,5800,5900,6000,6100,6100,6200,6200,6400,6400,6400,6600,6600,6700,6700,6800,6900,6900,7000,7000,4300
794,200,300,200,200,300,1400,400,400,400,500,500,600,600,700,1200,1200,1300,1400,1500,1600,1600,1600,1700,1900,1900,1900,2000,2100,2200,2200,2200,2400,2400,1600,2500,2700,2700,2800,2800,2900,3000,3000,3100,3200,3300,3400,3400,3500,3500,3600,3700,3800,3800,3900,4000,4000,4100,4200,4300,4300,4400,4500,4500,4600,4700,4800,4800,4900,4900,5000,5100,5200,5300,5300,5400,5400,5500,5600,5700,5800,5800,5900,6000,6100,6200,6200,6200,6300,6400,6500,6500,6700,6600,6800,6800,6900,7000,7100,7100,7200
795,200,300,400,400,400,600,600,700,800,800,800,1000,1100,1100,1200,1300,1400,1400,1400,1500,1600,1600,1700,1800,1900,1900,2000,2100,2200,2300,2400,2700,2400,2600,2600,2700,2700,2800,2900,2900,3100,3100,3100,3200,3300,3300,3400,3500,3600,3600,3700,3800,3800,4000,4000,4000,4200,4100,4300,4400,4400,4500,4500,4600,4700,4800,4800,4900,5000,5000,5100,5100,5300,5400,5400,5500,5500,5600,5700,5700,5800,5900,6000,6100,6100,6200,6200,6300,6400,6400,6500,6600,6700,6700,6800,6800,7000,7000,7100,7100
796,200,300,300,400,500,500,600,700,700,800,900,1000,1000,1100,1200,1200,1300,1400,1400,1500,1600,1700,1700,1800,1800,1900,2000,2100,2200,2200,1600,2300,2500,2400,2500,2600,2700,2800,2800,2900,3000,3100,3100,1900,3300,3400,3400,3500,3500,3600,3700,3700,3800,3900,3900,4000,4100,4200,4300,4300,4400,4500,4500,4600,4700,4800,4800,4900,4900,5000,5100,5100,5200,5500,5400,5400,5800,5600,5700,5800,5800,5900,5900,6000,6100,6200,6200,6300,6400,6500,6500,6600,6600,6700,6800,6800,6900,7000,7000,7100
797,200,200,300,500,400,500,600,700,700,800,800,1000,1000,1100,1100,1200,1300,1400,1500,1600,1600,1600,1700,1800,1900,1900,1900,2200,2100,2200,2200,2300,2400,2500,2500,2600,2700,2800,2900,2900,2900,3100,3100,3200,3300,3400,3400,3500,3500,3600,3700,3800,3800,3900,4000,4100,4100,4200,4300,4300,4400,4500,4500,4600,4700,4800,4800,5000,5000,5000,5100,5200,5300,5400,5300,5400,5600,5600,5700,5700,5800,5800,6000,6100,6100,6100,6200,6300,6400,6500,6500,6600,6700,6700,6800,6900,7000,7100,7100,7200
798,200,300,300,400,400,500,600,600,800,900,900,900,1000,1100,1100,1300,1200,1400,1400,1500,1600,1700,1700,1700,1600,2000,1900,2100,2300,2300,2300,2300,2500,2500,2600,2600,2700,3000,2800,3000,3000,3100,4400,3200,3300,3400,3500,3400,3600,3700,3700,3800,3900,3900,4000,4100,4200,4300,4300,4400,4400,4500,4600,4600,4700,4800,4900,4900,5000,13500,5100,5300,5300,4600,5500,5400,5900,5600,5700,5800,5800,5900,6000,6000,6100,6100,6300,6300,6400,7000,6600,6700,6700,6700,6900,6900,6900,8800,8900,8900
799,200,300,500,500,600,700,800,900,500,600,500,500,600,600,700,800,800,900,800,1500,900,1000,1000,1000,1100,2100,1200,1200,1300,2800,3000,1300,1400,1400,1500,2700,1600,2800,1700,1800,1700,3000,3200,3300,1900,3400,3500,3500,3600,3700,3700,4700,2400,3900,4000,4100,4200,4200,4200,4300,4500,4500,4500,4600,4700,4800,4900,4900,5000,5100,14300,5200,5300,5400,5500,5500,5600,5700,5700,5800,5900,5900,6000,6100,6100,6200,6300,6400,6400,6600,6600,6600,6700,6700,6800,6800,6900,7100,7100,7100
800,200,300,400,500,500,500,600,700,800,800,900,900,1100,1100,1100,1200,1300,1400,1400,1500,1500,1700,1700,1800,1900,1900,2000,2100,2100,2200,2300,2400,2500,2600,2600,2700,2800,2800,2800,2900,3100,3000,3200,3200,3200,3400,3500,3500,3600,3600,2200,3800,3800,4000,4000,4100,4200,4200,4300,4300,4400,4500,4600,4600,4700,4800,4900,4900,5000,5100,5200,12500,5300,5300,5400,5500,5500,5600,5600,5800,5900,5900,6100,6100,6200,6200,6300,6300,6400,6500,6500,6600,6700,6900,6800,6900,6900,7100,4500,7200
801,100,300,300,400,500,500,600,700,800,800,900,1000,1000,1100,1200,1200,1300,1400,1400,1500,1600,1700,1800,1800,1900,1900,2000,2100,2100,2200,2300,2400,2500,2500,2600,2700,2700,2800,2900,2900,3200,2500,3200,3200,2700,3400,3400,3400,3600,3600,3700,3700,3800,3900,4000,4100,4100,4100,4300,4400,4400,4400,4500,4600,4600,4800,4800,4900,4900,5200,5100,5100,5400,5400,5400,5500,5600,5700,5800,5700,5900,5900,6000,8400,6100,6200,6300,6300,6400,6500,6500,6700,6700,6700,6900,6900,7000,7000,7100,7200
802,300,300,400,400,500,500,600,700,800,900,900,1000,1100,1100,1200,1300,1400,1300,1500,1500,1700,1600,1700,1800,1900,1900,2000,2100,2200,2200,2300,2300,2400,2500,2600,2600,2700,2800,2900,3000,3100,3000,4500,3200,3300,3400,3400,3500,3500,3600,3700,3900,3800,3900,4100,4100,4100,4500,4300,4300,4500,4500,4500,4600,4700,4800,4900,5000,5100,5100,5200,5100,5200,5300,5400,5500,5600,5600,5800,5800,5900,5900,6000,6000,6100,6200,6300,6300,6500,6500,6500,6600,6700,6800,6800,6900,6900,7000,7100,7100
803,100,300,300,400,500,500,600,600,700,800,900,900,1000,1000,1200,1200,1300,1300,1400,1500,1600,1700,1700,1800,1900,2000,2000,2100,2100,2200,2300,2300,2400,2400,2500,2600,10300,2700,2800,2900,2900,3000,3100,3100,3300,3300,3400,3400,3500,3600,3700,3700,3800,3900,3900,4100,4200,4200,4300,4400,4400,4500,4500,4600,4600,4700,4800,4900,5100,5100,5100,5200,5200,5400,5400,5500,5600,5700,5600,5800,5800,5700,5900,6000,5300,6200,6300,6400,6400,6400,6500,6600,6700,6800,6800,6900,6900,7100,7200,7200
804,200,300,400,500,500,600,700,700,800,800,900,1000,1100,1200,1200,1300,1300,1400,1500,1500,1600,1700,1700,1800,1900,2000,2000,2100,2200,2200,2300,2300,2400,2400,2100,2700,2700,2800,2800,2900,3000,3100,3200,3300,3300,3400,3400,14100,3600,3600,3700,3800,3800,4000,4000,4100,4100,4200,4300,4300,4400,4400,4600,4600,4800,4800,4900,4900,5000,5100,5200,5200,5300,5400,5400,5500,5700,5600,5700,5800,5900,5900,6000,6100,6100,3600,6200,6300,6500,6500,6500,6500,6600,6700,6800,6800,6900,7000,7100,7100
805,200,200,300,400,400,500,600,700,800,800,1000,1000,1000,1100,1200,1300,1400,1400,1400,1600,1500,1700,1700,1800,1800,1900,2000,2000,2200,2200,2200,2300,1700,2500,2600,1900,2700,2800,2800,2900,3000,3100,3100,3200,3300,3400,3400,3500,3500,3700,3700,3800,4300,3900,4000,4000,5100,5300,5300,5500,5600,5600,5700,6400,5800,5900,6000,6100,6200,6300,6300,6700,6600,6700,6700,6800,7000,7000,7100,7200,7300,7300,7500,7600,7600,7700,7800,7900,7900,8100,8200,8200,8400,8500,8500,8600,8600,8700,8900,9000
806,300,200,300,400,500,600,700,700,700,800,900,1000,1000,1100,1200,1300,1300,1400,1500,1600,1600,1600,1700,1900,2000,2000,2000,2100,2100,2200,2300,2400,2500,2600,2700,1600,2700,2800,2800,3300,3000,3100,1900,3200,3300,3400,3500,3500,3500,3700,3700,3800,3800,3900,4000,4100,4100,4300,4300,4300,4500,4500,4500,4700,4800,4800,4900,4900,5000,5100,5100,5200,5300,5300,5400,5500,12500,5600,5700,5800,5900,5900,6000,6100,6100,6300,6300,6300,6400,6400,6600,6600,6600,6700,6800,6900,6900,7100,7100,7100
807,200,300,400,500,600,500,700,700,800,900,1000,1000,1000,1100,1200,1300,1300,1400,1400,1600,1600,10500,1800,1800,1900,2000,2100,2200,2100,2300,2300,2400,2500,2500,2600,2700,2700,2800,3700,3000,3000,3000,3200,3200,3200,3500,3400,3400,3500,3600,3700,3700,3800,3800,4100,4000,4100,4200,4300,4300,4400,4500,4500,4600,4700,4800,4800,4800,5000,5000,5100,5100,5200,5300,5300,5400,5500,5600,5700,5700,5900,5900,6000,6000,3700,6200,6200,4800,6400,6400,6500,6600,6700,6800,6900,6900,6900,7000,7000,7100
808,200,300,300,400,400,600,700,600,700,800,800,900,1000,1100,1100,1300,1300,1400,1400,1500,1600,1700,1800,1800,1900,2000,2000,2200,2100,2300,2300,2400,2500,2600,2600,2600,2800,2800,2900,2900,3000,3000,3100,3200,3300,3400,3400,3400,3500,3700,3700,3800,3800,3900,4000,4100,4100,4200,4300,4400,4400,5100,4500,4500,4700,4800,4800,4900,5000,5000,5100,5100,5300,5300,5400,5400,5500,5600,5600,6100,5900,5900,4200,6100,6100,6200,6200,6300,6400,6400,6500,6600,6600,6800,6800,6800,6900,7000,7100,7100
809,200,300,300,400,500,500,600,600,700,800,900,900,1000,1100,1100,1200,1200,1300,1500,1500,1600,1600,1800,1700,1800,1900,2000,2000,2200,2200,2300,1500,2500,2500,2600,1600,1600,1600,1700,1700,1800,1800,1900,3300,3200,2000,4300,3500,2200,2200,2100,2200,3700,3900,3100,4100,4200,4300,4200,4400,4700,4500,4500,4800,4700,4700,4800,5100,5000,5100,5100,5200,5300,5300,5400,5700,5600,5700,6100,5800,5900,5900,6000,6100,6100,6100,16300,6300,6400,6500,6600,6600,6700,6800,6800,6800,4200,7000,7000,7100
810,200,300,400,400,400,500,600,700,800,800,900,900,1000,1100,1200,1200,1300,1400,1400,1600,1600,1700,1800,1900,1900,2000,2000,1200,2100,2300,2400,2300,2400,2500,2600,2600,2800,2800,2900,2900,3000,3100,3100,3300,3400,3300,3400,3400,3500,3600,3700,3700,3800,3900,4000,4000,4100,4200,4200,4400,4400,4400,4600,4600,4700,4700,5000,4900,5000,5100,5100,5300,5200,5700,5700,5600,5600,5700,5700,5800,5900,6000,6000,6100,6100,6200,6400,6400,6500,6500,6600,6600,6800,6800,6800,6900,7000,7000,7100,7200
811,100,200,400,400,500,500,600,700,700,800,900,1000,1000,1100,1100,1300,1300,1400,1500,1100,1600,1700,1700,1800,1800,1900,1900,2100,2200,2200,2200,2400,2400,2500,2500,2600,2700,2800,2900,2900,3000,3000,3200,3200,3300,3300,3400,3500,3600,3600,3700,3800,3800,3900,4000,4000,4100,4200,4200,4300,4300,4400,4500,4600,4700,4800,4800,4900,5000,5000,5100,5200,5300,5500,5500,5600,5600,5700,5800,5800,5800,6000,6000,6100,17100,6200,6300,6400,6500,6500,6500,6700,6700,6800,6900,6900,14200,7000,7200,7200
812,200,300,400,400,500,500,600,600,800,900,900,1000,1000,1100,1200,1300,1400,1400,1500,2300,1700,1700,1700,1800,1800,1900,2000,2100,2100,2200,2200,2400,2500,2500,2600,2600,2700,2800,2900,2900,2900,3100,3100,3200,3300,3300,3400,3500,3600,3600,3600,3700,3900,3900,4000,4000,4100,4200,4200,4400,4400,4500,4500,4700,4700,4700,2900,4900,4900,5100,5100,5200,5300,5300,5400,5400,5500,5700,5600,5800,5800,5900,6000,6100,6100,6200,6200,6300,6400,6400,6600,6700,6700,6800,6800,6900,6900,7100,7100,7200
813,200,200,400,500,500,600,600,700,800,800,900,1000,900,1100,1200,1300,1400,1400,1500,1500,1700,1800,1800,1900,1900,1900,2000,2100,2100,2300,2300,2300,2400,2500,2500,2600,2700,2800,2900,2900,3100,3100,3200,3300,3300,3400,3500,3500,3600,3700,3800,3800,3900,3900,4000,4000,4100,4200,4200,4400,3300,4500,4600,2900,4700,3700,4900,4900,5000,5000,5100,5200,5300,5300,5500,5500,5500,5600,5700,5700,5800,5900,6000,6100,6200,6300,6300,6400,6400,6400,6500,6600,6700,6800,6900,6900,7000,7000,7100,7100
814,200,300,400,500,500,500,600,600,900,800,900,1100,1000,1100,1200,1200,1300,1400,1500,1500,1600,1700,1700,1800,1900,1900,2000,2100,2200,2200,2300,2400,2400,2500,2500,2700,2700,2800,2800,2900,2900,3000,3200,3200,3300,3400,3400,3400,3600,3600,3700,3800,3800,3900,4000,4100,4100,4700,4900,4700,4500,4500,4600,5100,5300,5300,5400,5500,5500,5600,5700,5700,5900,5800,6000,6100,15400,6200,6200,6300,6400,6400,6500,6600,6600,6800,6700,7000,6900,7000,7100,7100,7200,7300,9300,7000,7000,7100,7100,7100
815,200,300,400,400,600,800,800,400,800,800,900,1000,1100,1100,1200,1300,1300,1300,1500,1500,2000,2000,2100,2300,2400,2400,2500,2600,2700,2800,2900,3000,3100,3200,3300,3400,3400,3500,3600,3700,3900,3800,5300,3300,3300,3400,3500,3500,3500,3700,3700,3700,3800,3900,4000,4100,4200,4200,4300,4400,4400,4500,4500,4600,4700,4700,4800,5000,10100,5100,5000,5200,5300,5300,8200,4700,3900,8100,5400,4800,4900,9200,6000,6100,6100,6200,6300,6300,6400,6500,8200,7900,8600,5400,5700,5800,5800,5900,5900,5700
816,200,300,200,600,800,800,1000,1100,700,800,900,1000,1000,1200,1200,1600,1400,1400,1400,1500,1600,2000,1700,1800,2000,1900,2100,2100,2200,2300,2000,3100,2400,2500,2600,2700,2700,1700,2800,1700,3000,2300,2500,2500,2100,3400,4000,3600,3600,3600,3700,3800,3900,4500,4400,4000,4200,4700,4700,4400,4400,4500,4600,4800,2800,5400,4900,5000,5000,5000,5200,5200,5200,5300,5400,5400,5600,5600,5700,5800,5900,5900,6000,6100,6100,6200,8300,8500,8500,8600,8200,8300,8300,8400,8600,8600,8700,8800,9400,5500
817,100,200,300,300,300,300,400,400,400,500,500,600,600,1100,1200,1300,1300,1300,1500,1500,1600,1700,1700,1800,1800,2000,2000,2100,2100,2200,2300,2400,2400,2500,2600,2700,2800,2800,2900,2900,3000,3000,3200,3300,3200,3700,2600,3500,3600,3700,3700,3800,6500,3900,4000,4100,4100,4200,4300,4300,4400,4500,4600,4600,4700,4700,4800,4900,5000,5100,5100,5200,5300,5400,5400,5500,5600,5600,5700,5800,5800,5900,5900,4400,6100,6200,6300,6400,6400,6500,8900,6500,6700,6700,6900,6900,6900,4100,4200,4200
818,100,200,200,300,500,400,300,400,400,500,500,600,600,600,700,700,700,2500,1400,1500,900,1000,1000,1000,1100,1100,2000,2700,2200,1300,1300,1400,2400,2500,2600,2700,1600,1600,2800,1800,1800,1900,2200,3200,3300,3300,3400,3500,3600,3600,3800,3800,3800,3900,4100,4000,4100,4200,4200,4400,4400,4500,4500,4600,4700,4800,4800,4900,5000,5000,5200,5200,5300,5300,5400,5400,5500,5600,5700,5700,5800,5900,6000,6100,6100,6200,3800,5900,6400,6400,6600,6700,6700,6800,6800,6900,16900,7000,7100,7200
819,200,300,300,500,500,600,600,700,700,800,900,1000,1000,1100,1200,1200,1300,1400,1500,1600,1600,1700,1800,1800,1900,2000,2000,2100,2400,2200,2300,2900,2400,2500,2600,2700,2700,2800,2900,2800,3000,3000,3200,3100,3300,3300,3400,3400,3600,3600,3700,3800,3800,3900,3900,4000,4100,4200,4300,4300,4400,4500,4500,4600,4700,4800,4800,4900,5000,5100,5100,6300,5200,5300,3100,5500,5600,5600,5700,5800,5800,6000,6000,6100,6200,6200,6300,6300,6400,6500,6500,6600,6700,6800,6900,6800,6900,7000,7100,7200
820,200,300,300,400,500,500,600,700,800,800,900,900,1100,1100,1300,1200,1300,1400,1500,1500,1600,1700,1700,1800,1900,2000,2000,2200,2200,2300,2200,2400,2500,2500,2600,2700,2700,2800,2900,2900,3000,3100,3100,3300,3300,3300,4000,3500,3600,3700,3700,3800,3900,4000,4000,4000,6100,4200,4300,4300,4500,2700,4600,4700,2800,4700,3100,4900,4900,5000,5100,5200,5300,5300,5400,5400,5600,5600,5600,5700,5900,5800,6000,6000,6100,6200,6200,6300,6400,6500,6500,6600,6700,6700,6900,6900,6900,7100,7100,7200
821,300,400,400,500,500,600,600,700,700,1000,1100,1200,700,1200,1100,1300,1300,1400,1400,1500,1700,1600,1800,1800,1900,1900,2000,2100,2100,2200,2300,2400,2500,2500,2600,2700,2700,2700,2900,2900,3000,3200,3100,3100,3200,3300,3400,3400,3000,3900,3700,3800,3800,3900,3900,4000,4100,4100,4300,4300,4400,3300,4300,2700,4700,2800,2900,4900,2900,5400,3000,5200,3100,3100,3100,3200,3200,3300,5000,3300,3500,3400,3500,3500,7100,6200,6400,6300,6400,6700,6600,6700,6700,6800,6800,6900,7000,7100,7000,7100
822,200,300,300,400,500,600,600,600,700,800,900,1000,1000,1100,1200,1300,1300,1400,1500,1500,1600,1700,1700,1800,1900,2000,2100,2000,2200,2200,2300,2300,2400,2500,2600,2600,2700,2800,2900,1700,3000,3100,3100,3200,3200,3300,3400,3500,3600,3700,3700,3800,3800,3900,4000,4100,4200,4300,4300,4300,3500,4500,4500,4600,4600,4800,4800,4900,5000,5000,5100,5300,5300,5300,5400,5500,5500,5600,5700,5700,5800,5900,5900,6000,6100,6200,6300,6200,6400,14000,6500,6600,6600,6700,6800,6900,6900,7000,7100,7200
823,200,300,300,400,500,600,600,600,1300,800,900,1000,1000,1100,1100,1300,1300,1300,1400,1500,1700,1700,1700,1800,1900,1900,2000,2100,2200,2200,2300,1300,2400,2500,2600,2600,2700,2800,2800,2900,3000,3100,3200,3300,3300,3400,3400,3500,3600,3600,3700,4100,5100,4000,4000,4000,4200,2600,4200,4400,4400,4500,4600,4600,13700,4700,4800,4900,5000,5100,5100,5200,5200,5300,5400,5500,5600,5600,5700,5800,5900,5900,6000,6100,6100,6200,6300,6300,6400,6500,6600,6600,6700,6800,6800,6900,6900,7100,7100,7200
824,200,200,300,400,500,600,600,700,800,800,900,1000,1000,1100,1200,1300,1300,1400,1500,1500,1600,1700,1800,1900,1900,2000,2000,2100,2200,2200,2300,2400,2500,2500,2500,2600,2700,2800,2800,2900,3000,3100,3100,3200,3300,3400,3400,3500,3600,3600,3700,3800,3800,3900,3900,4000,3100,4200,4200,4300,4400,4500,4600,4600,4700,4800,4800,4900,5000,5000,5400,3000,3100,5300,3100,3200,3200,3400,3300,3400,5800,3500,3500,3600,6100,3600,3700,3800,3800,3800,3800,3900,6600,6800,6800,6900,7000,7000,7100,7100
825,200,300,400,200,500,600,1200,600,700,900,800,900,1000,1100,1100,1200,1300,1500,1500,1500,1600,1700,1700,1800,1800,1900,2000,2000,2100,2200,2300,2400,2400,2500,2500,2600,2700,2800,2800,2900,2900,3000,3100,3200,3200,3400,3400,3500,3600,3600,3700,3700,3800,3800,3900,4000,2400,4200,4200,3100,4500,4400,4500,4600,4600,4800,5400,4900,5000,5000,5200,5200,5200,5400,5500,5500,5600,5600,5700,5700,5800,5900,6000,6000,6100,6200,6300,6300,6400,6500,6500,6600,6700,6700,6900,6900,7000,7000,7100,7200
826,200,300,400,400,500,800,800,1000,800,800,500,1000,1100,1100,1100,1300,1300,1300,1500,1500,1600,1700,1700,1800,1900,1900,2100,2100,2200,2300,2300,2400,2700,2500,2600,2700,2700,2900,3200,3000,3000,3100,3200,3200,3300,3300,3500,3400,3600,3600,3700,4300,4800,4000,4000,4000,4200,4300,4300,4400,4400,4500,4500,4600,4700,4800,4900,4900,5000,5000,5200,5100,5300,5300,5400,5500,5500,5600,5700,5800,5900,5900,6000,6000,14600,6200,6300,6300,6400,6500,6500,6600,6700,6800,6800,6900,8700,7000,4200,7200
827,200,300,400,500,500,500,600,800,800,900,900,900,1100,1200,1200,1200,1300,1400,1500,1600,1600,1700,1700,1900,1900,2000,2000,2100,2200,2200,2300,2400,2500,2600,2600,2700,2700,2800,2800,3000,3100,3100,3200,3200,3300,3300,3400,3500,3500,3600,3700,3800,3800,3900,4000,4000,4100,4200,4300,4300,4400,4500,4500,4600,4700,4800,4900,5000,5000,5000,5100,5200,5300,5300,5300,13900,5500,5600,5700,5800,5800,19000,6000,6000,6200,6200,6300,6400,6400,3900,6600,6600,6700,6700,6900,6900,7000,9600,7200,7200
828,300,400,400,400,500,600,600,600,800,900,900,900,1100,1000,1100,1300,1300,1400,1500,1500,1700,1600,1800,1200,1900,2000,2000,2100,2200,2300,2300,2400,2400,2600,2600,2600,1700,2800,2900,2900,3100,3100,3200,3200,3300,3400,3400,3500,3600,3600,3700,3800,3900,3900,4000,4100,4200,4200,4200,4400,4500,4400,4500,4700,4800,4800,4900,4900,4900,6400,5100,5100,5300,5400,5400,5500,5600,5600,5700,5800,6000,5900,6100,6000,6100,6200,6200,6300,6400,6500,6500,6600,6700,6800,6900,6900,7000,7000,7100,7200
829,200,300,300,400,500,500,600,600,700,800,900,1000,1000,1100,1200,1200,1300,1400,1500,1500,1500,1600,1700,1800,1800,1900,2000,2100,2100,2200,2300,2300,2100,2500,2500,2600,2700,2800,2800,3000,3000,3100,3100,3200,3300,3400,3400,3500,3600,3600,3700,3800,3900,4000,4000,4100,4100,4200,4200,4300,4500,4500,4500,4600,4700,4800,4800,4900,5000,5000,5100,5200,5300,5400,5400,5400,5500,5700,5700,6800,3700,3400,6000,3600,3600,3600,3600,3700,6400,3800,3900,3900,3900,4000,4000,4000,21800,7000,7100,7200
830,200,200,300,400,500,500,400,400,400,500,500,600,600,600,700,800,800,800,900,900,2700,900,1000,1800,1100,1900,2100,2100,2100,1300,1300,2400,1400,1500,1500,2600,1600,1700,1700,1800,1800,1800,3200,1900,1900,2000,2000,2100,3500,2100,2200,6300,3900,3900,4000,4100,4100,4200,4300,4400,4500,4500,4600,4600,4700,4800,7800,5000,5100,5000,5200,6500,5300,5300,5400,5500,6000,7000,7000,7200,7300,7300,7400,7500,7600,7700,8300,8000,8000,8100,8200,8200,8300,8400,8500,8700,8700,8800,8800,9000
831,200,300,400,500,600,700,700,800,1000,1000,1200,1200,1300,1400,1500,1500,1700,1700,1500,800,1600,900,1000,1100,1100,1200,1200,1200,1200,2200,1300,1400,2400,2500,2600,1500,1600,1700,1700,1700,3300,3100,1800,1900,1900,3400,3500,2400,3600,3600,3700,3800,3900,3900,3900,4100,4100,4200,4200,2600,4400,4500,4500,4700,4800,4700,4800,4900,5000,5100,5100,5600,5300,5400,5400,5500,5600,5600,5700,5800,5800,5900,6000,6100,6200,6200,6200,6400,6500,6400,6600,6600,6500,4000,4000,5700,7000,7000,4200,7200
832,100,200,200,400,500,500,600,700,800,800,900,1000,1000,1100,1100,1200,1300,1400,1400,1500,1600,1700,1700,1900,1900,2000,2000,2100,2100,2200,2300,2400,2500,2400,4300,2700,2800,2700,2900,2900,3000,3000,3100,3300,3300,3400,3400,3500,3600,3700,3800,3800,3900,3900,4000,4000,4100,4200,11500,4300,4500,4500,4600,4700,4700,4900,4800,4900,5000,5100,5100,5200,5400,5400,5400,5500,5600,5600,5700,5800,5800,5900,6000,6000,6100,6300,6300,3800,6400,6400,6500,6600,6700,6700,6800,6800,7000,7100,7000,7200
833,200,300,300,400,500,500,600,700,700,800,900,1000,1100,1100,1200,1200,1300,1400,1400,1500,1600,1700,1800,1800,1900,1900,2100,2200,2200,2200,2300,2500,2400,2600,2600,2700,2700,2800,2800,3000,3000,3000,3100,3200,3300,3400,3400,3500,3500,3700,3700,3900,3800,4000,4000,4100,4100,4300,4300,4300,4400,4500,4500,4600,4700,4800,4800,4900,5100,5100,5100,5200,5300,5400,5400,5500,5600,5600,5700,5700,5900,5900,5900,5900,6100,16200,6200,6300,6400,6400,6500,6600,6600,6700,6800,6900,6900,7100,7100,7200
834,300,300,400,300,500,500,600,700,700,800,900,1000,1000,1100,1200,1200,1300,1300,1500,1500,2100,2200,2300,2400,2400,2600,2700,1800,2800,2800,3000,3500,3200,3200,3100,3200,3200,4000,4000,4100,4200,4300,4600,4400,4600,4700,4600,4900,5200,5200,5100,5000,5300,5300,5500,5700,5500,5600,5600,6100,6300,6000,6000,6100,6100,6000,6100,6200,6300,6400,6500,6500,6600,6700,6800,6800,7000,7100,7200,7200,7400,7500,7500,7600,7700,7800,7800,7900,10000,8100,8200,8300,8300,8500,8600,8600,8700,8700,8800,9000
835,200,300,400,500,500,600,800,900,900,1000,1100,1200,1300,1300,1400,1600,1700,1700,1800,1900,2000,2200,2200,2300,2400,2400,2600,2300,2400,2500,2300,2400,16100,2600,2600,2700,2700,2800,2900,2900,3000,3100,3100,3300,3300,3300,3400,3500,3500,3700,3700,3800,3900,3900,4000,4200,4300,4200,4300,4400,4400,4500,4600,4700,4700,4800,4800,4900,5000,5000,5100,5100,5300,5300,5400,5500,5600,5600,5700,5700,5800,5800,5900,6000,6200,6200,6300,6300,6400,6500,6600,6600,6700,6700,6900,6800,7000,7000,12200,7200
836,200,300,300,400,500,600,500,700,700,800,900,900,1100,1100,1200,1200,1300,1400,1400,1500,1200,1700,1800,1800,1900,2000,2000,2100,2100,2200,2200,2300,2400,2500,2600,2600,2700,2700,2800,3000,3000,3100,3200,3300,3400,3400,3400,3500,3500,3600,3700,3700,3800,3900,3900,4000,4100,4100,4200,4300,4400,4400,4500,4600,4700,5600,4800,4900,4900,5100,5100,5100,5200,5300,5400,5500,5600,5600,5700,5800,5800,5900,5900,6100,6100,6100,6300,6300,6400,6400,6500,6600,6700,6700,6800,6800,6900,7000,7100,7100
837,300,200,400,400,400,500,600,700,800,800,900,1000,1000,1100,1200,1200,1300,1300,1500,1600,1600,1700,1700,1800,1900,1900,2000,2100,2100,2200,2300,2800,2400,2500,2600,2700,2700,2800,2900,2900,3000,3100,3100,3200,3300,3400,3400,3600,3600,3700,3700,3800,3900,3900,4000,4000,4100,4200,4300,4400,4400,12700,4600,4600,4700,4800,4800,4900,6800,5000,5200,5300,5300,5400,5400,5500,5500,5600,5700,5800,5900,5900,6000,6100,6100,6200,6200,6400,6400,6500,6600,6600,6700,6800,6800,9700,7000,7100,7100,7200
838,200,400,400,500,600,700,600,700,700,800,800,900,1000,1000,1200,1300,1600,1300,1400,1500,1600,1700,1800,1900,1900,2000,2000,2200,2200,2300,2300,2400,2500,2500,2600,2700,2700,2800,2900,3000,3000,3100,3100,3200,3300,3400,3400,3500,3600,3600,3700,3800,3900,4000,4000,4000,4100,4200,4300,4300,11900,4500,4600,4700,4700,4800,4900,4900,74200,5100,5100,5200,5300,5300,5300,14600,5500,5600,5700,5700,5800,3400,5900,3600,3500,4000,3700,3800,6400,3800,3800,3800,4000,4000,4000,4100,4100,4100,4200,7200
839,200,200,200,400,500,600,600,700,700,900,900,1000,1000,1100,1200,1200,1400,1400,1500,1600,1600,1700,1800,1800,1900,1900,2100,2100,2100,2200,2300,2400,2400,2500,2600,2600,2700,2800,2800,3000,2900,3100,3100,3200,3300,3300,3400,3500,3500,3600,3700,3800,3800,3900,3900,4100,4100,4200,4300,4400,4400,4500,4900,4600,4700,4800,4800,4900,5000,5100,5100,5100,5300,5300,5400,5500,5500,5600,5700,5800,5800,5900,6000,6000,6100,6200,6300,6300,6400,6500,6500,6600,6700,6700,6800,6800,7000,7000,7100,7100
840,200,200,300,400,500,500,600,700,800,800,900,1000,1000,1700,1100,1200,1200,1300,1400,1500,1600,1700,1700,1800,1900,1900,1900,2100,2200,2200,2400,2400,2400,2600,2600,2600,2700,2900,2900,3000,3000,3100,12900,3300,3300,3300,3500,3500,3600,3600,3700,3800,3900,3900,4000,4000,4100,4100,4300,4300,4400,2700,4500,4600,14400,4700,4800,4900,5000,5100,5000,5100,5200,5300,5400,5500,5500,5600,5700,5800,5800,5900,6000,6000,6100,6200,6300,6400,6300,6400,6500,6500,6700,6700,6800,6800,7000,7100,7000,7200
841,200,300,300,500,500,700,600,700,700,800,900,900,1000,1200,1200,1300,1300,1300,1400,1500,1600,1700,1800,1800,1900,2000,2000,2100,2200,2200,2300,2300,2400,2500,2600,2600,2700,2800,2900,2900,3000,3100,3200,3200,3300,3300,3400,3500,3500,4300,3800,3800,3800,3900,4000,4000,4200,4200,4200,4400,4400,4400,4600,4600,4700,4700,4800,4900,4900,5000,5100,5200,5300,5300,5500,5400,5600,5600,5800,5800,5900,5900,6000,6100,6100,6100,6300,6400,6500,6500,6600,6600,6700,6800,6800,6900,7000,7000,7100,7200
842,200,300,400,400,400,600,600,700,700,900,900,1000,1000,1100,1200,1300,1300,1300,1500,1500,1600,1600,1700,1800,1900,1900,2000,2100,2200,2300,2300,2300,2500,2500,2600,2600,2700,2900,2900,2900,3000,3000,3100,3300,3300,12800,3400,3500,3600,3600,3700,3800,4200,3900,4000,4000,4200,4200,4300,4300,4400,4400,4500,4700,4700,4800,4900,4900,5000,5000,5100,5200,5300,5300,5400,5500,5600,5600,5700,5800,5800,5800,6000,6000,6000,6100,6200,6300,6400,6400,6500,6600,6700,6800,6900,6800,7000,4200,7200,7200
843,200,300,300,400,500,600,600,700,700,900,900,900,1000,1100,1200,1200,1300,1400,1500,1500,1600,1700,1700,1900,1900,2000,2100,2200,6200,2200,2300,2400,2500,2600,2600,2600,2700,2800,2900,2900,3000,3000,3200,3200,3300,3300,3500,3800,3500,3700,3700,3700,3800,4000,4000,4100,4200,4200,4300,4400,4500,4500,4500,4700,4700,4800,5100,4900,5000,5100,3400,5300,5200,5300,5500,6800,5500,5600,5800,5800,5800,5900,6000,6000,6200,6100,6200,6400,6400,6400,6500,6600,6700,6700,6900,6900,6900,7100,7100,7200
844,200,300,300,400,500,500,600,700,800,800,800,900,1000,1200,1200,1200,1300,1500,1400,1400,1600,1600,1700,1800,1800,2000,2000,2000,2100,2100,2300,2400,2400,2500,2600,2600,2700,2700,2900,1800,3000,3100,7800,3200,3300,3300,3400,3400,3600,3600,3700,3700,3800,4000,3900,4000,4100,4200,4200,4300,4500,4500,4600,4600,4700,4800,4700,5000,5000,5100,5100,5200,5200,5300,5500,5500,5600,5600,6000,5800,5900,5900,6000,6000,6000,6200,6200,6300,6400,8800,6600,6600,6700,6800,6800,6800,6900,7000,7100,7200
845,100,300,400,500,500,600,500,700,700,800,800,900,1000,1100,1100,1200,1300,1400,1400,1500,1500,1700,1700,1700,1800,1900,2000,2100,2200,2300,2300,2300,2400,2400,2500,2700,2700,10300,1800,2900,3000,2300,3100,3200,3300,3300,3300,3400,3600,3600,3700,3800,3800,3900,6400,4000,4100,4300,4300,4300,4400,4600,4500,4500,4600,4800,4800,4900,4900,5100,5100,5100,5300,5300,5300,5400,5600,5600,5700,5800,5800,5900,5900,6100,6200,6200,6300,6400,4400,6400,6500,6600,6700,6800,6800,6900,6900,4200,7200,7200
846,200,300,400,400,500,600,700,700,800,800,900,1000,1100,1100,1200,1300,1300,1400,1500,1600,1600,1700,1700,1800,1900,1900,2100,2100,2200,2300,2300,2400,2400,2500,2700,3500,3300,3400,3400,3400,3600,3800,3600,3600,3800,3900,4000,4100,4100,4200,4300,4400,4400,4500,4500,4600,4600,4800,4900,5100,4900,5000,5100,5200,5200,5300,5400,5400,5500,5600,5700,5700,5800,5900,5900,6000,6000,6200,6100,6400,6400,6400,6500,6500,6600,6200,6300,3700,6400,6600,6600,6600,6700,6900,6800,6900,7000,7000,7100,7300
847,300,400,400,400,500,500,600,700,800,900,900,900,1100,1100,1200,1200,1300,1400,1500,1900,2000,2100,2200,2800,2400,2400,2500,2500,3000,2600,2900,3000,3000,3200,3200,3200,3300,3500,3600,3600,3700,3900,3900,4000,4200,4200,4300,4300,4500,4600,4600,16600,4800,4900,5400,5100,5100,5200,5500,5400,5900,4500,4600,4600,4700,4700,4800,4900,5000,5100,5200,5100,5200,5300,5400,5500,5500,5700,5700,5800,5800,5900,6000,6000,6100,6200,6200,6300,6400,6400,6500,6600,6600,6700,6800,6900,6900,7000,8300,7100
848,200,300,400,500,600,600,600,700,700,800,900,900,1000,1100,1100,1200,1300,1400,1400,1500,1600,1600,1800,1800,1800,1900,2000,2100,2100,2200,2300,2400,2400,2500,2600,2600,2700,2700,2800,2900,3000,11200,3100,3200,3300,3300,3400,2200,4700,3600,3700,3700,2400,3900,4000,4100,4100,4200,4200,4300,4500,4400,4500,4500,4700,4700,4800,4800,4900,5100,5100,5200,5300,5300,5500,5500,5500,5600,5800,5700,5800,5900,5900,6000,6100,6300,6300,6300,6400,6500,6600,6700,6700,6700,6800,5400,6900,7000,7400,7200
849,200,300,300,300,400,500,600,600,700,800,900,1000,1000,1100,1300,1200,1300,1400,1400,1500,1600,1700,1700,1800,1800,1900,2000,2000,2100,2200,2300,2400,2500,2400,2700,2100,2700,2800,2900,2900,3000,3100,2100,3300,3900,3400,3400,3500,3600,3600,3700,3800,3800,4000,4000,4100,4200,4200,4300,4300,4400,4500,4600,4600,4700,4800,4900,5000,5000,5100,5100,5200,5700,5300,5400,4100,5600,5600,5700,5800,5900,5900,6000,6000,6100,6200,6300,6400,6400,6400,6600,6600,6600,6700,6800,6900,6900,7000,7000,7100
850,200,200,300,400,400,500,600,700,800,800,900,900,1000,1100,1100,1300,1300,1400,1400,1500,1600,1700,1700,1800,1900,2000,2000,2100,2200,2200,2200,2400,2400,2500,2600,2600,2800,2800,2900,2900,3000,4200,3200,3300,3300,3300,3500,3500,3600,3700,3700,3700,3900,3900,4000,4000,4100,4200,18500,4400,4400,4500,4500,4700,4700,4800,4800,4900,5000,5100,5100,5200,5300,5300,5400,5400,5600,5700,5700,5800,5800,5900,6000,6100,9900,6200,6300,6400,6400,6500,6500,6600,6700,6800,6800,6900,7000,7100,7100,7200
851,100,200,400,400,500,600,600,600,700,800,800,900,1000,1100,1200,1200,1200,1400,1400,1500,1600,1600,1800,1800,1900,1900,2000,2100,2100,2200,2200,2400,2500,2400,2600,2600,2700,2900,2800,3000,3000,3100,3100,3200,3300,3400,3500,3500,3600,3700,3800,3800,3800,3900,3900,4100,4100,4200,4300,4300,4400,4500,4600,4700,4600,4800,4800,4900,5000,5000,5100,5200,5300,5300,5400,5500,5600,6600,5700,5800,3900,6000,5900,14600,6100,6200,6200,6400,6500,6400,6600,6600,6800,6800,6700,6900,6900,7100,7100,7200
852,100,300,300,300,500,500,600,700,700,800,800,900,1000,1100,1200,1200,1300,1400,1400,1500,1600,1700,1700,1800,1900,2000,2000,2000,2100,2200,2300,1900,2500,2500,2500,2600,2700,2700,2800,2900,2900,3000,3100,3200,3300,3300,2000,3400,3600,3600,3700,3800,3800,3900,4000,4000,4100,4200,4200,4300,4300,4500,4600,4700,4700,4800,4900,12500,5000,5000,5100,5200,5200,5300,5400,5600,5600,5600,5600,5700,5800,5800,3500,6000,6100,6200,6300,6300,6400,6500,6500,6600,6600,6700,6900,6900,6900,7000,7000,7100
853,200,200,300,400,600,500,600,600,700,800,900,1000,1000,1100,1200,1300,1300,1500,1500,1500,1500,1700,1800,1900,1800,1900,2100,2100,2200,2200,2300,2400,2400,1500,2600,2700,2800,2800,2900,3000,3000,3100,3100,3200,3300,3400,3400,3500,3600,3700,3700,3800,3900,3900,4000,4100,4100,4200,4200,4500,4400,4500,4600,4600,4700,4700,4800,4900,5000,5100,5100,5200,5300,5300,5400,5500,5500,5600,6000,5800,5800,5800,5900,6200,6100,6200,6200,6300,6400,6500,17300,6700,6700,6800,6900,6900,7000,7000,7100,7200
854,300,300,400,500,500,500,600,700,800,800,900,900,1000,1100,1200,1300,1400,1300,1500,1500,11400,1600,1800,1800,2200,2000,2000,2200,2200,2300,2300,2400,2500,2500,2600,2700,2800,2800,2900,3000,3000,3100,3100,3300,3300,3400,3500,3500,3600,3600,3800,3800,3800,3900,4100,4100,4100,4200,4300,4300,4500,4500,4600,4600,4800,4800,4900,4900,5100,5000,5100,5200,5300,5400,7100,5600,5500,5600,3300,5700,3500,3500,3500,3500,3600,3600,3700,6300,3800,3800,3900,3900,3900,6700,4000,6800,6900,4100,4200,4300
855,100,200,200,200,300,600,300,700,500,500,500,500,600,700,700,700,2200,1500,900,1600,1600,1700,1700,1800,1900,1900,2000,2100,2200,2200,2200,2400,2400,3200,2600,2700,2800,2800,2800,2900,3000,3100,3200,3200,3300,3400,3400,3500,3600,3600,3700,3800,3900,3900,4000,4000,4100,4200,4300,4400,4400,4500,4600,5800,4600,4700,3200,4900,5000,5000,3900,5200,5300,5300,5400,19800,5600,5800,5600,5800,5900,6000,6000,6000,6200,6200,6300,6400,6500,6500,6500,6600,6700,6800,6800,6900,7000,7000,7100,15700
856,300,300,400,500,600,600,700,700,800,800,900,1000,900,1200,1200,1300,1300,1400,1500,1600,1600,1700,1800,1900,1900,2000,2000,2100,2200,2300,2300,2400,2500,2500,2600,2700,2700,2800,2900,2900,3000,3100,3100,3200,3300,3400,3400,3600,3600,3600,3600,3800,3800,3900,4000,4000,4100,4200,4200,4300,4500,4500,2700,4600,4700,4700,4900,4900,5000,5000,5100,5100,5200,5300,5400,5500,5500,5600,5600,5700,5800,5800,6000,6100,6100,6200,6200,6200,6300,6500,6500,6600,23100,6800,6900,6900,6900,7100,7200,7100
857,500,400,400,400,900,600,600,500,700,800,900,900,1000,1100,1200,1200,1300,1300,1400,1500,1600,1700,1700,1700,1800,1900,2000,2100,2100,2200,2300,2400,2400,2400,2600,2700,18600,2800,2900,2900,3000,3100,3200,13400,3200,3300,3500,3500,3600,3600,3600,3800,3800,3900,4000,4100,4100,4200,4300,11500,4300,4400,4500,4600,4600,4700,4700,4900,5000,5000,5100,5100,5300,5300,5300,5500,5500,5600,5700,5700,5800,5900,6000,6000,6100,6100,6200,6400,6500,6400,6500,6700,6800,6800,6800,6800,7000,7100,7100,7200
858,200,300,300,400,500,500,600,400,800,800,900,900,1000,1100,1100,1200,1300,1300,1500,1500,1500,1700,1700,1800,1800,1900,2000,2000,2100,2200,2300,2300,2500,2600,2600,2700,2700,2800,2800,3000,3000,3100,3200,3200,3300,3300,3400,3500,3600,3600,3700,3800,3900,4000,4000,4000,4200,4200,4300,4400,4400,4500,4500,4600,4800,4700,4800,5000,5000,5100,5100,5200,5200,5400,5500,7300,7000,7000,5700,5700,5800,6000,6000,6100,6200,6200,6300,6400,6400,6600,6500,6600,6800,13700,6900,6900,7000,7100,7100,7200
859,200,300,400,400,500,500,700,800,800,900,900,1000,1100,1200,1200,1300,1400,1400,1500,1500,1700,1700,1800,1800,1900,2000,2000,2100,2100,2200,2300,2300,2400,2500,2600,2700,2700,2800,2900,3000,3000,3100,3200,3200,3300,3400,3400,3500,3600,2100,3700,3800,3900,4000,4000,4000,4100,4200,4300,4300,4400,4500,4500,4600,4600,4800,4800,3500,4500,4900,2900,3000,3100,5400,3200,3300,3300,3300,5700,5700,3400,3400,3600,6000,3600,3700,3700,3800,3700,3800,3800,6600,3900,6700,4000,4000,5800,7000,7000,7200
860,200,300,300,400,500,500,8400,700,800,800,900,1000,1100,1100,700,700,1200,800,1400,900,900,1000,1000,1000,1800,1100,1100,1200,1200,1300,2700,1400,3200,1500,1500,2600,2700,3300,1700,1700,1700,1700,1900,1900,1900,3400,2000,3500,3500,3600,3700,6000,3900,2300,2300,2400,2400,4200,2500,4600,4300,2600,20000,4700,4800,4800,4900,4900,5000,5100,5100,17100,5200,5300,5400,5500,5600,5600,5700,5700,5800,5900,6100,6100,6100,6200,6200,6300,6400,6500,6500,6600,6700,6800,6800,7400,7500,7700,7100,7100
861,200,300,300,400,600,500,700,700,700,800,900,900,1000,1000,1200,1200,1300,1400,1500,1500,16300,1700,1700,1700,1900,1900,2000,2100,2100,2200,2200,2400,2400,2500,2600,2600,2700,2800,2800,2900,3000,3000,3100,3200,3300,3300,3500,3500,3600,3100,3700,3700,6200,3900,4000,4000,4100,4100,4200,4300,4400,4500,4500,4600,4600,4800,4800,4900,5000,5000,5100,5200,5200,5300,5500,5500,5500,5600,5700,5800,5800,5900,15400,6100,6100,6200,6300,6300,6400,6400,6600,6600,6700,6800,6800,6900,6900,7000,7200,7200
862,300,400,500,600,600,600,800,900,1000,1000,1200,1200,1300,1400,1400,1500,1600,1600,1700,1800,1900,1900,2100,2100,2200,2300,2400,2500,2600,3200,2300,2300,3300,3500,3200,3300,3400,3600,3600,3700,3900,3900,4000,4100,4200,4100,4300,4300,4200,4300,4300,4500,4500,4600,4600,4800,4800,5300,6600,5500,5400,5700,5700,5800,5900,5900,6000,6100,6300,6300,6300,6500,6600,6700,6700,6900,6900,7000,7200,7200,7300,7300,7400,7600,7700,7700,7900,7900,8000,8100,3800,8300,4600,6700,6900,6900,7100,7100,7100,7200
863,200,300,300,400,500,500,600,700,700,800,800,1000,1000,1100,1200,1200,1300,1400,1500,1600,1700,1000,1700,1900,1900,1900,2000,2100,2200,2300,2200,1400,2400,2500,1900,1500,1600,2800,1600,1600,1700,1800,1900,1900,1900,2000,3500,2000,2100,2200,3700,2300,2300,3900,4000,2400,2400,2500,2500,4400,4400,4500,4600,4600,4700,4800,4800,4900,5000,5200,5100,5200,5300,5300,5400,5500,5500,5600,5600,5800,3400,5900,6000,7300,6100,6200,6300,6400,6400,6500,6600,6700,6800,6800,6800,6900,6900,7000,7100,7200
864,200,300,400,500,500,600,700,600,800,800,900,900,1000,1100,1100,1200,1300,1400,1500,1600,1600,1700,1700,1800,1900,2000,2000,2100,2200,2200,2200,1900,2400,2500,2700,2700,2700,2700,2900,2900,3000,3000,3100,3200,3300,3400,3400,3600,3500,3600,3700,3800,3900,3900,3900,4100,4100,4100,4300,4300,4400,4500,4600,4600,4700,4700,4800,4900,4900,5100,5100,5100,8700,5400,5400,5800,5600,5600,5700,5800,6100,5200,6000,6000,6100,6200,6200,6300,6300,6400,6500,6600,6700,6800,6800,6900,7000,7000,7000,7200
865,100,200,300,400,400,900,700,600,800,800,800,1000,1000,1100,1200,1300,1300,1400,1500,1600,1600,1700,1700,1900,1100,2000,2000,2600,2200,2200,2300,2400,2500,2500,2500,2600,2700,2800,2900,3000,3000,3100,3200,3200,3300,3400,3400,3500,3600,4100,3700,3800,3800,4000,3900,4000,4200,4200,4300,4300,4400,4600,4500,4600,4700,4700,4800,4900,5000,5100,5200,5200,5200,5400,5400,5500,5500,5600,5700,5800,5800,5900,5900,6000,6100,6200,6200,6300,6400,6500,6500,6500,6700,6700,6800,6900,7000,7400,7200,7200
866,200,300,400,500,500,600,600,700,800,900,900,1000,1000,1100,1100,1200,1300,1600,1800,1800,2000,2100,2200,2300,2400,2500,2600,2600,2700,2800,2400,2400,2500,2500,2600,2600,2800,2800,2900,3000,3100,3000,3200,3300,3300,3400,3400,3500,3500,3700,3800,3800,3900,3900,4000,4100,4100,4200,4300,4400,4300,3800,4500,4600,4700,4800,4900,5000,5000,5100,5200,5300,5300,5400,5400,5400,5600,5600,5700,5700,5800,5800,6000,6000,6100,6200,6200,6300,6300,6500,6500,6600,6700,6800,6900,6900,7000,7100,7000,7100
867,200,300,400,400,400,600,600,400,700,800,500,600,600,600,700,1300,1400,1400,1500,1500,1600,1700,1700,1800,1900,2000,2000,2100,2200,2200,2300,2400,2500,2500,2600,2600,2700,2800,2900,2900,3000,3100,3900,3300,3300,3400,3500,3500,3600,3600,3700,17100,3900,4000,3900,4000,4200,4200,4300,4400,4400,4400,4600,4600,4700,4800,4800,4800,5000,5100,5100,5100,5200,5300,16900,6000,6200,6100,6300,6300,6400,6400,6500,6500,6700,6800,6300,6300,6400,6500,6600,6700,6700,6800,7100,6000,6900,7000,7200,7100
868,200,300,400,400,500,500,600,700,800,800,900,1000,1100,1100,1200,1200,1300,1300,1400,1500,1600,1600,1800,1800,1800,2000,2000,2000,2200,2300,10800,2400,2400,2600,2600,2700,2700,2700,2800,2900,3000,3100,3100,3300,3300,3300,3300,2700,3500,3600,3700,3700,3800,3900,3900,4100,4100,4200,4300,4300,4400,4500,4500,4600,4600,4800,4800,4900,5000,5100,5100,5200,5300,5300,5400,5400,5600,5600,5700,5700,5800,5900,6000,6100,6100,6200,6200,6300,6400,6500,6500,6600,6700,6900,6800,6900,7000,7000,7100,7100
869,100,300,400,500,500,600,600,700,1000,900,900,1100,1100,1100,1100,1300,1300,1400,1500,1600,1600,1700,1700,1800,1900,1900,2000,2100,2200,2300,2300,2300,2400,2500,2600,2700,2700,2800,3400,3700,3600,3700,3600,3800,3800,3900,3900,4100,4100,4200,4200,4300,4400,4500,4500,4600,4700,4700,4800,4900,5000,5100,5000,5100,5200,5300,5300,5400,5500,15500,5600,5700,5800,6000,6000,7300,7500,7300,7300,7500,5800,6000,6000,7500,6100,6200,3700,6300,6400,6400,6600,6700,6700,6700,6800,6900,7000,7100,7100,7200
870,100,300,300,400,500,600,600,700,700,800,900,1000,1000,1100,1300,1400,1400,1400,1400,1600,1600,1700,1700,2000,1900,2800,2000,2100,2100,1400,2300,2300,2400,2500,2500,2700,2700,2700,2900,3000,3000,3000,2000,3200,3300,3300,3400,3400,3500,3600,3700,3800,3800,3800,3900,4000,4000,4200,4300,4300,4400,4400,4500,4600,4700,4800,4900,5000,4900,5000,5100,5100,5300,5300,5400,25400,5500,5600,5800,5800,5900,5900,6000,6000,6100,6200,6200,6300,6400,6500,6600,6600,6700,6700,6800,6800,6900,7100,7000,7200
871,100,300,300,300,500,600,1000,700,800,800,900,900,1000,1100,1100,1200,1400,1300,1400,1600,1600,1700,1700,1800,1800,1900,2000,2100,2100,2200,2200,2500,2400,2500,2500,2600,2800,2800,2800,3000,3000,3100,3200,3200,3300,3400,3400,3400,3600,3700,3700,3800,3800,3900,4000,4100,4200,4200,4300,4300,4400,4400,4900,4600,4700,5100,4900,4900,5000,5100,5100,5200,5300,5600,5400,5400,5600,7000,7100,7200,7400,7400,7400,7600,7600,7700,7700,7900,7900,8100,8300,6600,6600,6700,6800,6900,7000,7100,7100,7200
872,100,300,400,500,500,500,600,700,800,800,900,1000,1000,1200,1100,1200,1300,1300,1500,1500,1600,1600,1700,1800,1900,1900,2000,2000,2200,2300,2300,2400,10600,2600,2500,2600,2700,2800,3000,3000,3000,3100,3100,3200,3500,3300,3400,3500,3600,3700,3800,3800,3800,3900,4000,2400,4100,4200,4300,4400,4500,4500,4500,4700,4700,4800,4900,4900,5000,5100,5200,5100,5200,5400,5400,5500,5500,6500,5700,6000,5800,5900,6000,6100,6100,6200,6300,6300,6400,6500,6500,6600,6700,6700,6800,6900,6900,7000,7100,7200
873,200,300,400,500,500,1000,600,700,800,800,800,900,1000,1100,1200,1200,1300,1400,1500,1600,1600,1700,1700,1800,1800,1900,2100,2100,2100,2200,2300,2300,2400,2500,2600,2700,2700,2700,2900,3000,3000,3100,3200,3200,3300,3400,3400,3500,3500,3600,3800,3800,3900,3900,2400,4100,4100,2600,4200,4300,4400,4600,4600,4600,4700,4800,4800,5000,5000,3000,5100,5300,5300,5300,5300,5500,5600,5600,5700,5800,5900,5900,6000,6100,6100,6200,6300,6300,6400,6500,6600,6600,6700,6700,6800,6800,7000,7000,7100,7200
874,200,400,400,400,600,500,500,800,800,800,900,900,1000,1200,1200,1200,1300,1500,1500,1500,1600,1700,1800,1900,1900,1900,2100,2100,2500,2500,2600,2400,2400,2500,2600,3000,2700,2800,2900,2900,3000,3000,3200,3200,3300,3400,3400,3500,3600,3600,3700,3800,3800,3900,4100,3100,2400,4200,4300,2500,4500,4500,4500,4600,4700,4700,4800,4900,5000,5100,5200,5200,5200,5400,5500,5500,5600,5600,5700,5800,5800,5900,5900,6000,6100,6100,6300,6200,6400,6400,6600,6500,6700,6800,6800,6900,7000,8800,8400,7200
875,200,300,400,400,500,500,700,700,800,800,900,1000,1100,1100,1200,1300,1400,1500,1400,1600,1600,1700,1800,1800,1900,2000,2000,2100,2200,2300,2300,2400,2400,2500,2600,2700,2700,2800,2900,3000,3100,3100,3100,3200,3200,2700,3400,3400,3500,3700,3700,3800,3900,3900,4000,4200,4000,4200,4300,4400,4400,4500,4600,4700,4700,4800,4800,4900,5000,5100,5200,5300,5200,5300,5400,5500,5600,5700,5700,5900,5800,5900,6000,6100,6200,6200,6400,14700,6400,6600,6500,6900,14400,4000,7100,4100,4100,7000,7100,7200
876,100,300,200,400,300,300,400,400,500,800,500,900,600,1600,600,700,800,800,800,1600,1600,1000,1100,1900,1900,1900,2000,2100,1300,1300,1400,2800,2500,2500,2700,3300,3900,3300,3400,3700,3800,3800,4000,3900,4100,4200,4200,4400,4500,4500,4600,4600,4800,4900,5000,5000,5200,5200,5300,5400,5400,5700,5700,5800,4700,4800,4900,4900,5900,5000,5300,3100,3100,3100,5400,3200,14200,3300,4100,3400,3400,3500,3500,6000,3600,3700,6300,6300,6400,6400,6500,6600,6600,6800,6800,15900,6900,7100,7100,7200
877,200,300,400,500,500,500,600,700,800,800,900,1200,1100,1100,700,1300,1300,1400,1400,1500,1600,1600,1800,1800,1800,2000,2000,2100,2100,2200,2300,2400,2400,2600,2600,2700,2700,2800,2800,2900,3000,3100,3100,3200,3300,3300,2600,3600,3600,3700,3700,3800,3900,4000,4000,4100,4100,4200,4300,4300,4500,4400,2800,4700,4900,4800,4800,2900,4900,4000,5100,3000,3100,3200,3200,3200,5500,5600,3300,3300,3500,3500,3500,3500,3600,3700,6300,6300,8400,3800,6600,3900,4000,6800,6800,6900,7000,7000,7100,7200
878,200,200,300,400,500,500,500,700,800,800,900,1000,1100,1100,1100,1200,1300,1300,1500,1500,1600,1700,1700,1900,1800,1900,2000,2100,2100,2200,2300,2400,2500,2500,2600,2700,2700,2800,2800,2900,3000,3000,3200,3200,3200,3300,3400,3500,3500,3600,3800,3700,3800,3900,4000,4100,4100,2500,4300,4400,7600,4600,4600,4600,4700,4700,4800,4900,5000,5100,5200,5100,5200,5300,5400,5500,5500,5600,5600,5700,5800,5800,6000,6100,3600,6200,6200,6300,6300,6400,6500,6600,6600,6800,6800,6900,6900,7000,7100,7100
879,200,300,300,400,500,500,700,700,700,600,1000,600,1000,700,1200,800,700,800,800,900,2800,1700,1000,1100,1100,1200,1200,1200,1200,1300,2300,2400,1500,1500,1500,1600,1600,1600,1700,1700,1800,1800,1800,1900,1900,2000,2000,3400,2100,2100,2200,3800,2300,2300,2400,2300,4200,4200,4200,2600,2700,4500,4500,2700,2800,2800,2900,2800,2900,3000,5100,3000,3300,3100,3200,3200,5600,5600,5700,5800,5800,5900,6000,6000,6200,6200,6300,6300,6300,6400,6600,6600,6700,6700,6800,6900,7000,7000,7100,7200
880,200,400,400,500,800,300,600,500,800,800,800,1000,1000,1100,1200,1200,1300,1400,1400,1500,1600,1700,1700,1700,1900,1900,2100,2000,2100,2200,2300,2300,2400,2500,2600,2600,2800,2800,2900,2900,3000,3100,3100,3300,3300,3400,3500,3500,3500,3600,3700,3800,3800,4000,4000,2400,4200,4200,4300,4400,4400,4500,4700,4700,4700,4800,4900,13500,4900,5000,5100,5200,5200,5300,5400,5500,5500,5500,5700,5700,5800,5900,5900,6000,6000,6100,6300,6300,6400,6400,6500,6600,6700,6700,6900,6900,6900,7000,7100,7100
881,300,300,400,500,400,500,600,600,800,900,900,900,1100,1100,1100,1200,1300,1400,1400,1600,1600,1700,1700,1800,1800,2000,2000,2100,2100,2300,2300,2400,2400,2600,2600,2700,2700,2800,2800,3000,2900,3000,3200,3200,3300,3400,3500,3500,3600,3600,3600,2600,3800,3900,3900,4000,4100,4300,4300,4300,4400,4500,4600,4600,4700,4800,4800,4900,5000,5100,5100,5200,5300,5400,5400,5500,5600,5600,5700,5800,5800,5900,5900,6000,6200,6200,6300,6300,6400,6500,6500,6600,6700,6800,6800,6900,6900,7100,7100,7200
882,100,300,300,400,400,500,600,700,700,800,800,1000,1000,1100,1200,1200,1300,1400,1500,1500,1600,1700,1800,1800,1800,1900,2000,2100,2200,2300,2300,2400,2400,2500,2500,2600,2700,2800,2900,2900,3000,3100,3200,1900,3300,3300,3500,3500,2200,3600,3700,3800,3900,3900,4000,4000,4000,4300,4200,4400,4400,4500,4500,4600,4600,4700,4800,4800,4900,5100,5200,5200,5300,5400,5400,5400,5500,5600,5700,5700,5800,5900,5900,6000,6100,6200,6300,6400,6400,6500,6500,6700,6700,6700,6800,6900,4100,7000,7100,7100
883,200,200,300,300,400,600,600,600,700,900,1000,900,1000,1100,1200,1200,1300,1400,1400,1500,1600,1600,1700,1800,1800,1900,2000,2100,2200,2200,2300,2300,2500,2500,2600,2600,2700,3300,3400,3400,3700,3600,3700,3900,2400,2400,3400,3500,2500,2600,2600,3800,2700,3900,2900,4100,4100,2500,2500,2600,2500,4500,2600,4700,2700,4800,2800,2900,4500,5100,3000,3100,3100,3100,5300,5500,3300,5700,5600,5800,5800,5900,6500,6500,6700,6700,6900,6900,6900,6900,7100,7300,6700,6700,6900,6800,6900,7000,7100,7200
884,200,200,500,400,400,600,600,700,700,900,900,1000,1100,1100,1200,1300,1300,1300,1500,1600,1600,1700,1700,1800,1900,1900,2000,2000,2200,1300,2300,2400,2500,2500,2600,2700,2700,2800,2900,3000,3100,1700,3100,3200,3300,3300,3400,3600,14800,3700,3700,3700,3800,3900,4000,4100,4100,4200,4200,4300,4400,4500,4500,4600,4700,4700,4800,4900,4900,5000,5100,5300,5200,5300,6300,5600,5600,5600,5600,5800,5900,5900,5400,6100,6100,6200,6200,7100,6500,6500,3900,9000,4600,9200,4400,9400,5900,4500,6700,5700
885,100,200,300,400,500,800,800,700,900,800,900,900,1000,1100,1200,1500,1900,1400,1400,1600,1600,1700,1700,2100,1900,1900,2100,2100,2200,2300,2300,2400,2400,2600,2600,2600,2700,2800,2900,2900,3000,3100,3200,3300,3300,3400,3400,2000,3600,3600,3600,3700,3900,3900,4000,4000,4200,4200,4300,4300,4300,4500,4600,4700,4700,4700,4900,4900,5000,3500,5100,5200,5200,5300,5300,5500,5500,5700,17400,5700,5800,5900,6000,6000,6100,6100,6200,6300,6400,6400,6500,6600,6700,6800,7200,7000,7000,7000,7100,7200
886,100,300,400,400,500,500,600,800,800,800,900,900,1000,1400,1200,1600,1300,1500,1400,1600,1500,1700,1700,1800,1900,1900,2100,2000,2100,2200,2200,2400,2400,2400,2500,2600,2700,2700,2900,4400,3000,3000,3100,3300,3200,3300,3400,3400,3500,3700,3700,3800,2300,3900,4000,4100,4100,4200,4200,4300,4400,4400,4500,4600,4700,4700,4800,4900,5000,5000,5200,5100,5300,5400,5400,8300,6100,6200,6200,6300,6400,6500,6600,6700,6600,6200,6200,6400,6400,6500,6600,6600,6700,6800,6800,6900,7000,7000,7200,7200
887,200,300,700,400,400,600,800,800,700,800,1000,1000,1000,1100,1200,1200,1300,1400,1400,1500,1600,1600,1700,12600,1800,1900,2000,2100,2200,2200,2300,2300,2400,2500,2600,2700,2700,2700,2800,2900,3000,3000,3200,3200,3300,3300,3400,3400,3500,3600,3700,3700,3800,3900,3900,4000,4100,4200,4300,4400,4400,4700,4500,4600,2700,4800,4900,4800,5000,5000,5200,5200,5200,5400,5500,5400,5500,5600,5600,5800,5800,5900,5900,6000,15700,6200,6300,6300,6300,6500,6600,6600,6700,6800,6800,6900,14400,7000,7100,7200
888,200,300,400,400,500,600,600,700,500,800,800,800,600,600,1300,1200,1300,1400,1400,1500,1600,1700,1800,1800,1900,1900,2000,2000,2200,2200,2300,2300,2400,2500,2600,2600,2700,2800,2900,2900,3000,3000,3200,3200,3300,3300,3400,3500,3500,3700,3700,3800,3800,3900,4000,4000,4200,4200,4200,4300,4300,4500,3500,2700,2800,5500,4800,2900,2900,5200,5100,5100,5200,5300,5400,5400,5500,5600,5600,5700,5800,5900,6000,6100,6100,6300,6300,6300,6400,6500,6600,6600,6700,6700,6900,6900,7000,6900,7000,7200
889,200,300,400,400,400,600,600,600,800,900,800,800,600,1100,1100,1400,1300,1400,1400,1500,1600,1700,1700,1800,1900,2000,2100,2000,2100,2300,2300,2400,2400,2500,2600,2700,2700,2800,2900,2900,2900,3100,3100,3100,3300,3300,3400,3500,3500,3600,3700,3800,3900,3900,3900,4000,4100,4100,4300,4300,4500,4400,5700,4700,4700,4700,4800,4900,5000,5000,5200,5300,5200,5400,5400,5500,5500,5600,5700,5800,5800,5900,6000,6000,6100,6300,6200,6300,6400,13600,6600,6600,6700,6700,6800,6900,7000,7000,7100,7100
890,200,300,300,400,500,500,600,700,800,1200,900,1300,1100,1100,1200,1200,1300,1400,1500,1500,1500,1600,1700,1800,1900,2000,2000,2100,2200,2300,2300,2400,2500,2500,2600,2600,2700,2800,2900,2900,3000,3000,3200,3200,3300,3300,3400,3500,3500,3600,3600,3700,3900,3900,4000,4100,4100,4200,4200,4300,4500,4400,4600,4600,4700,4800,4900,4900,15900,5000,5100,5200,5300,5300,5400,5400,5500,5600,5700,5800,5800,5900,6000,6100,6200,6200,6300,6300,6400,6400,6500,6600,8300,8400,8500,8000,8100,8800,7200,7100
891,200,300,400,400,500,600,600,700,700,800,900,900,1000,1100,1100,1200,1300,1300,1400,1500,1600,1600,1700,1700,1900,1900,2000,2100,2100,2200,2300,2300,2500,2500,2600,2600,2700,2700,2800,2900,3000,3100,3200,3300,3300,3400,3500,3500,2800,3600,3700,3800,3800,3800,3900,4100,4700,4800,4900,4900,5000,5000,5100,5200,5300,5300,5400,5000,5000,5000,5800,5700,5700,5800,5900,6100,6100,6200,6200,6300,6300,5000,7700,6500,6600,6700,6800,6900,6900,7200,7100,7100,7200,4900,6700,6900,4700,7000,7100,4700
892,100,200,100,200,400,300,400,400,800,500,500,500,1100,600,1100,1200,800,800,2200,900,900,1000,1700,1800,1100,1500,2000,2100,2200,2700,2900,3000,3100,3100,3100,3200,3300,3400,3500,3400,3600,3800,3700,2300,3200,3400,3500,3500,3600,3600,3700,3900,3900,4000,4000,4100,4100,4200,4300,4400,4500,4500,4600,4600,4700,4800,4800,4900,5000,3000,5200,5100,5400,5300,5400,5500,5600,5700,5700,5800,5900,6000,5900,3600,6100,6200,4900,6300,6400,6400,6500,6600,6700,6700,6800,6900,7000,7000,7100,7200
893,200,400,400,400,500,600,700,700,700,900,900,1000,1000,1100,1200,1200,1300,1300,1400,1500,2200,1600,1700,1800,1900,1900,2000,2100,2200,2200,2400,2400,2400,2600,3600,2700,2700,2700,2900,2900,3000,3000,3100,3200,3200,13700,3400,3500,3600,3600,3700,3700,3800,4000,3900,4000,4100,4500,4300,4400,4500,4600,4600,4600,4700,4700,4900,5000,4900,5100,5100,5300,5300,5400,5400,5500,5500,5700,5800,6300,5800,6000,6000,6100,6100,6200,6200,15700,6300,6400,6500,6600,6600,6700,6800,6900,7000,7100,7100,7100
894,200,400,400,400,500,600,600,800,800,800,1000,1000,1100,1200,1200,1300,1400,1400,1500,1500,1700,1600,1800,1800,1900,1900,2100,2100,2200,2200,2300,2400,1800,2600,2600,2700,2600,2800,2900,2900,3000,3100,3200,3200,3200,3300,3500,3500,3600,3600,3700,3800,3900,3900,4000,4000,4200,4200,4300,4300,4400,4500,4500,4600,4700,4800,4900,5000,4900,5100,5100,5300,5300,5300,5400,5800,5500,5600,5700,3400,3400,6100,3500,3600,6100,6100,6200,6300,6300,3700,3800,6600,6600,6700,6800,6900,6900,7000,7200,7100
895,200,200,300,400,400,500,600,700,800,800,900,900,1000,1100,1200,1200,1300,1400,1400,1500,1500,1700,1700,1800,1900,2000,2000,2100,1400,2300,2300,2400,2400,2500,2600,2700,2700,2800,3800,2900,3100,3100,3200,3300,3300,3400,3400,3500,3600,3700,3700,3800,3800,4000,4000,4100,4100,4300,4200,4400,4500,4500,4500,4700,4700,4700,4900,4900,5000,5200,5200,5200,5300,5300,5500,5500,5600,5700,5700,5800,3900,6500,6500,6600,6600,6700,6900,6800,6900,7000,7100,7100,7300,7300,7400,7500,7500,7500,7600,7800
896,300,300,500,500,600,600,700,800,1000,1200,1200,1400,1500,1600,2000,1800,1800,2000,2200,1900,2300,2100,2100,2300,2400,2400,2500,2600,2800,2800,2800,3000,3100,3200,3300,3300,3500,3600,3600,3700,3800,3800,4000,4000,4200,4200,4200,4300,4500,4500,4600,4700,3800,3900,4000,4100,4200,4200,4300,4300,4400,4500,4600,4700,4700,4800,4800,5000,5000,5100,5200,5300,5200,5400,5400,5500,5600,5700,5800,5800,5900,5900,6000,6100,6200,6200,6300,6300,6500,6500,6700,6600,6700,6700,6900,6800,7000,7000,7100,7200
897,200,400,400,400,400,600,600,700,700,800,800,900,1000,1100,1200,1200,1300,1300,1400,1500,1600,1700,1700,1900,1900,1900,2000,2100,2200,2200,2300,2400,2500,2600,2200,1700,1800,2400,2200,3000,3000,3100,3200,3200,3300,3400,3400,3400,4300,4600,4600,4700,4800,4900,5000,5100,5200,5300,5300,5500,5500,5600,5700,5700,5900,6000,6100,4900,6200,6400,7700,6600,5400,5300,5400,5500,7000,7000,7100,7200,7300,7400,7500,7600,7600,7700,7800,7900,8000,8100,8200,8300,8300,8400,8500,8600,9400,9400,8900,8900
898,300,400,600,500,500,600,600,700,900,1100,1100,1200,1300,1400,1500,1600,1700,1700,1900,1900,2000,2100,2200,2200,2400,2400,2500,2600,3200,2200,2300,2400,2500,2600,2600,2600,2700,2200,2900,2900,3000,3100,3100,3200,3300,3400,3400,3400,3600,3600,3700,3900,3900,3900,4200,4000,4200,4200,4300,4300,4400,4500,4600,4900,4700,4700,4900,5000,5100,5000,5200,5200,5200,5400,5400,5500,5600,5600,5700,5700,5800,4400,6000,6100,6100,6200,6300,6400,6400,6500,6600,6600,6700,20300,6900,6900,7000,7000,7100,7200
899,200,300,300,400,500,600,600,700,700,800,900,900,900,1200,1200,1200,1300,1400,1300,2100,1600,1600,1800,1900,1800,2000,2000,2000,2200,2200,2300,2300,2000,2500,2500,2700,2700,2700,2900,2900,3000,3100,3100,3200,3200,3300,3400,3400,3600,3600,3700,3700,3800,3900,4000,4000,4000,4200,4200,4400,4400,4500,4500,4600,4600,2800,4900,4900,5000,5100,5200,5200,5200,5400,5400,5500,5600,5600,5800,5800,5900,5900,5500,6100,6100,6100,6200,6300,6300,6500,6600,6600,6700,6800,6800,6900,7000,7000,7000,7200
900,200,200,300,400,400,600,600,700,800,800,1000,1000,1100,1100,1100,1200,1300,1300,1400,1500,1600,1600,1700,1800,1900,1900,2100,2100,2700,2200,4600,2400,2500,2500,2500,2700,2800,2900,2900,2900,2900,3100,3100,3200,3300,3500,3400,3500,3500,3600,3800,3700,3900,4000,3900,4100,4100,4300,4300,4300,4400,4400,4600,4700,4600,4700,4900,4900,5000,5000,5100,5100,5300,5300,5400,5500,5600,5700,5600,5700,5800,5900,6000,6100,6100,6100,6200,6300,6300,6600,6400,6600,6700,6800,6800,6900,6900,7000,7000,7200
901,100,300,300,400,500,500,600,700,700,800,900,1000,1000,1100,1200,1200,1300,1300,1400,1500,1600,1600,1700,1800,1800,2000,2000,2000,2200,2200,2300,2400,2500,2600,2500,2700,2800,2800,2900,2900,3000,3100,3200,3300,3300,3300,3400,3500,3600,3700,3800,3800,4100,3900,4100,4100,4100,4200,4300,4600,4500,4500,4600,4600,4700,4700,4800,4900,5000,5000,5200,5200,5600,5400,5500,5900,5600,5600,5800,6000,5800,5900,6000,6000,6100,6200,6300,6400,6300,6400,6500,6600,6600,6700,6800,6800,6900,7000,7100,7100
902,100,300,300,400,400,500,600,700,700,800,800,900,1000,1000,1200,1200,1300,1400,1400,1500,1600,1700,1700,1700,1100,1200,2000,2100,1200,3100,5700,2500,2500,2500,2600,2600,2700,2800,2900,3000,3000,3100,3200,3300,3200,3300,3800,3500,3600,3700,3700,3800,3900,4200,4100,4100,4200,14700,4300,4400,4400,4500,4600,4700,4700,4800,4800,5000,5000,5000,3300,5200,5200,6100,5400,5500,5500,5600,5700,5800,5900,5900,6000,6000,6100,6200,6300,6400,6400,6500,6500,6600,6700,6800,6800,6900,7000,7000,7100,10200
903,300,300,400,400,500,600,600,700,800,1100,900,1000,1000,1200,1200,1200,1500,800,1500,1600,1600,1700,1700,1800,1900,1900,2000,2100,2200,2300,2300,2300,2500,2600,2600,2600,2700,2800,2800,2900,3000,3100,3200,3200,3300,3300,3400,3400,3600,3600,3700,3700,3800,3900,4000,4000,4100,4200,4300,4300,4400,4500,4600,4500,2800,2800,4800,4900,5000,5100,5100,5200,5300,5300,5400,5400,5500,5600,5700,5700,13200,5900,6000,6000,6100,6100,6300,6400,6400,6500,6500,6600,6700,6800,6900,6900,7000,7000,7100,7200
904,200,300,300,400,500,500,700,700,800,800,900,1000,1000,1100,2100,700,1300,1300,1500,1500,1600,1700,1700,1800,1900,2000,2000,2100,2200,2200,2300,2400,2400,2500,2500,2600,2700,2700,2800,2900,3000,3100,3100,3200,3300,3300,3400,3400,11300,3700,3700,3800,3800,4000,4000,4000,4000,4200,4400,4300,4400,2700,4500,4700,4800,4800,4900,4900,5000,5100,5100,5200,5300,5300,5400,5500,5500,5700,5700,5700,5800,5900,6000,6000,6000,6100,6200,6300,6400,6400,6500,6600,6700,6700,6800,6900,6900,7000,7100,7200
905,100,200,400,400,400,500,700,600,700,900,900,1000,1100,600,1200,700,700,800,1400,900,1000,1000,1700,2700,1100,1100,1200,2100,2200,3000,1400,1400,2400,2500,2500,2600,2700,1700,1700,1700,3200,3100,4100,3200,3400,3300,3500,12800,3500,3700,3700,3800,3800,3800,4000,4100,2900,4100,4200,4300,4400,4500,4500,4600,4700,4700,4800,4900,4900,5000,5100,5100,5200,5300,5300,5500,5500,5600,5700,5700,5800,5900,6000,6100,6100,6200,6200,4600,6400,6500,6600,6600,6700,6800,6800,7000,7000,7000,7100,7200
906,200,300,500,400,400,600,400,400,400,400,1900,500,600,1100,1100,700,1300,800,900,1500,1000,1000,1100,1100,1100,1100,1200,1300,1300,1300,2400,2900,2400,1500,1500,2800,2700,2800,2800,3000,3000,3100,3200,3200,3300,3300,3400,3500,3800,3700,3700,3800,3900,5100,4000,4100,4200,4200,4300,4300,4400,4400,4600,4600,4600,4800,4800,4900,4900,5100,5200,6800,6600,6600,6700,6900,7000,7100,7100,7200,7300,7400,7500,7600,7700,7800,7900,7900,8000,8100,8100,7700,9500,8400,8500,8600,8700,8800,8800,9000
907,200,400,500,600,700,700,800,900,1000,1100,1000,1200,1400,1400,1500,1700,1500,1600,1800,1800,1900,2000,2000,2200,2800,1900,2000,2100,2200,2200,2400,2400,2500,2500,2600,2600,2800,2800,2800,3000,3000,3100,3200,3200,3300,3400,3400,3500,3600,3700,3700,3800,3900,3900,4000,4100,4100,4200,4300,4400,4500,4400,4500,4700,4700,4800,4800,4900,5000,5000,3100,5200,5200,5300,5400,5400,5500,5700,5700,5700,5700,5900,6000,5800,3600,6200,3600,3800,6400,3800,3800,3900,4000,4000,4000,4000,4100,4200,4100,4200
908,200,200,600,500,600,500,600,700,700,800,900,900,1100,1100,1200,1200,1300,1200,1500,1500,1600,1700,1800,1800,1900,1900,2000,2100,2200,2200,2300,2400,2400,2400,2600,2600,2800,2800,2900,2900,3000,3000,3200,3200,3300,3300,3400,3500,3500,3600,3700,3800,3900,3900,4000,4000,11500,4200,4200,4300,4400,4500,4600,4700,4700,4800,15000,2900,2900,5000,5100,5100,5300,5300,5300,5500,5500,5800,5700,5800,5800,5900,6000,6000,6100,6200,6200,6400,15600,6400,6500,6600,6600,6700,6800,6900,6900,7000,7100,7200
909,200,400,400,400,500,600,700,700,700,800,800,900,1000,1100,1200,1300,800,1400,1500,1600,1600,1700,1700,1900,1900,2000,2100,2100,2200,2300,2300,2400,2500,2500,2600,2700,2800,2800,2900,2900,3000,3100,3100,3200,3300,3400,3500,3500,3600,3600,3700,3800,3900,3900,4000,4100,4200,4100,4300,4400,4500,4500,4600,3300,4700,4800,3700,4900,5000,5100,5100,5200,5300,5300,5400,15800,5600,5600,6000,5700,5900,5900,6000,6100,6200,6200,6200,6400,6400,6500,6500,6600,6600,6800,6900,6900,7000,7000,7100,7100
910,200,300,400,500,500,600,600,700,800,800,800,900,1000,1100,1200,1200,1300,1400,1400,1600,1600,1700,1700,1800,1900,2000,2100,2100,2100,2200,2200,2300,2400,2400,2600,2600,2700,2800,3000,2900,3100,3000,3200,3300,3300,3300,3400,3500,3500,3600,3700,3800,3800,3900,3900,4900,4100,18900,5400,5400,5500,5600,5700,5800,5900,5900,6000,6100,6300,6300,6500,6500,6600,6700,6800,6800,6900,7000,7200,7200,7200,7400,7500,7500,7600,6300,3700,6300,6400,6500,6600,6600,6700,6700,6900,6900,7000,7000,7100,7200
911,100,300,300,400,500,500,600,800,800,900,800,1000,1000,1200,1200,1300,1400,1400,1500,1600,1600,1700,1800,1900,1900,1900,1900,2000,2200,4800,2400,2400,2400,2500,2500,3000,3400,3500,2900,2900,3000,3000,3100,3200,3300,3400,3400,3400,3600,3600,3700,3800,3800,4000,3900,4100,4200,4200,4300,4400,4400,4400,21600,4800,5200,5400,5400,5400,5400,5600,5700,5700,5800,5800,6000,6000,6100,6100,6300,6300,6400,6500,6500,6600,6700,6800,6300,6300,6400,6500,6500,6600,6600,6700,6800,6800,7000,7000,7100,7200
912,200,200,400,400,400,500,600,700,700,800,900,1000,1000,1100,1200,1200,11800,1400,1400,1500,1600,1700,1700,1800,1900,2000,2000,2100,2100,2200,2300,1700,2400,2500,2600,2600,2800,2800,2900,3000,3000,3100,3100,3200,3300,3400,3400,3500,3500,3600,3700,3800,3900,3900,4000,4100,4100,4200,4200,4300,4400,4500,4600,4600,4700,4700,4800,4900,5000,5000,5100,5200,5300,5300,5400,5500,5600,5500,5700,5800,5900,6000,6000,6100,6200,6300,6200,6400,6400,6500,6600,6600,6700,6800,6800,7000,7000,7100,7100,7100
913,100,200,300,400,500,500,700,700,1000,1000,1100,1200,1300,1400,1400,1400,1600,1600,1800,1700,2100,2300,2300,2300,2300,2600,2600,2600,2200,2300,1300,2300,2400,2500,2600,2600,2600,2800,2800,2900,3100,3100,3200,3200,3300,3300,3500,3500,3600,3600,3700,3800,3800,3900,4800,4100,4200,4300,4300,4400,4500,4500,4600,4700,4700,4700,4900,5000,5000,5000,5200,5300,5700,5300,6700,3200,5600,5600,5700,5800,5800,5900,6000,6000,6100,6200,6200,6300,6400,6400,6500,6600,6600,6700,6800,6800,6900,7000,7100,7200
914,200,300,400,400,600,600,700,700,700,800,900,900,1000,1100,1200,1200,1300,1400,1400,1500,1600,1700,2600,1800,1900,2000,2000,2000,2100,2200,2300,11600,2400,2500,2600,2700,2700,2800,2800,3000,3000,3100,3100,3300,3400,3400,3400,3500,3600,3600,3700,3800,3900,3900,4000,4100,4200,4200,4300,4400,4400,4400,4600,4600,4700,4800,4900,4900,5000,7600,5100,16000,5400,5300,5300,5500,5500,5600,5700,5800,5800,5900,6000,6000,6100,6200,6300,6300,6400,6500,6600,6600,6600,6700,16900,6900,7000,7300,7400,7200
915,200,300,400,800,500,600,600,700,800,900,900,1000,1300,1200,1200,700,1300,1400,1400,1500,1700,1700,1800,1800,1900,1900,2000,2100,2200,2300,2400,2400,2500,2500,2600,2700,2700,2900,2800,2900,3000,3100,3100,3200,3300,3400,3500,3500,3500,3600,3700,3800,3800,3900,4000,4100,4200,4200,4200,4400,4500,4500,4600,4100,2700,2900,4900,2900,5000,2900,3000,3000,3100,3100,3200,3300,5500,3200,3300,3300,3500,3500,3500,5200,3600,3700,6200,3700,3800,3800,6500,3800,3900,5300,4000,4000,4100,4100,4200,4200
916,100,100,200,300,300,600,700,700,800,800,900,1000,1000,1100,1200,700,1200,1300,1400,1500,1500,1700,1800,1800,1800,1900,2000,2000,2100,2200,2300,2300,2500,2500,2600,2600,2800,2800,2800,3000,3000,3100,3100,3200,3200,3400,3400,3400,3600,3700,3700,3700,3800,3900,4100,4000,4000,6600,4300,4300,4400,4500,4500,4600,4700,4700,4800,4900,4900,5000,5100,5200,5300,5300,5400,5500,5500,5700,5700,5800,5900,6000,6000,6100,6100,6100,6200,6300,6400,7000,6600,6600,6700,6800,6900,6900,7000,7000,7100,7100
917,200,300,300,600,500,600,600,700,800,800,900,1000,1000,1100,1200,1200,1300,1400,1500,1500,1600,1700,2000,1800,1900,1900,2200,2000,2200,2200,2600,2300,2700,2800,2600,2600,2700,2800,2900,3000,3000,3100,3100,3200,3300,3400,3400,3500,2300,2400,2200,2200,2300,2300,2300,4100,4200,2400,4200,2600,2600,2700,2700,2700,4700,4800,2900,2800,2900,2900,3000,3100,3100,3200,3200,5500,5500,3300,3400,3400,3400,5900,6000,3700,3600,3700,3700,3700,4500,6500,5000,6700,4000,6800,6800,6800,6900,7000,7000,7100
918,300,200,400,400,500,500,600,700,800,800,900,900,1100,1100,1200,1300,1300,1500,1500,1500,1600,1600,1700,1800,1900,2000,2000,2100,2100,2300,2300,2400,2600,2500,2600,2700,2900,2800,2900,2900,1700,1800,3900,1800,3200,2000,2100,3500,2100,2100,2200,2200,2200,2300,2400,4100,2500,2800,2500,19800,4500,4500,4600,4600,4700,4800,4800,4800,5000,5000,5100,5300,5300,5300,5400,5600,5600,5700,5700,5800,5900,6000,6000,6100,6100,3600,6300,6400,17700,6500,6500,6600,6700,6700,6800,6900,7000,7000,7100,7100
919,200,300,300,400,500,600,600,600,700,800,900,1000,1000,1100,1100,1200,1300,1300,1500,1500,1600,1700,1700,1800,1900,2000,2000,2100,2200,2200,2300,2400,2500,2600,2600,2600,3700,2800,1700,3000,3000,3000,3100,3300,3400,3300,3400,3500,3600,3600,3700,3800,3800,3900,4000,4100,4300,4200,4300,4300,4400,4500,4500,4700,4700,4700,4900,4900,5000,5100,5100,5200,5300,5400,5400,5500,5500,5700,5600,5700,5900,5900,5900,5000,17500,6200,6200,6400,6400,6400,6600,6600,6700,6700,6800,6800,7000,7000,7100,7100
920,200,300,400,500,500,500,600,700,800,900,900,1000,1100,1100,1200,1300,1300,1400,1400,1500,1600,1700,1800,1900,1900,1900,2000,2100,2200,2200,2300,2400,2400,2500,1900,2700,12500,2800,2900,2900,3000,3000,3100,3200,3300,3400,3400,3500,3600,3600,3700,3800,3800,12300,4000,4000,4100,4100,4300,4400,4400,4600,3300,4600,4700,4700,4800,4900,5000,5000,5100,5200,5300,5300,5400,5500,5500,5500,5700,5800,5800,5900,5900,4300,3600,3600,6300,3700,6400,6500,3900,3900,3900,4000,4100,4100,4100,4200,4200,4200
921,200,200,300,300,300,400,600,700,800,800,900,1000,1000,1100,1100,1200,1300,1300,1400,1500,1600,1600,1700,1700,1800,2000,2000,2100,2100,2200,2300,2400,2500,1800,2600,2600,2800,2700,4200,2900,3000,3000,3200,3200,3300,3300,3400,3500,3600,3600,3700,3800,4900,3900,4100,4100,4200,4300,4300,4400,4500,4500,4600,4600,4700,4800,4800,4900,5000,5000,5100,5200,5300,5400,5400,5500,6600,5700,5700,5700,5800,5900,5900,6100,6100,6200,6300,6400,6400,6400,6600,6600,6700,6800,7300,7500,7600,7600,7600,7700
922,200,400,600,500,700,800,800,900,900,1100,1100,1200,1300,1400,1400,1500,1600,2100,2100,2700,2700,2900,2800,3000,3000,3100,3300,3400,3400,3400,3400,3500,3800,1500,2600,2700,2700,2800,2900,2900,3000,3000,3200,3200,17000,3400,3400,3500,3600,3600,3700,3700,3800,3900,4000,4100,4100,4200,4300,4300,4400,4500,5500,4600,4600,2800,4800,5000,5000,5000,5100,5200,5200,5300,21700,5500,5600,5600,5700,5700,5800,6000,6000,6100,6100,6200,6300,6400,6400,6400,6500,6700,6700,6700,6900,6900,7000,7000,7100,7200
923,200,200,400,400,400,500,600,700,700,800,800,1000,1100,1100,1100,1300,1400,1700,1500,1500,1600,1700,1700,1800,1900,1900,2000,2100,2100,2200,2300,2400,2400,2500,2500,2600,2800,2800,2900,2900,3000,3000,3100,3200,3300,3400,3400,3500,3600,3600,3600,3800,3800,3900,4000,4100,4100,4200,4200,4300,4400,2600,4600,4600,4700,4900,4800,5000,5000,5100,5200,5200,5300,5400,5500,5500,5600,5600,5700,5800,5800,6000,6100,6000,6200,6200,6200,6400,6400,6500,6500,6600,6700,6800,6800,6900,7000,7100,7200,7200
924,200,400,400,500,600,500,600,600,1100,800,900,1100,1500,1100,1200,1300,1300,1400,1500,1500,1600,1700,1800,1800,1900,2000,2000,2100,2200,2200,2400,2400,2500,2600,2700,2700,2800,2800,2900,2900,3000,3100,3100,3300,3300,3400,3400,3500,3600,3600,3700,3800,3800,4000,4000,2600,4100,4200,3200,4300,4400,4500,4500,4600,4700,4700,4800,4900,5000,5000,5200,5200,5200,5300,5400,5500,5500,5600,5700,5700,5900,5900,5900,6000,6100,6100,6300,6300,6400,6500,6500,6600,6700,6700,6800,6800,7000,7000,7100,7100
925,200,300,400,600,500,600,600,700,800,1000,900,900,1000,1100,1100,1200,1200,1500,1500,1400,1600,1700,1700,1800,1800,1900,2100,2100,2100,2200,2200,2400,2400,2400,2500,2600,2700,2800,2900,2900,3000,3000,3100,3300,3200,3400,3400,3400,3500,3600,3500,3800,3900,4000,4000,4000,4200,4200,4200,4400,4400,4400,4600,4600,4700,4700,4800,5000,4900,5100,5200,5200,5300,5500,5400,5500,5600,5700,5700,5700,5800,6000,5900,6000,6100,6200,6200,6300,6400,6500,6500,6600,6700,6800,6800,6900,7000,7100,7100,7100
926,200,700,300,400,500,500,600,700,700,800,900,900,1000,1100,1200,1200,1300,1400,1400,1500,1600,1700,1700,1800,1900,1900,2000,2100,2200,2300,2300,2400,3400,2800,14200,2600,2800,2800,2900,2900,3100,3100,3100,3200,3300,3400,3400,3400,3600,2100,3700,3700,5200,3900,2400,4800,2400,2500,2500,2500,4400,4500,2700,2800,4700,2800,2900,2900,2900,3000,3100,3100,5300,6000,3200,3300,3300,3300,3400,5800,5800,5100,3600,3600,3500,3700,7800,6400,6400,6500,6500,6600,6600,6700,6800,6800,6900,7000,8500,7200
927,200,100,400,400,400,500,600,600,700,800,900,1000,1600,1400,1600,1500,1600,1700,2000,2000,2200,2300,2400,2300,2500,2700,2600,2600,2800,2700,13600,3000,2900,2700,4800,6100,2700,2800,1700,1900,3100,3100,3100,3300,3300,3400,3400,3500,3700,3600,3700,3800,2300,3900,4000,4100,4100,4100,4200,4300,4400,4400,4500,4600,4700,4700,4900,4900,5000,5100,5100,5100,5200,5300,5400,5500,5600,5600,5600,5800,5800,5900,6000,6000,6100,6200,6200,6300,6500,6400,6500,16100,6700,6700,6800,6900,7000,7100,7100,7200
928,200,300,400,400,500,600,600,700,700,800,900,900,1000,1000,1200,1200,1300,1400,1500,1500,1600,1600,1700,1800,1900,2000,2000,5400,2100,2200,2400,2500,2500,2500,2600,2700,2800,2800,2900,3000,2900,3100,3200,3200,3300,3300,3400,3500,3600,3700,3700,3800,3900,3900,4000,4100,4200,4200,4300,4400,4400,4400,4500,4600,4700,4800,4800,4800,3500,5100,5100,5200,5200,5300,5400,5500,5500,5500,5600,5700,5800,5900,6700,6600,6700,6800,7000,6900,6900,6900,7000,7100,7200,7300,7000,7500,4600,4700,4700,4800
929,100,100,400,200,300,300,400,400,500,500,900,600,600,600,700,1300,1400,1400,1400,1500,1600,1700,1700,1800,1900,1900,2000,2000,2200,2200,2200,2400,2400,2500,2600,2600,2700,2700,2800,2900,3000,3100,3100,3200,3300,3300,4200,3500,3500,3700,3700,3700,3800,3900,3900,4100,4100,4100,4200,4300,4400,4400,4500,4600,4700,4700,4800,4900,5000,5000,5100,5100,5200,5300,5400,5400,5500,5700,5700,5700,5900,5900,5900,6100,6100,6100,6300,6300,6300,6400,6600,6500,6600,8700,6700,6800,5100,7000,7100,7100
930,100,200,300,400,400,500,600,700,700,900,900,1000,1100,1100,1200,1200,1300,1400,1500,1600,1600,1700,1700,1800,1900,1900,2100,2100,2200,2200,2300,2400,2500,2500,2600,2700,2700,3100,2900,3000,3100,3100,3200,3200,3300,3400,3400,3500,3500,3600,3700,3700,3800,2300,3900,4000,4100,4100,4200,4300,4400,4600,4500,4600,4700,4800,4800,5000,5000,5100,5200,5300,5200,5300,5300,5500,5600,5700,5600,5800,5800,6000,6000,6000,6100,6200,6200,6300,6400,6400,6500,6600,6700,6700,6800,6900,6900,7100,7100,9500
931,200,400,400,500,400,500,600,700,700,900,1000,900,1000,1100,1200,1200,1300,1400,1500,1600,1600,1700,1900,1800,1800,1900,2000,2100,2200,2300,2300,2400,2500,2600,2600,2600,2700,2800,2800,3000,3000,3000,3200,3200,3600,3300,3400,3800,3600,3600,3700,3800,3800,4000,4000,4100,4200,4200,4200,4400,4400,4500,4600,4600,4700,4700,4900,4900,5300,5000,5200,15300,5300,5400,5400,5500,5500,5700,5800,5800,5800,5900,5900,6100,6100,6200,6300,6300,6400,6500,6600,6600,6700,6800,6800,6900,7000,7000,7200,7200
932,200,300,300,400,500,500,600,700,800,800,900,1000,1000,1100,1100,1300,1300,1400,1500,1500,1600,1600,1300,1900,1900,2400,2300,2700,2800,2700,2500,2500,2800,2800,2900,3100,3000,3400,3900,3900,4000,4200,4200,4400,4500,4600,4700,3500,3600,3700,3700,3800,3800,4000,4000,4100,4100,5000,4200,4300,4500,4400,4500,4600,4700,4700,5100,5200,5300,5100,5100,14400,5300,5900,5400,5600,5600,5700,5700,5800,5900,5900,5900,6000,6200,6200,6200,6300,6400,6500,6500,6700,6700,6800,6900,6900,7000,7100,7100,7200
933,200,300,500,400,600,600,600,600,700,800,800,1000,1000,1100,1200,1200,14800,1400,1500,1500,1600,1600,1800,1800,1900,2000,2100,2100,2200,2200,2300,2400,2400,2500,2600,2700,2700,2800,2900,2900,3000,3100,3100,3200,3300,3300,3400,3500,3500,3600,14300,3700,3800,3900,4100,4100,4500,4100,4300,15300,4500,4400,4500,4600,4700,4700,4900,5000,5000,5100,5100,5200,5400,5300,5400,5500,5600,5600,5700,5800,5800,5900,6000,15000,6100,6200,6200,6300,6400,6500,6500,6700,6700,6700,6800,6900,5900,7000,7100,7100
934,100,600,300,300,500,500,600,700,800,800,900,1000,1000,1100,1200,1600,1700,1700,1900,2000,2000,2000,2200,2200,2400,2300,2500,2600,2800,2800,2900,3000,3100,3200,3300,3400,2700,2800,2900,2900,3000,3100,3100,3200,3300,3800,3500,3500,3600,3700,3800,3700,3800,3900,4100,4100,4100,4300,5300,4300,4400,5100,5700,5800,5900,5900,6000,6200,6300,6300,6400,6500,5800,6700,5500,5500,5600,5600,5700,5700,5900,5900,6000,6100,6100,6200,6400,6400,6400,4800,3700,3800,3900,3900,3900,3900,8200,7000,4200,7200
935,100,300,200,300,300,300,600,400,500,500,600,900,1100,1200,1100,1200,1400,1400,1500,1500,1700,1700,1800,1800,1900,2000,2100,2100,2200,2300,2300,2400,2400,2600,2600,2700,2800,3300,1600,3800,1700,1800,1900,3200,3300,1900,2000,2000,2100,2100,2200,2200,3800,2300,2300,2400,4200,4200,4200,4700,4400,5200,4500,4700,4700,5900,4800,5000,5000,5100,5100,5100,5200,5300,5300,5500,5500,5600,5600,5700,5800,5800,5900,5200,3600,3700,3600,3600,3600,3700,8000,3800,4000,18300,4000,4100,4100,4100,4200,4200
936,100,200,300,200,300,300,300,400,400,500,500,500,900,1100,1200,1300,1400,1400,1500,1600,1600,1700,1800,1800,1900,2000,2100,2100,2200,2300,2300,2300,2400,2500,2600,2700,2800,2900,2900,2900,3100,3100,3200,3300,3300,3400,3400,3500,3600,3600,3800,3700,3900,4000,4000,4100,4000,4200,4300,4400,4400,4500,4600,4600,4700,4800,4900,4900,5100,5000,5000,5200,5200,5300,5400,5400,5500,5600,5700,5700,5800,5800,5900,13700,6000,6100,6300,6300,6300,6500,6500,6600,6700,6700,6800,14200,6900,7000,7200,7300
937,300,400,400,500,700,600,600,700,700,800,900,1000,1000,1100,1000,1300,1300,1400,1500,1600,1600,1700,1700,1900,1900,2000,2000,2000,2100,2300,2300,2400,2500,2500,2600,3500,3200,3400,14400,3400,3500,3700,3700,3700,3800,3900,3900,4100,4100,4200,4200,4300,4400,4400,4600,4600,4600,4800,4900,4800,4300,4400,4500,4600,4600,4800,4800,4900,5000,5000,5100,5200,5200,5300,5400,5400,5600,5600,5700,5700,5800,5900,5900,6100,6100,6100,6200,6300,6300,6400,6500,6600,6700,6800,6800,6900,6900,6900,7100,7100
938,100,200,300,600,500,600,500,700,700,900,900,1000,1100,1100,1100,1200,1300,1400,1500,1500,1600,1700,1700,1900,1900,2000,2000,2200,2200,2300,2400,2400,2400,2600,2600,2800,2800,2800,2800,3000,3100,3100,3200,3200,3300,3400,3400,3500,3600,3600,3700,3800,3800,4000,3900,4100,4200,4200,4300,4300,4500,4500,4600,4600,4600,4800,4800,5000,5000,5000,5100,5200,5300,5300,5300,5400,5500,5700,5700,5800,5900,5900,6000,6000,6100,6200,6300,6300,6400,6500,6600,6700,20800,6700,6900,6900,20500,7000,7100,7200
939,200,300,400,400,500,600,600,700,700,800,900,900,1000,1100,1200,1200,1300,1400,1500,1600,1600,1700,2000,1900,1900,2200,2000,2200,2200,2200,2300,2400,3000,3000,3300,4200,3300,3300,3600,3000,3000,3000,3100,3200,3300,3400,3400,3500,3600,3600,3700,3800,3900,3900,4000,4100,4100,4200,4300,4300,4500,4500,4600,4600,4700,4700,4800,4900,5000,5000,5100,5300,5300,5400,5400,6200,5500,5600,5800,5800,5800,5900,6000,7700,6200,6100,6300,3700,3700,3800,3900,3900,3900,3900,4000,6800,4100,4100,4200,23800
940,300,300,400,500,500,500,600,600,800,800,900,1000,1100,1100,1100,1600,1300,1300,1500,1500,1600,1700,1700,1800,1900,2000,2000,2100,2100,1700,2300,2300,2800,2500,2600,2600,2800,2800,2900,2900,3000,3100,3200,3200,3200,3400,3400,3500,3600,3600,3700,3700,3800,3900,4000,4000,4100,4100,4300,4300,4400,4500,4600,4700,4700,4800,4900,4900,5000,5100,5100,5200,5300,5300,5400,5500,5500,5700,5700,5800,5800,5900,6000,6000,6100,6200,6200,6300,6400,6500,6500,6700,6700,6700,6800,6900,7000,7000,7000,7200
941,200,200,400,400,500,500,700,700,800,900,900,900,1000,1100,1100,1300,1300,1300,1500,1500,1500,1700,1700,1500,2000,2000,1200,2800,2100,1300,2300,1400,1400,2500,8800,2600,1600,1600,1700,1700,3000,1900,4200,1900,2000,2000,3400,3700,2200,2200,2100,2200,2300,4000,4000,4100,4100,4200,4300,4400,4400,4500,4600,4600,4800,4700,4800,4900,5000,5000,5100,5200,5300,3200,5400,3200,3300,3300,3400,3400,3700,5300,3500,6000,5400,3700,3700,3700,3700,3800,3900,3900,3900,3900,4000,6900,4100,4100,4100,5800
942,100,100,300,200,300,300,400,400,400,400,500,500,600,600,1200,700,1300,800,1500,1600,1700,1000,1800,1800,1900,2000,2000,2100,2200,2200,2300,2400,2500,2500,2600,2700,2700,2900,2900,3000,3000,3100,3100,3200,3300,3400,3500,3500,3600,3700,3800,3800,3900,4000,4000,4000,4100,4200,4300,4300,4400,4400,4600,4700,4700,4700,4900,6100,5000,5100,3000,5100,5200,5300,5400,5600,5500,5600,5700,5800,5800,5800,6000,6000,6200,6100,6300,6300,6400,6500,6500,6500,6700,6700,6800,6900,7000,7000,7100,7200
943,100,400,300,400,500,500,600,700,700,800,1000,900,1000,1100,1100,1200,1300,1400,1400,1600,1600,1800,1700,1800,2000,2000,2000,2100,2200,2200,2200,2400,2500,2500,2600,2700,2700,2700,2800,2900,3000,3100,3200,3200,3300,3400,3400,3500,3600,3600,3700,3800,3900,3900,4000,4100,4200,4200,4200,4300,4400,4400,4600,4700,4800,4700,4900,4900,4900,3000,5000,3000,4500,3100,3200,3300,3200,5700,5700,5800,5800,5900,5900,6000,6100,6100,6200,6300,6400,6400,6500,6500,6600,6700,6800,6800,7000,7000,7100,7100
944,100,300,300,400,500,600,600,600,700,800,900,1000,1300,1200,1200,1200,1300,1300,1400,1500,1600,1700,1700,1800,1900,2000,2000,2100,2200,2200,2300,2400,2400,2500,2600,2700,2700,2800,2900,2900,3000,3100,3200,3200,3300,3300,3400,3500,3600,3600,3700,3800,3800,4000,4000,4100,4000,4200,4200,4300,4300,4500,4500,4600,4700,4700,3600,4900,5100,5000,5100,5300,5200,5300,5400,5500,5500,6000,4900,5800,3300,3400,3500,3500,3600,3600,6300,6400,6400,6500,6600,6600,6600,6700,6900,6900,7000,6000,4100,4100
945,100,300,200,400,300,600,500,700,600,900,800,900,1100,1100,1200,1300,1300,1400,1500,1500,1600,1800,1800,1800,1900,1900,2000,2100,2200,2200,2300,2300,2500,2600,2600,2700,2700,2800,2900,2900,3100,3100,3200,3200,3400,3400,3400,3500,3600,3700,3700,3800,3800,4000,4000,2400,4100,4200,3000,4800,5000,5100,5100,5200,5300,6100,4900,4900,16500,5000,5500,5200,5300,5400,5700,5500,5600,5700,5700,5800,6100,5900,6000,6100,6100,6400,6300,6600,6600,6500,6600,6600,6700,6700,7100,7200,7000,7000,7100,7300
946,200,400,300,400,600,500,700,700,800,800,900,1000,1100,1100,1300,1300,1300,1400,1500,1600,1600,1600,1800,1800,1900,2000,2000,2100,2200,2300,2300,2300,2500,2600,2600,2600,2800,2900,2900,2900,3100,3100,3200,3300,3300,1900,3400,3400,2600,3600,2200,3700,2300,2400,4000,2500,2500,2600,4300,7800,4400,4500,4600,4700,4700,4800,4900,4900,5000,5100,5100,5200,5300,5400,5400,5600,5600,5600,5700,5800,5800,6100,6000,6100,6100,6200,6300,6300,6400,6500,6500,6600,6600,6700,6800,5000,6900,7000,7100,7200
947,200,300,300,400,400,600,600,700,700,800,800,1000,1000,1100,1200,1300,1300,1400,1500,1500,1600,1600,1700,1800,1900,2000,2100,2100,2200,2200,2300,2400,2400,2500,2600,1600,2700,2800,2900,2900,3000,3400,3200,2000,3400,3300,4300,3500,3500,3700,3700,3700,3800,3900,3900,4100,4100,4200,4300,4300,4400,4400,4600,4600,4700,4700,4800,5000,5000,5200,5200,5200,5200,5400,5500,5500,5500,5600,5600,5800,5900,6200,6000,6100,6100,6200,6200,6300,6500,6500,6500,6600,6600,6800,6800,6900,7000,7000,7100,7100
948,100,300,300,400,400,500,600,600,700,800,800,900,1000,1100,1100,1200,1300,1400,1500,1500,1500,1600,1700,1700,1900,1900,2000,2100,2200,2200,2300,2300,2400,2500,2600,2600,2700,2800,2900,2900,2900,3100,3200,3200,3300,2500,2000,4100,4400,2100,2200,2200,2300,2300,2400,2400,4100,2500,2600,2500,2600,2600,2700,2700,2700,2800,2900,6000,5000,5000,5100,5200,5200,3900,5400,5400,5500,5700,5700,5700,5800,6300,6000,6300,6100,6100,6200,6400,6400,6500,6800,6600,6900,6700,6700,6800,6900,7000,7100,7100
949,100,300,300,400,500,500,600,600,700,900,900,1000,1000,1100,1200,1200,1300,1300,1500,1500,1600,1700,1700,1700,1800,2000,2000,2100,2200,2200,2300,2300,2400,2500,2700,2600,2700,2800,2900,2900,3000,3100,3200,2000,3300,3300,3400,3500,3500,3600,3600,3800,3800,3900,3900,4000,4200,4200,4300,4300,4400,4500,4600,4600,4700,4800,4900,4900,5000,5100,5200,5200,5200,5400,5300,5500,5500,5600,5700,5800,5900,5900,6000,6000,6100,6100,6200,6300,6400,6400,6500,7100,6700,6800,6900,6800,7000,7000,7100,7100
950,200,300,400,400,500,600,600,700,800,900,1000,900,1100,1000,1200,1300,1300,1400,1400,1500,1600,1700,1700,1800,2000,1900,2000,2100,2100,2300,2300,2400,2400,2500,2500,2600,2700,2800,2900,3700,3000,3000,3100,3200,3300,3300,3400,3500,3500,3600,3700,3800,3800,3900,3900,4000,4200,4200,4200,4300,4400,4400,4500,4700,4700,4800,4900,4900,4900,5000,5100,5200,5200,5300,5400,5500,5600,5600,5800,5800,5900,5800,6000,6000,6400,6100,6200,6400,6400,6500,6500,6600,6700,6700,6800,6900,6900,7000,7100,7100
951,100,400,500,600,500,700,900,1000,1000,1100,1100,1200,1300,1400,1500,1500,1600,1600,2000,2100,2100,2300,2300,2400,2300,2400,2500,2600,2700,2800,2800,2500,2400,2500,2600,2600,2700,2800,2900,3000,3100,3100,3200,3300,3300,3500,3500,3500,3600,3600,3800,3700,3800,4000,4000,4100,4200,4200,4300,4400,4500,4600,4600,4700,4700,4800,4800,5000,5000,5000,5200,5200,5500,5300,5400,5500,5600,5600,5700,5700,6400,5900,6000,6000,6200,6200,6200,6400,6400,6500,6600,6600,6700,6800,6800,6900,7000,7100,7100,7200
952,200,300,300,400,400,500,700,600,700,900,900,1000,1000,1100,1200,1300,1300,1300,1500,1500,1600,1700,1700,1800,1900,1900,2000,2000,1300,2200,2400,2300,2500,2500,2600,2700,2700,2800,2900,2900,3000,3100,3200,3200,3300,3400,3400,3500,3600,3700,3700,3800,3800,3900,4000,4000,4100,4200,4200,4400,4400,4500,4500,4700,4700,4700,4900,4900,5000,5000,5100,5200,5300,5300,5400,5400,5600,3900,5700,5800,5900,5900,6000,6100,6200,6200,6200,6400,16100,6800,6600,6600,6700,6700,6800,6800,7000,7100,7100,7200
953,200,300,500,800,500,500,700,700,700,800,900,1000,1300,1100,1100,1300,1300,1400,1400,1600,1600,1700,1800,1200,1900,1900,2000,2200,2300,2200,2200,2300,2400,2500,2600,2600,2700,2700,2800,3000,2900,3000,3100,3200,3300,3400,3500,3500,3600,3600,3700,3700,3900,3900,4000,4000,4100,4200,4300,4300,4300,4600,4500,4600,4700,4800,4800,5000,4900,5100,5100,5200,3100,5300,3300,5500,5600,5600,5700,5700,5800,5900,6000,6100,6100,6200,6200,6300,6400,6500,6600,6600,6700,6700,6900,6800,6900,7100,7100,7100
954,200,300,400,300,400,500,600,700,700,800,800,900,1000,2100,1200,1300,1400,1400,1800,1500,1600,1900,1700,1000,1900,1100,1200,2100,1200,1300,1300,2400,1400,1400,1500,1600,1600,1600,1700,3200,1800,1800,1800,1900,3300,2000,2000,3600,2100,2100,2100,3700,2300,13100,4100,4100,4100,4200,4300,4300,4400,4500,4600,4600,4700,4800,4800,4900,5000,5100,5200,5200,3100,3100,5400,3300,3300,3300,3400,5700,3400,3500,12100,3600,3600,3600,3700,3700,3700,3800,3800,3900,6700,6700,4000,4000,4100,7100,4200,4200
955,200,200,200,300,300,300,600,400,500,500,500,1700,600,1100,700,800,800,800,900,1500,1500,1600,1100,1800,1900,1900,2000,2000,2100,2300,2300,2400,2500,2500,2600,2700,2700,2900,2900,3000,3000,3100,3200,3200,3400,3300,3400,3600,3600,3600,3700,3800,3900,4000,3900,4100,4200,4200,4300,4300,4400,4400,4600,4600,4700,4800,4900,5200,5000,5000,5100,5200,5300,5300,5400,5400,5500,5600,5700,5700,5900,5900,6000,6100,6100,6200,6200,6400,6400,6500,6500,6600,6600,10000,5000,6900,7000,7100,7100,7100
956,200,300,400,400,500,500,600,700,1000,800,900,900,1200,700,1200,1300,1300,1400,1400,1500,1600,1700,1800,1800,1900,2000,2000,2100,2200,2300,2300,2400,2500,10800,2600,2600,2800,2800,2900,3100,3000,3100,7100,3200,3300,3400,3400,3400,3600,3600,3700,3700,3800,3900,3900,4100,4100,4200,3300,4300,4400,4400,2800,4700,4700,4700,4800,4900,4900,5000,5100,5100,5200,5300,5400,5500,5500,5600,5600,5800,5800,5900,6000,6000,6100,6200,6300,6300,6300,6500,6500,6600,6700,6700,6800,6800,6900,7000,7100,7200
957,100,300,300,300,400,500,600,600,700,800,900,1000,1100,1100,1100,1200,1300,1300,1400,1500,1600,1700,1700,1800,1900,2000,2000,2100,2200,2200,2300,2400,2500,2500,2600,2700,2700,2800,2800,2900,2900,3000,3100,3200,3300,3300,3400,3500,3600,3600,3700,3800,3800,3900,4000,4100,4100,4200,4200,4300,4500,4600,4600,4600,4700,4700,4800,4800,4900,5000,5100,5200,5200,5300,5300,5500,5500,5700,5700,5700,5800,5900,5900,6000,15400,6200,6200,6200,6400,6400,6500,6600,6600,6700,6800,6800,21700,7200,7100,7100
958,100,300,400,500,400,500,500,600,800,800,900,1000,1000,1100,1200,1300,1300,1300,1400,1500,1600,1600,1700,1800,1900,1900,2000,2100,2200,2200,2300,2400,2400,2500,2600,2700,2700,2800,2900,2900,3000,3100,3200,3200,3300,3400,3400,3500,3500,3600,3700,3700,3800,3900,4000,3300,4200,4200,4300,4300,4400,4500,4600,4700,4800,4700,4800,4900,5000,5100,5200,5200,5200,5300,5400,5500,5600,5600,5700,5800,5900,5800,6000,6000,6100,6200,6200,6300,6400,6400,6500,6600,6700,6700,6800,6900,6900,7000,7100,7200
959,200,300,400,400,400,700,700,700,700,800,900,900,1000,1200,1400,1200,1300,1400,1500,1600,1900,1800,1800,1800,1800,2300,2000,2100,2700,2800,2900,2900,3100,3200,3300,3300,3500,3500,3600,3700,3700,3800,4000,4100,4200,4200,4300,4400,4500,4500,4700,4800,4800,4900,4700,4800,4900,5200,5300,5400,5500,5600,5700,5800,5900,5900,6100,5800,5900,5900,6400,6500,6500,6700,6700,6500,20800,5600,5700,5800,5900,6000,6000,6000,6200,6100,6300,6300,6400,6500,6600,6700,6600,6800,6800,6900,7000,7000,7100,7100
960,200,300,400,500,400,600,600,700,700,900,900,900,1000,1200,1200,700,1300,1300,1500,1500,1600,1700,1700,1800,1900,2000,2000,2100,2100,2200,2300,2400,2500,2500,2600,2700,2800,2900,2800,2900,2900,3100,3100,3200,3300,3400,3400,3500,3500,3600,3600,3800,3800,3900,4000,4000,4200,4200,4300,4300,4400,4400,4600,4600,4700,6200,4900,4900,5000,5000,5200,5200,5200,5300,5400,5400,5600,5600,16700,5800,5800,6000,6000,6000,6100,6200,6300,6300,6400,6500,6600,6600,6700,6800,6900,6900,7000,7000,7200,7200
961,300,300,300,500,400,500,600,700,800,800,900,1000,1400,1100,1200,1300,1300,1300,1400,1500,1600,1600,1700,1800,1900,1900,2100,2000,2200,2200,2300,2400,2400,2500,2500,2700,2700,2800,2900,2900,3000,3100,3100,3200,3300,3300,3400,3500,3600,3600,3700,3800,13900,3900,3900,4100,4200,4200,4300,4300,4400,4500,2600,2600,4600,2800,2800,2900,2900,4900,3000,5200,3000,3100,3200,3200,3200,5600,5700,5800,5800,5900,6000,6100,6500,6200,6200,6300,6300,6500,6500,6600,6700,8800,6800,7000,7000,7000,7200,7200
962,200,300,400,500,500,600,500,700,700,800,900,1000,1100,1100,1200,1200,1200,1500,1400,1500,1600,1700,1700,1900,2000,1900,2000,2100,2200,2200,2300,2400,2500,2500,2600,2700,2800,2800,2900,3000,3100,3100,18100,3300,3300,3300,3400,3500,3500,3700,3700,3800,3800,3900,4000,4100,4200,4200,4300,15400,4400,4400,4600,4600,4600,4700,4800,4900,4900,5000,5200,5100,5300,5400,5500,5500,5500,5600,5600,5800,5800,5800,5900,6100,6200,6200,6300,6300,6400,6500,6500,6600,6700,6800,6800,6900,7000,7100,7100,7200
963,200,500,300,500,500,600,600,700,800,800,900,900,1100,1100,1200,1200,1300,1400,1500,1600,1900,1700,2000,1800,1900,1900,2000,2200,2200,2200,2300,2400,2500,2600,2600,2600,2700,2800,2900,2900,3100,3100,3200,1900,3300,3400,3400,3500,3600,3600,3700,3800,3900,3900,3900,4100,4100,4200,4200,4300,4400,4500,4500,4700,4700,4800,4800,4900,5000,5000,5100,5200,5300,5300,5300,5400,5500,5600,5700,5700,5800,5900,5900,6100,6100,6200,6300,6300,6400,6500,13600,6600,6700,6800,6700,6800,4200,7000,7000,7200
964,200,300,300,400,500,600,500,700,700,800,1000,1000,900,1000,1100,1200,1300,1400,1400,1500,1600,1700,1700,1800,1900,1900,2000,2100,2200,2200,2300,1700,2400,2600,2600,2700,2800,3200,2900,2900,3000,3100,3100,3300,3300,3300,3400,3500,2400,3700,3600,3800,3800,3900,3900,4100,4100,4100,4300,4300,4400,4500,4500,4600,4700,4700,4800,4900,4900,5100,5100,5200,5200,5300,5400,5400,5600,5600,5700,5700,5800,5900,5900,6000,6100,6100,6300,6300,6400,6400,6500,6600,6700,6700,9600,6900,7000,7000,7100,7100
965,300,400,500,500,500,600,600,700,800,800,900,1100,1000,1100,1500,1300,1300,1400,1500,1500,1600,1700,1800,1800,2300,2400,2500,2500,2700,2800,2900,2900,5500,2500,2600,2100,1800,3500,3600,3600,3800,3900,4000,4400,3300,3400,3400,3600,3600,3700,3700,3800,3900,3900,4000,4000,4100,5200,5300,5400,5600,5600,5700,5800,5900,6000,6000,6100,6200,6300,6400,6500,6500,6700,5500,5600,5600,5700,5700,5800,5800,5800,6000,6000,6100,6200,6300,6400,6400,6500,6600,6700,6700,6800,6800,6900,7000,7100,7100,7200
966,200,300,300,400,500,500,600,600,700,400,900,1000,1000,1100,1200,1200,1300,1300,1500,1500,1600,1600,1800,1800,1800,2000,2000,2100,2100,2200,2300,2300,2500,2500,2600,2600,2800,2800,2800,2900,3000,3000,3200,3300,3300,3300,3400,3500,3500,3600,3700,3800,3800,3900,4000,4100,4100,4200,4200,4300,4400,4500,2700,4700,4800,4800,4900,4900,5000,5000,5200,5200,5200,5400,5400,5400,5600,5600,5700,5900,5900,5900,6000,6100,6100,6200,6300,6400,6400,6400,6600,6700,6700,6800,6800,7000,6900,7100,7100,7200
967,200,300,400,400,500,700,700,400,800,800,900,900,1100,1100,1100,1200,1200,1300,1400,1500,1500,1600,1800,1900,1900,1900,2000,2100,2200,2200,2300,2300,2400,2400,2500,2700,2600,2800,2800,2900,3000,3000,3100,3200,3300,3300,3400,3500,3500,3600,3800,3700,3800,3900,4000,4000,5700,4200,4200,4300,4400,4400,4500,4600,4700,4800,4900,4900,5000,5000,5200,5200,5200,5400,5400,5500,5600,5600,5700,5800,5800,5900,6000,6100,6100,6200,6300,6300,6400,6500,6600,6700,6700,6800,6800,6900,6900,7100,8300,7200
968,200,200,300,400,500,600,700,700,700,800,900,1000,1000,1100,1200,1300,1300,1300,1500,1500,1600,1600,1800,1800,1900,2000,2000,2000,2200,2300,2300,2300,2400,2500,2600,2600,2700,2800,2800,3000,3100,3100,3100,3200,3300,3300,3400,3400,3500,3600,3700,3800,3900,3900,3900,4000,4100,4200,4200,4400,4400,4400,4600,4600,4700,4800,4800,4800,5000,5000,5200,5200,5200,5400,5400,5400,5600,5600,5700,5700,5800,5900,6000,6000,6100,6200,6300,6300,6300,6400,6600,6600,6700,6700,6900,6800,7000,7000,7100,7200
969,200,300,300,700,500,600,600,700,700,900,900,1000,1100,1200,1100,1200,1300,1400,1500,1600,1600,1700,1700,1900,1900,1900,2100,2100,2900,2200,2300,2400,2500,2500,2600,2600,2800,2800,2800,2900,3000,3100,3100,3200,3300,3300,3400,3500,3500,3700,3800,2300,3800,3900,4000,2300,2400,4100,2500,2600,2600,2600,2700,4600,4600,2800,4800,2800,2900,4300,3000,4800,5200,4600,3100,4600,4600,3200,7000,5900,5800,5900,6000,6000,6100,6700,6300,6300,6500,6500,6600,6600,6700,5500,6900,7000,7000,7100,7100,7200
970,200,300,400,500,500,600,700,700,800,900,900,1000,1000,1100,1500,1600,1600,1800,900,1500,1600,1700,1700,1800,1900,2000,1900,2000,2100,2200,2300,2400,2500,2500,2600,2700,2800,2800,2900,2900,3000,3100,3200,3200,3200,3300,3400,3500,3600,3600,3700,3800,3900,4000,4000,4000,4100,4200,4300,4400,4400,4500,4500,4600,3500,4800,4800,5000,4900,5000,5100,5200,5300,5400,5400,5500,5500,5600,5700,5800,5800,5900,6000,6000,6100,6300,6300,6400,7800,6500,6600,6600,6700,6700,6800,6900,7000,7000,7100,7100
971,200,300,400,500,500,500,700,700,700,900,900,900,1000,1100,1200,1200,1300,1400,1400,1500,1600,1600,1700,1800,1800,1900,2000,2200,2100,2200,2300,2400,2400,2500,2600,1600,2700,2800,2000,2900,3000,3100,3100,3200,3200,3300,3400,3500,3600,3600,3700,3800,3900,3900,4000,4000,4100,4200,4300,4300,4400,4500,4500,4600,4600,4800,4800,4900,5000,5100,5200,5200,5300,5400,5400,5500,5500,5600,5800,5800,13000,5900,6000,6100,6100,6200,6600,6400,6400,6400,6600,6600,6700,6800,6800,6900,6900,7000,7100,7200
972,200,300,200,300,300,300,400,400,400,400,500,500,600,600,700,700,800,800,900,900,1000,1000,1800,1000,1100,1900,1200,2200,1300,1300,1400,1400,1400,1500,1600,2600,3900,2800,2100,2900,3100,3100,3100,3200,3300,3400,3400,3500,3500,3600,3700,3800,3900,4000,4100,4100,4100,4200,4300,4400,4400,4500,4600,4700,4700,4800,4800,5000,5000,5100,5100,5200,5300,5300,5500,5500,5600,5700,5700,5900,5800,5900,7200,3500,3600,6400,6400,3800,3800,3800,6600,6600,6700,6800,6800,6900,7000,7100,7100,7200
973,200,300,400,500,500,600,600,700,800,900,900,1000,1100,1100,1200,1200,1300,1400,1500,1600,1600,1800,1800,1800,2000,2000,2000,2100,2200,2200,2300,2300,2400,2500,1500,2600,2700,2900,2900,2900,3000,3100,3100,3200,3300,3300,3400,3500,3600,3700,3700,3800,3800,3900,4000,4000,4100,4200,4300,4300,4400,4500,4600,4600,4700,4700,4900,4800,5000,5400,5100,5300,5300,5400,5400,5500,6300,6000,5700,5700,5900,5900,6000,6100,6100,6300,6300,6300,6300,6400,6600,6600,6600,6800,6800,6800,7000,7100,7100,7300
974,200,300,400,400,500,500,600,700,800,800,900,1000,1100,1100,1200,1300,1400,1400,1500,1600,1600,1600,1700,1800,1900,2000,2100,2100,2700,2800,2300,2400,2500,2500,2700,2600,2800,2800,2800,3000,3100,3100,3200,3200,3300,3400,3500,3500,3500,3700,3800,3800,3900,4000,4000,4100,4200,4200,4300,4300,4400,4500,4500,4700,4700,4900,4900,4900,5000,5000,5100,5200,5300,5300,5400,5500,5500,5500,5700,5800,5800,5900,6000,6000,6100,6200,6200,6400,6400,6500,6500,6600,6700,6800,6800,6900,7000,7100,7100,7200
975,200,300,300,500,500,500,700,600,700,800,900,1100,1000,1100,1300,1200,1300,1400,1400,1500,1600,1700,1700,1800,1800,1900,2000,2000,2100,2200,2200,2300,2400,2500,2500,2600,2700,2800,2900,2900,2900,3000,3100,3200,3300,3300,3400,3500,3500,3600,3700,3700,4000,3900,3900,4100,4100,4200,4300,4300,4500,4400,4600,4600,4600,9300,4900,4900,5000,5000,5100,5300,5200,5300,5300,5500,5600,5600,5700,5800,5800,5900,6000,6100,6100,6100,6200,6300,6500,6400,6500,6600,6700,6800,6800,6900,7000,7000,7100,7200
976,200,300,300,400,500,500,600,700,800,800,900,800,1000,1100,1000,1200,1300,1400,1400,1600,1600,1700,1800,1800,1800,2000,2000,2100,2100,2200,2200,2400,2400,2600,2600,2700,2700,2800,2800,2900,3000,3000,3200,3100,3200,3300,3400,3500,3600,3700,3800,3700,3900,4000,4100,4100,4100,4200,4300,4300,4400,4400,4500,5900,4800,4700,3800,5000,5000,5000,5100,5200,5300,5400,5400,5500,5600,5600,5800,5800,5800,5900,5900,6100,6200,6200,6200,6300,6400,6500,6600,6600,6700,6700,6800,6900,8200,7000,7100,7200
977,300,300,400,400,500,500,700,700,700,800,900,1000,1100,700,1100,1200,1700,1400,1500,900,1600,1700,1700,1800,1900,2000,2000,2100,2100,2200,2300,2500,2400,2500,2600,2700,2800,2700,2900,2900,3000,3100,3100,2800,3300,3300,3400,3500,3600,3600,3700,3800,3800,3900,4000,4000,4100,4200,4300,4300,4400,4400,4500,4600,4700,4700,4400,5000,4900,3000,5100,5200,5200,5300,5400,5400,5500,5600,5700,5800,5800,5900,6000,6100,6100,6200,6300,6300,6400,6500,7100,7100,7200,6800,6800,6900,7000,7100,7100,7200
978,100,400,500,500,400,500,600,700,700,800,600,1400,1100,1400,1800,1300,1300,1400,2100,2300,2400,6700,6600,5500,3300,2400,2100,2100,2200,2200,2400,2400,2400,2500,2600,2600,2700,2800,2900,3000,3100,3100,3200,3200,3300,3400,3400,2700,3600,3500,3700,3700,3800,3900,4000,4100,4200,4200,4300,4400,4400,4500,4500,4700,2700,4700,2900,2900,3000,2900,3000,3100,5500,3100,4600,5500,3300,3400,3400,3400,3400,3500,3500,3600,3600,3600,3700,3700,7900,6500,6600,6600,6800,6700,6800,6800,6900,7200,7100,7200
979,200,300,300,400,400,500,600,700,700,400,800,600,600,600,700,800,1300,800,1500,900,1000,1000,1100,1900,1200,1100,1200,1300,1200,1300,2300,2000,1400,2500,1500,2700,1600,1600,1700,1700,1700,3100,3200,3900,3300,2000,3400,2100,2200,2100,2200,2300,2200,2300,4100,4000,4000,4100,4200,4300,4400,4500,4500,4600,4600,4700,4800,4900,5000,5000,5100,5200,5200,5300,5300,5500,5500,5600,5700,5800,5700,5900,6000,6100,6100,6300,6300,6300,8800,6500,3800,4000,3900,3900,5800,4600,7000,7000,7100,7100
980,200,300,300,400,400,500,600,700,700,800,900,900,1000,1100,1200,1300,1300,1300,1500,1500,1600,1700,1700,1800,1800,2000,2100,2100,2200,2700,2200,2400,2400,2500,2600,2700,2700,2800,1700,1700,3100,3100,3200,3200,3300,3400,3400,3500,3500,3600,3700,3700,3800,3900,3900,4000,4100,4200,4300,4300,4400,4500,4600,4600,4700,4700,4900,4900,5000,5000,5100,5200,5200,5400,5400,5400,5500,5600,5700,5700,5800,5900,5900,6000,6100,3500,6300,7500,7600,6600,6600,6700,7000,7000,6800,6900,7000,7000,7300,7200
981,300,400,400,400,800,600,600,900,700,800,900,900,1000,1100,1200,1200,1300,1400,1400,1800,1500,1700,1700,2000,1900,1900,2000,2100,2500,2800,2400,2500,2500,2500,2600,2700,2700,2900,2800,3000,3000,3100,3100,3200,3300,3300,3500,3500,3600,3600,3800,3800,3800,4000,4000,4100,4100,4200,4300,4300,4400,4500,4500,4600,4700,4800,4900,4900,5000,5100,5200,5400,5300,5300,5400,28400,6800,5600,5700,5800,5800,5900,6000,6100,6100,6400,6800,6300,6600,6500,6800,6600,7600,6700,6800,6900,7000,7300,7100,7200
982,300,300,400,400,500,600,600,700,800,900,1100,1700,1400,1400,1500,1600,1600,1800,1900,1800,2100,2100,2200,2300,2400,2500,2600,2600,2700,2800,2900,3000,3100,3200,3200,3300,3400,3500,3600,3600,3700,4000,3200,3300,4100,4200,4300,4400,4500,4600,4700,4800,5600,5100,5000,5100,5100,5300,5300,5500,5600,5600,5700,5800,5900,6000,6000,6200,6300,6400,6400,8100,6600,6800,6800,6900,7000,7000,7100,7200,7300,7400,7500,7600,8100,7800,7900,7900,8000,8100,8300,8200,8400,8500,7300,7400,7600,7800,7600,7800
983,300,300,400,500,700,700,800,800,1000,1100,1100,1200,1200,1500,1400,1500,1700,1700,1800,2100,2300,2200,2300,2400,2500,2400,2700,2700,2800,2800,3000,2900,2500,2500,2600,2600,2700,2800,2900,2900,4000,3100,3200,3200,3400,3400,3400,3500,3600,3600,3700,3800,3800,3900,4000,4100,4100,4200,4200,4300,4400,4500,4500,4600,4700,4800,15500,4900,5000,5000,5100,5200,5200,5300,5400,5400,5500,5600,5600,5700,6900,6600,21400,8000,7800,6300,6200,6300,6400,6500,6500,6900,6700,6800,6800,6900,7000,7000,7300,8900
984,200,200,300,400,500,500,600,700,800,800,900,1000,1000,1100,1200,1200,1400,1400,1400,1500,1600,1700,1800,1800,1900,2000,2000,3000,2200,2300,2300,2400,2400,2500,2600,2700,2700,2900,2900,3000,3000,3100,3200,2400,3200,3400,4300,3500,3600,3600,17000,3800,3900,3900,4000,4100,4200,4200,4300,4300,4500,4500,4600,5600,4800,4900,4900,5000,5000,5000,5100,5200,5300,5400,5500,5500,5600,5700,5700,6000,5900,6200,6200,6100,6200,6200,6500,6300,6400,6500,6500,6600,6900,6800,6800,6900,7000,7000,7100,7200
985,300,300,400,500,500,600,700,700,700,800,900,1000,1100,1100,1100,1300,1300,1400,1400,1500,1600,1700,1700,1800,1900,1900,2000,2000,2200,2200,2300,2400,2400,2500,2500,2700,1700,2800,2800,2400,3000,3100,3200,3200,3400,3300,3400,3500,3600,3700,3700,3800,3900,20100,4000,4000,4100,4200,4300,4300,4400,4500,4900,4700,4700,4800,4900,5000,5000,5000,5100,5200,5300,5400,5400,5500,5500,5600,5700,5800,5900,5900,5900,6000,6200,6200,6200,6300,6500,6500,6600,6600,6700,6700,6800,6900,7000,7100,7200,7200
986,200,200,300,400,400,500,600,600,800,800,1000,900,1000,1100,1200,1200,1200,1300,1400,1500,1600,1700,1800,1800,1900,1900,2000,2000,2100,2200,2300,2400,2500,2600,2600,2700,2700,2800,2900,2900,2900,3100,3200,3200,3300,3400,3600,3500,3600,3900,3700,4000,13500,3900,4200,4200,4200,4200,4400,4300,4400,4500,4600,4600,4700,13800,4900,4900,5000,5000,5100,5200,5300,5600,5400,5500,5600,5600,5700,5800,5800,5900,6000,6000,6500,6200,6200,3800,3700,3800,3800,5800,3900,4000,6300,4000,7000,14200,4100,4200
987,100,300,400,1700,500,300,600,400,400,500,500,600,600,1000,1200,2400,1300,2200,1500,900,1000,900,1000,1100,2800,2700,1200,1200,1300,2300,2300,2400,2500,2500,2600,2600,2800,2800,2800,2900,3100,3100,3200,3200,3300,3300,3500,3500,3500,3700,3700,3800,3800,4000,4000,4100,4200,4200,4300,4300,4400,4500,4500,4600,4800,4700,4900,4900,5000,5100,5100,5200,5200,5300,5500,5500,5500,5600,3500,3300,5600,5800,3500,3500,3600,3600,3700,3700,6400,3800,3800,6600,6600,3900,6700,5600,4100,4100,4100,7200
988,100,100,300,200,300,400,600,400,500,400,600,1900,600,600,2200,700,800,1300,2600,1500,1000,1600,1200,1900,1900,2000,2100,2100,2300,2300,2300,2300,2400,2500,2600,2700,2700,2800,2900,2900,3000,3100,3200,3200,3200,3300,3400,3500,3500,3600,3600,12400,3800,3900,4000,4100,4200,4200,4200,4400,4400,4500,4500,4600,4700,4800,4900,4900,3000,3700,5900,5200,5200,3100,3200,3300,3300,3300,3400,3400,3500,3500,3600,3500,6100,3700,3600,3700,3700,3800,3800,3900,6600,6800,5600,4100,4000,4100,7100,4200
989,100,200,200,200,400,500,300,700,700,800,900,1000,1100,1100,1100,1200,1300,1400,2200,1600,1600,1600,1800,2100,2100,2000,2000,2100,2100,2200,2300,2400,2500,2600,2600,3700,2700,2800,2900,2900,3000,3100,3100,3200,3200,3300,3500,3500,3500,3700,3700,3800,2200,2200,2200,2300,2300,2400,4300,2500,2600,2600,2800,4600,4600,3400,5000,2900,4600,3000,5100,3100,4500,3200,3100,3200,3200,4700,3300,3400,3400,5900,6000,6100,6100,6200,6200,6300,6400,6500,6500,6600,6700,6700,6800,6900,6900,7100,7200,7300
990,300,300,400,600,600,700,800,800,900,800,900,1000,1100,1100,1200,1300,1300,1300,1500,1500,1600,15100,1800,1800,1800,1900,2000,2100,2200,2200,2300,2300,2500,2500,2600,1600,2800,2800,2900,3000,3000,3100,3200,3200,3300,3400,3400,3500,3500,3700,3700,3700,3900,3900,3400,5400,4100,4300,4300,4400,4400,4400,4600,4600,4700,4800,4700,4900,5000,5100,5200,5100,5200,5300,5400,5400,5500,5600,5700,5700,5800,5800,6000,6100,6200,6200,6400,6300,6400,6500,6500,6600,6700,6800,6800,6900,6900,7100,7100,7200
991,200,300,300,300,600,600,700,700,700,800,900,1000,1000,1100,1200,1200,1400,1300,1400,1400,1500,1600,1700,1800,1800,1900,2000,2100,2100,2200,2300,2400,2400,2500,2600,2600,2700,2900,2900,2900,3000,3100,3100,3300,3300,3300,3400,3400,3500,3700,3700,3800,3900,3900,4100,4000,6700,4200,4300,4300,4500,4500,4500,4600,4700,4800,4900,4900,5000,5000,5100,5200,5200,5300,5400,5500,5600,17000,5600,5800,5800,5900,5900,6100,6000,6200,6300,6300,6400,6400,6600,6600,6600,6700,6700,6900,7000,6900,7100,7200
992,200,300,300,400,500,500,400,700,800,900,1000,1000,1100,1100,1100,1200,1500,1500,1500,1600,1600,1700,1700,4500,1900,2100,2000,2100,2200,2200,2200,2300,2500,2500,2600,2600,2700,2800,2900,2900,3000,3100,3100,3200,3300,3300,3400,3400,3600,3600,3700,3700,3900,3900,4100,5000,5200,5200,5300,5400,18900,5600,5700,5800,5800,5900,6100,6100,6800,6300,6400,6500,6700,6700,6800,6800,7300,7100,7100,7200,7300,7400,7500,7600,7600,3700,3700,3700,3700,3800,3800,3900,6200,6700,6800,6800,7000,7000,7100,7100
993,200,400,300,400,600,600,600,700,700,800,900,900,1100,1100,1200,1200,1300,1300,1400,1500,13500,1600,1800,1800,1900,2000,2100,2100,2200,2300,2200,2400,2400,2500,2500,2600,2700,2800,2900,2900,2900,3000,3100,3200,3200,3300,3400,3500,3500,3500,3700,3700,3800,3900,4000,4100,4100,4200,4300,4300,4300,4400,4500,4600,4700,4700,4900,4900,4900,5000,5100,5200,5300,5400,5400,5500,5600,4100,6200,6300,6400,6500,6600,6600,4300,6100,6200,6300,6400,6400,6500,6600,6800,6700,6800,6800,7000,7000,7000,7100
994,200,300,300,400,400,600,600,700,700,800,800,900,1000,1200,1300,1300,1300,1300,1400,1500,1700,1700,1700,1700,1900,1900,2000,2100,2200,2200,2300,2400,1600,3000,2900,3300,3200,3400,3300,3500,3600,3500,3700,3200,3900,3900,3900,4100,4100,4300,4200,4300,4300,4400,4400,4500,4600,4200,4800,5000,4900,5000,5100,5300,5300,5300,5300,5300,5600,5500,5700,5700,5800,5800,5900,6100,6100,7300,5700,5700,5800,5800,6000,6000,6000,6100,6200,6300,6300,6400,6500,6600,6600,6700,6800,6800,6900,7000,7000,7100
995,200,300,300,400,500,500,600,700,700,800,800,900,1000,1100,1100,1200,1200,1300,1400,1400,1600,1600,1800,1800,1900,2100,2000,2100,2200,2200,2400,2400,2400,2500,2600,2600,2700,2800,2900,2900,3000,3100,3200,3300,3300,3300,3400,3500,3600,3700,3700,3800,3900,4000,4000,4000,4100,4300,4200,4400,4400,4500,4600,4600,4700,4800,4900,4900,5000,6600,5200,5200,5200,6700,6800,6500,5600,5700,5700,5700,5900,5900,6000,6100,6100,6200,6300,6400,6400,6500,6600,6700,6700,6700,6800,7000,7000,7000,7200,7200
996,200,400,400,400,400,500,600,700,800,800,900,1000,1000,1100,1200,1200,1300,1400,1500,1500,1700,1600,1700,1700,1900,1900,2000,2100,2100,2200,2400,2400,2400,2400,2600,2700,2700,2800,2900,2900,2900,3000,3100,3100,3200,3300,3400,3500,3500,3600,3700,3800,3900,3900,3900,4100,2400,4300,4300,4300,4400,4400,4500,4600,4600,4700,4800,4900,4900,5100,5500,5200,5400,3200,3200,3200,3200,3300,3300,5900,5900,5900,6000,6000,6100,6200,6200,6300,6400,6500,6600,6600,6600,6800,6800,6900,7000,7000,7100,7200
997,300,300,400,500,600,700,1000,700,800,1200,900,900,1000,1100,1800,1200,1300,2100,1900,1900,2000,2100,2100,2300,2300,2500,2600,2700,3100,2600,2700,2800,2900,3200,3000,3300,2700,2800,2800,3000,3300,3000,3200,3300,3300,3300,3500,3500,4500,4600,4600,4700,18400,4900,4900,4000,4100,4200,4200,4400,4400,4500,4500,4600,4700,4700,4900,4900,4900,5000,5200,5200,5400,5300,5400,5500,5500,5600,5700,5700,5800,5900,6000,6000,6100,6200,6200,6300,6400,6500,6600,5100,3900,3900,6500,4400,6900,4100,7100,4200
998,100,200,200,200,200,300,400,600,400,500,500,600,500,600,700,1400,1300,1400,1500,1500,1600,1600,1800,1800,1900,1900,2100,2000,2100,2200,2300,2300,2400,2500,2600,2600,2700,2800,1700,2900,3000,2400,3200,3200,3300,3400,3500,3500,3600,3600,3700,3800,3800,3900,4100,4100,4100,4200,4200,4300,4400,4400,4500,4600,4700,4700,4800,4900,5000,5000,5100,14600,5300,5300,5400,5500,5500,5600,5700,5800,5800,5900,6000,6000,13900,6200,6200,6300,6400,5300,6600,6700,6700,6700,6800,6800,17600,7000,7000,7200
999,200,300,300,300,500,600,600,700,800,800,800,900,1000,1100,1200,1200,1300,1400,1400,1500,1600,1600,11400,1800,1900,1900,2000,2100,2100,2200,2300,2300,2500,2500,2600,2600,2700,2700,2900,2800,3000,3100,3100,3200,3200,3300,3400,3500,3500,3600,3700,3800,3900,4400,4100,4000,4100,4100,4200,4400,4400,4500,4500,4700,4600,4800,4900,4900,5000,5000,5100,5200,5200,5300,5400,5500,5500,5600,5800,5700,5900,5900,6000,6000,6100,8600,6300,6300,6500,6500,6500,6600,6700,6700,6800,6800,7000,7000,7200,7200
1000,200,400,400,400,500,400,600,700,700,800,900,1000,1000,1100,1100,1300,1400,1400,1400,1600,1700,1600,1700,1900,1900,2000,2000,2100,2100,2200,2300,2400,2400,3200,3200,3300,3400,3200,3400,3400,3500,3800,3900,3700,5300,4200,4300,4700,5400,5300,5300,3800,5500,5500,5700,5700,5800,5900,5900,6100,6100,6300,6300,6400,6500,6600,6600,6800,6800,6900,7000,7100,7200,7500,7700,7600,7600,7800,7800,7700,8000,9000,7500,7600,7700,7800,7800,7900,8000,8100,8200,8200,8400,8400,8500,8600,8700,8800,8900,9000
